   0.0000000000000000       0.73180000000000001       0.26819999999999999             5000
   9.9999999999999995E-007  0.73180000000000001       0.26819999999999999             5000
   1.9999999999999999E-006  0.73180000000000001       0.26819999999999999             5000
   2.9999999999999997E-006  0.73180000000000001       0.26819999999999999             5000
   3.9999999999999998E-006  0.73180000000000001       0.26819999999999999             5000
   4.9999999999999996E-006  0.73180000000000001       0.26819999999999999             5000
   5.9999999999999993E-006  0.73180000000000001       0.26819999999999999             5000
   6.9999999999999999E-006  0.73180000000000001       0.26819999999999999             5000
   7.9999999999999996E-006  0.73180000000000001       0.26819999999999999             5000
   9.0000000000000002E-006  0.73180000000000001       0.26819999999999999             5000
   9.9999999999999991E-006  0.73180000000000001       0.26819999999999999             5000
   1.1000000000000000E-005  0.73180000000000001       0.26819999999999999             5000
   1.1999999999999999E-005  0.73180000000000001       0.26819999999999999             5000
   1.2999999999999998E-005  0.73180000000000001       0.26819999999999999             5000
   1.4000000000000000E-005  0.73180000000000001       0.26819999999999999             5000
   1.5000000000000000E-005  0.73180000000000001       0.26819999999999999             5000
   1.5999999999999999E-005  0.73180000000000001       0.26819999999999999             5000
   1.6999999999999996E-005  0.73180000000000001       0.26819999999999999             5000
   1.8000000000000000E-005  0.73180000000000001       0.26819999999999999             5000
   1.9000000000000001E-005  0.73180000000000001       0.26819999999999999             5000
   1.9999999999999998E-005  0.73180000000000001       0.26819999999999999             5000
   2.0999999999999999E-005  0.73180000000000001       0.26819999999999999             5000
   2.1999999999999999E-005  0.73180000000000001       0.26819999999999999             5000
   2.3000000000000000E-005  0.73180000000000001       0.26819999999999999             5000
   2.3999999999999997E-005  0.73180000000000001       0.26819999999999999             5000
   2.4999999999999998E-005  0.73180000000000001       0.26819999999999999             5000
   2.5999999999999995E-005  0.73180000000000001       0.26819999999999999             5000
   2.6999999999999999E-005  0.73180000000000001       0.26819999999999999             5000
   2.8000000000000000E-005  0.73180000000000001       0.26819999999999999             5000
   2.8999999999999997E-005  0.73180000000000001       0.26819999999999999             5000
   3.0000000000000001E-005  0.73180000000000001       0.26700000000000002             5000
   3.1000000000000001E-005  0.73180000000000001       0.26660000000000000             5000
   3.1999999999999999E-005  0.73180000000000001       0.26580000000000004             5000
   3.2999999999999996E-005  0.73180000000000001       0.26519999999999999             5000
   3.3999999999999993E-005  0.73180000000000001       0.26460000000000000             5000
   3.4999999999999997E-005  0.73180000000000001       0.26419999999999999             5000
   3.6000000000000001E-005  0.73180000000000001       0.26400000000000001             5000
   3.6999999999999998E-005  0.73180000000000001       0.26360000000000000             5000
   3.8000000000000002E-005  0.73180000000000001       0.26280000000000003             5000
   3.8999999999999999E-005  0.73160000000000003       0.26200000000000001             5000
   3.9999999999999996E-005  0.73160000000000003       0.26200000000000001             5000
   4.0999999999999994E-005  0.73120000000000007       0.26180000000000003             5000
   4.1999999999999998E-005  0.73120000000000007       0.26160000000000000             5000
   4.3000000000000002E-005  0.73060000000000003       0.26160000000000000             5000
   4.3999999999999999E-005  0.73060000000000003       0.26160000000000000             5000
   4.4999999999999996E-005  0.73040000000000005       0.26160000000000000             5000
   4.6000000000000000E-005  0.73040000000000005       0.26160000000000000             5000
   4.6999999999999997E-005  0.73020000000000007       0.26160000000000000             5000
   4.7999999999999994E-005  0.73020000000000007       0.26160000000000000             5000
   4.8999999999999998E-005  0.73020000000000007       0.26160000000000000             5000
   4.9999999999999996E-005  0.73020000000000007       0.26140000000000002             5000
   5.0999999999999993E-005  0.73020000000000007       0.26140000000000002             5000
   5.1999999999999990E-005  0.73020000000000007       0.26119999999999999             5000
   5.3000000000000001E-005  0.73020000000000007       0.26080000000000003             5000
   5.3999999999999998E-005  0.73020000000000007       0.26060000000000000             5000
   5.4999999999999995E-005  0.73020000000000007       0.26060000000000000             5000
   5.5999999999999999E-005  0.73020000000000007       0.26060000000000000             5000
   5.6999999999999996E-005  0.72999999999999998       0.26060000000000000             5000
   5.7999999999999994E-005  0.72999999999999998       0.26060000000000000             5000
   5.8999999999999991E-005  0.72999999999999998       0.26060000000000000             5000
   6.0000000000000002E-005  0.72980000000000000       0.26060000000000000             5000
   6.0999999999999999E-005  0.72940000000000005       0.26000000000000001             5000
   6.2000000000000003E-005  0.72940000000000005       0.26000000000000001             5000
   6.3000000000000000E-005  0.72920000000000007       0.26000000000000001             5000
   6.3999999999999997E-005  0.72920000000000007       0.26000000000000001             5000
   6.4999999999999994E-005  0.72920000000000007       0.25960000000000000             5000
   6.5999999999999992E-005  0.72920000000000007       0.25940000000000002             5000
   6.6999999999999989E-005  0.72899999999999998       0.25919999999999999             5000
   6.7999999999999986E-005  0.72899999999999998       0.25900000000000001             5000
   6.8999999999999997E-005  0.72860000000000003       0.25900000000000001             5000
   6.9999999999999994E-005  0.72860000000000003       0.25900000000000001             5000
   7.0999999999999991E-005  0.72860000000000003       0.25880000000000003             5000
   7.2000000000000002E-005  0.72840000000000005       0.25840000000000002             5000
   7.2999999999999999E-005  0.72840000000000005       0.25840000000000002             5000
   7.3999999999999996E-005  0.72840000000000005       0.25840000000000002             5000
   7.4999999999999993E-005  0.72840000000000005       0.25819999999999999             5000
   7.6000000000000004E-005  0.72840000000000005       0.25800000000000001             5000
   7.7000000000000001E-005  0.72840000000000005       0.25800000000000001             5000
   7.7999999999999999E-005  0.72840000000000005       0.25800000000000001             5000
   7.8999999999999996E-005  0.72840000000000005       0.25800000000000001             5000
   7.9999999999999993E-005  0.72840000000000005       0.25780000000000003             5000
   8.0999999999999990E-005  0.72840000000000005       0.25780000000000003             5000
   8.1999999999999987E-005  0.72840000000000005       0.25780000000000003             5000
   8.2999999999999985E-005  0.72840000000000005       0.25780000000000003             5000
   8.3999999999999995E-005  0.72840000000000005       0.25780000000000003             5000
   8.4999999999999993E-005  0.72840000000000005       0.25780000000000003             5000
   8.6000000000000003E-005  0.72840000000000005       0.25780000000000003             5000
   8.7000000000000001E-005  0.72840000000000005       0.25780000000000003             5000
   8.7999999999999998E-005  0.72840000000000005       0.25780000000000003             5000
   8.8999999999999995E-005  0.72840000000000005       0.25780000000000003             5000
   8.9999999999999992E-005  0.72840000000000005       0.25780000000000003             5000
   9.0999999999999989E-005  0.72840000000000005       0.25780000000000003             5000
   9.2000000000000000E-005  0.72840000000000005       0.25780000000000003             5000
   9.2999999999999997E-005  0.72840000000000005       0.25780000000000003             5000
   9.3999999999999994E-005  0.72840000000000005       0.25780000000000003             5000
   9.4999999999999992E-005  0.72840000000000005       0.25780000000000003             5000
   9.5999999999999989E-005  0.72840000000000005       0.25780000000000003             5000
   9.6999999999999986E-005  0.72840000000000005       0.25780000000000003             5000
   9.7999999999999997E-005  0.72840000000000005       0.25780000000000003             5000
   9.8999999999999994E-005  0.72840000000000005       0.25780000000000003             5000
   9.9999999999999991E-005  0.72840000000000005       0.25780000000000003             5000
   1.0100000000000000E-004  0.72840000000000005       0.25780000000000003             5000
   1.0199999999999999E-004  0.72840000000000005       0.25780000000000003             5000
   1.0299999999999998E-004  0.72840000000000005       0.25780000000000003             5000
   1.0399999999999998E-004  0.72840000000000005       0.25780000000000003             5000
   1.0500000000000000E-004  0.72840000000000005       0.25780000000000003             5000
   1.0600000000000000E-004  0.72840000000000005       0.25780000000000003             5000
   1.0700000000000000E-004  0.72840000000000005       0.25780000000000003             5000
   1.0800000000000000E-004  0.72840000000000005       0.25780000000000003             5000
   1.0899999999999999E-004  0.72840000000000005       0.25780000000000003             5000
   1.0999999999999999E-004  0.72840000000000005       0.25780000000000003             5000
   1.1100000000000000E-004  0.72840000000000005       0.25780000000000003             5000
   1.1200000000000000E-004  0.72840000000000005       0.25780000000000003             5000
   1.1300000000000000E-004  0.72840000000000005       0.25780000000000003             5000
   1.1399999999999999E-004  0.72840000000000005       0.25780000000000003             5000
   1.1499999999999999E-004  0.72840000000000005       0.25780000000000003             5000
   1.1599999999999999E-004  0.72840000000000005       0.25780000000000003             5000
   1.1699999999999998E-004  0.72840000000000005       0.25780000000000003             5000
   1.1799999999999998E-004  0.72840000000000005       0.25780000000000003             5000
   1.1899999999999998E-004  0.72840000000000005       0.25780000000000003             5000
   1.2000000000000000E-004  0.72840000000000005       0.25780000000000003             5000
   1.2100000000000000E-004  0.72840000000000005       0.25780000000000003             5000
   1.2200000000000000E-004  0.72840000000000005       0.25780000000000003             5000
   1.2300000000000001E-004  0.72840000000000005       0.25780000000000003             5000
   1.2400000000000001E-004  0.72840000000000005       0.25780000000000003             5000
   1.2500000000000000E-004  0.72840000000000005       0.25780000000000003             5000
   1.2600000000000000E-004  0.72840000000000005       0.25780000000000003             5000
   1.2700000000000000E-004  0.72840000000000005       0.25780000000000003             5000
   1.2799999999999999E-004  0.72840000000000005       0.25780000000000003             5000
   1.2899999999999999E-004  0.72840000000000005       0.25780000000000003             5000
   1.2999999999999999E-004  0.72840000000000005       0.25780000000000003             5000
   1.3099999999999999E-004  0.72840000000000005       0.25780000000000003             5000
   1.3199999999999998E-004  0.72840000000000005       0.25780000000000003             5000
   1.3299999999999998E-004  0.72840000000000005       0.25780000000000003             5000
   1.3399999999999998E-004  0.72840000000000005       0.25780000000000003             5000
   1.3499999999999997E-004  0.72840000000000005       0.25780000000000003             5000
   1.3599999999999997E-004  0.72840000000000005       0.25780000000000003             5000
   1.3700000000000000E-004  0.72840000000000005       0.25780000000000003             5000
   1.3799999999999999E-004  0.72840000000000005       0.25780000000000003             5000
   1.3899999999999999E-004  0.72840000000000005       0.25780000000000003             5000
   1.3999999999999999E-004  0.72840000000000005       0.25780000000000003             5000
   1.4099999999999998E-004  0.72840000000000005       0.25780000000000003             5000
   1.4199999999999998E-004  0.72840000000000005       0.25780000000000003             5000
   1.4299999999999998E-004  0.72840000000000005       0.25780000000000003             5000
   1.4400000000000000E-004  0.72840000000000005       0.25780000000000003             5000
   1.4500000000000000E-004  0.72840000000000005       0.25780000000000003             5000
   1.4600000000000000E-004  0.72840000000000005       0.25780000000000003             5000
   1.4700000000000000E-004  0.72840000000000005       0.25780000000000003             5000
   1.4799999999999999E-004  0.72840000000000005       0.25780000000000003             5000
   1.4899999999999999E-004  0.72840000000000005       0.25780000000000003             5000
   1.4999999999999999E-004  0.72840000000000005       0.25780000000000003             5000
   1.5099999999999998E-004  0.72840000000000005       0.25780000000000003             5000
   1.5200000000000001E-004  0.72840000000000005       0.25780000000000003             5000
   1.5300000000000001E-004  0.72840000000000005       0.25780000000000003             5000
   1.5400000000000000E-004  0.72840000000000005       0.25780000000000003             5000
   1.5500000000000000E-004  0.72840000000000005       0.25780000000000003             5000
   1.5600000000000000E-004  0.72840000000000005       0.25780000000000003             5000
   1.5699999999999999E-004  0.72840000000000005       0.25780000000000003             5000
   1.5799999999999999E-004  0.72840000000000005       0.25780000000000003             5000
   1.5899999999999999E-004  0.72840000000000005       0.25780000000000003             5000
   1.5999999999999999E-004  0.72840000000000005       0.25780000000000003             5000
   1.6099999999999998E-004  0.72840000000000005       0.25780000000000003             5000
   1.6199999999999998E-004  0.72840000000000005       0.25780000000000003             5000
   1.6299999999999998E-004  0.72840000000000005       0.25780000000000003             5000
   1.6399999999999997E-004  0.72840000000000005       0.25780000000000003             5000
   1.6499999999999997E-004  0.72840000000000005       0.25780000000000003             5000
   1.6599999999999997E-004  0.72840000000000005       0.25780000000000003             5000
   1.6699999999999997E-004  0.72840000000000005       0.25780000000000003             5000
   1.6799999999999999E-004  0.72840000000000005       0.25780000000000003             5000
   1.6899999999999999E-004  0.72840000000000005       0.25780000000000003             5000
   1.6999999999999999E-004  0.72840000000000005       0.25780000000000003             5000
   1.7100000000000001E-004  0.72840000000000005       0.25780000000000003             5000
   1.7200000000000001E-004  0.72840000000000005       0.25780000000000003             5000
   1.7300000000000000E-004  0.72840000000000005       0.25780000000000003             5000
   1.7400000000000000E-004  0.72840000000000005       0.25780000000000003             5000
   1.7500000000000000E-004  0.72840000000000005       0.25780000000000003             5000
   1.7600000000000000E-004  0.72840000000000005       0.25780000000000003             5000
   1.7699999999999999E-004  0.72840000000000005       0.25780000000000003             5000
   1.7799999999999999E-004  0.72840000000000005       0.25780000000000003             5000
   1.7899999999999999E-004  0.72840000000000005       0.25780000000000003             5000
   1.7999999999999998E-004  0.72840000000000005       0.25780000000000003             5000
   1.8099999999999998E-004  0.72840000000000005       0.25780000000000003             5000
   1.8199999999999998E-004  0.72840000000000005       0.25780000000000003             5000
   1.8299999999999998E-004  0.72840000000000005       0.25780000000000003             5000
   1.8400000000000000E-004  0.72840000000000005       0.25780000000000003             5000
   1.8500000000000000E-004  0.72840000000000005       0.25780000000000003             5000
   1.8599999999999999E-004  0.72840000000000005       0.25780000000000003             5000
   1.8699999999999999E-004  0.72840000000000005       0.25780000000000003             5000
   1.8799999999999999E-004  0.72840000000000005       0.25780000000000003             5000
   1.8899999999999999E-004  0.72840000000000005       0.25780000000000003             5000
   1.8999999999999998E-004  0.72840000000000005       0.25780000000000003             5000
   1.9099999999999998E-004  0.72840000000000005       0.25780000000000003             5000
   1.9199999999999998E-004  0.72840000000000005       0.25780000000000003             5000
   1.9299999999999997E-004  0.72840000000000005       0.25780000000000003             5000
   1.9399999999999997E-004  0.72840000000000005       0.25780000000000003             5000
   1.9500000000000000E-004  0.72840000000000005       0.25780000000000003             5000
   1.9599999999999999E-004  0.72840000000000005       0.25760000000000000             5000
   1.9699999999999999E-004  0.72840000000000005       0.25760000000000000             5000
   1.9799999999999999E-004  0.72840000000000005       0.25760000000000000             5000
   1.9899999999999999E-004  0.72840000000000005       0.25760000000000000             5000
   1.9999999999999998E-004  0.72840000000000005       0.25760000000000000             5000
   2.0100000000000001E-004  0.72840000000000005       0.25760000000000000             5000
   2.0200000000000000E-004  0.72840000000000005       0.25760000000000000             5000
   2.0299999999999997E-004  0.72840000000000005       0.25760000000000000             5000
   2.0399999999999997E-004  0.72840000000000005       0.25760000000000000             5000
   2.0499999999999997E-004  0.72840000000000005       0.25760000000000000             5000
   2.0599999999999997E-004  0.72840000000000005       0.25760000000000000             5000
   2.0699999999999996E-004  0.72840000000000005       0.25760000000000000             5000
   2.0799999999999996E-004  0.72840000000000005       0.25760000000000000             5000
   2.0900000000000001E-004  0.72840000000000005       0.25760000000000000             5000
   2.1000000000000001E-004  0.72840000000000005       0.25760000000000000             5000
   2.1100000000000001E-004  0.72840000000000005       0.25760000000000000             5000
   2.1200000000000000E-004  0.72840000000000005       0.25760000000000000             5000
   2.1300000000000000E-004  0.72840000000000005       0.25760000000000000             5000
   2.1400000000000000E-004  0.72840000000000005       0.25760000000000000             5000
   2.1499999999999999E-004  0.72840000000000005       0.25760000000000000             5000
   2.1599999999999999E-004  0.72840000000000005       0.25760000000000000             5000
   2.1699999999999999E-004  0.72840000000000005       0.25760000000000000             5000
   2.1799999999999999E-004  0.72840000000000005       0.25760000000000000             5000
   2.1899999999999998E-004  0.72840000000000005       0.25760000000000000             5000
   2.1999999999999998E-004  0.72840000000000005       0.25760000000000000             5000
   2.2099999999999998E-004  0.72840000000000005       0.25760000000000000             5000
   2.2200000000000000E-004  0.72840000000000005       0.25760000000000000             5000
   2.2300000000000000E-004  0.72840000000000005       0.25760000000000000             5000
   2.2400000000000000E-004  0.72840000000000005       0.25760000000000000             5000
   2.2499999999999999E-004  0.72840000000000005       0.25760000000000000             5000
   2.2599999999999999E-004  0.72840000000000005       0.25760000000000000             5000
   2.2699999999999999E-004  0.72840000000000005       0.25760000000000000             5000
   2.2799999999999999E-004  0.72840000000000005       0.25760000000000000             5000
   2.2899999999999998E-004  0.72840000000000005       0.25760000000000000             5000
   2.2999999999999998E-004  0.72840000000000005       0.25760000000000000             5000
   2.3099999999999998E-004  0.72840000000000005       0.25760000000000000             5000
   2.3199999999999997E-004  0.72840000000000005       0.25760000000000000             5000
   2.3299999999999997E-004  0.72840000000000005       0.25760000000000000             5000
   2.3399999999999997E-004  0.72840000000000005       0.25760000000000000             5000
   2.3499999999999997E-004  0.72840000000000005       0.25760000000000000             5000
   2.3599999999999996E-004  0.72840000000000005       0.25760000000000000             5000
   2.3699999999999996E-004  0.72840000000000005       0.25760000000000000             5000
   2.3799999999999996E-004  0.72840000000000005       0.25760000000000000             5000
   2.3899999999999995E-004  0.72840000000000005       0.25760000000000000             5000
   2.4000000000000001E-004  0.72840000000000005       0.25760000000000000             5000
   2.4100000000000000E-004  0.72840000000000005       0.25760000000000000             5000
   2.4200000000000000E-004  0.72840000000000005       0.25760000000000000             5000
   2.4300000000000000E-004  0.72840000000000005       0.25760000000000000             5000
   2.4399999999999999E-004  0.72840000000000005       0.25760000000000000             5000
   2.4499999999999999E-004  0.72840000000000005       0.25760000000000000             5000
   2.4600000000000002E-004  0.72840000000000005       0.25760000000000000             5000
   2.4699999999999999E-004  0.72840000000000005       0.25760000000000000             5000
   2.4800000000000001E-004  0.72840000000000005       0.25760000000000000             5000
   2.4899999999999998E-004  0.72840000000000005       0.25760000000000000             5000
   2.5000000000000001E-004  0.72840000000000005       0.25760000000000000             5000
   2.5099999999999998E-004  0.72840000000000005       0.25760000000000000             5000
   2.5200000000000000E-004  0.72840000000000005       0.25760000000000000             5000
   2.5299999999999997E-004  0.72840000000000005       0.25760000000000000             5000
   2.5399999999999999E-004  0.72840000000000005       0.25760000000000000             5000
   2.5499999999999996E-004  0.72840000000000005       0.25760000000000000             5000
   2.5599999999999999E-004  0.72840000000000005       0.25760000000000000             5000
   2.5699999999999996E-004  0.72840000000000005       0.25760000000000000             5000
   2.5799999999999998E-004  0.72840000000000005       0.25760000000000000             5000
   2.5899999999999995E-004  0.72840000000000005       0.25760000000000000             5000
   2.5999999999999998E-004  0.72840000000000005       0.25760000000000000             5000
   2.6100000000000000E-004  0.72840000000000005       0.25760000000000000             5000
   2.6199999999999997E-004  0.72840000000000005       0.25760000000000000             5000
   2.6300000000000000E-004  0.72840000000000005       0.25760000000000000             5000
   2.6399999999999997E-004  0.72840000000000005       0.25760000000000000             5000
   2.6499999999999999E-004  0.72840000000000005       0.25760000000000000             5000
   2.6599999999999996E-004  0.72840000000000005       0.25760000000000000             5000
   2.6699999999999998E-004  0.72840000000000005       0.25760000000000000             5000
   2.6799999999999995E-004  0.72840000000000005       0.25760000000000000             5000
   2.6899999999999998E-004  0.72840000000000005       0.25760000000000000             5000
   2.6999999999999995E-004  0.72840000000000005       0.25760000000000000             5000
   2.7099999999999997E-004  0.72840000000000005       0.25760000000000000             5000
   2.7199999999999994E-004  0.72840000000000005       0.25760000000000000             5000
   2.7300000000000002E-004  0.72840000000000005       0.25760000000000000             5000
   2.7399999999999999E-004  0.72840000000000005       0.25760000000000000             5000
   2.7500000000000002E-004  0.72840000000000005       0.25760000000000000             5000
   2.7599999999999999E-004  0.72840000000000005       0.25760000000000000             5000
   2.7700000000000001E-004  0.72840000000000005       0.25760000000000000             5000
   2.7799999999999998E-004  0.72840000000000005       0.25760000000000000             5000
   2.7900000000000001E-004  0.72840000000000005       0.25760000000000000             5000
   2.7999999999999998E-004  0.72840000000000005       0.25760000000000000             5000
   2.8100000000000000E-004  0.72840000000000005       0.25760000000000000             5000
   2.8199999999999997E-004  0.72840000000000005       0.25760000000000000             5000
   2.8299999999999999E-004  0.72840000000000005       0.25760000000000000             5000
   2.8399999999999996E-004  0.72840000000000005       0.25760000000000000             5000
   2.8499999999999999E-004  0.72840000000000005       0.25760000000000000             5000
   2.8599999999999996E-004  0.72840000000000005       0.25760000000000000             5000
   2.8699999999999998E-004  0.72840000000000005       0.25760000000000000             5000
   2.8800000000000001E-004  0.72840000000000005       0.25760000000000000             5000
   2.8899999999999998E-004  0.72840000000000005       0.25760000000000000             5000
   2.9000000000000000E-004  0.72840000000000005       0.25760000000000000             5000
   2.9099999999999997E-004  0.72840000000000005       0.25760000000000000             5000
   2.9200000000000000E-004  0.72840000000000005       0.25760000000000000             5000
   2.9299999999999997E-004  0.72840000000000005       0.25760000000000000             5000
   2.9399999999999999E-004  0.72840000000000005       0.25760000000000000             5000
   2.9499999999999996E-004  0.72840000000000005       0.25760000000000000             5000
   2.9599999999999998E-004  0.72840000000000005       0.25760000000000000             5000
   2.9699999999999996E-004  0.72840000000000005       0.25760000000000000             5000
   2.9799999999999998E-004  0.72840000000000005       0.25760000000000000             5000
   2.9899999999999995E-004  0.72840000000000005       0.25760000000000000             5000
   2.9999999999999997E-004  0.72840000000000005       0.25760000000000000             5000
   3.0099999999999994E-004  0.72840000000000005       0.25760000000000000             5000
   3.0199999999999997E-004  0.72840000000000005       0.25760000000000000             5000
   3.0299999999999994E-004  0.72840000000000005       0.25760000000000000             5000
   3.0400000000000002E-004  0.72840000000000005       0.25760000000000000             5000
   3.0499999999999999E-004  0.72840000000000005       0.25760000000000000             5000
   3.0600000000000001E-004  0.72840000000000005       0.25760000000000000             5000
   3.0699999999999998E-004  0.72840000000000005       0.25760000000000000             5000
   3.0800000000000001E-004  0.72840000000000005       0.25760000000000000             5000
   3.0899999999999998E-004  0.72840000000000005       0.25760000000000000             5000
   3.1000000000000000E-004  0.72840000000000005       0.25760000000000000             5000
   3.1099999999999997E-004  0.72840000000000005       0.25760000000000000             5000
   3.1199999999999999E-004  0.72840000000000005       0.25760000000000000             5000
   3.1299999999999996E-004  0.72840000000000005       0.25760000000000000             5000
   3.1399999999999999E-004  0.72840000000000005       0.25760000000000000             5000
   3.1500000000000001E-004  0.72840000000000005       0.25760000000000000             5000
   3.1599999999999998E-004  0.72840000000000005       0.25760000000000000             5000
   3.1700000000000001E-004  0.72840000000000005       0.25760000000000000             5000
   3.1799999999999998E-004  0.72840000000000005       0.25760000000000000             5000
   3.1900000000000000E-004  0.72840000000000005       0.25760000000000000             5000
   3.1999999999999997E-004  0.72840000000000005       0.25760000000000000             5000
   3.2100000000000000E-004  0.72840000000000005       0.25760000000000000             5000
   3.2199999999999997E-004  0.72840000000000005       0.25760000000000000             5000
   3.2299999999999999E-004  0.72840000000000005       0.25760000000000000             5000
   3.2399999999999996E-004  0.72840000000000005       0.25760000000000000             5000
   3.2499999999999999E-004  0.72840000000000005       0.25760000000000000             5000
   3.2599999999999996E-004  0.72840000000000005       0.25760000000000000             5000
   3.2699999999999998E-004  0.72840000000000005       0.25760000000000000             5000
   3.2799999999999995E-004  0.72840000000000005       0.25760000000000000             5000
   3.2899999999999997E-004  0.72840000000000005       0.25760000000000000             5000
   3.2999999999999994E-004  0.72840000000000005       0.25760000000000000             5000
   3.3099999999999997E-004  0.72840000000000005       0.25760000000000000             5000
   3.3199999999999994E-004  0.72840000000000005       0.25760000000000000             5000
   3.3299999999999996E-004  0.72840000000000005       0.25760000000000000             5000
   3.3399999999999993E-004  0.72840000000000005       0.25760000000000000             5000
   3.3499999999999996E-004  0.72840000000000005       0.25760000000000000             5000
   3.3599999999999998E-004  0.72840000000000005       0.25760000000000000             5000
   3.3700000000000001E-004  0.72840000000000005       0.25760000000000000             5000
   3.3799999999999998E-004  0.72840000000000005       0.25760000000000000             5000
   3.3900000000000000E-004  0.72840000000000005       0.25760000000000000             5000
   3.3999999999999997E-004  0.72840000000000005       0.25760000000000000             5000
   3.4099999999999999E-004  0.72840000000000005       0.25760000000000000             5000
   3.4200000000000002E-004  0.72840000000000005       0.25760000000000000             5000
   3.4299999999999999E-004  0.72840000000000005       0.25760000000000000             5000
   3.4400000000000001E-004  0.72840000000000005       0.25760000000000000             5000
   3.4499999999999998E-004  0.72840000000000005       0.25760000000000000             5000
   3.4600000000000001E-004  0.72840000000000005       0.25760000000000000             5000
   3.4699999999999998E-004  0.72840000000000005       0.25760000000000000             5000
   3.4800000000000000E-004  0.72840000000000005       0.25760000000000000             5000
   3.4899999999999997E-004  0.72840000000000005       0.25760000000000000             5000
   3.5000000000000000E-004  0.72840000000000005       0.25760000000000000             5000
   3.5099999999999997E-004  0.72840000000000005       0.25760000000000000             5000
   3.5199999999999999E-004  0.72840000000000005       0.25760000000000000             5000
   3.5299999999999996E-004  0.72840000000000005       0.25760000000000000             5000
   3.5399999999999999E-004  0.72840000000000005       0.25760000000000000             5000
   3.5499999999999996E-004  0.72840000000000005       0.25760000000000000             5000
   3.5599999999999998E-004  0.72840000000000005       0.25760000000000000             5000
   3.5699999999999995E-004  0.72840000000000005       0.25760000000000000             5000
   3.5799999999999997E-004  0.72840000000000005       0.25760000000000000             5000
   3.5899999999999994E-004  0.72840000000000005       0.25760000000000000             5000
   3.5999999999999997E-004  0.72840000000000005       0.25760000000000000             5000
   3.6099999999999994E-004  0.72840000000000005       0.25760000000000000             5000
   3.6199999999999996E-004  0.72840000000000005       0.25760000000000000             5000
   3.6299999999999999E-004  0.72840000000000005       0.25760000000000000             5000
   3.6399999999999996E-004  0.72840000000000005       0.25760000000000000             5000
   3.6499999999999998E-004  0.72840000000000005       0.25760000000000000             5000
   3.6599999999999995E-004  0.72840000000000005       0.25760000000000000             5000
   3.6699999999999998E-004  0.72840000000000005       0.25760000000000000             5000
   3.6800000000000000E-004  0.72840000000000005       0.25760000000000000             5000
   3.6900000000000002E-004  0.72840000000000005       0.25760000000000000             5000
   3.6999999999999999E-004  0.72840000000000005       0.25760000000000000             5000
   3.7100000000000002E-004  0.72840000000000005       0.25760000000000000             5000
   3.7199999999999999E-004  0.72840000000000005       0.25760000000000000             5000
   3.7300000000000001E-004  0.72840000000000005       0.25760000000000000             5000
   3.7399999999999998E-004  0.72840000000000005       0.25760000000000000             5000
   3.7500000000000001E-004  0.72840000000000005       0.25760000000000000             5000
   3.7599999999999998E-004  0.72840000000000005       0.25760000000000000             5000
   3.7700000000000000E-004  0.72840000000000005       0.25760000000000000             5000
   3.7799999999999997E-004  0.72840000000000005       0.25760000000000000             5000
   3.7900000000000000E-004  0.72840000000000005       0.25760000000000000             5000
   3.7999999999999997E-004  0.72840000000000005       0.25760000000000000             5000
   3.8099999999999999E-004  0.72840000000000005       0.25760000000000000             5000
   3.8199999999999996E-004  0.72840000000000005       0.25760000000000000             5000
   3.8299999999999999E-004  0.72840000000000005       0.25760000000000000             5000
   3.8399999999999996E-004  0.72840000000000005       0.25760000000000000             5000
   3.8499999999999998E-004  0.72840000000000005       0.25760000000000000             5000
   3.8599999999999995E-004  0.72840000000000005       0.25760000000000000             5000
   3.8699999999999997E-004  0.72840000000000005       0.25760000000000000             5000
   3.8799999999999994E-004  0.72840000000000005       0.25760000000000000             5000
   3.8899999999999997E-004  0.72840000000000005       0.25760000000000000             5000
   3.8999999999999999E-004  0.72840000000000005       0.25760000000000000             5000
   3.9099999999999996E-004  0.72840000000000005       0.25760000000000000             5000
   3.9199999999999999E-004  0.72840000000000005       0.25760000000000000             5000
   3.9299999999999996E-004  0.72840000000000005       0.25760000000000000             5000
   3.9399999999999998E-004  0.72840000000000005       0.25760000000000000             5000
   3.9499999999999995E-004  0.72840000000000005       0.25760000000000000             5000
   3.9599999999999998E-004  0.72840000000000005       0.25760000000000000             5000
   3.9699999999999995E-004  0.72840000000000005       0.25760000000000000             5000
   3.9799999999999997E-004  0.72840000000000005       0.25760000000000000             5000
   3.9899999999999994E-004  0.72840000000000005       0.25760000000000000             5000
   3.9999999999999996E-004  0.72840000000000005       0.25760000000000000             5000
   4.0099999999999999E-004  0.72840000000000005       0.25760000000000000             5000
   4.0200000000000001E-004  0.72840000000000005       0.25760000000000000             5000
   4.0299999999999998E-004  0.72840000000000005       0.25760000000000000             5000
   4.0400000000000001E-004  0.72840000000000005       0.25760000000000000             5000
   4.0499999999999992E-004  0.72840000000000005       0.25760000000000000             5000
   4.0599999999999995E-004  0.72840000000000005       0.25760000000000000             5000
   4.0699999999999992E-004  0.72840000000000005       0.25760000000000000             5000
   4.0799999999999994E-004  0.72840000000000005       0.25760000000000000             5000
   4.0899999999999991E-004  0.72840000000000005       0.25760000000000000             5000
   4.0999999999999994E-004  0.72840000000000005       0.25760000000000000             5000
   4.1099999999999996E-004  0.72840000000000005       0.25760000000000000             5000
   4.1199999999999993E-004  0.72840000000000005       0.25760000000000000             5000
   4.1299999999999996E-004  0.72840000000000005       0.25760000000000000             5000
   4.1399999999999993E-004  0.72840000000000005       0.25760000000000000             5000
   4.1499999999999995E-004  0.72840000000000005       0.25760000000000000             5000
   4.1599999999999992E-004  0.72840000000000005       0.25760000000000000             5000
   4.1700000000000000E-004  0.72840000000000005       0.25760000000000000             5000
   4.1800000000000002E-004  0.72840000000000005       0.25760000000000000             5000
   4.1899999999999999E-004  0.72840000000000005       0.25760000000000000             5000
   4.2000000000000002E-004  0.72840000000000005       0.25760000000000000             5000
   4.2099999999999999E-004  0.72840000000000005       0.25760000000000000             5000
   4.2200000000000001E-004  0.72840000000000005       0.25760000000000000             5000
   4.2299999999999998E-004  0.72840000000000005       0.25760000000000000             5000
   4.2400000000000001E-004  0.72840000000000005       0.25760000000000000             5000
   4.2500000000000003E-004  0.72840000000000005       0.25760000000000000             5000
   4.2600000000000000E-004  0.72840000000000005       0.25760000000000000             5000
   4.2700000000000002E-004  0.72840000000000005       0.25760000000000000             5000
   4.2800000000000000E-004  0.72840000000000005       0.25760000000000000             5000
   4.2900000000000002E-004  0.72840000000000005       0.25760000000000000             5000
   4.2999999999999999E-004  0.72840000000000005       0.25760000000000000             5000
   4.3100000000000001E-004  0.72840000000000005       0.25760000000000000             5000
   4.3199999999999998E-004  0.72840000000000005       0.25760000000000000             5000
   4.3300000000000001E-004  0.72840000000000005       0.25760000000000000             5000
   4.3399999999999998E-004  0.72840000000000005       0.25760000000000000             5000
   4.3500000000000000E-004  0.72840000000000005       0.25760000000000000             5000
   4.3599999999999997E-004  0.72840000000000005       0.25760000000000000             5000
   4.3700000000000000E-004  0.72840000000000005       0.25760000000000000             5000
   4.3799999999999997E-004  0.72840000000000005       0.25760000000000000             5000
   4.3899999999999999E-004  0.72840000000000005       0.25760000000000000             5000
   4.3999999999999996E-004  0.72840000000000005       0.25760000000000000             5000
   4.4099999999999999E-004  0.72840000000000005       0.25760000000000000             5000
   4.4199999999999996E-004  0.72840000000000005       0.25760000000000000             5000
   4.4299999999999998E-004  0.72840000000000005       0.25760000000000000             5000
   4.4400000000000000E-004  0.72840000000000005       0.25760000000000000             5000
   4.4499999999999997E-004  0.72840000000000005       0.25760000000000000             5000
   4.4600000000000000E-004  0.72840000000000005       0.25760000000000000             5000
   4.4699999999999997E-004  0.72840000000000005       0.25760000000000000             5000
   4.4799999999999999E-004  0.72840000000000005       0.25760000000000000             5000
   4.4899999999999996E-004  0.72840000000000005       0.25760000000000000             5000
   4.4999999999999999E-004  0.72840000000000005       0.25760000000000000             5000
   4.5099999999999996E-004  0.72840000000000005       0.25760000000000000             5000
   4.5199999999999998E-004  0.72840000000000005       0.25760000000000000             5000
   4.5299999999999995E-004  0.72840000000000005       0.25760000000000000             5000
   4.5399999999999998E-004  0.72840000000000005       0.25760000000000000             5000
   4.5499999999999995E-004  0.72840000000000005       0.25760000000000000             5000
   4.5599999999999997E-004  0.72840000000000005       0.25760000000000000             5000
   4.5699999999999994E-004  0.72840000000000005       0.25760000000000000             5000
   4.5799999999999997E-004  0.72840000000000005       0.25760000000000000             5000
   4.5899999999999994E-004  0.72840000000000005       0.25760000000000000             5000
   4.5999999999999996E-004  0.72840000000000005       0.25760000000000000             5000
   4.6099999999999993E-004  0.72840000000000005       0.25760000000000000             5000
   4.6199999999999995E-004  0.72840000000000005       0.25760000000000000             5000
   4.6299999999999992E-004  0.72840000000000005       0.25760000000000000             5000
   4.6399999999999995E-004  0.72840000000000005       0.25760000000000000             5000
   4.6499999999999997E-004  0.72840000000000005       0.25760000000000000             5000
   4.6599999999999994E-004  0.72840000000000005       0.25760000000000000             5000
   4.6699999999999997E-004  0.72840000000000005       0.25760000000000000             5000
   4.6799999999999994E-004  0.72840000000000005       0.25760000000000000             5000
   4.6899999999999996E-004  0.72840000000000005       0.25760000000000000             5000
   4.6999999999999993E-004  0.72840000000000005       0.25760000000000000             5000
   4.7099999999999996E-004  0.72840000000000005       0.25760000000000000             5000
   4.7199999999999993E-004  0.72840000000000005       0.25760000000000000             5000
   4.7299999999999995E-004  0.72840000000000005       0.25760000000000000             5000
   4.7399999999999992E-004  0.72840000000000005       0.25760000000000000             5000
   4.7499999999999994E-004  0.72840000000000005       0.25760000000000000             5000
   4.7599999999999991E-004  0.72840000000000005       0.25760000000000000             5000
   4.7699999999999994E-004  0.72840000000000005       0.25760000000000000             5000
   4.7799999999999991E-004  0.72840000000000005       0.25760000000000000             5000
   4.7899999999999993E-004  0.72840000000000005       0.25760000000000000             5000
   4.8000000000000001E-004  0.72840000000000005       0.25760000000000000             5000
   4.8100000000000004E-004  0.72840000000000005       0.25760000000000000             5000
   4.8200000000000001E-004  0.72840000000000005       0.25760000000000000             5000
   4.8300000000000003E-004  0.72840000000000005       0.25760000000000000             5000
   4.8400000000000000E-004  0.72840000000000005       0.25760000000000000             5000
   4.8500000000000003E-004  0.72840000000000005       0.25760000000000000             5000
   4.8600000000000000E-004  0.72840000000000005       0.25760000000000000             5000
   4.8700000000000002E-004  0.72840000000000005       0.25760000000000000             5000
   4.8799999999999999E-004  0.72840000000000005       0.25760000000000000             5000
   4.8899999999999996E-004  0.72840000000000005       0.25760000000000000             5000
   4.8999999999999998E-004  0.72840000000000005       0.25760000000000000             5000
   4.9100000000000001E-004  0.72840000000000005       0.25760000000000000             5000
   4.9200000000000003E-004  0.72840000000000005       0.25760000000000000             5000
   4.9299999999999995E-004  0.72840000000000005       0.25760000000000000             5000
   4.9399999999999997E-004  0.72840000000000005       0.25760000000000000             5000
   4.9500000000000000E-004  0.72840000000000005       0.25760000000000000             5000
   4.9600000000000002E-004  0.72840000000000005       0.25760000000000000             5000
   4.9699999999999994E-004  0.72840000000000005       0.25760000000000000             5000
   4.9799999999999996E-004  0.72840000000000005       0.25760000000000000             5000
   4.9899999999999999E-004  0.72840000000000005       0.25760000000000000             5000
   5.0000000000000001E-004  0.72840000000000005       0.25760000000000000             5000
   5.0100000000000003E-004  0.72840000000000005       0.25760000000000000             5000
   5.0199999999999995E-004  0.72840000000000005       0.25760000000000000             5000
   5.0299999999999997E-004  0.72840000000000005       0.25760000000000000             5000
   5.0400000000000000E-004  0.72840000000000005       0.25760000000000000             5000
   5.0500000000000002E-004  0.72840000000000005       0.25760000000000000             5000
   5.0599999999999994E-004  0.72840000000000005       0.25760000000000000             5000
   5.0699999999999996E-004  0.72840000000000005       0.25760000000000000             5000
   5.0799999999999999E-004  0.72840000000000005       0.25760000000000000             5000
   5.0900000000000001E-004  0.72840000000000005       0.25760000000000000             5000
   5.0999999999999993E-004  0.72840000000000005       0.25760000000000000             5000
   5.1099999999999995E-004  0.72840000000000005       0.25760000000000000             5000
   5.1199999999999998E-004  0.72840000000000005       0.25760000000000000             5000
   5.1300000000000000E-004  0.72840000000000005       0.25760000000000000             5000
   5.1399999999999992E-004  0.72840000000000005       0.25760000000000000             5000
   5.1499999999999994E-004  0.72840000000000005       0.25760000000000000             5000
   5.1599999999999997E-004  0.72840000000000005       0.25760000000000000             5000
   5.1699999999999999E-004  0.72840000000000005       0.25760000000000000             5000
   5.1799999999999991E-004  0.72840000000000005       0.25760000000000000             5000
   5.1899999999999993E-004  0.72840000000000005       0.25760000000000000             5000
   5.1999999999999995E-004  0.72840000000000005       0.25760000000000000             5000
   5.2099999999999998E-004  0.72840000000000005       0.25760000000000000             5000
   5.2200000000000000E-004  0.72840000000000005       0.25760000000000000             5000
   5.2299999999999992E-004  0.72840000000000005       0.25760000000000000             5000
   5.2399999999999994E-004  0.72840000000000005       0.25760000000000000             5000
   5.2499999999999997E-004  0.72840000000000005       0.25760000000000000             5000
   5.2599999999999999E-004  0.72840000000000005       0.25760000000000000             5000
   5.2699999999999991E-004  0.72840000000000005       0.25760000000000000             5000
   5.2799999999999993E-004  0.72840000000000005       0.25760000000000000             5000
   5.2899999999999996E-004  0.72840000000000005       0.25760000000000000             5000
   5.2999999999999998E-004  0.72840000000000005       0.25760000000000000             5000
   5.3099999999999990E-004  0.72840000000000005       0.25760000000000000             5000
   5.3199999999999992E-004  0.72840000000000005       0.25760000000000000             5000
   5.3299999999999995E-004  0.72840000000000005       0.25760000000000000             5000
   5.3399999999999997E-004  0.72840000000000005       0.25760000000000000             5000
   5.3499999999999989E-004  0.72840000000000005       0.25760000000000000             5000
   5.3599999999999991E-004  0.72840000000000005       0.25760000000000000             5000
   5.3699999999999993E-004  0.72840000000000005       0.25760000000000000             5000
   5.3799999999999996E-004  0.72840000000000005       0.25760000000000000             5000
   5.3899999999999987E-004  0.72840000000000005       0.25760000000000000             5000
   5.3999999999999990E-004  0.72840000000000005       0.25760000000000000             5000
   5.4099999999999992E-004  0.72840000000000005       0.25760000000000000             5000
   5.4199999999999995E-004  0.72840000000000005       0.25760000000000000             5000
   5.4299999999999997E-004  0.72840000000000005       0.25760000000000000             5000
   5.4399999999999989E-004  0.72840000000000005       0.25760000000000000             5000
   5.4500000000000002E-004  0.72840000000000005       0.25760000000000000             5000
   5.4600000000000004E-004  0.72840000000000005       0.25760000000000000             5000
   5.4699999999999996E-004  0.72840000000000005       0.25760000000000000             5000
   5.4799999999999998E-004  0.72840000000000005       0.25760000000000000             5000
   5.4900000000000001E-004  0.72840000000000005       0.25760000000000000             5000
   5.5000000000000003E-004  0.72840000000000005       0.25760000000000000             5000
   5.5099999999999995E-004  0.72840000000000005       0.25760000000000000             5000
   5.5199999999999997E-004  0.72840000000000005       0.25760000000000000             5000
   5.5300000000000000E-004  0.72840000000000005       0.25760000000000000             5000
   5.5400000000000002E-004  0.72840000000000005       0.25760000000000000             5000
   5.5500000000000005E-004  0.72840000000000005       0.25760000000000000             5000
   5.5599999999999996E-004  0.72840000000000005       0.25760000000000000             5000
   5.5699999999999999E-004  0.72840000000000005       0.25760000000000000             5000
   5.5800000000000001E-004  0.72840000000000005       0.25760000000000000             5000
   5.5900000000000004E-004  0.72840000000000005       0.25760000000000000             5000
   5.5999999999999995E-004  0.72840000000000005       0.25760000000000000             5000
   5.6099999999999998E-004  0.72840000000000005       0.25760000000000000             5000
   5.6200000000000000E-004  0.72840000000000005       0.25760000000000000             5000
   5.6300000000000002E-004  0.72840000000000005       0.25760000000000000             5000
   5.6399999999999994E-004  0.72840000000000005       0.25760000000000000             5000
   5.6499999999999996E-004  0.72840000000000005       0.25760000000000000             5000
   5.6599999999999999E-004  0.72840000000000005       0.25760000000000000             5000
   5.6700000000000001E-004  0.72840000000000005       0.25760000000000000             5000
   5.6799999999999993E-004  0.72840000000000005       0.25760000000000000             5000
   5.6899999999999995E-004  0.72840000000000005       0.25760000000000000             5000
   5.6999999999999998E-004  0.72840000000000005       0.25760000000000000             5000
   5.7100000000000000E-004  0.72840000000000005       0.25760000000000000             5000
   5.7199999999999992E-004  0.72840000000000005       0.25760000000000000             5000
   5.7299999999999994E-004  0.72840000000000005       0.25760000000000000             5000
   5.7399999999999997E-004  0.72840000000000005       0.25760000000000000             5000
   5.7499999999999999E-004  0.72840000000000005       0.25760000000000000             5000
   5.7600000000000001E-004  0.72840000000000005       0.25760000000000000             5000
   5.7699999999999993E-004  0.72840000000000005       0.25760000000000000             5000
   5.7799999999999995E-004  0.72840000000000005       0.25760000000000000             5000
   5.7899999999999998E-004  0.72840000000000005       0.25760000000000000             5000
   5.8000000000000000E-004  0.72840000000000005       0.25760000000000000             5000
   5.8099999999999992E-004  0.72840000000000005       0.25760000000000000             5000
   5.8199999999999994E-004  0.72840000000000005       0.25760000000000000             5000
   5.8299999999999997E-004  0.72840000000000005       0.25760000000000000             5000
   5.8399999999999999E-004  0.72840000000000005       0.25760000000000000             5000
   5.8499999999999991E-004  0.72840000000000005       0.25760000000000000             5000
   5.8599999999999993E-004  0.72840000000000005       0.25760000000000000             5000
   5.8699999999999996E-004  0.72840000000000005       0.25760000000000000             5000
   5.8799999999999998E-004  0.72840000000000005       0.25760000000000000             5000
   5.8899999999999990E-004  0.72840000000000005       0.25760000000000000             5000
   5.8999999999999992E-004  0.72840000000000005       0.25760000000000000             5000
   5.9099999999999995E-004  0.72840000000000005       0.25760000000000000             5000
   5.9199999999999997E-004  0.72840000000000005       0.25760000000000000             5000
   5.9299999999999989E-004  0.72840000000000005       0.25760000000000000             5000
   5.9399999999999991E-004  0.72840000000000005       0.25760000000000000             5000
   5.9499999999999993E-004  0.72840000000000005       0.25760000000000000             5000
   5.9599999999999996E-004  0.72840000000000005       0.25760000000000000             5000
   5.9699999999999998E-004  0.72840000000000005       0.25760000000000000             5000
   5.9799999999999990E-004  0.72840000000000005       0.25760000000000000             5000
   5.9899999999999992E-004  0.72840000000000005       0.25760000000000000             5000
   5.9999999999999995E-004  0.72840000000000005       0.25760000000000000             5000
   6.0099999999999997E-004  0.72840000000000005       0.25760000000000000             5000
   6.0199999999999989E-004  0.72840000000000005       0.25760000000000000             5000
   6.0299999999999991E-004  0.72840000000000005       0.25760000000000000             5000
   6.0399999999999994E-004  0.72840000000000005       0.25760000000000000             5000
   6.0499999999999996E-004  0.72840000000000005       0.25760000000000000             5000
   6.0599999999999988E-004  0.72840000000000005       0.25760000000000000             5000
   6.0699999999999990E-004  0.72840000000000005       0.25760000000000000             5000
   6.0800000000000003E-004  0.72840000000000005       0.25760000000000000             5000
   6.0900000000000006E-004  0.72840000000000005       0.25760000000000000             5000
   6.0999999999999997E-004  0.72840000000000005       0.25760000000000000             5000
   6.1100000000000000E-004  0.72840000000000005       0.25760000000000000             5000
   6.1200000000000002E-004  0.72840000000000005       0.25760000000000000             5000
   6.1300000000000005E-004  0.72840000000000005       0.25760000000000000             5000
   6.1399999999999996E-004  0.72840000000000005       0.25760000000000000             5000
   6.1499999999999999E-004  0.72840000000000005       0.25760000000000000             5000
   6.1600000000000001E-004  0.72840000000000005       0.25760000000000000             5000
   6.1700000000000004E-004  0.72840000000000005       0.25760000000000000             5000
   6.1799999999999995E-004  0.72840000000000005       0.25760000000000000             5000
   6.1899999999999998E-004  0.72840000000000005       0.25760000000000000             5000
   6.2000000000000000E-004  0.72840000000000005       0.25760000000000000             5000
   6.2100000000000002E-004  0.72840000000000005       0.25760000000000000             5000
   6.2199999999999994E-004  0.72840000000000005       0.25760000000000000             5000
   6.2299999999999996E-004  0.72840000000000005       0.25760000000000000             5000
   6.2399999999999999E-004  0.72840000000000005       0.25760000000000000             5000
   6.2500000000000001E-004  0.72840000000000005       0.25760000000000000             5000
   6.2599999999999993E-004  0.72840000000000005       0.25760000000000000             5000
   6.2699999999999995E-004  0.72840000000000005       0.25760000000000000             5000
   6.2799999999999998E-004  0.72840000000000005       0.25760000000000000             5000
   6.2900000000000000E-004  0.72840000000000005       0.25760000000000000             5000
   6.3000000000000003E-004  0.72840000000000005       0.25760000000000000             5000
   6.3099999999999994E-004  0.72840000000000005       0.25760000000000000             5000
   6.3199999999999997E-004  0.72840000000000005       0.25760000000000000             5000
   6.3299999999999999E-004  0.72840000000000005       0.25760000000000000             5000
   6.3400000000000001E-004  0.72840000000000005       0.25760000000000000             5000
   6.3499999999999993E-004  0.72840000000000005       0.25760000000000000             5000
   6.3599999999999996E-004  0.72840000000000005       0.25760000000000000             5000
   6.3699999999999998E-004  0.72840000000000005       0.25760000000000000             5000
   6.3800000000000000E-004  0.72840000000000005       0.25760000000000000             5000
   6.3899999999999992E-004  0.72840000000000005       0.25760000000000000             5000
   6.3999999999999994E-004  0.72840000000000005       0.25760000000000000             5000
   6.4099999999999997E-004  0.72840000000000005       0.25760000000000000             5000
   6.4199999999999999E-004  0.72840000000000005       0.25760000000000000             5000
   6.4299999999999991E-004  0.72840000000000005       0.25760000000000000             5000
   6.4399999999999993E-004  0.72840000000000005       0.25760000000000000             5000
   6.4499999999999996E-004  0.72840000000000005       0.25760000000000000             5000
   6.4599999999999998E-004  0.72840000000000005       0.25760000000000000             5000
   6.4699999999999990E-004  0.72840000000000005       0.25760000000000000             5000
   6.4799999999999992E-004  0.72840000000000005       0.25760000000000000             5000
   6.4899999999999995E-004  0.72840000000000005       0.25760000000000000             5000
   6.4999999999999997E-004  0.72840000000000005       0.25760000000000000             5000
   6.5099999999999999E-004  0.72840000000000005       0.25760000000000000             5000
   6.5199999999999991E-004  0.72840000000000005       0.25760000000000000             5000
   6.5299999999999993E-004  0.72840000000000005       0.25760000000000000             5000
   6.5399999999999996E-004  0.72840000000000005       0.25760000000000000             5000
   6.5499999999999998E-004  0.72840000000000005       0.25760000000000000             5000
   6.5599999999999990E-004  0.72840000000000005       0.25760000000000000             5000
   6.5699999999999992E-004  0.72840000000000005       0.25760000000000000             5000
   6.5799999999999995E-004  0.72840000000000005       0.25760000000000000             5000
   6.5899999999999997E-004  0.72840000000000005       0.25760000000000000             5000
   6.5999999999999989E-004  0.72840000000000005       0.25760000000000000             5000
   6.6099999999999991E-004  0.72840000000000005       0.25760000000000000             5000
   6.6199999999999994E-004  0.72840000000000005       0.25760000000000000             5000
   6.6299999999999996E-004  0.72840000000000005       0.25760000000000000             5000
   6.6399999999999988E-004  0.72840000000000005       0.25760000000000000             5000
   6.6499999999999990E-004  0.72840000000000005       0.25760000000000000             5000
   6.6599999999999993E-004  0.72840000000000005       0.25760000000000000             5000
   6.6699999999999995E-004  0.72840000000000005       0.25760000000000000             5000
   6.6799999999999987E-004  0.72840000000000005       0.25760000000000000             5000
   6.6899999999999989E-004  0.72840000000000005       0.25760000000000000             5000
   6.6999999999999991E-004  0.72840000000000005       0.25760000000000000             5000
   6.7099999999999994E-004  0.72840000000000005       0.25760000000000000             5000
   6.7199999999999996E-004  0.72840000000000005       0.25760000000000000             5000
   6.7299999999999999E-004  0.72840000000000005       0.25760000000000000             5000
   6.7400000000000001E-004  0.72840000000000005       0.25760000000000000             5000
   6.7500000000000004E-004  0.72840000000000005       0.25760000000000000             5000
   6.7599999999999995E-004  0.72840000000000005       0.25760000000000000             5000
   6.7699999999999998E-004  0.72840000000000005       0.25760000000000000             5000
   6.7800000000000000E-004  0.72840000000000005       0.25760000000000000             5000
   6.7900000000000002E-004  0.72840000000000005       0.25760000000000000             5000
   6.7999999999999994E-004  0.72840000000000005       0.25760000000000000             5000
   6.8099999999999996E-004  0.72840000000000005       0.25760000000000000             5000
   6.8199999999999999E-004  0.72840000000000005       0.25760000000000000             5000
   6.8300000000000001E-004  0.72840000000000005       0.25760000000000000             5000
   6.8400000000000004E-004  0.72840000000000005       0.25760000000000000             5000
   6.8499999999999995E-004  0.72840000000000005       0.25760000000000000             5000
   6.8599999999999998E-004  0.72840000000000005       0.25760000000000000             5000
   6.8700000000000000E-004  0.72840000000000005       0.25760000000000000             5000
   6.8800000000000003E-004  0.72840000000000005       0.25760000000000000             5000
   6.8899999999999994E-004  0.72840000000000005       0.25760000000000000             5000
   6.8999999999999997E-004  0.72840000000000005       0.25760000000000000             5000
   6.9099999999999999E-004  0.72840000000000005       0.25760000000000000             5000
   6.9200000000000002E-004  0.72840000000000005       0.25760000000000000             5000
   6.9299999999999993E-004  0.72840000000000005       0.25760000000000000             5000
   6.9399999999999996E-004  0.72840000000000005       0.25760000000000000             5000
   6.9499999999999998E-004  0.72840000000000005       0.25760000000000000             5000
   6.9600000000000000E-004  0.72840000000000005       0.25760000000000000             5000
   6.9699999999999992E-004  0.72840000000000005       0.25760000000000000             5000
   6.9799999999999994E-004  0.72840000000000005       0.25760000000000000             5000
   6.9899999999999997E-004  0.72840000000000005       0.25760000000000000             5000
   6.9999999999999999E-004  0.72840000000000005       0.25760000000000000             5000
   7.0099999999999991E-004  0.72840000000000005       0.25760000000000000             5000
   7.0199999999999993E-004  0.72840000000000005       0.25760000000000000             5000
   7.0299999999999996E-004  0.72840000000000005       0.25760000000000000             5000
   7.0399999999999998E-004  0.72840000000000005       0.25760000000000000             5000
   7.0500000000000001E-004  0.72840000000000005       0.25760000000000000             5000
   7.0599999999999992E-004  0.72840000000000005       0.25760000000000000             5000
   7.0699999999999995E-004  0.72840000000000005       0.25760000000000000             5000
   7.0799999999999997E-004  0.72840000000000005       0.25760000000000000             5000
   7.0899999999999999E-004  0.72840000000000005       0.25760000000000000             5000
   7.0999999999999991E-004  0.72840000000000005       0.25760000000000000             5000
   7.1099999999999994E-004  0.72840000000000005       0.25760000000000000             5000
   7.1199999999999996E-004  0.72840000000000005       0.25760000000000000             5000
   7.1299999999999998E-004  0.72840000000000005       0.25760000000000000             5000
   7.1399999999999990E-004  0.72840000000000005       0.25760000000000000             5000
   7.1499999999999992E-004  0.72840000000000005       0.25760000000000000             5000
   7.1599999999999995E-004  0.72840000000000005       0.25760000000000000             5000
   7.1699999999999997E-004  0.72840000000000005       0.25760000000000000             5000
   7.1799999999999989E-004  0.72840000000000005       0.25760000000000000             5000
   7.1899999999999991E-004  0.72840000000000005       0.25760000000000000             5000
   7.1999999999999994E-004  0.72840000000000005       0.25760000000000000             5000
   7.2099999999999996E-004  0.72840000000000005       0.25760000000000000             5000
   7.2199999999999988E-004  0.72840000000000005       0.25760000000000000             5000
   7.2299999999999990E-004  0.72840000000000005       0.25760000000000000             5000
   7.2399999999999993E-004  0.72840000000000005       0.25760000000000000             5000
   7.2499999999999995E-004  0.72840000000000005       0.25760000000000000             5000
   7.2599999999999997E-004  0.72840000000000005       0.25760000000000000             5000
   7.2699999999999989E-004  0.72840000000000005       0.25760000000000000             5000
   7.2799999999999991E-004  0.72840000000000005       0.25760000000000000             5000
   7.2899999999999994E-004  0.72840000000000005       0.25760000000000000             5000
   7.2999999999999996E-004  0.72840000000000005       0.25760000000000000             5000
   7.3099999999999988E-004  0.72840000000000005       0.25760000000000000             5000
   7.3199999999999990E-004  0.72840000000000005       0.25760000000000000             5000
   7.3299999999999993E-004  0.72840000000000005       0.25760000000000000             5000
   7.3399999999999995E-004  0.72840000000000005       0.25760000000000000             5000
   7.3499999999999987E-004  0.72840000000000005       0.25760000000000000             5000
   7.3600000000000000E-004  0.72840000000000005       0.25760000000000000             5000
   7.3700000000000002E-004  0.72840000000000005       0.25760000000000000             5000
   7.3800000000000005E-004  0.72840000000000005       0.25760000000000000             5000
   7.3899999999999997E-004  0.72840000000000005       0.25760000000000000             5000
   7.3999999999999999E-004  0.72840000000000005       0.25760000000000000             5000
   7.4100000000000001E-004  0.72840000000000005       0.25760000000000000             5000
   7.4200000000000004E-004  0.72840000000000005       0.25760000000000000             5000
   7.4299999999999995E-004  0.72840000000000005       0.25760000000000000             5000
   7.4399999999999998E-004  0.72840000000000005       0.25760000000000000             5000
   7.4500000000000000E-004  0.72840000000000005       0.25760000000000000             5000
   7.4600000000000003E-004  0.72840000000000005       0.25760000000000000             5000
   7.4699999999999994E-004  0.72840000000000005       0.25760000000000000             5000
   7.4799999999999997E-004  0.72840000000000005       0.25760000000000000             5000
   7.4899999999999999E-004  0.72840000000000005       0.25760000000000000             5000
   7.5000000000000002E-004  0.72840000000000005       0.25760000000000000             5000
   7.5099999999999993E-004  0.72840000000000005       0.25760000000000000             5000
   7.5199999999999996E-004  0.72840000000000005       0.25760000000000000             5000
   7.5299999999999998E-004  0.72840000000000005       0.25760000000000000             5000
   7.5400000000000000E-004  0.72840000000000005       0.25760000000000000             5000
   7.5499999999999992E-004  0.72840000000000005       0.25760000000000000             5000
   7.5599999999999994E-004  0.72840000000000005       0.25760000000000000             5000
   7.5699999999999997E-004  0.72840000000000005       0.25760000000000000             5000
   7.5799999999999999E-004  0.72840000000000005       0.25760000000000000             5000
   7.5900000000000002E-004  0.72840000000000005       0.25760000000000000             5000
   7.5999999999999993E-004  0.72840000000000005       0.25760000000000000             5000
   7.6099999999999996E-004  0.72840000000000005       0.25760000000000000             5000
   7.6199999999999998E-004  0.72840000000000005       0.25760000000000000             5000
   7.6300000000000001E-004  0.72840000000000005       0.25760000000000000             5000
   7.6399999999999992E-004  0.72840000000000005       0.25760000000000000             5000
   7.6499999999999995E-004  0.72840000000000005       0.25760000000000000             5000
   7.6599999999999997E-004  0.72840000000000005       0.25760000000000000             5000
   7.6700000000000000E-004  0.72840000000000005       0.25760000000000000             5000
   7.6799999999999991E-004  0.72840000000000005       0.25760000000000000             5000
   7.6899999999999994E-004  0.72840000000000005       0.25760000000000000             5000
   7.6999999999999996E-004  0.72840000000000005       0.25760000000000000             5000
   7.7099999999999998E-004  0.72840000000000005       0.25760000000000000             5000
   7.7199999999999990E-004  0.72840000000000005       0.25760000000000000             5000
   7.7299999999999992E-004  0.72840000000000005       0.25760000000000000             5000
   7.7399999999999995E-004  0.72840000000000005       0.25760000000000000             5000
   7.7499999999999997E-004  0.72840000000000005       0.25760000000000000             5000
   7.7599999999999989E-004  0.72840000000000005       0.25760000000000000             5000
   7.7699999999999991E-004  0.72840000000000005       0.25760000000000000             5000
   7.7799999999999994E-004  0.72840000000000005       0.25760000000000000             5000
   7.7899999999999996E-004  0.72840000000000005       0.25760000000000000             5000
   7.7999999999999999E-004  0.72840000000000005       0.25760000000000000             5000
   7.8099999999999990E-004  0.72840000000000005       0.25760000000000000             5000
   7.8199999999999993E-004  0.72840000000000005       0.25760000000000000             5000
   7.8299999999999995E-004  0.72840000000000005       0.25760000000000000             5000
   7.8399999999999997E-004  0.72840000000000005       0.25760000000000000             5000
   7.8499999999999989E-004  0.72840000000000005       0.25760000000000000             5000
   7.8599999999999991E-004  0.72840000000000005       0.25760000000000000             5000
   7.8699999999999994E-004  0.72840000000000005       0.25760000000000000             5000
   7.8799999999999996E-004  0.72840000000000005       0.25760000000000000             5000
   7.8899999999999988E-004  0.72840000000000005       0.25760000000000000             5000
   7.8999999999999990E-004  0.72840000000000005       0.25760000000000000             5000
   7.9099999999999993E-004  0.72840000000000005       0.25760000000000000             5000
   7.9199999999999995E-004  0.72840000000000005       0.25760000000000000             5000
   7.9299999999999987E-004  0.72840000000000005       0.25760000000000000             5000
   7.9399999999999989E-004  0.72840000000000005       0.25760000000000000             5000
   7.9499999999999992E-004  0.72840000000000005       0.25760000000000000             5000
   7.9599999999999994E-004  0.72840000000000005       0.25760000000000000             5000
   7.9699999999999986E-004  0.72840000000000005       0.25760000000000000             5000
   7.9799999999999988E-004  0.72840000000000005       0.25760000000000000             5000
   7.9899999999999991E-004  0.72840000000000005       0.25760000000000000             5000
   7.9999999999999993E-004  0.72840000000000005       0.25760000000000000             5000
   8.0099999999999995E-004  0.72840000000000005       0.25760000000000000             5000
   8.0199999999999998E-004  0.72840000000000005       0.25760000000000000             5000
   8.0300000000000000E-004  0.72840000000000005       0.25760000000000000             5000
   8.0400000000000003E-004  0.72840000000000005       0.25760000000000000             5000
   8.0499999999999994E-004  0.72840000000000005       0.25760000000000000             5000
   8.0599999999999997E-004  0.72840000000000005       0.25760000000000000             5000
   8.0699999999999999E-004  0.72840000000000005       0.25760000000000000             5000
   8.0800000000000002E-004  0.72840000000000005       0.25760000000000000             5000
   8.0899999999999993E-004  0.72840000000000005       0.25760000000000000             5000
   8.0999999999999985E-004  0.72840000000000005       0.25760000000000000             5000
   8.1099999999999998E-004  0.72840000000000005       0.25760000000000000             5000
   8.1199999999999990E-004  0.72840000000000005       0.25760000000000000             5000
   8.1300000000000003E-004  0.72840000000000005       0.25760000000000000             5000
   8.1399999999999984E-004  0.72840000000000005       0.25760000000000000             5000
   8.1499999999999997E-004  0.72840000000000005       0.25760000000000000             5000
   8.1599999999999989E-004  0.72840000000000005       0.25760000000000000             5000
   8.1700000000000002E-004  0.72840000000000005       0.25760000000000000             5000
   8.1799999999999983E-004  0.72840000000000005       0.25760000000000000             5000
   8.1899999999999996E-004  0.72840000000000005       0.25760000000000000             5000
   8.1999999999999987E-004  0.72840000000000005       0.25760000000000000             5000
   8.2100000000000001E-004  0.72840000000000005       0.25760000000000000             5000
   8.2199999999999992E-004  0.72840000000000005       0.25760000000000000             5000
   8.2299999999999995E-004  0.72840000000000005       0.25760000000000000             5000
   8.2399999999999986E-004  0.72840000000000005       0.25760000000000000             5000
   8.2500000000000000E-004  0.72840000000000005       0.25760000000000000             5000
   8.2599999999999991E-004  0.72840000000000005       0.25760000000000000             5000
   8.2699999999999994E-004  0.72840000000000005       0.25760000000000000             5000
   8.2799999999999985E-004  0.72840000000000005       0.25760000000000000             5000
   8.2899999999999998E-004  0.72840000000000005       0.25760000000000000             5000
   8.2999999999999990E-004  0.72840000000000005       0.25760000000000000             5000
   8.3099999999999992E-004  0.72840000000000005       0.25760000000000000             5000
   8.3199999999999984E-004  0.72840000000000005       0.25760000000000000             5000
   8.3299999999999997E-004  0.72840000000000005       0.25760000000000000             5000
   8.3400000000000000E-004  0.72840000000000005       0.25760000000000000             5000
   8.3499999999999991E-004  0.72840000000000005       0.25760000000000000             5000
   8.3600000000000005E-004  0.72840000000000005       0.25760000000000000             5000
   8.3699999999999996E-004  0.72840000000000005       0.25760000000000000             5000
   8.3799999999999999E-004  0.72840000000000005       0.25760000000000000             5000
   8.3899999999999990E-004  0.72840000000000005       0.25760000000000000             5000
   8.4000000000000003E-004  0.72840000000000005       0.25760000000000000             5000
   8.4099999999999995E-004  0.72840000000000005       0.25760000000000000             5000
   8.4199999999999998E-004  0.72840000000000005       0.25760000000000000             5000
   8.4299999999999989E-004  0.72840000000000005       0.25760000000000000             5000
   8.4400000000000002E-004  0.72840000000000005       0.25760000000000000             5000
   8.4499999999999994E-004  0.72840000000000005       0.25760000000000000             5000
   8.4599999999999996E-004  0.72840000000000005       0.25760000000000000             5000
   8.4699999999999988E-004  0.72840000000000005       0.25760000000000000             5000
   8.4800000000000001E-004  0.72840000000000005       0.25760000000000000             5000
   8.4899999999999993E-004  0.72840000000000005       0.25760000000000000             5000
   8.5000000000000006E-004  0.72840000000000005       0.25760000000000000             5000
   8.5099999999999987E-004  0.72840000000000005       0.25760000000000000             5000
   8.5200000000000000E-004  0.72840000000000005       0.25760000000000000             5000
   8.5299999999999992E-004  0.72840000000000005       0.25760000000000000             5000
   8.5400000000000005E-004  0.72840000000000005       0.25760000000000000             5000
   8.5499999999999997E-004  0.72840000000000005       0.25760000000000000             5000
   8.5599999999999999E-004  0.72840000000000005       0.25760000000000000             5000
   8.5699999999999991E-004  0.72840000000000005       0.25760000000000000             5000
   8.5800000000000004E-004  0.72840000000000005       0.25760000000000000             5000
   8.5899999999999995E-004  0.72840000000000005       0.25760000000000000             5000
   8.5999999999999998E-004  0.72840000000000005       0.25760000000000000             5000
   8.6099999999999989E-004  0.72840000000000005       0.25760000000000000             5000
   8.6200000000000003E-004  0.72840000000000005       0.25760000000000000             5000
   8.6299999999999994E-004  0.72840000000000005       0.25760000000000000             5000
   8.6399999999999997E-004  0.72840000000000005       0.25760000000000000             5000
   8.6499999999999988E-004  0.72840000000000005       0.25760000000000000             5000
   8.6600000000000002E-004  0.72840000000000005       0.25760000000000000             5000
   8.6699999999999993E-004  0.72840000000000005       0.25760000000000000             5000
   8.6799999999999996E-004  0.72840000000000005       0.25760000000000000             5000
   8.6899999999999987E-004  0.72840000000000005       0.25760000000000000             5000
   8.7000000000000001E-004  0.72840000000000005       0.25760000000000000             5000
   8.7099999999999992E-004  0.72840000000000005       0.25760000000000000             5000
   8.7199999999999995E-004  0.72840000000000005       0.25760000000000000             5000
   8.7299999999999986E-004  0.72840000000000005       0.25760000000000000             5000
   8.7399999999999999E-004  0.72840000000000005       0.25760000000000000             5000
   8.7499999999999991E-004  0.72840000000000005       0.25760000000000000             5000
   8.7599999999999993E-004  0.72840000000000005       0.25760000000000000             5000
   8.7699999999999985E-004  0.72840000000000005       0.25760000000000000             5000
   8.7799999999999998E-004  0.72840000000000005       0.25760000000000000             5000
   8.7899999999999990E-004  0.72840000000000005       0.25760000000000000             5000
   8.7999999999999992E-004  0.72840000000000005       0.25760000000000000             5000
   8.8099999999999984E-004  0.72840000000000005       0.25760000000000000             5000
   8.8199999999999997E-004  0.72840000000000005       0.25760000000000000             5000
   8.8299999999999989E-004  0.72840000000000005       0.25760000000000000             5000
   8.8399999999999991E-004  0.72840000000000005       0.25760000000000000             5000
   8.8499999999999983E-004  0.72840000000000005       0.25760000000000000             5000
   8.8599999999999996E-004  0.72840000000000005       0.25760000000000000             5000
   8.8699999999999988E-004  0.72840000000000005       0.25760000000000000             5000
   8.8800000000000001E-004  0.72840000000000005       0.25760000000000000             5000
   8.8899999999999982E-004  0.72840000000000005       0.25760000000000000             5000
   8.8999999999999995E-004  0.72840000000000005       0.25760000000000000             5000
   8.9099999999999987E-004  0.72840000000000005       0.25760000000000000             5000
   8.9200000000000000E-004  0.72840000000000005       0.25760000000000000             5000
   8.9299999999999981E-004  0.72840000000000005       0.25760000000000000             5000
   8.9399999999999994E-004  0.72840000000000005       0.25760000000000000             5000
   8.9499999999999985E-004  0.72840000000000005       0.25760000000000000             5000
   8.9599999999999999E-004  0.72840000000000005       0.25760000000000000             5000
   8.9700000000000001E-004  0.72840000000000005       0.25760000000000000             5000
   8.9799999999999993E-004  0.72840000000000005       0.25760000000000000             5000
   8.9900000000000006E-004  0.72840000000000005       0.25760000000000000             5000
   8.9999999999999998E-004  0.72840000000000005       0.25760000000000000             5000
   9.0100000000000000E-004  0.72840000000000005       0.25760000000000000             5000
   9.0199999999999992E-004  0.72840000000000005       0.25760000000000000             5000
   9.0300000000000005E-004  0.72840000000000005       0.25760000000000000             5000
   9.0399999999999996E-004  0.72840000000000005       0.25760000000000000             5000
   9.0499999999999999E-004  0.72840000000000005       0.25760000000000000             5000
   9.0599999999999990E-004  0.72840000000000005       0.25760000000000000             5000
   9.0700000000000004E-004  0.72840000000000005       0.25760000000000000             5000
   9.0799999999999995E-004  0.72840000000000005       0.25760000000000000             5000
   9.0899999999999998E-004  0.72840000000000005       0.25760000000000000             5000
   9.0999999999999989E-004  0.72840000000000005       0.25760000000000000             5000
   9.1100000000000003E-004  0.72840000000000005       0.25760000000000000             5000
   9.1199999999999994E-004  0.72840000000000005       0.25760000000000000             5000
   9.1299999999999997E-004  0.72840000000000005       0.25760000000000000             5000
   9.1399999999999988E-004  0.72840000000000005       0.25760000000000000             5000
   9.1500000000000001E-004  0.72840000000000005       0.25760000000000000             5000
   9.1599999999999993E-004  0.72840000000000005       0.25760000000000000             5000
   9.1699999999999995E-004  0.72840000000000005       0.25760000000000000             5000
   9.1799999999999987E-004  0.72840000000000005       0.25760000000000000             5000
   9.1900000000000000E-004  0.72840000000000005       0.25760000000000000             5000
   9.1999999999999992E-004  0.72840000000000005       0.25760000000000000             5000
   9.2099999999999994E-004  0.72840000000000005       0.25760000000000000             5000
   9.2199999999999986E-004  0.72840000000000005       0.25760000000000000             5000
   9.2299999999999999E-004  0.72840000000000005       0.25760000000000000             5000
   9.2399999999999991E-004  0.72840000000000005       0.25760000000000000             5000
   9.2500000000000004E-004  0.72840000000000005       0.25760000000000000             5000
   9.2599999999999985E-004  0.72840000000000005       0.25760000000000000             5000
   9.2699999999999998E-004  0.72840000000000005       0.25760000000000000             5000
   9.2799999999999990E-004  0.72840000000000005       0.25760000000000000             5000
   9.2900000000000003E-004  0.72840000000000005       0.25760000000000000             5000
   9.2999999999999995E-004  0.72840000000000005       0.25760000000000000             5000
   9.3099999999999997E-004  0.72840000000000005       0.25760000000000000             5000
   9.3199999999999989E-004  0.72840000000000005       0.25760000000000000             5000
   9.3300000000000002E-004  0.72840000000000005       0.25760000000000000             5000
   9.3399999999999993E-004  0.72840000000000005       0.25760000000000000             5000
   9.3499999999999996E-004  0.72840000000000005       0.25760000000000000             5000
   9.3599999999999987E-004  0.72840000000000005       0.25760000000000000             5000
   9.3700000000000001E-004  0.72840000000000005       0.25760000000000000             5000
   9.3799999999999992E-004  0.72840000000000005       0.25760000000000000             5000
   9.3899999999999995E-004  0.72840000000000005       0.25760000000000000             5000
   9.3999999999999986E-004  0.72840000000000005       0.25760000000000000             5000
   9.4100000000000000E-004  0.72840000000000005       0.25760000000000000             5000
   9.4199999999999991E-004  0.72840000000000005       0.25760000000000000             5000
   9.4299999999999994E-004  0.72840000000000005       0.25760000000000000             5000
   9.4399999999999985E-004  0.72840000000000005       0.25760000000000000             5000
   9.4499999999999998E-004  0.72840000000000005       0.25760000000000000             5000
   9.4599999999999990E-004  0.72840000000000005       0.25760000000000000             5000
   9.4699999999999993E-004  0.72840000000000005       0.25760000000000000             5000
   9.4799999999999984E-004  0.72840000000000005       0.25760000000000000             5000
   9.4899999999999997E-004  0.72840000000000005       0.25760000000000000             5000
   9.4999999999999989E-004  0.72840000000000005       0.25760000000000000             5000
   9.5099999999999991E-004  0.72840000000000005       0.25760000000000000             5000
   9.5199999999999983E-004  0.72840000000000005       0.25760000000000000             5000
   9.5299999999999996E-004  0.72840000000000005       0.25760000000000000             5000
   9.5399999999999988E-004  0.72840000000000005       0.25760000000000000             5000
   9.5499999999999990E-004  0.72840000000000005       0.25760000000000000             5000
   9.5599999999999982E-004  0.72840000000000005       0.25760000000000000             5000
   9.5699999999999995E-004  0.72840000000000005       0.25760000000000000             5000
   9.5799999999999987E-004  0.72840000000000005       0.25760000000000000             5000
   9.5899999999999989E-004  0.72840000000000005       0.25760000000000000             5000
   9.6000000000000002E-004  0.72840000000000005       0.25760000000000000             5000
   9.6099999999999994E-004  0.72840000000000005       0.25760000000000000             5000
   9.6200000000000007E-004  0.72840000000000005       0.25760000000000000             5000
   9.6299999999999999E-004  0.72840000000000005       0.25760000000000000             5000
   9.6400000000000001E-004  0.72840000000000005       0.25760000000000000             5000
   9.6499999999999993E-004  0.72840000000000005       0.25760000000000000             5000
   9.6600000000000006E-004  0.72840000000000005       0.25760000000000000             5000
   9.6699999999999998E-004  0.72840000000000005       0.25760000000000000             5000
   9.6800000000000000E-004  0.72840000000000005       0.25760000000000000             5000
   9.6899999999999992E-004  0.72840000000000005       0.25760000000000000             5000
   9.7000000000000005E-004  0.72840000000000005       0.25760000000000000             5000
   9.7099999999999997E-004  0.72840000000000005       0.25760000000000000             5000
   9.7199999999999999E-004  0.72840000000000005       0.25760000000000000             5000
   9.7299999999999991E-004  0.72840000000000005       0.25760000000000000             5000
   9.7400000000000004E-004  0.72840000000000005       0.25760000000000000             5000
   9.7499999999999996E-004  0.72840000000000005       0.25760000000000000             5000
   9.7599999999999998E-004  0.72840000000000005       0.25760000000000000             5000
   9.7700000000000000E-004  0.72840000000000005       0.25760000000000000             5000
   9.7799999999999992E-004  0.72840000000000005       0.25760000000000000             5000
   9.7899999999999984E-004  0.72840000000000005       0.25760000000000000             5000
   9.7999999999999997E-004  0.72840000000000005       0.25760000000000000             5000
   9.8099999999999988E-004  0.72840000000000005       0.25760000000000000             5000
   9.8200000000000002E-004  0.72840000000000005       0.25760000000000000             5000
   9.8299999999999993E-004  0.72840000000000005       0.25760000000000000             5000
   9.8400000000000007E-004  0.72840000000000005       0.25760000000000000             5000
   9.8499999999999998E-004  0.72840000000000005       0.25760000000000000             5000
   9.8599999999999990E-004  0.72840000000000005       0.25760000000000000             5000
   9.8699999999999981E-004  0.72840000000000005       0.25760000000000000             5000
   9.8799999999999995E-004  0.72840000000000005       0.25760000000000000             5000
   9.8899999999999986E-004  0.72840000000000005       0.25760000000000000             5000
   9.8999999999999999E-004  0.72840000000000005       0.25760000000000000             5000
   9.9099999999999991E-004  0.72840000000000005       0.25760000000000000             5000
   9.9200000000000004E-004  0.72840000000000005       0.25760000000000000             5000
   9.9299999999999996E-004  0.72840000000000005       0.25760000000000000             5000
   9.9399999999999987E-004  0.72840000000000005       0.25760000000000000             5000
   9.9499999999999979E-004  0.72840000000000005       0.25760000000000000             5000
   9.9599999999999992E-004  0.72840000000000005       0.25760000000000000             5000
   9.9699999999999984E-004  0.72840000000000005       0.25760000000000000             5000
   9.9799999999999997E-004  0.72840000000000005       0.25760000000000000             5000
   9.9899999999999989E-004  0.72840000000000005       0.25760000000000000             5000
   1.0000000000000000E-003  0.72840000000000005       0.25760000000000000             5000
   1.0009999999999999E-003  0.72840000000000005       0.25760000000000000             5000
   1.0020000000000001E-003  0.72840000000000005       0.25760000000000000             5000
   1.0030000000000000E-003  0.72840000000000005       0.25760000000000000             5000
   1.0039999999999999E-003  0.72840000000000005       0.25760000000000000             5000
   1.0049999999999998E-003  0.72840000000000005       0.25760000000000000             5000
   1.0059999999999999E-003  0.72840000000000005       0.25760000000000000             5000
   1.0069999999999999E-003  0.72840000000000005       0.25760000000000000             5000
   1.0080000000000000E-003  0.72840000000000005       0.25760000000000000             5000
   1.0089999999999999E-003  0.72840000000000005       0.25760000000000000             5000
   1.0100000000000000E-003  0.72840000000000005       0.25760000000000000             5000
   1.0110000000000000E-003  0.72840000000000005       0.25760000000000000             5000
   1.0119999999999999E-003  0.72840000000000005       0.25760000000000000             5000
   1.0129999999999998E-003  0.72840000000000005       0.25760000000000000             5000
   1.0139999999999999E-003  0.72840000000000005       0.25760000000000000             5000
   1.0149999999999998E-003  0.72840000000000005       0.25760000000000000             5000
   1.0160000000000000E-003  0.72840000000000005       0.25760000000000000             5000
   1.0169999999999999E-003  0.72840000000000005       0.25760000000000000             5000
   1.0180000000000000E-003  0.72840000000000005       0.25760000000000000             5000
   1.0189999999999999E-003  0.72840000000000005       0.25760000000000000             5000
   1.0199999999999999E-003  0.72840000000000005       0.25760000000000000             5000
   1.0209999999999998E-003  0.72840000000000005       0.25760000000000000             5000
   1.0219999999999999E-003  0.72840000000000005       0.25760000000000000             5000
   1.0229999999999998E-003  0.72840000000000005       0.25760000000000000             5000
   1.0240000000000000E-003  0.72840000000000005       0.25760000000000000             5000
   1.0250000000000001E-003  0.72840000000000005       0.25760000000000000             5000
   1.0260000000000000E-003  0.72840000000000005       0.25760000000000000             5000
   1.0269999999999999E-003  0.72840000000000005       0.25760000000000000             5000
   1.0279999999999998E-003  0.72840000000000005       0.25760000000000000             5000
   1.0290000000000000E-003  0.72840000000000005       0.25760000000000000             5000
   1.0299999999999999E-003  0.72840000000000005       0.25760000000000000             5000
   1.0310000000000000E-003  0.72840000000000005       0.25760000000000000             5000
   1.0319999999999999E-003  0.72840000000000005       0.25760000000000000             5000
   1.0330000000000001E-003  0.72840000000000005       0.25760000000000000             5000
   1.0340000000000000E-003  0.72840000000000005       0.25760000000000000             5000
   1.0350000000000001E-003  0.72840000000000005       0.25760000000000000             5000
   1.0359999999999998E-003  0.72840000000000005       0.25760000000000000             5000
   1.0369999999999999E-003  0.72840000000000005       0.25760000000000000             5000
   1.0379999999999999E-003  0.72840000000000005       0.25760000000000000             5000
   1.0390000000000000E-003  0.72840000000000005       0.25760000000000000             5000
   1.0399999999999999E-003  0.72840000000000005       0.25760000000000000             5000
   1.0410000000000000E-003  0.72840000000000005       0.25760000000000000             5000
   1.0420000000000000E-003  0.72840000000000005       0.25760000000000000             5000
   1.0430000000000001E-003  0.72840000000000005       0.25760000000000000             5000
   1.0440000000000000E-003  0.72840000000000005       0.25740000000000002             5000
   1.0449999999999999E-003  0.72840000000000005       0.25740000000000002             5000
   1.0459999999999998E-003  0.72840000000000005       0.25740000000000002             5000
   1.0470000000000000E-003  0.72840000000000005       0.25740000000000002             5000
   1.0479999999999999E-003  0.72840000000000005       0.25740000000000002             5000
   1.0490000000000000E-003  0.72840000000000005       0.25740000000000002             5000
   1.0499999999999999E-003  0.72840000000000005       0.25740000000000002             5000
   1.0510000000000001E-003  0.72840000000000005       0.25740000000000002             5000
   1.0520000000000000E-003  0.72840000000000005       0.25740000000000002             5000
   1.0529999999999999E-003  0.72840000000000005       0.25740000000000002             5000
   1.0539999999999998E-003  0.72840000000000005       0.25740000000000002             5000
   1.0549999999999999E-003  0.72840000000000005       0.25740000000000002             5000
   1.0559999999999999E-003  0.72840000000000005       0.25740000000000002             5000
   1.0570000000000000E-003  0.72840000000000005       0.25740000000000002             5000
   1.0579999999999999E-003  0.72840000000000005       0.25740000000000002             5000
   1.0590000000000000E-003  0.72840000000000005       0.25740000000000002             5000
   1.0600000000000000E-003  0.72840000000000005       0.25740000000000002             5000
   1.0609999999999999E-003  0.72840000000000005       0.25740000000000002             5000
   1.0619999999999998E-003  0.72840000000000005       0.25740000000000002             5000
   1.0629999999999999E-003  0.72840000000000005       0.25740000000000002             5000
   1.0639999999999998E-003  0.72840000000000005       0.25740000000000002             5000
   1.0650000000000000E-003  0.72840000000000005       0.25740000000000002             5000
   1.0659999999999999E-003  0.72840000000000005       0.25740000000000002             5000
   1.0670000000000000E-003  0.72840000000000005       0.25740000000000002             5000
   1.0679999999999999E-003  0.72840000000000005       0.25740000000000002             5000
   1.0689999999999999E-003  0.72840000000000005       0.25740000000000002             5000
   1.0699999999999998E-003  0.72840000000000005       0.25740000000000002             5000
   1.0709999999999999E-003  0.72840000000000005       0.25740000000000002             5000
   1.0719999999999998E-003  0.72840000000000005       0.25740000000000002             5000
   1.0730000000000000E-003  0.72840000000000005       0.25740000000000002             5000
   1.0739999999999999E-003  0.72840000000000005       0.25740000000000002             5000
   1.0750000000000000E-003  0.72840000000000005       0.25740000000000002             5000
   1.0759999999999999E-003  0.72840000000000005       0.25740000000000002             5000
   1.0770000000000000E-003  0.72840000000000005       0.25740000000000002             5000
   1.0779999999999997E-003  0.72840000000000005       0.25740000000000002             5000
   1.0789999999999999E-003  0.72840000000000005       0.25740000000000002             5000
   1.0799999999999998E-003  0.72840000000000005       0.25740000000000002             5000
   1.0809999999999999E-003  0.72840000000000005       0.25740000000000002             5000
   1.0819999999999998E-003  0.72840000000000005       0.25740000000000002             5000
   1.0830000000000000E-003  0.72840000000000005       0.25740000000000002             5000
   1.0839999999999999E-003  0.72840000000000005       0.25740000000000002             5000
   1.0850000000000000E-003  0.72840000000000005       0.25740000000000002             5000
   1.0859999999999999E-003  0.72840000000000005       0.25740000000000002             5000
   1.0869999999999999E-003  0.72840000000000005       0.25740000000000002             5000
   1.0879999999999998E-003  0.72840000000000005       0.25740000000000002             5000
   1.0889999999999999E-003  0.72840000000000005       0.25740000000000002             5000
   1.0900000000000000E-003  0.72840000000000005       0.25740000000000002             5000
   1.0910000000000000E-003  0.72840000000000005       0.25740000000000002             5000
   1.0920000000000001E-003  0.72840000000000005       0.25740000000000002             5000
   1.0930000000000000E-003  0.72840000000000005       0.25740000000000002             5000
   1.0939999999999999E-003  0.72840000000000005       0.25740000000000002             5000
   1.0949999999999998E-003  0.72840000000000005       0.25740000000000002             5000
   1.0960000000000000E-003  0.72840000000000005       0.25740000000000002             5000
   1.0969999999999999E-003  0.72840000000000005       0.25740000000000002             5000
   1.0980000000000000E-003  0.72840000000000005       0.25740000000000002             5000
   1.0989999999999999E-003  0.72840000000000005       0.25740000000000002             5000
   1.1000000000000001E-003  0.72840000000000005       0.25740000000000002             5000
   1.1010000000000000E-003  0.72840000000000005       0.25740000000000002             5000
   1.1019999999999999E-003  0.72840000000000005       0.25740000000000002             5000
   1.1029999999999998E-003  0.72840000000000005       0.25740000000000002             5000
   1.1039999999999999E-003  0.72840000000000005       0.25740000000000002             5000
   1.1049999999999999E-003  0.72840000000000005       0.25740000000000002             5000
   1.1060000000000000E-003  0.72840000000000005       0.25740000000000002             5000
   1.1069999999999999E-003  0.72840000000000005       0.25740000000000002             5000
   1.1080000000000000E-003  0.72840000000000005       0.25740000000000002             5000
   1.1090000000000000E-003  0.72840000000000005       0.25740000000000002             5000
   1.1100000000000001E-003  0.72840000000000005       0.25740000000000002             5000
   1.1109999999999998E-003  0.72840000000000005       0.25740000000000002             5000
   1.1119999999999999E-003  0.72840000000000005       0.25740000000000002             5000
   1.1129999999999998E-003  0.72840000000000005       0.25740000000000002             5000
   1.1140000000000000E-003  0.72840000000000005       0.25740000000000002             5000
   1.1149999999999999E-003  0.72840000000000005       0.25740000000000002             5000
   1.1160000000000000E-003  0.72840000000000005       0.25740000000000002             5000
   1.1169999999999999E-003  0.72840000000000005       0.25740000000000002             5000
   1.1180000000000001E-003  0.72840000000000005       0.25740000000000002             5000
   1.1190000000000000E-003  0.72840000000000005       0.25740000000000002             5000
   1.1199999999999999E-003  0.72840000000000005       0.25740000000000002             5000
   1.1209999999999998E-003  0.72840000000000005       0.25740000000000002             5000
   1.1220000000000000E-003  0.72840000000000005       0.25740000000000002             5000
   1.1229999999999999E-003  0.72840000000000005       0.25740000000000002             5000
   1.1240000000000000E-003  0.72840000000000005       0.25740000000000002             5000
   1.1249999999999999E-003  0.72840000000000005       0.25740000000000002             5000
   1.1260000000000000E-003  0.72840000000000005       0.25740000000000002             5000
   1.1270000000000000E-003  0.72840000000000005       0.25740000000000002             5000
   1.1279999999999999E-003  0.72840000000000005       0.25740000000000002             5000
   1.1289999999999998E-003  0.72840000000000005       0.25740000000000002             5000
   1.1299999999999999E-003  0.72840000000000005       0.25740000000000002             5000
   1.1309999999999998E-003  0.72840000000000005       0.25740000000000002             5000
   1.1320000000000000E-003  0.72840000000000005       0.25740000000000002             5000
   1.1329999999999999E-003  0.72840000000000005       0.25740000000000002             5000
   1.1340000000000000E-003  0.72840000000000005       0.25740000000000002             5000
   1.1349999999999999E-003  0.72840000000000005       0.25740000000000002             5000
   1.1359999999999999E-003  0.72840000000000005       0.25740000000000002             5000
   1.1369999999999998E-003  0.72840000000000005       0.25740000000000002             5000
   1.1379999999999999E-003  0.72840000000000005       0.25740000000000002             5000
   1.1389999999999998E-003  0.72840000000000005       0.25740000000000002             5000
   1.1400000000000000E-003  0.72840000000000005       0.25740000000000002             5000
   1.1409999999999999E-003  0.72840000000000005       0.25740000000000002             5000
   1.1420000000000000E-003  0.72840000000000005       0.25740000000000002             5000
   1.1429999999999999E-003  0.72840000000000005       0.25740000000000002             5000
   1.1439999999999998E-003  0.72840000000000005       0.25740000000000002             5000
   1.1449999999999998E-003  0.72840000000000005       0.25740000000000002             5000
   1.1459999999999999E-003  0.72840000000000005       0.25740000000000002             5000
   1.1469999999999998E-003  0.72840000000000005       0.25740000000000002             5000
   1.1479999999999999E-003  0.72840000000000005       0.25740000000000002             5000
   1.1489999999999998E-003  0.72840000000000005       0.25740000000000002             5000
   1.1500000000000000E-003  0.72840000000000005       0.25740000000000002             5000
   1.1509999999999999E-003  0.72840000000000005       0.25740000000000002             5000
   1.1520000000000000E-003  0.72840000000000005       0.25740000000000002             5000
   1.1529999999999999E-003  0.72840000000000005       0.25740000000000002             5000
   1.1539999999999999E-003  0.72840000000000005       0.25740000000000002             5000
   1.1550000000000000E-003  0.72840000000000005       0.25740000000000002             5000
   1.1559999999999999E-003  0.72840000000000005       0.25740000000000002             5000
   1.1570000000000000E-003  0.72840000000000005       0.25740000000000002             5000
   1.1580000000000000E-003  0.72840000000000005       0.25740000000000002             5000
   1.1590000000000001E-003  0.72840000000000005       0.25740000000000002             5000
   1.1600000000000000E-003  0.72840000000000005       0.25740000000000002             5000
   1.1609999999999999E-003  0.72840000000000005       0.25740000000000002             5000
   1.1619999999999998E-003  0.72840000000000005       0.25740000000000002             5000
   1.1630000000000000E-003  0.72840000000000005       0.25740000000000002             5000
   1.1639999999999999E-003  0.72840000000000005       0.25740000000000002             5000
   1.1650000000000000E-003  0.72840000000000005       0.25740000000000002             5000
   1.1659999999999999E-003  0.72840000000000005       0.25740000000000002             5000
   1.1670000000000001E-003  0.72840000000000005       0.25740000000000002             5000
   1.1680000000000000E-003  0.72840000000000005       0.25740000000000002             5000
   1.1689999999999999E-003  0.72840000000000005       0.25740000000000002             5000
   1.1699999999999998E-003  0.72840000000000005       0.25740000000000002             5000
   1.1709999999999999E-003  0.72840000000000005       0.25740000000000002             5000
   1.1719999999999999E-003  0.72840000000000005       0.25740000000000002             5000
   1.1730000000000000E-003  0.72840000000000005       0.25740000000000002             5000
   1.1739999999999999E-003  0.72840000000000005       0.25740000000000002             5000
   1.1750000000000000E-003  0.72840000000000005       0.25740000000000002             5000
   1.1760000000000000E-003  0.72840000000000005       0.25740000000000002             5000
   1.1769999999999999E-003  0.72840000000000005       0.25740000000000002             5000
   1.1779999999999998E-003  0.72840000000000005       0.25740000000000002             5000
   1.1789999999999999E-003  0.72840000000000005       0.25740000000000002             5000
   1.1799999999999998E-003  0.72840000000000005       0.25740000000000002             5000
   1.1810000000000000E-003  0.72840000000000005       0.25740000000000002             5000
   1.1819999999999999E-003  0.72840000000000005       0.25740000000000002             5000
   1.1830000000000000E-003  0.72840000000000005       0.25740000000000002             5000
   1.1839999999999999E-003  0.72840000000000005       0.25740000000000002             5000
   1.1850000000000001E-003  0.72840000000000005       0.25740000000000002             5000
   1.1859999999999998E-003  0.72840000000000005       0.25740000000000002             5000
   1.1869999999999999E-003  0.72840000000000005       0.25740000000000002             5000
   1.1879999999999998E-003  0.72840000000000005       0.25740000000000002             5000
   1.1890000000000000E-003  0.72840000000000005       0.25740000000000002             5000
   1.1899999999999999E-003  0.72840000000000005       0.25740000000000002             5000
   1.1910000000000000E-003  0.72840000000000005       0.25740000000000002             5000
   1.1919999999999999E-003  0.72840000000000005       0.25740000000000002             5000
   1.1930000000000000E-003  0.72840000000000005       0.25740000000000002             5000
   1.1940000000000000E-003  0.72840000000000005       0.25740000000000002             5000
   1.1949999999999999E-003  0.72840000000000005       0.25740000000000002             5000
   1.1959999999999998E-003  0.72840000000000005       0.25740000000000002             5000
   1.1969999999999999E-003  0.72840000000000005       0.25740000000000002             5000
   1.1979999999999998E-003  0.72840000000000005       0.25740000000000002             5000
   1.1990000000000000E-003  0.72840000000000005       0.25740000000000002             5000
   1.1999999999999999E-003  0.72840000000000005       0.25740000000000002             5000
   1.2010000000000000E-003  0.72840000000000005       0.25740000000000002             5000
   1.2019999999999999E-003  0.72840000000000005       0.25740000000000002             5000
   1.2029999999999999E-003  0.72840000000000005       0.25740000000000002             5000
   1.2039999999999998E-003  0.72840000000000005       0.25740000000000002             5000
   1.2049999999999999E-003  0.72840000000000005       0.25740000000000002             5000
   1.2059999999999998E-003  0.72840000000000005       0.25740000000000002             5000
   1.2070000000000000E-003  0.72840000000000005       0.25740000000000002             5000
   1.2079999999999999E-003  0.72840000000000005       0.25740000000000002             5000
   1.2090000000000000E-003  0.72840000000000005       0.25740000000000002             5000
   1.2099999999999999E-003  0.72840000000000005       0.25740000000000002             5000
   1.2109999999999998E-003  0.72840000000000005       0.25740000000000002             5000
   1.2119999999999998E-003  0.72840000000000005       0.25740000000000002             5000
   1.2129999999999999E-003  0.72840000000000005       0.25740000000000002             5000
   1.2139999999999998E-003  0.72840000000000005       0.25740000000000002             5000
   1.2149999999999999E-003  0.72840000000000005       0.25740000000000002             5000
   1.2160000000000001E-003  0.72840000000000005       0.25740000000000002             5000
   1.2170000000000000E-003  0.72840000000000005       0.25740000000000002             5000
   1.2180000000000001E-003  0.72840000000000005       0.25740000000000002             5000
   1.2189999999999998E-003  0.72840000000000005       0.25740000000000002             5000
   1.2199999999999999E-003  0.72840000000000005       0.25740000000000002             5000
   1.2209999999999999E-003  0.72840000000000005       0.25740000000000002             5000
   1.2220000000000000E-003  0.72840000000000005       0.25740000000000002             5000
   1.2229999999999999E-003  0.72840000000000005       0.25740000000000002             5000
   1.2240000000000000E-003  0.72840000000000005       0.25740000000000002             5000
   1.2250000000000000E-003  0.72840000000000005       0.25740000000000002             5000
   1.2260000000000001E-003  0.72840000000000005       0.25740000000000002             5000
   1.2270000000000000E-003  0.72840000000000005       0.25740000000000002             5000
   1.2279999999999999E-003  0.72840000000000005       0.25740000000000002             5000
   1.2289999999999998E-003  0.72840000000000005       0.25740000000000002             5000
   1.2300000000000000E-003  0.72840000000000005       0.25740000000000002             5000
   1.2309999999999999E-003  0.72840000000000005       0.25740000000000002             5000
   1.2320000000000000E-003  0.72840000000000005       0.25740000000000002             5000
   1.2329999999999999E-003  0.72840000000000005       0.25740000000000002             5000
   1.2340000000000001E-003  0.72840000000000005       0.25740000000000002             5000
   1.2350000000000000E-003  0.72840000000000005       0.25740000000000002             5000
   1.2359999999999999E-003  0.72840000000000005       0.25740000000000002             5000
   1.2369999999999998E-003  0.72840000000000005       0.25740000000000002             5000
   1.2380000000000000E-003  0.72840000000000005       0.25740000000000002             5000
   1.2389999999999999E-003  0.72840000000000005       0.25740000000000002             5000
   1.2400000000000000E-003  0.72840000000000005       0.25740000000000002             5000
   1.2409999999999999E-003  0.72840000000000005       0.25740000000000002             5000
   1.2420000000000000E-003  0.72840000000000005       0.25740000000000002             5000
   1.2430000000000000E-003  0.72840000000000005       0.25740000000000002             5000
   1.2439999999999999E-003  0.72840000000000005       0.25740000000000002             5000
   1.2449999999999998E-003  0.72840000000000005       0.25740000000000002             5000
   1.2459999999999999E-003  0.72840000000000005       0.25740000000000002             5000
   1.2469999999999998E-003  0.72840000000000005       0.25740000000000002             5000
   1.2480000000000000E-003  0.72840000000000005       0.25740000000000002             5000
   1.2489999999999999E-003  0.72840000000000005       0.25740000000000002             5000
   1.2500000000000000E-003  0.72840000000000005       0.25740000000000002             5000
   1.2509999999999999E-003  0.72840000000000005       0.25740000000000002             5000
   1.2519999999999999E-003  0.72840000000000005       0.25740000000000002             5000
   1.2529999999999998E-003  0.72840000000000005       0.25740000000000002             5000
   1.2539999999999999E-003  0.72840000000000005       0.25740000000000002             5000
   1.2549999999999998E-003  0.72840000000000005       0.25740000000000002             5000
   1.2560000000000000E-003  0.72840000000000005       0.25740000000000002             5000
   1.2569999999999999E-003  0.72840000000000005       0.25740000000000002             5000
   1.2580000000000000E-003  0.72840000000000005       0.25740000000000002             5000
   1.2589999999999999E-003  0.72840000000000005       0.25740000000000002             5000
   1.2600000000000001E-003  0.72840000000000005       0.25740000000000002             5000
   1.2609999999999998E-003  0.72840000000000005       0.25740000000000002             5000
   1.2619999999999999E-003  0.72840000000000005       0.25740000000000002             5000
   1.2629999999999998E-003  0.72840000000000005       0.25740000000000002             5000
   1.2639999999999999E-003  0.72840000000000005       0.25740000000000002             5000
   1.2649999999999998E-003  0.72840000000000005       0.25740000000000002             5000
   1.2660000000000000E-003  0.72840000000000005       0.25740000000000002             5000
   1.2669999999999999E-003  0.72840000000000005       0.25740000000000002             5000
   1.2680000000000000E-003  0.72840000000000005       0.25740000000000002             5000
   1.2689999999999999E-003  0.72840000000000005       0.25740000000000002             5000
   1.2699999999999999E-003  0.72840000000000005       0.25740000000000002             5000
   1.2709999999999998E-003  0.72840000000000005       0.25740000000000002             5000
   1.2719999999999999E-003  0.72840000000000005       0.25740000000000002             5000
   1.2729999999999998E-003  0.72840000000000005       0.25740000000000002             5000
   1.2740000000000000E-003  0.72840000000000005       0.25740000000000002             5000
   1.2749999999999999E-003  0.72840000000000005       0.25740000000000002             5000
   1.2760000000000000E-003  0.72840000000000005       0.25740000000000002             5000
   1.2769999999999999E-003  0.72840000000000005       0.25740000000000002             5000
   1.2779999999999998E-003  0.72840000000000005       0.25740000000000002             5000
   1.2789999999999998E-003  0.72840000000000005       0.25740000000000002             5000
   1.2799999999999999E-003  0.72840000000000005       0.25740000000000002             5000
   1.2810000000000000E-003  0.72840000000000005       0.25740000000000002             5000
   1.2819999999999999E-003  0.72840000000000005       0.25740000000000002             5000
   1.2830000000000001E-003  0.72840000000000005       0.25740000000000002             5000
   1.2840000000000000E-003  0.72840000000000005       0.25740000000000002             5000
   1.2849999999999999E-003  0.72840000000000005       0.25740000000000002             5000
   1.2859999999999998E-003  0.72840000000000005       0.25740000000000002             5000
   1.2869999999999999E-003  0.72840000000000005       0.25740000000000002             5000
   1.2879999999999999E-003  0.72840000000000005       0.25740000000000002             5000
   1.2890000000000000E-003  0.72840000000000005       0.25740000000000002             5000
   1.2899999999999999E-003  0.72840000000000005       0.25740000000000002             5000
   1.2910000000000000E-003  0.72840000000000005       0.25740000000000002             5000
   1.2920000000000000E-003  0.72840000000000005       0.25740000000000002             5000
   1.2930000000000001E-003  0.72840000000000005       0.25740000000000002             5000
   1.2939999999999998E-003  0.72840000000000005       0.25740000000000002             5000
   1.2949999999999999E-003  0.72840000000000005       0.25740000000000002             5000
   1.2959999999999998E-003  0.72840000000000005       0.25740000000000002             5000
   1.2970000000000000E-003  0.72840000000000005       0.25740000000000002             5000
   1.2979999999999999E-003  0.72840000000000005       0.25740000000000002             5000
   1.2990000000000000E-003  0.72840000000000005       0.25740000000000002             5000
   1.2999999999999999E-003  0.72840000000000005       0.25740000000000002             5000
   1.3010000000000001E-003  0.72840000000000005       0.25740000000000002             5000
   1.3020000000000000E-003  0.72840000000000005       0.25740000000000002             5000
   1.3029999999999999E-003  0.72840000000000005       0.25740000000000002             5000
   1.3039999999999998E-003  0.72840000000000005       0.25740000000000002             5000
   1.3050000000000000E-003  0.72840000000000005       0.25740000000000002             5000
   1.3059999999999999E-003  0.72840000000000005       0.25740000000000002             5000
   1.3070000000000000E-003  0.72840000000000005       0.25740000000000002             5000
   1.3079999999999999E-003  0.72840000000000005       0.25740000000000002             5000
   1.3090000000000001E-003  0.72840000000000005       0.25740000000000002             5000
   1.3100000000000000E-003  0.72840000000000005       0.25740000000000002             5000
   1.3109999999999999E-003  0.72840000000000005       0.25740000000000002             5000
   1.3119999999999998E-003  0.72840000000000005       0.25740000000000002             5000
   1.3129999999999999E-003  0.72840000000000005       0.25740000000000002             5000
   1.3139999999999998E-003  0.72840000000000005       0.25740000000000002             5000
   1.3150000000000000E-003  0.72840000000000005       0.25740000000000002             5000
   1.3159999999999999E-003  0.72840000000000005       0.25740000000000002             5000
   1.3170000000000000E-003  0.72840000000000005       0.25740000000000002             5000
   1.3179999999999999E-003  0.72840000000000005       0.25740000000000002             5000
   1.3189999999999999E-003  0.72840000000000005       0.25740000000000002             5000
   1.3199999999999998E-003  0.72840000000000005       0.25740000000000002             5000
   1.3209999999999999E-003  0.72840000000000005       0.25740000000000002             5000
   1.3219999999999998E-003  0.72840000000000005       0.25740000000000002             5000
   1.3230000000000000E-003  0.72840000000000005       0.25740000000000002             5000
   1.3239999999999999E-003  0.72840000000000005       0.25740000000000002             5000
   1.3250000000000000E-003  0.72840000000000005       0.25740000000000002             5000
   1.3259999999999999E-003  0.72840000000000005       0.25740000000000002             5000
   1.3269999999999998E-003  0.72840000000000005       0.25740000000000002             5000
   1.3279999999999998E-003  0.72840000000000005       0.25740000000000002             5000
   1.3289999999999999E-003  0.72840000000000005       0.25740000000000002             5000
   1.3299999999999998E-003  0.72840000000000005       0.25740000000000002             5000
   1.3309999999999999E-003  0.72840000000000005       0.25740000000000002             5000
   1.3319999999999999E-003  0.72840000000000005       0.25740000000000002             5000
   1.3330000000000000E-003  0.72840000000000005       0.25740000000000002             5000
   1.3339999999999999E-003  0.72840000000000005       0.25740000000000002             5000
   1.3350000000000000E-003  0.72840000000000005       0.25740000000000002             5000
   1.3359999999999997E-003  0.72840000000000005       0.25740000000000002             5000
   1.3369999999999999E-003  0.72840000000000005       0.25740000000000002             5000
   1.3379999999999998E-003  0.72840000000000005       0.25740000000000002             5000
   1.3389999999999999E-003  0.72840000000000005       0.25740000000000002             5000
   1.3399999999999998E-003  0.72840000000000005       0.25740000000000002             5000
   1.3410000000000000E-003  0.72840000000000005       0.25740000000000002             5000
   1.3419999999999999E-003  0.72840000000000005       0.25740000000000002             5000
   1.3430000000000000E-003  0.72840000000000005       0.25740000000000002             5000
   1.3439999999999999E-003  0.72840000000000005       0.25740000000000002             5000
   1.3449999999999998E-003  0.72840000000000005       0.25740000000000002             5000
   1.3460000000000000E-003  0.72840000000000005       0.25740000000000002             5000
   1.3469999999999999E-003  0.72840000000000005       0.25740000000000002             5000
   1.3480000000000000E-003  0.72840000000000005       0.25740000000000002             5000
   1.3489999999999999E-003  0.72840000000000005       0.25740000000000002             5000
   1.3500000000000001E-003  0.72840000000000005       0.25740000000000002             5000
   1.3510000000000000E-003  0.72840000000000005       0.25740000000000002             5000
   1.3519999999999999E-003  0.72840000000000005       0.25740000000000002             5000
   1.3529999999999998E-003  0.72840000000000005       0.25740000000000002             5000
   1.3540000000000000E-003  0.72840000000000005       0.25740000000000002             5000
   1.3549999999999999E-003  0.72840000000000005       0.25740000000000002             5000
   1.3560000000000000E-003  0.72840000000000005       0.25740000000000002             5000
   1.3569999999999999E-003  0.72840000000000005       0.25740000000000002             5000
   1.3580000000000000E-003  0.72840000000000005       0.25740000000000002             5000
   1.3590000000000000E-003  0.72840000000000005       0.25740000000000002             5000
   1.3599999999999999E-003  0.72840000000000005       0.25740000000000002             5000
   1.3609999999999998E-003  0.72840000000000005       0.25740000000000002             5000
   1.3619999999999999E-003  0.72840000000000005       0.25740000000000002             5000
   1.3629999999999998E-003  0.72840000000000005       0.25740000000000002             5000
   1.3640000000000000E-003  0.72840000000000005       0.25740000000000002             5000
   1.3649999999999999E-003  0.72840000000000005       0.25740000000000002             5000
   1.3660000000000000E-003  0.72840000000000005       0.25740000000000002             5000
   1.3669999999999999E-003  0.72840000000000005       0.25740000000000002             5000
   1.3680000000000001E-003  0.72840000000000005       0.25740000000000002             5000
   1.3689999999999998E-003  0.72840000000000005       0.25740000000000002             5000
   1.3699999999999999E-003  0.72840000000000005       0.25740000000000002             5000
   1.3709999999999998E-003  0.72840000000000005       0.25740000000000002             5000
   1.3720000000000000E-003  0.72840000000000005       0.25740000000000002             5000
   1.3729999999999999E-003  0.72840000000000005       0.25740000000000002             5000
   1.3740000000000000E-003  0.72840000000000005       0.25740000000000002             5000
   1.3749999999999999E-003  0.72840000000000005       0.25740000000000002             5000
   1.3760000000000001E-003  0.72840000000000005       0.25740000000000002             5000
   1.3770000000000000E-003  0.72840000000000005       0.25740000000000002             5000
   1.3779999999999999E-003  0.72840000000000005       0.25740000000000002             5000
   1.3789999999999998E-003  0.72840000000000005       0.25740000000000002             5000
   1.3799999999999999E-003  0.72840000000000005       0.25740000000000002             5000
   1.3809999999999998E-003  0.72840000000000005       0.25740000000000002             5000
   1.3820000000000000E-003  0.72840000000000005       0.25740000000000002             5000
   1.3829999999999999E-003  0.72840000000000005       0.25740000000000002             5000
   1.3840000000000000E-003  0.72840000000000005       0.25740000000000002             5000
   1.3849999999999999E-003  0.72840000000000005       0.25740000000000002             5000
   1.3859999999999999E-003  0.72840000000000005       0.25740000000000002             5000
   1.3869999999999998E-003  0.72840000000000005       0.25740000000000002             5000
   1.3879999999999999E-003  0.72840000000000005       0.25740000000000002             5000
   1.3889999999999998E-003  0.72840000000000005       0.25740000000000002             5000
   1.3900000000000000E-003  0.72840000000000005       0.25740000000000002             5000
   1.3909999999999999E-003  0.72840000000000005       0.25740000000000002             5000
   1.3920000000000000E-003  0.72840000000000005       0.25740000000000002             5000
   1.3929999999999999E-003  0.72840000000000005       0.25740000000000002             5000
   1.3939999999999998E-003  0.72840000000000005       0.25740000000000002             5000
   1.3949999999999998E-003  0.72840000000000005       0.25740000000000002             5000
   1.3959999999999999E-003  0.72840000000000005       0.25740000000000002             5000
   1.3969999999999998E-003  0.72840000000000005       0.25740000000000002             5000
   1.3979999999999999E-003  0.72840000000000005       0.25740000000000002             5000
   1.3989999999999999E-003  0.72840000000000005       0.25740000000000002             5000
   1.4000000000000000E-003  0.72840000000000005       0.25740000000000002             5000
   1.4009999999999999E-003  0.72840000000000005       0.25740000000000002             5000
   1.4019999999999998E-003  0.72840000000000005       0.25740000000000002             5000
   1.4029999999999997E-003  0.72840000000000005       0.25740000000000002             5000
   1.4039999999999999E-003  0.72840000000000005       0.25740000000000002             5000
   1.4049999999999998E-003  0.72840000000000005       0.25740000000000002             5000
   1.4059999999999999E-003  0.72840000000000005       0.25740000000000002             5000
   1.4069999999999998E-003  0.72840000000000005       0.25740000000000002             5000
   1.4080000000000000E-003  0.72840000000000005       0.25740000000000002             5000
   1.4090000000000001E-003  0.72840000000000005       0.25740000000000002             5000
   1.4100000000000000E-003  0.72840000000000005       0.25740000000000002             5000
   1.4109999999999999E-003  0.72840000000000005       0.25740000000000002             5000
   1.4119999999999998E-003  0.72840000000000005       0.25740000000000002             5000
   1.4130000000000000E-003  0.72840000000000005       0.25740000000000002             5000
   1.4139999999999999E-003  0.72840000000000005       0.25740000000000002             5000
   1.4150000000000000E-003  0.72840000000000005       0.25740000000000002             5000
   1.4159999999999999E-003  0.72840000000000005       0.25740000000000002             5000
   1.4170000000000001E-003  0.72840000000000005       0.25740000000000002             5000
   1.4180000000000000E-003  0.72840000000000005       0.25740000000000002             5000
   1.4189999999999999E-003  0.72840000000000005       0.25740000000000002             5000
   1.4199999999999998E-003  0.72840000000000005       0.25740000000000002             5000
   1.4210000000000000E-003  0.72840000000000005       0.25740000000000002             5000
   1.4219999999999999E-003  0.72840000000000005       0.25740000000000002             5000
   1.4230000000000000E-003  0.72840000000000005       0.25740000000000002             5000
   1.4239999999999999E-003  0.72840000000000005       0.25740000000000002             5000
   1.4250000000000001E-003  0.72840000000000005       0.25740000000000002             5000
   1.4260000000000000E-003  0.72840000000000005       0.25740000000000002             5000
   1.4269999999999999E-003  0.72840000000000005       0.25740000000000002             5000
   1.4279999999999998E-003  0.72840000000000005       0.25740000000000002             5000
   1.4289999999999999E-003  0.72840000000000005       0.25740000000000002             5000
   1.4299999999999998E-003  0.72840000000000005       0.25740000000000002             5000
   1.4310000000000000E-003  0.72840000000000005       0.25740000000000002             5000
   1.4319999999999999E-003  0.72840000000000005       0.25740000000000002             5000
   1.4330000000000000E-003  0.72840000000000005       0.25740000000000002             5000
   1.4339999999999999E-003  0.72840000000000005       0.25740000000000002             5000
   1.4349999999999999E-003  0.72840000000000005       0.25740000000000002             5000
   1.4359999999999998E-003  0.72840000000000005       0.25740000000000002             5000
   1.4369999999999999E-003  0.72840000000000005       0.25740000000000002             5000
   1.4379999999999998E-003  0.72840000000000005       0.25740000000000002             5000
   1.4390000000000000E-003  0.72840000000000005       0.25740000000000002             5000
   1.4399999999999999E-003  0.72840000000000005       0.25740000000000002             5000
   1.4410000000000000E-003  0.72840000000000005       0.25740000000000002             5000
   1.4419999999999999E-003  0.72840000000000005       0.25740000000000002             5000
   1.4430000000000001E-003  0.72840000000000005       0.25740000000000002             5000
   1.4439999999999998E-003  0.72840000000000005       0.25740000000000002             5000
   1.4449999999999999E-003  0.72840000000000005       0.25740000000000002             5000
   1.4459999999999998E-003  0.72840000000000005       0.25740000000000002             5000
   1.4469999999999999E-003  0.72840000000000005       0.25740000000000002             5000
   1.4479999999999999E-003  0.72840000000000005       0.25740000000000002             5000
   1.4490000000000000E-003  0.72840000000000005       0.25740000000000002             5000
   1.4499999999999999E-003  0.72840000000000005       0.25740000000000002             5000
   1.4510000000000000E-003  0.72840000000000005       0.25740000000000002             5000
   1.4519999999999999E-003  0.72840000000000005       0.25740000000000002             5000
   1.4529999999999999E-003  0.72840000000000005       0.25740000000000002             5000
   1.4539999999999998E-003  0.72840000000000005       0.25740000000000002             5000
   1.4549999999999999E-003  0.72840000000000005       0.25740000000000002             5000
   1.4559999999999998E-003  0.72840000000000005       0.25740000000000002             5000
   1.4570000000000000E-003  0.72840000000000005       0.25740000000000002             5000
   1.4579999999999999E-003  0.72840000000000005       0.25740000000000002             5000
   1.4590000000000000E-003  0.72840000000000005       0.25740000000000002             5000
   1.4599999999999999E-003  0.72840000000000005       0.25740000000000002             5000
   1.4609999999999998E-003  0.72840000000000005       0.25740000000000002             5000
   1.4619999999999998E-003  0.72840000000000005       0.25740000000000002             5000
   1.4629999999999999E-003  0.72840000000000005       0.25740000000000002             5000
   1.4639999999999998E-003  0.72840000000000005       0.25740000000000002             5000
   1.4649999999999999E-003  0.72840000000000005       0.25740000000000002             5000
   1.4659999999999999E-003  0.72840000000000005       0.25740000000000002             5000
   1.4670000000000000E-003  0.72840000000000005       0.25740000000000002             5000
   1.4679999999999999E-003  0.72840000000000005       0.25740000000000002             5000
   1.4689999999999998E-003  0.72840000000000005       0.25740000000000002             5000
   1.4699999999999997E-003  0.72840000000000005       0.25740000000000002             5000
   1.4709999999999999E-003  0.72840000000000005       0.25740000000000002             5000
   1.4720000000000000E-003  0.72840000000000005       0.25740000000000002             5000
   1.4729999999999999E-003  0.72840000000000005       0.25740000000000002             5000
   1.4740000000000000E-003  0.72840000000000005       0.25740000000000002             5000
   1.4750000000000000E-003  0.72840000000000005       0.25740000000000002             5000
   1.4760000000000001E-003  0.72840000000000005       0.25740000000000002             5000
   1.4769999999999998E-003  0.72840000000000005       0.25740000000000002             5000
   1.4779999999999999E-003  0.72840000000000005       0.25740000000000002             5000
   1.4789999999999998E-003  0.72840000000000005       0.25740000000000002             5000
   1.4800000000000000E-003  0.72840000000000005       0.25740000000000002             5000
   1.4809999999999999E-003  0.72840000000000005       0.25740000000000002             5000
   1.4820000000000000E-003  0.72840000000000005       0.25740000000000002             5000
   1.4829999999999999E-003  0.72840000000000005       0.25740000000000002             5000
   1.4840000000000001E-003  0.72840000000000005       0.25740000000000002             5000
   1.4850000000000000E-003  0.72840000000000005       0.25740000000000002             5000
   1.4859999999999999E-003  0.72840000000000005       0.25740000000000002             5000
   1.4869999999999998E-003  0.72840000000000005       0.25740000000000002             5000
   1.4880000000000000E-003  0.72840000000000005       0.25740000000000002             5000
   1.4889999999999999E-003  0.72840000000000005       0.25740000000000002             5000
   1.4900000000000000E-003  0.72840000000000005       0.25740000000000002             5000
   1.4909999999999999E-003  0.72840000000000005       0.25740000000000002             5000
   1.4920000000000001E-003  0.72840000000000005       0.25740000000000002             5000
   1.4930000000000000E-003  0.72840000000000005       0.25740000000000002             5000
   1.4939999999999999E-003  0.72840000000000005       0.25740000000000002             5000
   1.4949999999999998E-003  0.72840000000000005       0.25740000000000002             5000
   1.4959999999999999E-003  0.72840000000000005       0.25740000000000002             5000
   1.4969999999999998E-003  0.72840000000000005       0.25740000000000002             5000
   1.4980000000000000E-003  0.72840000000000005       0.25740000000000002             5000
   1.4989999999999999E-003  0.72840000000000005       0.25740000000000002             5000
   1.5000000000000000E-003  0.72840000000000005       0.25740000000000002             5000
   1.5009999999999999E-003  0.72840000000000005       0.25740000000000002             5000
   1.5019999999999999E-003  0.72840000000000005       0.25740000000000002             5000
   1.5029999999999998E-003  0.72840000000000005       0.25740000000000002             5000
   1.5039999999999999E-003  0.72840000000000005       0.25740000000000002             5000
   1.5049999999999998E-003  0.72840000000000005       0.25740000000000002             5000
   1.5060000000000000E-003  0.72840000000000005       0.25740000000000002             5000
   1.5069999999999999E-003  0.72840000000000005       0.25740000000000002             5000
   1.5080000000000000E-003  0.72840000000000005       0.25740000000000002             5000
   1.5089999999999999E-003  0.72840000000000005       0.25740000000000002             5000
   1.5099999999999998E-003  0.72840000000000005       0.25740000000000002             5000
   1.5109999999999998E-003  0.72840000000000005       0.25740000000000002             5000
   1.5119999999999999E-003  0.72840000000000005       0.25740000000000002             5000
   1.5129999999999998E-003  0.72840000000000005       0.25740000000000002             5000
   1.5139999999999999E-003  0.72840000000000005       0.25740000000000002             5000
   1.5149999999999999E-003  0.72840000000000005       0.25740000000000002             5000
   1.5160000000000000E-003  0.72840000000000005       0.25740000000000002             5000
   1.5169999999999999E-003  0.72840000000000005       0.25740000000000002             5000
   1.5180000000000000E-003  0.72840000000000005       0.25740000000000002             5000
   1.5189999999999997E-003  0.72840000000000005       0.25740000000000002             5000
   1.5199999999999999E-003  0.72840000000000005       0.25740000000000002             5000
   1.5209999999999998E-003  0.72840000000000005       0.25740000000000002             5000
   1.5219999999999999E-003  0.72840000000000005       0.25740000000000002             5000
   1.5229999999999998E-003  0.72840000000000005       0.25740000000000002             5000
   1.5240000000000000E-003  0.72840000000000005       0.25740000000000002             5000
   1.5249999999999999E-003  0.72840000000000005       0.25740000000000002             5000
   1.5260000000000000E-003  0.72840000000000005       0.25740000000000002             5000
   1.5269999999999999E-003  0.72840000000000005       0.25740000000000002             5000
   1.5279999999999998E-003  0.72840000000000005       0.25740000000000002             5000
   1.5289999999999998E-003  0.72840000000000005       0.25740000000000002             5000
   1.5299999999999999E-003  0.72840000000000005       0.25740000000000002             5000
   1.5309999999999998E-003  0.72840000000000005       0.25740000000000002             5000
   1.5319999999999999E-003  0.72840000000000005       0.25740000000000002             5000
   1.5329999999999999E-003  0.72840000000000005       0.25740000000000002             5000
   1.5340000000000000E-003  0.72840000000000005       0.25740000000000002             5000
   1.5349999999999999E-003  0.72840000000000005       0.25740000000000002             5000
   1.5359999999999998E-003  0.72840000000000005       0.25740000000000002             5000
   1.5370000000000000E-003  0.72840000000000005       0.25740000000000002             5000
   1.5379999999999999E-003  0.72840000000000005       0.25740000000000002             5000
   1.5390000000000000E-003  0.72840000000000005       0.25740000000000002             5000
   1.5399999999999999E-003  0.72840000000000005       0.25740000000000002             5000
   1.5410000000000001E-003  0.72840000000000005       0.25740000000000002             5000
   1.5420000000000000E-003  0.72840000000000005       0.25740000000000002             5000
   1.5429999999999999E-003  0.72840000000000005       0.25740000000000002             5000
   1.5439999999999998E-003  0.72840000000000005       0.25740000000000002             5000
   1.5449999999999999E-003  0.72840000000000005       0.25740000000000002             5000
   1.5459999999999998E-003  0.72840000000000005       0.25740000000000002             5000
   1.5470000000000000E-003  0.72840000000000005       0.25740000000000002             5000
   1.5479999999999999E-003  0.72840000000000005       0.25740000000000002             5000
   1.5490000000000000E-003  0.72840000000000005       0.25740000000000002             5000
   1.5499999999999999E-003  0.72840000000000005       0.25740000000000002             5000
   1.5510000000000001E-003  0.72840000000000005       0.25740000000000002             5000
   1.5519999999999998E-003  0.72840000000000005       0.25740000000000002             5000
   1.5529999999999999E-003  0.72840000000000005       0.25740000000000002             5000
   1.5539999999999998E-003  0.72840000000000005       0.25740000000000002             5000
   1.5550000000000000E-003  0.72840000000000005       0.25740000000000002             5000
   1.5559999999999999E-003  0.72840000000000005       0.25740000000000002             5000
   1.5570000000000000E-003  0.72840000000000005       0.25740000000000002             5000
   1.5579999999999999E-003  0.72840000000000005       0.25740000000000002             5000
   1.5590000000000001E-003  0.72840000000000005       0.25740000000000002             5000
   1.5600000000000000E-003  0.72840000000000005       0.25740000000000002             5000
   1.5609999999999999E-003  0.72840000000000005       0.25740000000000002             5000
   1.5619999999999998E-003  0.72840000000000005       0.25740000000000002             5000
   1.5629999999999999E-003  0.72840000000000005       0.25740000000000002             5000
   1.5639999999999999E-003  0.72840000000000005       0.25740000000000002             5000
   1.5650000000000000E-003  0.72840000000000005       0.25740000000000002             5000
   1.5659999999999999E-003  0.72840000000000005       0.25740000000000002             5000
   1.5670000000000000E-003  0.72840000000000005       0.25740000000000002             5000
   1.5679999999999999E-003  0.72840000000000005       0.25740000000000002             5000
   1.5689999999999999E-003  0.72840000000000005       0.25740000000000002             5000
   1.5699999999999998E-003  0.72840000000000005       0.25740000000000002             5000
   1.5709999999999999E-003  0.72840000000000005       0.25740000000000002             5000
   1.5719999999999998E-003  0.72840000000000005       0.25740000000000002             5000
   1.5730000000000000E-003  0.72840000000000005       0.25740000000000002             5000
   1.5739999999999999E-003  0.72840000000000005       0.25740000000000002             5000
   1.5750000000000000E-003  0.72840000000000005       0.25740000000000002             5000
   1.5759999999999999E-003  0.72840000000000005       0.25740000000000002             5000
   1.5769999999999998E-003  0.72840000000000005       0.25740000000000002             5000
   1.5779999999999998E-003  0.72840000000000005       0.25740000000000002             5000
   1.5789999999999999E-003  0.72840000000000005       0.25740000000000002             5000
   1.5799999999999998E-003  0.72840000000000005       0.25740000000000002             5000
   1.5809999999999999E-003  0.72840000000000005       0.25740000000000002             5000
   1.5819999999999999E-003  0.72840000000000005       0.25740000000000002             5000
   1.5830000000000000E-003  0.72840000000000005       0.25740000000000002             5000
   1.5839999999999999E-003  0.72840000000000005       0.25740000000000002             5000
   1.5849999999999998E-003  0.72840000000000005       0.25740000000000002             5000
   1.5859999999999997E-003  0.72840000000000005       0.25740000000000002             5000
   1.5869999999999999E-003  0.72840000000000005       0.25740000000000002             5000
   1.5879999999999998E-003  0.72840000000000005       0.25740000000000002             5000
   1.5889999999999999E-003  0.72840000000000005       0.25740000000000002             5000
   1.5899999999999998E-003  0.72840000000000005       0.25740000000000002             5000
   1.5910000000000000E-003  0.72840000000000005       0.25740000000000002             5000
   1.5919999999999999E-003  0.72840000000000005       0.25740000000000002             5000
   1.5930000000000000E-003  0.72840000000000005       0.25740000000000002             5000
   1.5939999999999997E-003  0.72840000000000005       0.25740000000000002             5000
   1.5949999999999998E-003  0.72840000000000005       0.25740000000000002             5000
   1.5959999999999998E-003  0.72840000000000005       0.25740000000000002             5000
   1.5969999999999999E-003  0.72840000000000005       0.25740000000000002             5000
   1.5979999999999998E-003  0.72840000000000005       0.25740000000000002             5000
   1.5989999999999999E-003  0.72840000000000005       0.25740000000000002             5000
   1.5999999999999999E-003  0.72840000000000005       0.25740000000000002             5000
   1.6010000000000000E-003  0.72840000000000005       0.25740000000000002             5000
   1.6019999999999999E-003  0.72840000000000005       0.25740000000000002             5000
   1.6029999999999998E-003  0.72840000000000005       0.25740000000000002             5000
   1.6040000000000000E-003  0.72840000000000005       0.25740000000000002             5000
   1.6049999999999999E-003  0.72840000000000005       0.25740000000000002             5000
   1.6060000000000000E-003  0.72840000000000005       0.25740000000000002             5000
   1.6069999999999999E-003  0.72840000000000005       0.25740000000000002             5000
   1.6080000000000001E-003  0.72840000000000005       0.25740000000000002             5000
   1.6090000000000000E-003  0.72840000000000005       0.25740000000000002             5000
   1.6099999999999999E-003  0.72840000000000005       0.25740000000000002             5000
   1.6109999999999998E-003  0.72840000000000005       0.25740000000000002             5000
   1.6119999999999999E-003  0.72840000000000005       0.25740000000000002             5000
   1.6129999999999999E-003  0.72840000000000005       0.25740000000000002             5000
   1.6140000000000000E-003  0.72840000000000005       0.25740000000000002             5000
   1.6149999999999999E-003  0.72840000000000005       0.25740000000000002             5000
   1.6160000000000000E-003  0.72840000000000005       0.25740000000000002             5000
   1.6169999999999999E-003  0.72840000000000005       0.25740000000000002             5000
   1.6179999999999999E-003  0.72840000000000005       0.25740000000000002             5000
   1.6189999999999998E-003  0.72840000000000005       0.25740000000000002             5000
   1.6199999999999997E-003  0.72840000000000005       0.25740000000000002             5000
   1.6210000000000000E-003  0.72840000000000005       0.25740000000000002             5000
   1.6220000000000000E-003  0.72840000000000005       0.25740000000000002             5000
   1.6229999999999999E-003  0.72840000000000005       0.25740000000000002             5000
   1.6239999999999998E-003  0.72840000000000005       0.25740000000000002             5000
   1.6250000000000001E-003  0.72840000000000005       0.25740000000000002             5000
   1.6260000000000001E-003  0.72840000000000005       0.25740000000000002             5000
   1.6269999999999998E-003  0.72840000000000005       0.25740000000000002             5000
   1.6279999999999997E-003  0.72840000000000005       0.25740000000000002             5000
   1.6290000000000000E-003  0.72840000000000005       0.25740000000000002             5000
   1.6299999999999999E-003  0.72840000000000005       0.25740000000000002             5000
   1.6309999999999999E-003  0.72840000000000005       0.25740000000000002             5000
   1.6319999999999998E-003  0.72840000000000005       0.25740000000000002             5000
   1.6330000000000001E-003  0.72840000000000005       0.25740000000000002             5000
   1.6340000000000000E-003  0.72840000000000005       0.25740000000000002             5000
   1.6350000000000000E-003  0.72840000000000005       0.25740000000000002             5000
   1.6359999999999997E-003  0.72840000000000005       0.25740000000000002             5000
   1.6370000000000000E-003  0.72840000000000005       0.25740000000000002             5000
   1.6379999999999999E-003  0.72840000000000005       0.25740000000000002             5000
   1.6389999999999998E-003  0.72840000000000005       0.25740000000000002             5000
   1.6399999999999997E-003  0.72840000000000005       0.25740000000000002             5000
   1.6410000000000001E-003  0.72840000000000005       0.25740000000000002             5000
   1.6420000000000000E-003  0.72840000000000005       0.25740000000000002             5000
   1.6429999999999999E-003  0.72840000000000005       0.25740000000000002             5000
   1.6439999999999998E-003  0.72840000000000005       0.25740000000000002             5000
   1.6450000000000000E-003  0.72840000000000005       0.25740000000000002             5000
   1.6459999999999999E-003  0.72840000000000005       0.25740000000000002             5000
   1.6469999999999998E-003  0.72840000000000005       0.25740000000000002             5000
   1.6479999999999997E-003  0.72840000000000005       0.25740000000000002             5000
   1.6490000000000001E-003  0.72840000000000005       0.25740000000000002             5000
   1.6500000000000000E-003  0.72840000000000005       0.25740000000000002             5000
   1.6509999999999999E-003  0.72840000000000005       0.25740000000000002             5000
   1.6519999999999998E-003  0.72840000000000005       0.25740000000000002             5000
   1.6530000000000000E-003  0.72840000000000005       0.25740000000000002             5000
   1.6539999999999999E-003  0.72840000000000005       0.25740000000000002             5000
   1.6549999999999998E-003  0.72840000000000005       0.25740000000000002             5000
   1.6559999999999997E-003  0.72840000000000005       0.25740000000000002             5000
   1.6570000000000001E-003  0.72840000000000005       0.25740000000000002             5000
   1.6580000000000000E-003  0.72840000000000005       0.25740000000000002             5000
   1.6589999999999999E-003  0.72840000000000005       0.25740000000000002             5000
   1.6599999999999998E-003  0.72840000000000005       0.25740000000000002             5000
   1.6609999999999999E-003  0.72840000000000005       0.25740000000000002             5000
   1.6619999999999998E-003  0.72840000000000005       0.25740000000000002             5000
   1.6629999999999998E-003  0.72840000000000005       0.25740000000000002             5000
   1.6639999999999997E-003  0.72840000000000005       0.25740000000000002             5000
   1.6650000000000000E-003  0.72840000000000005       0.25740000000000002             5000
   1.6659999999999999E-003  0.72840000000000005       0.25740000000000002             5000
   1.6669999999999999E-003  0.72840000000000005       0.25740000000000002             5000
   1.6680000000000000E-003  0.72840000000000005       0.25740000000000002             5000
   1.6689999999999999E-003  0.72840000000000005       0.25740000000000002             5000
   1.6699999999999998E-003  0.72840000000000005       0.25740000000000002             5000
   1.6709999999999997E-003  0.72840000000000005       0.25740000000000002             5000
   1.6720000000000001E-003  0.72840000000000005       0.25740000000000002             5000
   1.6730000000000000E-003  0.72840000000000005       0.25740000000000002             5000
   1.6739999999999999E-003  0.72840000000000005       0.25740000000000002             5000
   1.6749999999999998E-003  0.72840000000000005       0.25740000000000002             5000
   1.6760000000000000E-003  0.72840000000000005       0.25740000000000002             5000
   1.6769999999999999E-003  0.72840000000000005       0.25740000000000002             5000
   1.6779999999999998E-003  0.72840000000000005       0.25740000000000002             5000
   1.6789999999999997E-003  0.72840000000000005       0.25740000000000002             5000
   1.6800000000000001E-003  0.72840000000000005       0.25740000000000002             5000
   1.6810000000000000E-003  0.72840000000000005       0.25740000000000002             5000
   1.6819999999999999E-003  0.72840000000000005       0.25740000000000002             5000
   1.6829999999999998E-003  0.72840000000000005       0.25740000000000002             5000
   1.6840000000000000E-003  0.72840000000000005       0.25740000000000002             5000
   1.6849999999999999E-003  0.72840000000000005       0.25740000000000002             5000
   1.6859999999999998E-003  0.72840000000000005       0.25740000000000002             5000
   1.6869999999999997E-003  0.72840000000000005       0.25740000000000002             5000
   1.6880000000000000E-003  0.72840000000000005       0.25740000000000002             5000
   1.6890000000000000E-003  0.72840000000000005       0.25740000000000002             5000
   1.6899999999999999E-003  0.72840000000000005       0.25740000000000002             5000
   1.6909999999999998E-003  0.72840000000000005       0.25740000000000002             5000
   1.6919999999999999E-003  0.72840000000000005       0.25740000000000002             5000
   1.6929999999999998E-003  0.72840000000000005       0.25740000000000002             5000
   1.6939999999999998E-003  0.72840000000000005       0.25740000000000002             5000
   1.6949999999999997E-003  0.72840000000000005       0.25740000000000002             5000
   1.6960000000000000E-003  0.72840000000000005       0.25740000000000002             5000
   1.6969999999999999E-003  0.72840000000000005       0.25740000000000002             5000
   1.6979999999999999E-003  0.72840000000000005       0.25740000000000002             5000
   1.6989999999999998E-003  0.72840000000000005       0.25740000000000002             5000
   1.7000000000000001E-003  0.72840000000000005       0.25740000000000002             5000
   1.7010000000000000E-003  0.72840000000000005       0.25740000000000002             5000
   1.7019999999999997E-003  0.72840000000000005       0.25740000000000002             5000
   1.7029999999999997E-003  0.72840000000000005       0.25740000000000002             5000
   1.7040000000000000E-003  0.72840000000000005       0.25740000000000002             5000
   1.7049999999999999E-003  0.72840000000000005       0.25740000000000002             5000
   1.7059999999999998E-003  0.72840000000000005       0.25740000000000002             5000
   1.7069999999999998E-003  0.72840000000000005       0.25740000000000002             5000
   1.7080000000000001E-003  0.72840000000000005       0.25740000000000002             5000
   1.7090000000000000E-003  0.72840000000000005       0.25740000000000002             5000
   1.7099999999999999E-003  0.72840000000000005       0.25740000000000002             5000
   1.7109999999999996E-003  0.72840000000000005       0.25740000000000002             5000
   1.7120000000000000E-003  0.72840000000000005       0.25740000000000002             5000
   1.7129999999999999E-003  0.72840000000000005       0.25740000000000002             5000
   1.7139999999999998E-003  0.72840000000000005       0.25740000000000002             5000
   1.7149999999999997E-003  0.72840000000000005       0.25740000000000002             5000
   1.7160000000000001E-003  0.72840000000000005       0.25740000000000002             5000
   1.7170000000000000E-003  0.72840000000000005       0.25740000000000002             5000
   1.7179999999999999E-003  0.72840000000000005       0.25740000000000002             5000
   1.7189999999999998E-003  0.72840000000000005       0.25740000000000002             5000
   1.7200000000000000E-003  0.72840000000000005       0.25740000000000002             5000
   1.7209999999999999E-003  0.72840000000000005       0.25740000000000002             5000
   1.7219999999999998E-003  0.72840000000000005       0.25740000000000002             5000
   1.7229999999999997E-003  0.72840000000000005       0.25740000000000002             5000
   1.7240000000000001E-003  0.72840000000000005       0.25740000000000002             5000
   1.7250000000000000E-003  0.72840000000000005       0.25740000000000002             5000
   1.7259999999999999E-003  0.72840000000000005       0.25740000000000002             5000
   1.7269999999999998E-003  0.72840000000000005       0.25740000000000002             5000
   1.7279999999999999E-003  0.72840000000000005       0.25740000000000002             5000
   1.7289999999999999E-003  0.72840000000000005       0.25740000000000002             5000
   1.7299999999999998E-003  0.72840000000000005       0.25740000000000002             5000
   1.7310000000000001E-003  0.72840000000000005       0.25740000000000002             5000
   1.7320000000000000E-003  0.72840000000000005       0.25740000000000002             5000
   1.7329999999999999E-003  0.72840000000000005       0.25740000000000002             5000
   1.7339999999999999E-003  0.72840000000000005       0.25740000000000002             5000
   1.7350000000000000E-003  0.72840000000000005       0.25740000000000002             5000
   1.7359999999999999E-003  0.72840000000000005       0.25740000000000002             5000
   1.7369999999999998E-003  0.72840000000000005       0.25740000000000002             5000
   1.7379999999999997E-003  0.72840000000000005       0.25740000000000002             5000
   1.7390000000000001E-003  0.72840000000000005       0.25740000000000002             5000
   1.7400000000000000E-003  0.72840000000000005       0.25740000000000002             5000
   1.7409999999999999E-003  0.72840000000000005       0.25740000000000002             5000
   1.7419999999999998E-003  0.72840000000000005       0.25740000000000002             5000
   1.7430000000000000E-003  0.72840000000000005       0.25740000000000002             5000
   1.7439999999999999E-003  0.72840000000000005       0.25740000000000002             5000
   1.7449999999999998E-003  0.72840000000000005       0.25740000000000002             5000
   1.7459999999999997E-003  0.72840000000000005       0.25740000000000002             5000
   1.7470000000000001E-003  0.72840000000000005       0.25740000000000002             5000
   1.7480000000000000E-003  0.72840000000000005       0.25740000000000002             5000
   1.7489999999999999E-003  0.72840000000000005       0.25740000000000002             5000
   1.7499999999999998E-003  0.72840000000000005       0.25740000000000002             5000
   1.7510000000000000E-003  0.72840000000000005       0.25740000000000002             5000
   1.7519999999999999E-003  0.72840000000000005       0.25740000000000002             5000
   1.7529999999999998E-003  0.72840000000000005       0.25740000000000002             5000
   1.7539999999999997E-003  0.72840000000000005       0.25740000000000002             5000
   1.7550000000000000E-003  0.72840000000000005       0.25740000000000002             5000
   1.7560000000000000E-003  0.72840000000000005       0.25740000000000002             5000
   1.7569999999999999E-003  0.72840000000000005       0.25740000000000002             5000
   1.7579999999999998E-003  0.72840000000000005       0.25740000000000002             5000
   1.7589999999999999E-003  0.72840000000000005       0.25740000000000002             5000
   1.7599999999999998E-003  0.72840000000000005       0.25740000000000002             5000
   1.7609999999999998E-003  0.72840000000000005       0.25740000000000002             5000
   1.7619999999999997E-003  0.72840000000000005       0.25740000000000002             5000
   1.7630000000000000E-003  0.72840000000000005       0.25740000000000002             5000
   1.7639999999999999E-003  0.72840000000000005       0.25740000000000002             5000
   1.7649999999999999E-003  0.72840000000000005       0.25740000000000002             5000
   1.7659999999999998E-003  0.72840000000000005       0.25740000000000002             5000
   1.7669999999999999E-003  0.72840000000000005       0.25740000000000002             5000
   1.7679999999999998E-003  0.72840000000000005       0.25740000000000002             5000
   1.7689999999999997E-003  0.72840000000000005       0.25740000000000002             5000
   1.7699999999999997E-003  0.72840000000000005       0.25740000000000002             5000
   1.7710000000000000E-003  0.72840000000000005       0.25740000000000002             5000
   1.7719999999999999E-003  0.72840000000000005       0.25740000000000002             5000
   1.7729999999999998E-003  0.72840000000000005       0.25740000000000002             5000
   1.7739999999999998E-003  0.72840000000000005       0.25740000000000002             5000
   1.7750000000000001E-003  0.72840000000000005       0.25740000000000002             5000
   1.7760000000000000E-003  0.72840000000000005       0.25740000000000002             5000
   1.7769999999999997E-003  0.72840000000000005       0.25740000000000002             5000
   1.7779999999999996E-003  0.72840000000000005       0.25740000000000002             5000
   1.7790000000000000E-003  0.72840000000000005       0.25740000000000002             5000
   1.7799999999999999E-003  0.72840000000000005       0.25740000000000002             5000
   1.7809999999999998E-003  0.72840000000000005       0.25740000000000002             5000
   1.7819999999999997E-003  0.72840000000000005       0.25740000000000002             5000
   1.7830000000000001E-003  0.72840000000000005       0.25740000000000002             5000
   1.7840000000000000E-003  0.72840000000000005       0.25740000000000002             5000
   1.7849999999999999E-003  0.72840000000000005       0.25740000000000002             5000
   1.7859999999999996E-003  0.72840000000000005       0.25740000000000002             5000
   1.7870000000000000E-003  0.72840000000000005       0.25740000000000002             5000
   1.7879999999999999E-003  0.72840000000000005       0.25740000000000002             5000
   1.7889999999999998E-003  0.72840000000000005       0.25740000000000002             5000
   1.7899999999999997E-003  0.72840000000000005       0.25740000000000002             5000
   1.7910000000000001E-003  0.72840000000000005       0.25740000000000002             5000
   1.7920000000000000E-003  0.72840000000000005       0.25740000000000002             5000
   1.7929999999999999E-003  0.72840000000000005       0.25740000000000002             5000
   1.7940000000000000E-003  0.72840000000000005       0.25740000000000002             5000
   1.7949999999999999E-003  0.72840000000000005       0.25740000000000002             5000
   1.7959999999999999E-003  0.72840000000000005       0.25740000000000002             5000
   1.7969999999999998E-003  0.72840000000000005       0.25740000000000002             5000
   1.7980000000000001E-003  0.72840000000000005       0.25740000000000002             5000
   1.7990000000000000E-003  0.72840000000000005       0.25740000000000002             5000
   1.8000000000000000E-003  0.72840000000000005       0.25740000000000002             5000
   1.8009999999999999E-003  0.72840000000000005       0.25740000000000002             5000
   1.8020000000000000E-003  0.72840000000000005       0.25740000000000002             5000
   1.8029999999999999E-003  0.72840000000000005       0.25740000000000002             5000
   1.8039999999999998E-003  0.72840000000000005       0.25740000000000002             5000
   1.8049999999999997E-003  0.72840000000000005       0.25740000000000002             5000
   1.8060000000000001E-003  0.72840000000000005       0.25740000000000002             5000
   1.8070000000000000E-003  0.72840000000000005       0.25740000000000002             5000
   1.8079999999999999E-003  0.72840000000000005       0.25740000000000002             5000
   1.8089999999999998E-003  0.72840000000000005       0.25740000000000002             5000
   1.8100000000000000E-003  0.72840000000000005       0.25740000000000002             5000
   1.8109999999999999E-003  0.72840000000000005       0.25740000000000002             5000
   1.8119999999999998E-003  0.72840000000000005       0.25740000000000002             5000
   1.8129999999999997E-003  0.72840000000000005       0.25740000000000002             5000
   1.8140000000000001E-003  0.72840000000000005       0.25740000000000002             5000
   1.8150000000000000E-003  0.72840000000000005       0.25740000000000002             5000
   1.8159999999999999E-003  0.72840000000000005       0.25740000000000002             5000
   1.8169999999999998E-003  0.72840000000000005       0.25740000000000002             5000
   1.8180000000000000E-003  0.72840000000000005       0.25740000000000002             5000
   1.8189999999999999E-003  0.72840000000000005       0.25740000000000002             5000
   1.8199999999999998E-003  0.72840000000000005       0.25740000000000002             5000
   1.8209999999999997E-003  0.72840000000000005       0.25740000000000002             5000
   1.8220000000000001E-003  0.72840000000000005       0.25740000000000002             5000
   1.8230000000000000E-003  0.72840000000000005       0.25740000000000002             5000
   1.8239999999999999E-003  0.72840000000000005       0.25740000000000002             5000
   1.8249999999999998E-003  0.72840000000000005       0.25740000000000002             5000
   1.8259999999999999E-003  0.72840000000000005       0.25740000000000002             5000
   1.8269999999999998E-003  0.72840000000000005       0.25740000000000002             5000
   1.8279999999999998E-003  0.72840000000000005       0.25740000000000002             5000
   1.8289999999999997E-003  0.72840000000000005       0.25740000000000002             5000
   1.8300000000000000E-003  0.72840000000000005       0.25740000000000002             5000
   1.8309999999999999E-003  0.72840000000000005       0.25740000000000002             5000
   1.8319999999999999E-003  0.72840000000000005       0.25740000000000002             5000
   1.8329999999999998E-003  0.72840000000000005       0.25740000000000002             5000
   1.8339999999999999E-003  0.72840000000000005       0.25740000000000002             5000
   1.8349999999999998E-003  0.72840000000000005       0.25740000000000002             5000
   1.8359999999999997E-003  0.72840000000000005       0.25740000000000002             5000
   1.8369999999999997E-003  0.72840000000000005       0.25740000000000002             5000
   1.8380000000000000E-003  0.72840000000000005       0.25740000000000002             5000
   1.8389999999999999E-003  0.72840000000000005       0.25740000000000002             5000
   1.8399999999999998E-003  0.72840000000000005       0.25740000000000002             5000
   1.8409999999999998E-003  0.72840000000000005       0.25740000000000002             5000
   1.8419999999999999E-003  0.72840000000000005       0.25740000000000002             5000
   1.8429999999999998E-003  0.72840000000000005       0.25740000000000002             5000
   1.8439999999999997E-003  0.72840000000000005       0.25740000000000002             5000
   1.8449999999999996E-003  0.72840000000000005       0.25740000000000002             5000
   1.8460000000000000E-003  0.72840000000000005       0.25740000000000002             5000
   1.8469999999999999E-003  0.72840000000000005       0.25740000000000002             5000
   1.8479999999999998E-003  0.72840000000000005       0.25740000000000002             5000
   1.8489999999999997E-003  0.72840000000000005       0.25740000000000002             5000
   1.8500000000000001E-003  0.72840000000000005       0.25740000000000002             5000
   1.8510000000000000E-003  0.72840000000000005       0.25740000000000002             5000
   1.8519999999999997E-003  0.72840000000000005       0.25740000000000002             5000
   1.8529999999999996E-003  0.72840000000000005       0.25740000000000002             5000
   1.8540000000000000E-003  0.72840000000000005       0.25740000000000002             5000
   1.8549999999999999E-003  0.72840000000000005       0.25740000000000002             5000
   1.8559999999999998E-003  0.72840000000000005       0.25740000000000002             5000
   1.8570000000000001E-003  0.72840000000000005       0.25740000000000002             5000
   1.8580000000000001E-003  0.72840000000000005       0.25740000000000002             5000
   1.8590000000000000E-003  0.72840000000000005       0.25740000000000002             5000
   1.8599999999999999E-003  0.72840000000000005       0.25740000000000002             5000
   1.8610000000000000E-003  0.72840000000000005       0.25740000000000002             5000
   1.8619999999999999E-003  0.72840000000000005       0.25740000000000002             5000
   1.8629999999999999E-003  0.72840000000000005       0.25740000000000002             5000
   1.8639999999999998E-003  0.72840000000000005       0.25740000000000002             5000
   1.8650000000000001E-003  0.72840000000000005       0.25740000000000002             5000
   1.8660000000000000E-003  0.72840000000000005       0.25740000000000002             5000
   1.8670000000000000E-003  0.72840000000000005       0.25740000000000002             5000
   1.8679999999999999E-003  0.72840000000000005       0.25740000000000002             5000
   1.8690000000000000E-003  0.72840000000000005       0.25740000000000002             5000
   1.8699999999999999E-003  0.72840000000000005       0.25740000000000002             5000
   1.8709999999999998E-003  0.72840000000000005       0.25740000000000002             5000
   1.8719999999999997E-003  0.72840000000000005       0.25740000000000002             5000
   1.8730000000000001E-003  0.72840000000000005       0.25740000000000002             5000
   1.8740000000000000E-003  0.72840000000000005       0.25740000000000002             5000
   1.8749999999999999E-003  0.72840000000000005       0.25740000000000002             5000
   1.8759999999999998E-003  0.72840000000000005       0.25740000000000002             5000
   1.8770000000000000E-003  0.72840000000000005       0.25740000000000002             5000
   1.8779999999999999E-003  0.72840000000000005       0.25740000000000002             5000
   1.8789999999999998E-003  0.72840000000000005       0.25740000000000002             5000
   1.8799999999999997E-003  0.72840000000000005       0.25740000000000002             5000
   1.8810000000000001E-003  0.72840000000000005       0.25740000000000002             5000
   1.8820000000000000E-003  0.72840000000000005       0.25740000000000002             5000
   1.8829999999999999E-003  0.72840000000000005       0.25740000000000002             5000
   1.8839999999999998E-003  0.72840000000000005       0.25740000000000002             5000
   1.8850000000000000E-003  0.72840000000000005       0.25740000000000002             5000
   1.8859999999999999E-003  0.72840000000000005       0.25740000000000002             5000
   1.8869999999999998E-003  0.72840000000000005       0.25740000000000002             5000
   1.8879999999999997E-003  0.72840000000000005       0.25740000000000002             5000
   1.8890000000000001E-003  0.72840000000000005       0.25740000000000002             5000
   1.8900000000000000E-003  0.72840000000000005       0.25740000000000002             5000
   1.8909999999999999E-003  0.72840000000000005       0.25740000000000002             5000
   1.8919999999999998E-003  0.72840000000000005       0.25740000000000002             5000
   1.8929999999999999E-003  0.72840000000000005       0.25740000000000002             5000
   1.8939999999999999E-003  0.72840000000000005       0.25740000000000002             5000
   1.8949999999999998E-003  0.72840000000000005       0.25740000000000002             5000
   1.8959999999999997E-003  0.72840000000000005       0.25740000000000002             5000
   1.8970000000000000E-003  0.72840000000000005       0.25740000000000002             5000
   1.8979999999999999E-003  0.72840000000000005       0.25740000000000002             5000
   1.8989999999999999E-003  0.72840000000000005       0.25740000000000002             5000
   1.8999999999999998E-003  0.72840000000000005       0.25740000000000002             5000
   1.9009999999999999E-003  0.72840000000000005       0.25740000000000002             5000
   1.9019999999999998E-003  0.72840000000000005       0.25740000000000002             5000
   1.9029999999999997E-003  0.72840000000000005       0.25740000000000002             5000
   1.9039999999999997E-003  0.72840000000000005       0.25740000000000002             5000
   1.9050000000000000E-003  0.72840000000000005       0.25740000000000002             5000
   1.9059999999999999E-003  0.72840000000000005       0.25740000000000002             5000
   1.9069999999999998E-003  0.72840000000000005       0.25740000000000002             5000
   1.9079999999999998E-003  0.72840000000000005       0.25740000000000002             5000
   1.9089999999999999E-003  0.72840000000000005       0.25740000000000002             5000
   1.9099999999999998E-003  0.72840000000000005       0.25740000000000002             5000
   1.9109999999999997E-003  0.72840000000000005       0.25740000000000002             5000
   1.9119999999999996E-003  0.72840000000000005       0.25740000000000002             5000
   1.9130000000000000E-003  0.72840000000000005       0.25740000000000002             5000
   1.9139999999999999E-003  0.72840000000000005       0.25740000000000002             5000
   1.9149999999999998E-003  0.72840000000000005       0.25740000000000002             5000
   1.9159999999999997E-003  0.72840000000000005       0.25740000000000002             5000
   1.9169999999999999E-003  0.72840000000000005       0.25740000000000002             5000
   1.9179999999999998E-003  0.72840000000000005       0.25740000000000002             5000
   1.9189999999999997E-003  0.72840000000000005       0.25740000000000002             5000
   1.9200000000000000E-003  0.72840000000000005       0.25740000000000002             5000
   1.9210000000000000E-003  0.72840000000000005       0.25740000000000002             5000
   1.9219999999999999E-003  0.72840000000000005       0.25740000000000002             5000
   1.9229999999999998E-003  0.72840000000000005       0.25740000000000002             5000
   1.9240000000000001E-003  0.72840000000000005       0.25740000000000002             5000
   1.9250000000000001E-003  0.72840000000000005       0.25740000000000002             5000
   1.9260000000000000E-003  0.72840000000000005       0.25740000000000002             5000
   1.9269999999999997E-003  0.72840000000000005       0.25740000000000002             5000
   1.9280000000000000E-003  0.72840000000000005       0.25740000000000002             5000
   1.9289999999999999E-003  0.72840000000000005       0.25740000000000002             5000
   1.9299999999999999E-003  0.72840000000000005       0.25740000000000002             5000
   1.9309999999999998E-003  0.72840000000000005       0.25740000000000002             5000
   1.9320000000000001E-003  0.72840000000000005       0.25740000000000002             5000
   1.9330000000000000E-003  0.72840000000000005       0.25740000000000002             5000
   1.9340000000000000E-003  0.72840000000000005       0.25740000000000002             5000
   1.9349999999999999E-003  0.72840000000000005       0.25740000000000002             5000
   1.9360000000000000E-003  0.72840000000000005       0.25740000000000002             5000
   1.9369999999999999E-003  0.72840000000000005       0.25740000000000002             5000
   1.9379999999999998E-003  0.72840000000000005       0.25740000000000002             5000
   1.9389999999999998E-003  0.72840000000000005       0.25740000000000002             5000
   1.9400000000000001E-003  0.72840000000000005       0.25740000000000002             5000
   1.9410000000000000E-003  0.72840000000000005       0.25740000000000002             5000
   1.9419999999999999E-003  0.72840000000000005       0.25740000000000002             5000
   1.9429999999999998E-003  0.72840000000000005       0.25740000000000002             5000
   1.9440000000000000E-003  0.72840000000000005       0.25740000000000002             5000
   1.9449999999999999E-003  0.72840000000000005       0.25740000000000002             5000
   1.9459999999999998E-003  0.72840000000000005       0.25740000000000002             5000
   1.9469999999999997E-003  0.72840000000000005       0.25740000000000002             5000
   1.9480000000000001E-003  0.72840000000000005       0.25740000000000002             5000
   1.9490000000000000E-003  0.72840000000000005       0.25740000000000002             5000
   1.9499999999999999E-003  0.72840000000000005       0.25740000000000002             5000
   1.9509999999999998E-003  0.72840000000000005       0.25740000000000002             5000
   1.9520000000000000E-003  0.72840000000000005       0.25740000000000002             5000
   1.9529999999999999E-003  0.72840000000000005       0.25740000000000002             5000
   1.9540000000000000E-003  0.72840000000000005       0.25740000000000002             5000
   1.9549999999999997E-003  0.72840000000000005       0.25740000000000002             5000
   1.9559999999999998E-003  0.72840000000000005       0.25740000000000002             5000
   1.9570000000000000E-003  0.72840000000000005       0.25740000000000002             5000
   1.9579999999999997E-003  0.72840000000000005       0.25740000000000002             5000
   1.9589999999999998E-003  0.72840000000000005       0.25740000000000002             5000
   1.9599999999999999E-003  0.72840000000000005       0.25740000000000002             5000
   1.9610000000000001E-003  0.72840000000000005       0.25740000000000002             5000
   1.9619999999999998E-003  0.72840000000000005       0.25740000000000002             5000
   1.9629999999999999E-003  0.72840000000000005       0.25740000000000002             5000
   1.9640000000000000E-003  0.72840000000000005       0.25740000000000002             5000
   1.9649999999999997E-003  0.72840000000000005       0.25740000000000002             5000
   1.9659999999999999E-003  0.72840000000000005       0.25740000000000002             5000
   1.9669999999999996E-003  0.72840000000000005       0.25740000000000002             5000
   1.9680000000000001E-003  0.72840000000000005       0.25740000000000002             5000
   1.9689999999999998E-003  0.72840000000000005       0.25740000000000002             5000
   1.9700000000000000E-003  0.72840000000000005       0.25740000000000002             5000
   1.9709999999999997E-003  0.72840000000000005       0.25740000000000002             5000
   1.9719999999999998E-003  0.72840000000000005       0.25740000000000002             5000
   1.9729999999999999E-003  0.72840000000000005       0.25740000000000002             5000
   1.9739999999999996E-003  0.72840000000000005       0.25740000000000002             5000
   1.9749999999999998E-003  0.72840000000000005       0.25740000000000002             5000
   1.9759999999999999E-003  0.72840000000000005       0.25740000000000002             5000
   1.9770000000000000E-003  0.72840000000000005       0.25740000000000002             5000
   1.9779999999999997E-003  0.72840000000000005       0.25740000000000002             5000
   1.9789999999999999E-003  0.72840000000000005       0.25740000000000002             5000
   1.9800000000000000E-003  0.72840000000000005       0.25740000000000002             5000
   1.9809999999999997E-003  0.72840000000000005       0.25740000000000002             5000
   1.9819999999999998E-003  0.72840000000000005       0.25740000000000002             5000
   1.9829999999999995E-003  0.72840000000000005       0.25740000000000002             5000
   1.9840000000000001E-003  0.72840000000000005       0.25740000000000002             5000
   1.9849999999999998E-003  0.72840000000000005       0.25740000000000002             5000
   1.9859999999999999E-003  0.72840000000000005       0.25740000000000002             5000
   1.9870000000000001E-003  0.72840000000000005       0.25740000000000002             5000
   1.9879999999999997E-003  0.72840000000000005       0.25740000000000002             5000
   1.9889999999999999E-003  0.72840000000000005       0.25740000000000002             5000
   1.9899999999999996E-003  0.72840000000000005       0.25740000000000002             5000
   1.9910000000000001E-003  0.72840000000000005       0.25740000000000002             5000
   1.9919999999999998E-003  0.72840000000000005       0.25740000000000002             5000
   1.9930000000000000E-003  0.72840000000000005       0.25740000000000002             5000
   1.9939999999999997E-003  0.72840000000000005       0.25740000000000002             5000
   1.9950000000000002E-003  0.72840000000000005       0.25740000000000002             5000
   1.9959999999999999E-003  0.72840000000000005       0.25740000000000002             5000
   1.9969999999999996E-003  0.72840000000000005       0.25740000000000002             5000
   1.9979999999999998E-003  0.72840000000000005       0.25740000000000002             5000
   1.9989999999999999E-003  0.72840000000000005       0.25740000000000002             5000
   2.0000000000000000E-003  0.72840000000000005       0.25740000000000002             5000
   2.0009999999999997E-003  0.72840000000000005       0.25740000000000002             5000
   2.0019999999999999E-003  0.72840000000000005       0.25740000000000002             5000
   2.0030000000000000E-003  0.72840000000000005       0.25740000000000002             5000
   2.0040000000000001E-003  0.72840000000000005       0.25740000000000002             5000
   2.0049999999999998E-003  0.72840000000000005       0.25740000000000002             5000
   2.0060000000000000E-003  0.72840000000000005       0.25740000000000002             5000
   2.0070000000000001E-003  0.72840000000000005       0.25740000000000002             5000
   2.0079999999999998E-003  0.72840000000000005       0.25740000000000002             5000
   2.0089999999999999E-003  0.72840000000000005       0.25740000000000002             5000
   2.0099999999999996E-003  0.72840000000000005       0.25740000000000002             5000
   2.0110000000000002E-003  0.72840000000000005       0.25740000000000002             5000
   2.0119999999999999E-003  0.72840000000000005       0.25740000000000002             5000
   2.0130000000000000E-003  0.72840000000000005       0.25740000000000002             5000
   2.0139999999999997E-003  0.72840000000000005       0.25740000000000002             5000
   2.0149999999999999E-003  0.72840000000000005       0.25740000000000002             5000
   2.0160000000000000E-003  0.72840000000000005       0.25740000000000002             5000
   2.0169999999999997E-003  0.72840000000000005       0.25740000000000002             5000
   2.0179999999999998E-003  0.72840000000000005       0.25740000000000002             5000
   2.0190000000000000E-003  0.72840000000000005       0.25740000000000002             5000
   2.0200000000000001E-003  0.72840000000000005       0.25740000000000002             5000
   2.0209999999999998E-003  0.72840000000000005       0.25740000000000002             5000
   2.0219999999999999E-003  0.72840000000000005       0.25740000000000002             5000
   2.0230000000000001E-003  0.72840000000000005       0.25740000000000002             5000
   2.0239999999999998E-003  0.72840000000000005       0.25740000000000002             5000
   2.0249999999999999E-003  0.72840000000000005       0.25740000000000002             5000
   2.0259999999999996E-003  0.72840000000000005       0.25740000000000002             5000
   2.0270000000000002E-003  0.72840000000000005       0.25740000000000002             5000
   2.0279999999999999E-003  0.72840000000000005       0.25740000000000002             5000
   2.0290000000000000E-003  0.72840000000000005       0.25740000000000002             5000
   2.0299999999999997E-003  0.72840000000000005       0.25740000000000002             5000
   2.0309999999999998E-003  0.72840000000000005       0.25740000000000002             5000
   2.0320000000000000E-003  0.72840000000000005       0.25740000000000002             5000
   2.0329999999999997E-003  0.72840000000000005       0.25740000000000002             5000
   2.0339999999999998E-003  0.72840000000000005       0.25740000000000002             5000
   2.0349999999999999E-003  0.72840000000000005       0.25740000000000002             5000
   2.0360000000000000E-003  0.72840000000000005       0.25740000000000002             5000
   2.0369999999999997E-003  0.72840000000000005       0.25740000000000002             5000
   2.0379999999999999E-003  0.72840000000000005       0.25740000000000002             5000
   2.0390000000000000E-003  0.72840000000000005       0.25740000000000002             5000
   2.0399999999999997E-003  0.72840000000000005       0.25740000000000002             5000
   2.0409999999999998E-003  0.72840000000000005       0.25740000000000002             5000
   2.0419999999999995E-003  0.72840000000000005       0.25740000000000002             5000
   2.0430000000000001E-003  0.72840000000000005       0.25740000000000002             5000
   2.0439999999999998E-003  0.72840000000000005       0.25740000000000002             5000
   2.0449999999999999E-003  0.72840000000000005       0.25740000000000002             5000
   2.0459999999999996E-003  0.72840000000000005       0.25740000000000002             5000
   2.0469999999999998E-003  0.72840000000000005       0.25740000000000002             5000
   2.0479999999999999E-003  0.72840000000000005       0.25740000000000002             5000
   2.0489999999999996E-003  0.72840000000000005       0.25740000000000002             5000
   2.0500000000000002E-003  0.72840000000000005       0.25740000000000002             5000
   2.0509999999999999E-003  0.72840000000000005       0.25740000000000002             5000
   2.0520000000000000E-003  0.72840000000000005       0.25740000000000002             5000
   2.0529999999999997E-003  0.72840000000000005       0.25740000000000002             5000
   2.0539999999999998E-003  0.72840000000000005       0.25740000000000002             5000
   2.0550000000000000E-003  0.72840000000000005       0.25740000000000002             5000
   2.0559999999999997E-003  0.72840000000000005       0.25740000000000002             5000
   2.0569999999999998E-003  0.72840000000000005       0.25740000000000002             5000
   2.0579999999999999E-003  0.72840000000000005       0.25740000000000002             5000
   2.0590000000000001E-003  0.72840000000000005       0.25740000000000002             5000
   2.0599999999999998E-003  0.72840000000000005       0.25740000000000002             5000
   2.0609999999999999E-003  0.72840000000000005       0.25740000000000002             5000
   2.0620000000000000E-003  0.72840000000000005       0.25740000000000002             5000
   2.0629999999999997E-003  0.72840000000000005       0.25740000000000002             5000
   2.0639999999999999E-003  0.72840000000000005       0.25740000000000002             5000
   2.0649999999999996E-003  0.72840000000000005       0.25740000000000002             5000
   2.0660000000000001E-003  0.72840000000000005       0.25740000000000002             5000
   2.0669999999999998E-003  0.72840000000000005       0.25740000000000002             5000
   2.0680000000000000E-003  0.72840000000000005       0.25740000000000002             5000
   2.0689999999999997E-003  0.72840000000000005       0.25740000000000002             5000
   2.0700000000000002E-003  0.72840000000000005       0.25740000000000002             5000
   2.0709999999999999E-003  0.72840000000000005       0.25740000000000002             5000
   2.0719999999999996E-003  0.72840000000000005       0.25740000000000002             5000
   2.0729999999999998E-003  0.72840000000000005       0.25740000000000002             5000
   2.0739999999999999E-003  0.72840000000000005       0.25740000000000002             5000
   2.0750000000000000E-003  0.72840000000000005       0.25740000000000002             5000
   2.0759999999999997E-003  0.72840000000000005       0.25740000000000002             5000
   2.0769999999999999E-003  0.72840000000000005       0.25740000000000002             5000
   2.0780000000000000E-003  0.72840000000000005       0.25740000000000002             5000
   2.0790000000000001E-003  0.72840000000000005       0.25740000000000002             5000
   2.0799999999999998E-003  0.72840000000000005       0.25740000000000002             5000
   2.0810000000000000E-003  0.72840000000000005       0.25740000000000002             5000
   2.0820000000000001E-003  0.72840000000000005       0.25740000000000002             5000
   2.0829999999999998E-003  0.72840000000000005       0.25740000000000002             5000
   2.0839999999999999E-003  0.72840000000000005       0.25740000000000002             5000
   2.0849999999999996E-003  0.72840000000000005       0.25740000000000002             5000
   2.0860000000000002E-003  0.72840000000000005       0.25740000000000002             5000
   2.0869999999999999E-003  0.72840000000000005       0.25740000000000002             5000
   2.0880000000000000E-003  0.72840000000000005       0.25740000000000002             5000
   2.0889999999999997E-003  0.72840000000000005       0.25740000000000002             5000
   2.0899999999999998E-003  0.72840000000000005       0.25740000000000002             5000
   2.0910000000000000E-003  0.72840000000000005       0.25740000000000002             5000
   2.0919999999999997E-003  0.72840000000000005       0.25740000000000002             5000
   2.0929999999999998E-003  0.72840000000000005       0.25740000000000002             5000
   2.0939999999999999E-003  0.72840000000000005       0.25740000000000002             5000
   2.0950000000000001E-003  0.72840000000000005       0.25740000000000002             5000
   2.0959999999999998E-003  0.72840000000000005       0.25740000000000002             5000
   2.0969999999999999E-003  0.72840000000000005       0.25740000000000002             5000
   2.0980000000000000E-003  0.72840000000000005       0.25740000000000002             5000
   2.0989999999999997E-003  0.72840000000000005       0.25740000000000002             5000
   2.0999999999999999E-003  0.72840000000000005       0.25740000000000002             5000
   2.1009999999999996E-003  0.72840000000000005       0.25740000000000002             5000
   2.1020000000000001E-003  0.72840000000000005       0.25740000000000002             5000
   2.1029999999999998E-003  0.72840000000000005       0.25740000000000002             5000
   2.1040000000000000E-003  0.72840000000000005       0.25740000000000002             5000
   2.1049999999999997E-003  0.72840000000000005       0.25740000000000002             5000
   2.1059999999999998E-003  0.72840000000000005       0.25740000000000002             5000
   2.1069999999999999E-003  0.72840000000000005       0.25740000000000002             5000
   2.1079999999999996E-003  0.72840000000000005       0.25740000000000002             5000
   2.1089999999999998E-003  0.72840000000000005       0.25740000000000002             5000
   2.1099999999999999E-003  0.72840000000000005       0.25740000000000002             5000
   2.1110000000000000E-003  0.72840000000000005       0.25740000000000002             5000
   2.1119999999999997E-003  0.72840000000000005       0.25740000000000002             5000
   2.1129999999999999E-003  0.72840000000000005       0.25740000000000002             5000
   2.1140000000000000E-003  0.72840000000000005       0.25740000000000002             5000
   2.1149999999999997E-003  0.72840000000000005       0.25740000000000002             5000
   2.1159999999999998E-003  0.72840000000000005       0.25740000000000002             5000
   2.1170000000000000E-003  0.72840000000000005       0.25740000000000002             5000
   2.1180000000000001E-003  0.72840000000000005       0.25740000000000002             5000
   2.1189999999999998E-003  0.72840000000000005       0.25740000000000002             5000
   2.1199999999999999E-003  0.72840000000000005       0.25740000000000002             5000
   2.1210000000000001E-003  0.72840000000000005       0.25740000000000002             5000
   2.1219999999999998E-003  0.72840000000000005       0.25740000000000002             5000
   2.1229999999999999E-003  0.72840000000000005       0.25740000000000002             5000
   2.1239999999999996E-003  0.72840000000000005       0.25740000000000002             5000
   2.1250000000000002E-003  0.72840000000000005       0.25740000000000002             5000
   2.1259999999999999E-003  0.72840000000000005       0.25740000000000002             5000
   2.1270000000000000E-003  0.72840000000000005       0.25740000000000002             5000
   2.1279999999999997E-003  0.72840000000000005       0.25740000000000002             5000
   2.1289999999999998E-003  0.72840000000000005       0.25740000000000002             5000
   2.1299999999999999E-003  0.72840000000000005       0.25740000000000002             5000
   2.1309999999999996E-003  0.72840000000000005       0.25740000000000002             5000
   2.1319999999999998E-003  0.72840000000000005       0.25740000000000002             5000
   2.1329999999999999E-003  0.72840000000000005       0.25740000000000002             5000
   2.1340000000000000E-003  0.72840000000000005       0.25740000000000002             5000
   2.1349999999999997E-003  0.72840000000000005       0.25740000000000002             5000
   2.1359999999999999E-003  0.72840000000000005       0.25740000000000002             5000
   2.1370000000000000E-003  0.72840000000000005       0.25740000000000002             5000
   2.1379999999999997E-003  0.72840000000000005       0.25740000000000002             5000
   2.1389999999999998E-003  0.72840000000000005       0.25740000000000002             5000
   2.1399999999999995E-003  0.72840000000000005       0.25740000000000002             5000
   2.1410000000000001E-003  0.72840000000000005       0.25740000000000002             5000
   2.1419999999999998E-003  0.72840000000000005       0.25740000000000002             5000
   2.1429999999999999E-003  0.72840000000000005       0.25740000000000002             5000
   2.1439999999999996E-003  0.72840000000000005       0.25740000000000002             5000
   2.1450000000000002E-003  0.72840000000000005       0.25740000000000002             5000
   2.1459999999999999E-003  0.72840000000000005       0.25740000000000002             5000
   2.1469999999999996E-003  0.72840000000000005       0.25740000000000002             5000
   2.1479999999999997E-003  0.72840000000000005       0.25740000000000002             5000
   2.1489999999999999E-003  0.72840000000000005       0.25740000000000002             5000
   2.1500000000000000E-003  0.72840000000000005       0.25740000000000002             5000
   2.1509999999999997E-003  0.72840000000000005       0.25740000000000002             5000
   2.1519999999999998E-003  0.72840000000000005       0.25740000000000002             5000
   2.1530000000000000E-003  0.72840000000000005       0.25740000000000002             5000
   2.1540000000000001E-003  0.72840000000000005       0.25740000000000002             5000
   2.1549999999999998E-003  0.72840000000000005       0.25740000000000002             5000
   2.1559999999999995E-003  0.72840000000000005       0.25740000000000002             5000
   2.1570000000000001E-003  0.72840000000000005       0.25740000000000002             5000
   2.1579999999999998E-003  0.72840000000000005       0.25740000000000002             5000
   2.1589999999999999E-003  0.72840000000000005       0.25740000000000002             5000
   2.1599999999999996E-003  0.72840000000000005       0.25740000000000002             5000
   2.1610000000000002E-003  0.72840000000000005       0.25740000000000002             5000
   2.1619999999999999E-003  0.72840000000000005       0.25740000000000002             5000
   2.1630000000000000E-003  0.72840000000000005       0.25740000000000002             5000
   2.1639999999999997E-003  0.72840000000000005       0.25740000000000002             5000
   2.1649999999999998E-003  0.72840000000000005       0.25740000000000002             5000
   2.1660000000000000E-003  0.72840000000000005       0.25740000000000002             5000
   2.1669999999999997E-003  0.72840000000000005       0.25740000000000002             5000
   2.1679999999999998E-003  0.72840000000000005       0.25740000000000002             5000
   2.1689999999999999E-003  0.72840000000000005       0.25740000000000002             5000
   2.1700000000000001E-003  0.72840000000000005       0.25740000000000002             5000
   2.1709999999999998E-003  0.72840000000000005       0.25740000000000002             5000
   2.1719999999999999E-003  0.72840000000000005       0.25740000000000002             5000
   2.1730000000000000E-003  0.72840000000000005       0.25740000000000002             5000
   2.1739999999999997E-003  0.72840000000000005       0.25740000000000002             5000
   2.1749999999999999E-003  0.72840000000000005       0.25740000000000002             5000
   2.1759999999999995E-003  0.72840000000000005       0.25740000000000002             5000
   2.1770000000000001E-003  0.72840000000000005       0.25740000000000002             5000
   2.1779999999999998E-003  0.72840000000000005       0.25740000000000002             5000
   2.1789999999999999E-003  0.72840000000000005       0.25740000000000002             5000
   2.1800000000000001E-003  0.72840000000000005       0.25740000000000002             5000
   2.1809999999999998E-003  0.72840000000000005       0.25740000000000002             5000
   2.1819999999999999E-003  0.72840000000000005       0.25740000000000002             5000
   2.1829999999999996E-003  0.72840000000000005       0.25740000000000002             5000
   2.1840000000000002E-003  0.72840000000000005       0.25740000000000002             5000
   2.1849999999999999E-003  0.72840000000000005       0.25740000000000002             5000
   2.1860000000000000E-003  0.72840000000000005       0.25740000000000002             5000
   2.1869999999999997E-003  0.72840000000000005       0.25740000000000002             5000
   2.1879999999999998E-003  0.72840000000000005       0.25740000000000002             5000
   2.1890000000000000E-003  0.72840000000000005       0.25740000000000002             5000
   2.1899999999999997E-003  0.72840000000000005       0.25740000000000002             5000
   2.1909999999999998E-003  0.72840000000000005       0.25740000000000002             5000
   2.1919999999999999E-003  0.72840000000000005       0.25740000000000002             5000
   2.1930000000000001E-003  0.72840000000000005       0.25740000000000002             5000
   2.1939999999999998E-003  0.72840000000000005       0.25740000000000002             5000
   2.1949999999999999E-003  0.72840000000000005       0.25740000000000002             5000
   2.1960000000000000E-003  0.72840000000000005       0.25740000000000002             5000
   2.1969999999999997E-003  0.72840000000000005       0.25740000000000002             5000
   2.1979999999999999E-003  0.72840000000000005       0.25740000000000002             5000
   2.1989999999999996E-003  0.72840000000000005       0.25740000000000002             5000
   2.2000000000000001E-003  0.72840000000000005       0.25740000000000002             5000
   2.2009999999999998E-003  0.72840000000000005       0.25740000000000002             5000
   2.2020000000000000E-003  0.72840000000000005       0.25740000000000002             5000
   2.2029999999999997E-003  0.72840000000000005       0.25740000000000002             5000
   2.2039999999999998E-003  0.72840000000000005       0.25740000000000002             5000
   2.2049999999999999E-003  0.72840000000000005       0.25740000000000002             5000
   2.2059999999999996E-003  0.72840000000000005       0.25740000000000002             5000
   2.2069999999999998E-003  0.72840000000000005       0.25740000000000002             5000
   2.2079999999999999E-003  0.72840000000000005       0.25740000000000002             5000
   2.2090000000000000E-003  0.72840000000000005       0.25740000000000002             5000
   2.2099999999999997E-003  0.72840000000000005       0.25740000000000002             5000
   2.2109999999999999E-003  0.72840000000000005       0.25740000000000002             5000
   2.2120000000000000E-003  0.72840000000000005       0.25740000000000002             5000
   2.2129999999999997E-003  0.72840000000000005       0.25740000000000002             5000
   2.2139999999999998E-003  0.72840000000000005       0.25740000000000002             5000
   2.2149999999999995E-003  0.72840000000000005       0.25740000000000002             5000
   2.2160000000000001E-003  0.72840000000000005       0.25740000000000002             5000
   2.2169999999999998E-003  0.72840000000000005       0.25740000000000002             5000
   2.2179999999999999E-003  0.72840000000000005       0.25740000000000002             5000
   2.2189999999999996E-003  0.72840000000000005       0.25740000000000002             5000
   2.2200000000000002E-003  0.72840000000000005       0.25740000000000002             5000
   2.2209999999999999E-003  0.72840000000000005       0.25740000000000002             5000
   2.2219999999999996E-003  0.72840000000000005       0.25740000000000002             5000
   2.2229999999999997E-003  0.72840000000000005       0.25740000000000002             5000
   2.2239999999999998E-003  0.72840000000000005       0.25740000000000002             5000
   2.2250000000000000E-003  0.72840000000000005       0.25740000000000002             5000
   2.2259999999999997E-003  0.72840000000000005       0.25740000000000002             5000
   2.2269999999999998E-003  0.72840000000000005       0.25740000000000002             5000
   2.2279999999999999E-003  0.72840000000000005       0.25740000000000002             5000
   2.2290000000000001E-003  0.72840000000000005       0.25740000000000002             5000
   2.2299999999999998E-003  0.72840000000000005       0.25740000000000002             5000
   2.2309999999999995E-003  0.72840000000000005       0.25740000000000002             5000
   2.2320000000000000E-003  0.72840000000000005       0.25740000000000002             5000
   2.2329999999999997E-003  0.72840000000000005       0.25740000000000002             5000
   2.2339999999999999E-003  0.72840000000000005       0.25740000000000002             5000
   2.2349999999999996E-003  0.72840000000000005       0.25740000000000002             5000
   2.2360000000000001E-003  0.72840000000000005       0.25740000000000002             5000
   2.2369999999999998E-003  0.72840000000000005       0.25740000000000002             5000
   2.2380000000000000E-003  0.72840000000000005       0.25740000000000002             5000
   2.2389999999999997E-003  0.72840000000000005       0.25740000000000002             5000
   2.2399999999999998E-003  0.72840000000000005       0.25740000000000002             5000
   2.2409999999999999E-003  0.72840000000000005       0.25740000000000002             5000
   2.2419999999999996E-003  0.72840000000000005       0.25740000000000002             5000
   2.2430000000000002E-003  0.72840000000000005       0.25740000000000002             5000
   2.2439999999999999E-003  0.72840000000000005       0.25740000000000002             5000
   2.2450000000000000E-003  0.72840000000000005       0.25740000000000002             5000
   2.2459999999999997E-003  0.72840000000000005       0.25740000000000002             5000
   2.2469999999999999E-003  0.72840000000000005       0.25740000000000002             5000
   2.2480000000000000E-003  0.72840000000000005       0.25740000000000002             5000
   2.2489999999999997E-003  0.72840000000000005       0.25740000000000002             5000
   2.2499999999999998E-003  0.72840000000000005       0.25740000000000002             5000
   2.2510000000000000E-003  0.72840000000000005       0.25740000000000002             5000
   2.2520000000000001E-003  0.72840000000000005       0.25740000000000002             5000
   2.2529999999999998E-003  0.72840000000000005       0.25740000000000002             5000
   2.2539999999999999E-003  0.72840000000000005       0.25740000000000002             5000
   2.2550000000000001E-003  0.72840000000000005       0.25740000000000002             5000
   2.2559999999999998E-003  0.72840000000000005       0.25740000000000002             5000
   2.2569999999999999E-003  0.72840000000000005       0.25740000000000002             5000
   2.2579999999999996E-003  0.72840000000000005       0.25740000000000002             5000
   2.2590000000000002E-003  0.72840000000000005       0.25740000000000002             5000
   2.2599999999999999E-003  0.72840000000000005       0.25740000000000002             5000
   2.2610000000000000E-003  0.72840000000000005       0.25740000000000002             5000
   2.2619999999999997E-003  0.72840000000000005       0.25740000000000002             5000
   2.2629999999999998E-003  0.72840000000000005       0.25740000000000002             5000
   2.2640000000000000E-003  0.72840000000000005       0.25740000000000002             5000
   2.2649999999999997E-003  0.72840000000000005       0.25740000000000002             5000
   2.2659999999999998E-003  0.72840000000000005       0.25740000000000002             5000
   2.2669999999999999E-003  0.72840000000000005       0.25740000000000002             5000
   2.2680000000000001E-003  0.72840000000000005       0.25740000000000002             5000
   2.2689999999999997E-003  0.72840000000000005       0.25740000000000002             5000
   2.2699999999999999E-003  0.72840000000000005       0.25740000000000002             5000
   2.2710000000000000E-003  0.72840000000000005       0.25740000000000002             5000
   2.2719999999999997E-003  0.72840000000000005       0.25740000000000002             5000
   2.2729999999999998E-003  0.72840000000000005       0.25740000000000002             5000
   2.2739999999999995E-003  0.72840000000000005       0.25740000000000002             5000
   2.2750000000000001E-003  0.72840000000000005       0.25740000000000002             5000
   2.2759999999999998E-003  0.72840000000000005       0.25740000000000002             5000
   2.2769999999999999E-003  0.72840000000000005       0.25740000000000002             5000
   2.2779999999999996E-003  0.72840000000000005       0.25740000000000002             5000
   2.2789999999999998E-003  0.72840000000000005       0.25740000000000002             5000
   2.2799999999999999E-003  0.72840000000000005       0.25740000000000002             5000
   2.2809999999999996E-003  0.72840000000000005       0.25740000000000002             5000
   2.2819999999999997E-003  0.72840000000000005       0.25740000000000002             5000
   2.2829999999999999E-003  0.72840000000000005       0.25740000000000002             5000
   2.2840000000000000E-003  0.72840000000000005       0.25740000000000002             5000
   2.2849999999999997E-003  0.72840000000000005       0.25740000000000002             5000
   2.2859999999999998E-003  0.72840000000000005       0.25740000000000002             5000
   2.2870000000000000E-003  0.72840000000000005       0.25740000000000002             5000
   2.2879999999999997E-003  0.72840000000000005       0.25740000000000002             5000
   2.2889999999999998E-003  0.72840000000000005       0.25740000000000002             5000
   2.2899999999999995E-003  0.72840000000000005       0.25740000000000002             5000
   2.2910000000000001E-003  0.72840000000000005       0.25740000000000002             5000
   2.2919999999999998E-003  0.72840000000000005       0.25740000000000002             5000
   2.2929999999999999E-003  0.72840000000000005       0.25740000000000002             5000
   2.2939999999999996E-003  0.72840000000000005       0.25740000000000002             5000
   2.2950000000000002E-003  0.72840000000000005       0.25740000000000002             5000
   2.2959999999999999E-003  0.72840000000000005       0.25740000000000002             5000
   2.2969999999999996E-003  0.72840000000000005       0.25740000000000002             5000
   2.2979999999999997E-003  0.72840000000000005       0.25740000000000002             5000
   2.2989999999999998E-003  0.72840000000000005       0.25740000000000002             5000
   2.3000000000000000E-003  0.72840000000000005       0.25740000000000002             5000
   2.3009999999999997E-003  0.72840000000000005       0.25740000000000002             5000
   2.3019999999999998E-003  0.72840000000000005       0.25740000000000002             5000
   2.3029999999999999E-003  0.72840000000000005       0.25740000000000002             5000
   2.3040000000000001E-003  0.72840000000000005       0.25740000000000002             5000
   2.3049999999999998E-003  0.72840000000000005       0.25740000000000002             5000
   2.3059999999999999E-003  0.72840000000000005       0.25740000000000002             5000
   2.3070000000000000E-003  0.72840000000000005       0.25740000000000002             5000
   2.3079999999999997E-003  0.72840000000000005       0.25740000000000002             5000
   2.3089999999999999E-003  0.72840000000000005       0.25740000000000002             5000
   2.3100000000000000E-003  0.72840000000000005       0.25740000000000002             5000
   2.3110000000000001E-003  0.72840000000000005       0.25740000000000002             5000
   2.3119999999999998E-003  0.72840000000000005       0.25740000000000002             5000
   2.3130000000000000E-003  0.72840000000000005       0.25740000000000002             5000
   2.3140000000000001E-003  0.72840000000000005       0.25740000000000002             5000
   2.3149999999999998E-003  0.72840000000000005       0.25740000000000002             5000
   2.3159999999999999E-003  0.72840000000000005       0.25740000000000002             5000
   2.3169999999999996E-003  0.72840000000000005       0.25740000000000002             5000
   2.3180000000000002E-003  0.72840000000000005       0.25740000000000002             5000
   2.3189999999999999E-003  0.72840000000000005       0.25740000000000002             5000
   2.3200000000000000E-003  0.72840000000000005       0.25740000000000002             5000
   2.3209999999999997E-003  0.72840000000000005       0.25740000000000002             5000
   2.3219999999999998E-003  0.72840000000000005       0.25740000000000002             5000
   2.3230000000000000E-003  0.72840000000000005       0.25740000000000002             5000
   2.3239999999999997E-003  0.72840000000000005       0.25740000000000002             5000
   2.3249999999999998E-003  0.72840000000000005       0.25740000000000002             5000
   2.3259999999999999E-003  0.72840000000000005       0.25740000000000002             5000
   2.3270000000000001E-003  0.72840000000000005       0.25740000000000002             5000
   2.3279999999999998E-003  0.72840000000000005       0.25740000000000002             5000
   2.3289999999999999E-003  0.72840000000000005       0.25740000000000002             5000
   2.3300000000000000E-003  0.72840000000000005       0.25740000000000002             5000
   2.3309999999999997E-003  0.72840000000000005       0.25740000000000002             5000
   2.3319999999999999E-003  0.72840000000000005       0.25740000000000002             5000
   2.3329999999999996E-003  0.72840000000000005       0.25740000000000002             5000
   2.3340000000000001E-003  0.72840000000000005       0.25740000000000002             5000
   2.3349999999999998E-003  0.72840000000000005       0.25740000000000002             5000
   2.3360000000000000E-003  0.72840000000000005       0.25740000000000002             5000
   2.3369999999999997E-003  0.72840000000000005       0.25740000000000002             5000
   2.3379999999999998E-003  0.72840000000000005       0.25740000000000002             5000
   2.3389999999999999E-003  0.72840000000000005       0.25740000000000002             5000
   2.3399999999999996E-003  0.72840000000000005       0.25740000000000002             5000
   2.3409999999999998E-003  0.72840000000000005       0.25740000000000002             5000
   2.3419999999999999E-003  0.72840000000000005       0.25740000000000002             5000
   2.3430000000000000E-003  0.72840000000000005       0.25740000000000002             5000
   2.3439999999999997E-003  0.72840000000000005       0.25740000000000002             5000
   2.3449999999999999E-003  0.72840000000000005       0.25740000000000002             5000
   2.3460000000000000E-003  0.72840000000000005       0.25740000000000002             5000
   2.3469999999999997E-003  0.72840000000000005       0.25740000000000002             5000
   2.3479999999999998E-003  0.72840000000000005       0.25740000000000002             5000
   2.3489999999999995E-003  0.72840000000000005       0.25740000000000002             5000
   2.3500000000000001E-003  0.72840000000000005       0.25740000000000002             5000
   2.3509999999999998E-003  0.72840000000000005       0.25740000000000002             5000
   2.3519999999999999E-003  0.72840000000000005       0.25740000000000002             5000
   2.3529999999999996E-003  0.72840000000000005       0.25740000000000002             5000
   2.3539999999999998E-003  0.72840000000000005       0.25740000000000002             5000
   2.3549999999999999E-003  0.72840000000000005       0.25740000000000002             5000
   2.3559999999999996E-003  0.72840000000000005       0.25740000000000002             5000
   2.3569999999999997E-003  0.72840000000000005       0.25740000000000002             5000
   2.3579999999999999E-003  0.72840000000000005       0.25740000000000002             5000
   2.3590000000000000E-003  0.72840000000000005       0.25740000000000002             5000
   2.3599999999999997E-003  0.72840000000000005       0.25740000000000002             5000
   2.3609999999999998E-003  0.72840000000000005       0.25740000000000002             5000
   2.3620000000000000E-003  0.72840000000000005       0.25740000000000002             5000
   2.3629999999999996E-003  0.72840000000000005       0.25740000000000002             5000
   2.3639999999999998E-003  0.72840000000000005       0.25740000000000002             5000
   2.3649999999999995E-003  0.72840000000000005       0.25740000000000002             5000
   2.3660000000000000E-003  0.72840000000000005       0.25740000000000002             5000
   2.3669999999999997E-003  0.72840000000000005       0.25740000000000002             5000
   2.3679999999999999E-003  0.72840000000000005       0.25740000000000002             5000
   2.3690000000000000E-003  0.72840000000000005       0.25740000000000002             5000
   2.3700000000000001E-003  0.72840000000000005       0.25740000000000002             5000
   2.3709999999999998E-003  0.72840000000000005       0.25740000000000002             5000
   2.3719999999999995E-003  0.72840000000000005       0.25740000000000002             5000
   2.3730000000000001E-003  0.72840000000000005       0.25740000000000002             5000
   2.3739999999999998E-003  0.72840000000000005       0.25740000000000002             5000
   2.3749999999999999E-003  0.72840000000000005       0.25740000000000002             5000
   2.3759999999999996E-003  0.72840000000000005       0.25740000000000002             5000
   2.3770000000000002E-003  0.72840000000000005       0.25740000000000002             5000
   2.3779999999999999E-003  0.72840000000000005       0.25740000000000002             5000
   2.3790000000000000E-003  0.72840000000000005       0.25740000000000002             5000
   2.3799999999999997E-003  0.72840000000000005       0.25740000000000002             5000
   2.3809999999999999E-003  0.72840000000000005       0.25740000000000002             5000
   2.3820000000000000E-003  0.72840000000000005       0.25740000000000002             5000
   2.3829999999999997E-003  0.72840000000000005       0.25740000000000002             5000
   2.3839999999999998E-003  0.72840000000000005       0.25740000000000002             5000
   2.3850000000000000E-003  0.72840000000000005       0.25740000000000002             5000
   2.3860000000000001E-003  0.72840000000000005       0.25740000000000002             5000
   2.3869999999999998E-003  0.72840000000000005       0.25740000000000002             5000
   2.3879999999999999E-003  0.72840000000000005       0.25740000000000002             5000
   2.3890000000000001E-003  0.72840000000000005       0.25740000000000002             5000
   2.3899999999999998E-003  0.72840000000000005       0.25740000000000002             5000
   2.3909999999999999E-003  0.72840000000000005       0.25740000000000002             5000
   2.3919999999999996E-003  0.72840000000000005       0.25740000000000002             5000
   2.3930000000000002E-003  0.72840000000000005       0.25740000000000002             5000
   2.3939999999999999E-003  0.72840000000000005       0.25740000000000002             5000
   2.3950000000000000E-003  0.72840000000000005       0.25740000000000002             5000
   2.3959999999999997E-003  0.72840000000000005       0.25740000000000002             5000
   2.3969999999999998E-003  0.72840000000000005       0.25740000000000002             5000
   2.3980000000000000E-003  0.72840000000000005       0.25740000000000002             5000
   2.3989999999999997E-003  0.72840000000000005       0.25740000000000002             5000
   2.3999999999999998E-003  0.72840000000000005       0.25740000000000002             5000
   2.4009999999999999E-003  0.72840000000000005       0.25740000000000002             5000
   2.4020000000000001E-003  0.72840000000000005       0.25740000000000002             5000
   2.4029999999999998E-003  0.72840000000000005       0.25740000000000002             5000
   2.4039999999999999E-003  0.72840000000000005       0.25740000000000002             5000
   2.4050000000000000E-003  0.72840000000000005       0.25740000000000002             5000
   2.4059999999999997E-003  0.72840000000000005       0.25740000000000002             5000
   2.4069999999999999E-003  0.72840000000000005       0.25740000000000002             5000
   2.4079999999999996E-003  0.72840000000000005       0.25740000000000002             5000
   2.4090000000000001E-003  0.72840000000000005       0.25740000000000002             5000
   2.4099999999999998E-003  0.72840000000000005       0.25740000000000002             5000
   2.4109999999999999E-003  0.72840000000000005       0.25740000000000002             5000
   2.4119999999999996E-003  0.72840000000000005       0.25740000000000002             5000
   2.4129999999999998E-003  0.72840000000000005       0.25740000000000002             5000
   2.4139999999999999E-003  0.72840000000000005       0.25740000000000002             5000
   2.4149999999999996E-003  0.72840000000000005       0.25740000000000002             5000
   2.4159999999999997E-003  0.72840000000000005       0.25740000000000002             5000
   2.4169999999999999E-003  0.72840000000000005       0.25740000000000002             5000
   2.4180000000000000E-003  0.72840000000000005       0.25740000000000002             5000
   2.4189999999999997E-003  0.72840000000000005       0.25740000000000002             5000
   2.4199999999999998E-003  0.72840000000000005       0.25740000000000002             5000
   2.4210000000000000E-003  0.72840000000000005       0.25740000000000002             5000
   2.4219999999999997E-003  0.72840000000000005       0.25740000000000002             5000
   2.4229999999999998E-003  0.72840000000000005       0.25740000000000002             5000
   2.4239999999999995E-003  0.72840000000000005       0.25740000000000002             5000
   2.4250000000000001E-003  0.72840000000000005       0.25740000000000002             5000
   2.4259999999999998E-003  0.72840000000000005       0.25740000000000002             5000
   2.4269999999999999E-003  0.72840000000000005       0.25740000000000002             5000
   2.4279999999999996E-003  0.72840000000000005       0.25740000000000002             5000
   2.4289999999999997E-003  0.72840000000000005       0.25740000000000002             5000
   2.4299999999999999E-003  0.72840000000000005       0.25740000000000002             5000
   2.4309999999999996E-003  0.72840000000000005       0.25740000000000002             5000
   2.4320000000000001E-003  0.72840000000000005       0.25740000000000002             5000
   2.4329999999999998E-003  0.72840000000000005       0.25740000000000002             5000
   2.4340000000000000E-003  0.72840000000000005       0.25740000000000002             5000
   2.4349999999999997E-003  0.72840000000000005       0.25740000000000002             5000
   2.4360000000000002E-003  0.72840000000000005       0.25740000000000002             5000
   2.4369999999999999E-003  0.72840000000000005       0.25740000000000002             5000
   2.4379999999999996E-003  0.72840000000000005       0.25740000000000002             5000
   2.4389999999999998E-003  0.72840000000000005       0.25740000000000002             5000
   2.4399999999999999E-003  0.72840000000000005       0.25740000000000002             5000
   2.4410000000000000E-003  0.72840000000000005       0.25740000000000002             5000
   2.4419999999999997E-003  0.72840000000000005       0.25740000000000002             5000
   2.4429999999999999E-003  0.72840000000000005       0.25740000000000002             5000
   2.4440000000000000E-003  0.72840000000000005       0.25740000000000002             5000
   2.4450000000000001E-003  0.72840000000000005       0.25740000000000002             5000
   2.4459999999999998E-003  0.72840000000000005       0.25740000000000002             5000
   2.4469999999999995E-003  0.72840000000000005       0.25740000000000002             5000
   2.4480000000000001E-003  0.72840000000000005       0.25740000000000002             5000
   2.4489999999999998E-003  0.72840000000000005       0.25740000000000002             5000
   2.4499999999999999E-003  0.72840000000000005       0.25740000000000002             5000
   2.4509999999999996E-003  0.72840000000000005       0.25740000000000002             5000
   2.4520000000000002E-003  0.72840000000000005       0.25740000000000002             5000
   2.4529999999999999E-003  0.72840000000000005       0.25740000000000002             5000
   2.4540000000000000E-003  0.72840000000000005       0.25740000000000002             5000
   2.4549999999999997E-003  0.72840000000000005       0.25740000000000002             5000
   2.4559999999999998E-003  0.72840000000000005       0.25740000000000002             5000
   2.4570000000000000E-003  0.72840000000000005       0.25740000000000002             5000
   2.4579999999999997E-003  0.72840000000000005       0.25740000000000002             5000
   2.4589999999999998E-003  0.72840000000000005       0.25740000000000002             5000
   2.4599999999999999E-003  0.72840000000000005       0.25740000000000002             5000
   2.4610000000000001E-003  0.72840000000000005       0.25740000000000002             5000
   2.4619999999999998E-003  0.72840000000000005       0.25740000000000002             5000
   2.4629999999999999E-003  0.72840000000000005       0.25740000000000002             5000
   2.4640000000000000E-003  0.72840000000000005       0.25740000000000002             5000
   2.4649999999999997E-003  0.72840000000000005       0.25740000000000002             5000
   2.4659999999999999E-003  0.72840000000000005       0.25740000000000002             5000
   2.4669999999999996E-003  0.72840000000000005       0.25740000000000002             5000
   2.4680000000000001E-003  0.72840000000000005       0.25740000000000002             5000
   2.4689999999999998E-003  0.72840000000000005       0.25740000000000002             5000
   2.4700000000000000E-003  0.72840000000000005       0.25740000000000002             5000
   2.4709999999999997E-003  0.72840000000000005       0.25740000000000002             5000
   2.4719999999999998E-003  0.72840000000000005       0.25740000000000002             5000
   2.4729999999999999E-003  0.72840000000000005       0.25740000000000002             5000
   2.4739999999999996E-003  0.72840000000000005       0.25740000000000002             5000
   2.4749999999999998E-003  0.72840000000000005       0.25740000000000002             5000
   2.4759999999999999E-003  0.72840000000000005       0.25740000000000002             5000
   2.4770000000000000E-003  0.72840000000000005       0.25740000000000002             5000
   2.4779999999999997E-003  0.72840000000000005       0.25740000000000002             5000
   2.4789999999999999E-003  0.72840000000000005       0.25740000000000002             5000
   2.4800000000000000E-003  0.72840000000000005       0.25740000000000002             5000
   2.4809999999999997E-003  0.72840000000000005       0.25740000000000002             5000
   2.4819999999999998E-003  0.72840000000000005       0.25740000000000002             5000
   2.4829999999999995E-003  0.72840000000000005       0.25740000000000002             5000
   2.4840000000000001E-003  0.72840000000000005       0.25740000000000002             5000
   2.4849999999999998E-003  0.72840000000000005       0.25740000000000002             5000
   2.4859999999999999E-003  0.72840000000000005       0.25740000000000002             5000
   2.4869999999999996E-003  0.72840000000000005       0.25740000000000002             5000
   2.4879999999999998E-003  0.72840000000000005       0.25740000000000002             5000
   2.4889999999999999E-003  0.72840000000000005       0.25740000000000002             5000
   2.4899999999999996E-003  0.72840000000000005       0.25740000000000002             5000
   2.4909999999999997E-003  0.72840000000000005       0.25740000000000002             5000
   2.4919999999999999E-003  0.72840000000000005       0.25740000000000002             5000
   2.4930000000000000E-003  0.72840000000000005       0.25740000000000002             5000
   2.4939999999999997E-003  0.72840000000000005       0.25740000000000002             5000
   2.4949999999999998E-003  0.72840000000000005       0.25740000000000002             5000
   2.4960000000000000E-003  0.72840000000000005       0.25740000000000002             5000
   2.4969999999999997E-003  0.72840000000000005       0.25740000000000002             5000
   2.4979999999999998E-003  0.72840000000000005       0.25740000000000002             5000
   2.4989999999999999E-003  0.72840000000000005       0.25740000000000002             5000
   2.5000000000000001E-003  0.72840000000000005       0.25740000000000002             5000
   2.5009999999999998E-003  0.72840000000000005       0.25740000000000002             5000
   2.5019999999999999E-003  0.72840000000000005       0.25740000000000002             5000
   2.5030000000000000E-003  0.72840000000000005       0.25740000000000002             5000
   2.5039999999999997E-003  0.72840000000000005       0.25740000000000002             5000
   2.5049999999999998E-003  0.72840000000000005       0.25740000000000002             5000
   2.5059999999999995E-003  0.72840000000000005       0.25740000000000002             5000
   2.5070000000000001E-003  0.72840000000000005       0.25740000000000002             5000
   2.5079999999999998E-003  0.72840000000000005       0.25740000000000002             5000
   2.5089999999999999E-003  0.72840000000000005       0.25740000000000002             5000
   2.5099999999999996E-003  0.72840000000000005       0.25740000000000002             5000
   2.5110000000000002E-003  0.72840000000000005       0.25740000000000002             5000
   2.5119999999999999E-003  0.72840000000000005       0.25740000000000002             5000
   2.5129999999999996E-003  0.72840000000000005       0.25740000000000002             5000
   2.5139999999999997E-003  0.72840000000000005       0.25740000000000002             5000
   2.5149999999999999E-003  0.72840000000000005       0.25740000000000002             5000
   2.5160000000000000E-003  0.72840000000000005       0.25740000000000002             5000
   2.5169999999999997E-003  0.72840000000000005       0.25740000000000002             5000
   2.5179999999999998E-003  0.72840000000000005       0.25740000000000002             5000
   2.5190000000000000E-003  0.72840000000000005       0.25740000000000002             5000
   2.5200000000000001E-003  0.72840000000000005       0.25740000000000002             5000
   2.5209999999999998E-003  0.72840000000000005       0.25740000000000002             5000
   2.5219999999999995E-003  0.72840000000000005       0.25740000000000002             5000
   2.5230000000000001E-003  0.72840000000000005       0.25740000000000002             5000
   2.5239999999999998E-003  0.72840000000000005       0.25740000000000002             5000
   2.5249999999999999E-003  0.72840000000000005       0.25740000000000002             5000
   2.5259999999999996E-003  0.72840000000000005       0.25740000000000002             5000
   2.5270000000000002E-003  0.72840000000000005       0.25740000000000002             5000
   2.5279999999999999E-003  0.72840000000000005       0.25740000000000002             5000
   2.5290000000000000E-003  0.72840000000000005       0.25740000000000002             5000
   2.5299999999999997E-003  0.72840000000000005       0.25740000000000002             5000
   2.5309999999999998E-003  0.72840000000000005       0.25740000000000002             5000
   2.5320000000000000E-003  0.72840000000000005       0.25740000000000002             5000
   2.5329999999999997E-003  0.72840000000000005       0.25740000000000002             5000
   2.5339999999999998E-003  0.72840000000000005       0.25740000000000002             5000
   2.5349999999999999E-003  0.72840000000000005       0.25740000000000002             5000
   2.5360000000000001E-003  0.72840000000000005       0.25740000000000002             5000
   2.5369999999999998E-003  0.72840000000000005       0.25740000000000002             5000
   2.5379999999999999E-003  0.72840000000000005       0.25740000000000002             5000
   2.5390000000000000E-003  0.72840000000000005       0.25740000000000002             5000
   2.5399999999999997E-003  0.72840000000000005       0.25740000000000002             5000
   2.5409999999999999E-003  0.72840000000000005       0.25740000000000002             5000
   2.5419999999999996E-003  0.72840000000000005       0.25740000000000002             5000
   2.5430000000000001E-003  0.72840000000000005       0.25740000000000002             5000
   2.5439999999999998E-003  0.72840000000000005       0.25740000000000002             5000
   2.5450000000000000E-003  0.72840000000000005       0.25740000000000002             5000
   2.5459999999999997E-003  0.72840000000000005       0.25740000000000002             5000
   2.5469999999999998E-003  0.72840000000000005       0.25740000000000002             5000
   2.5479999999999999E-003  0.72840000000000005       0.25740000000000002             5000
   2.5489999999999996E-003  0.72840000000000005       0.25740000000000002             5000
   2.5499999999999997E-003  0.72840000000000005       0.25740000000000002             5000
   2.5509999999999999E-003  0.72840000000000005       0.25740000000000002             5000
   2.5520000000000000E-003  0.72840000000000005       0.25740000000000002             5000
   2.5529999999999997E-003  0.72840000000000005       0.25740000000000002             5000
   2.5539999999999998E-003  0.72840000000000005       0.25740000000000002             5000
   2.5550000000000000E-003  0.72840000000000005       0.25740000000000002             5000
   2.5559999999999997E-003  0.72840000000000005       0.25740000000000002             5000
   2.5569999999999998E-003  0.72840000000000005       0.25740000000000002             5000
   2.5579999999999995E-003  0.72840000000000005       0.25740000000000002             5000
   2.5590000000000001E-003  0.72840000000000005       0.25740000000000002             5000
   2.5599999999999998E-003  0.72840000000000005       0.25740000000000002             5000
   2.5609999999999999E-003  0.72840000000000005       0.25740000000000002             5000
   2.5620000000000000E-003  0.72840000000000005       0.25740000000000002             5000
   2.5629999999999997E-003  0.72840000000000005       0.25740000000000002             5000
   2.5639999999999999E-003  0.72840000000000005       0.25740000000000002             5000
   2.5649999999999996E-003  0.72840000000000005       0.25740000000000002             5000
   2.5660000000000001E-003  0.72840000000000005       0.25740000000000002             5000
   2.5669999999999998E-003  0.72840000000000005       0.25740000000000002             5000
   2.5680000000000000E-003  0.72840000000000005       0.25740000000000002             5000
   2.5689999999999997E-003  0.72840000000000005       0.25740000000000002             5000
   2.5699999999999998E-003  0.72840000000000005       0.25740000000000002             5000
   2.5709999999999999E-003  0.72840000000000005       0.25740000000000002             5000
   2.5719999999999996E-003  0.72840000000000005       0.25740000000000002             5000
   2.5729999999999998E-003  0.72840000000000005       0.25740000000000002             5000
   2.5739999999999999E-003  0.72840000000000005       0.25740000000000002             5000
   2.5750000000000000E-003  0.72840000000000005       0.25740000000000002             5000
   2.5759999999999997E-003  0.72840000000000005       0.25740000000000002             5000
   2.5769999999999999E-003  0.72840000000000005       0.25740000000000002             5000
   2.5780000000000000E-003  0.72840000000000005       0.25740000000000002             5000
   2.5789999999999997E-003  0.72840000000000005       0.25740000000000002             5000
   2.5799999999999998E-003  0.72840000000000005       0.25740000000000002             5000
   2.5809999999999995E-003  0.72840000000000005       0.25740000000000002             5000
   2.5820000000000001E-003  0.72840000000000005       0.25740000000000002             5000
   2.5829999999999998E-003  0.72840000000000005       0.25740000000000002             5000
   2.5839999999999999E-003  0.72840000000000005       0.25740000000000002             5000
   2.5849999999999996E-003  0.72840000000000005       0.25740000000000002             5000
   2.5860000000000002E-003  0.72840000000000005       0.25740000000000002             5000
   2.5869999999999999E-003  0.72840000000000005       0.25740000000000002             5000
   2.5879999999999996E-003  0.72840000000000005       0.25740000000000002             5000
   2.5889999999999997E-003  0.72840000000000005       0.25740000000000002             5000
   2.5899999999999999E-003  0.72840000000000005       0.25740000000000002             5000
   2.5910000000000000E-003  0.72840000000000005       0.25740000000000002             5000
   2.5919999999999997E-003  0.72840000000000005       0.25740000000000002             5000
   2.5929999999999998E-003  0.72840000000000005       0.25740000000000002             5000
   2.5940000000000000E-003  0.72840000000000005       0.25740000000000002             5000
   2.5950000000000001E-003  0.72840000000000005       0.25740000000000002             5000
   2.5959999999999998E-003  0.72840000000000005       0.25740000000000002             5000
   2.5969999999999995E-003  0.72840000000000005       0.25740000000000002             5000
   2.5980000000000000E-003  0.72840000000000005       0.25740000000000002             5000
   2.5989999999999997E-003  0.72840000000000005       0.25740000000000002             5000
   2.5999999999999999E-003  0.72840000000000005       0.25740000000000002             5000
   2.6009999999999996E-003  0.72840000000000005       0.25740000000000002             5000
   2.6020000000000001E-003  0.72840000000000005       0.25740000000000002             5000
   2.6029999999999998E-003  0.72840000000000005       0.25740000000000002             5000
   2.6040000000000000E-003  0.72840000000000005       0.25740000000000002             5000
   2.6049999999999997E-003  0.72840000000000005       0.25740000000000002             5000
   2.6059999999999998E-003  0.72840000000000005       0.25740000000000002             5000
   2.6069999999999999E-003  0.72840000000000005       0.25740000000000002             5000
   2.6079999999999996E-003  0.72840000000000005       0.25740000000000002             5000
   2.6089999999999998E-003  0.72840000000000005       0.25740000000000002             5000
   2.6099999999999999E-003  0.72840000000000005       0.25740000000000002             5000
   2.6110000000000000E-003  0.72840000000000005       0.25740000000000002             5000
   2.6119999999999997E-003  0.72840000000000005       0.25740000000000002             5000
   2.6129999999999999E-003  0.72840000000000005       0.25740000000000002             5000
   2.6140000000000000E-003  0.72840000000000005       0.25740000000000002             5000
   2.6149999999999997E-003  0.72840000000000005       0.25740000000000002             5000
   2.6159999999999998E-003  0.72840000000000005       0.25740000000000002             5000
   2.6169999999999995E-003  0.72840000000000005       0.25740000000000002             5000
   2.6180000000000001E-003  0.72840000000000005       0.25740000000000002             5000
   2.6189999999999998E-003  0.72840000000000005       0.25740000000000002             5000
   2.6199999999999999E-003  0.72840000000000005       0.25740000000000002             5000
   2.6209999999999996E-003  0.72840000000000005       0.25740000000000002             5000
   2.6219999999999998E-003  0.72840000000000005       0.25740000000000002             5000
   2.6229999999999999E-003  0.72840000000000005       0.25740000000000002             5000
   2.6239999999999996E-003  0.72840000000000005       0.25740000000000002             5000
   2.6250000000000002E-003  0.72840000000000005       0.25740000000000002             5000
   2.6259999999999999E-003  0.72840000000000005       0.25740000000000002             5000
   2.6270000000000000E-003  0.72840000000000005       0.25740000000000002             5000
   2.6279999999999997E-003  0.72840000000000005       0.25740000000000002             5000
   2.6289999999999998E-003  0.72840000000000005       0.25740000000000002             5000
   2.6300000000000000E-003  0.72840000000000005       0.25740000000000002             5000
   2.6309999999999997E-003  0.72840000000000005       0.25740000000000002             5000
   2.6319999999999998E-003  0.72840000000000005       0.25740000000000002             5000
   2.6329999999999999E-003  0.72840000000000005       0.25740000000000002             5000
   2.6340000000000001E-003  0.72840000000000005       0.25740000000000002             5000
   2.6349999999999998E-003  0.72840000000000005       0.25740000000000002             5000
   2.6359999999999999E-003  0.72840000000000005       0.25740000000000002             5000
   2.6370000000000000E-003  0.72840000000000005       0.25740000000000002             5000
   2.6379999999999997E-003  0.72840000000000005       0.25740000000000002             5000
   2.6389999999999999E-003  0.72840000000000005       0.25740000000000002             5000
   2.6399999999999996E-003  0.72840000000000005       0.25740000000000002             5000
   2.6410000000000001E-003  0.72840000000000005       0.25740000000000002             5000
   2.6419999999999998E-003  0.72840000000000005       0.25740000000000002             5000
   2.6430000000000000E-003  0.72840000000000005       0.25740000000000002             5000
   2.6439999999999996E-003  0.72840000000000005       0.25740000000000002             5000
   2.6449999999999998E-003  0.72840000000000005       0.25740000000000002             5000
   2.6459999999999999E-003  0.72840000000000005       0.25740000000000002             5000
   2.6469999999999996E-003  0.72840000000000005       0.25740000000000002             5000
   2.6479999999999997E-003  0.72840000000000005       0.25740000000000002             5000
   2.6489999999999999E-003  0.72840000000000005       0.25740000000000002             5000
   2.6500000000000000E-003  0.72840000000000005       0.25740000000000002             5000
   2.6509999999999997E-003  0.72840000000000005       0.25740000000000002             5000
   2.6519999999999998E-003  0.72840000000000005       0.25740000000000002             5000
   2.6530000000000000E-003  0.72840000000000005       0.25740000000000002             5000
   2.6539999999999997E-003  0.72840000000000005       0.25740000000000002             5000
   2.6549999999999998E-003  0.72840000000000005       0.25740000000000002             5000
   2.6559999999999995E-003  0.72840000000000005       0.25740000000000002             5000
   2.6570000000000001E-003  0.72840000000000005       0.25740000000000002             5000
   2.6579999999999998E-003  0.72840000000000005       0.25740000000000002             5000
   2.6589999999999999E-003  0.72840000000000005       0.25740000000000002             5000
   2.6599999999999996E-003  0.72840000000000005       0.25740000000000002             5000
   2.6610000000000002E-003  0.72840000000000005       0.25740000000000002             5000
   2.6619999999999999E-003  0.72840000000000005       0.25740000000000002             5000
   2.6629999999999996E-003  0.72840000000000005       0.25740000000000002             5000
   2.6639999999999997E-003  0.72840000000000005       0.25740000000000002             5000
   2.6649999999999998E-003  0.72840000000000005       0.25740000000000002             5000
   2.6660000000000000E-003  0.72840000000000005       0.25740000000000002             5000
   2.6669999999999997E-003  0.72840000000000005       0.25740000000000002             5000
   2.6679999999999998E-003  0.72840000000000005       0.25740000000000002             5000
   2.6689999999999999E-003  0.72840000000000005       0.25740000000000002             5000
   2.6700000000000001E-003  0.72840000000000005       0.25740000000000002             5000
   2.6709999999999998E-003  0.72840000000000005       0.25740000000000002             5000
   2.6719999999999995E-003  0.72840000000000005       0.25740000000000002             5000
   2.6730000000000000E-003  0.72840000000000005       0.25740000000000002             5000
   2.6739999999999997E-003  0.72840000000000005       0.25740000000000002             5000
   2.6749999999999999E-003  0.72840000000000005       0.25740000000000002             5000
   2.6759999999999996E-003  0.72840000000000005       0.25740000000000002             5000
   2.6770000000000001E-003  0.72840000000000005       0.25740000000000002             5000
   2.6779999999999998E-003  0.72840000000000005       0.25740000000000002             5000
   2.6790000000000000E-003  0.72840000000000005       0.25740000000000002             5000
   2.6799999999999997E-003  0.72840000000000005       0.25740000000000002             5000
   2.6809999999999998E-003  0.72840000000000005       0.25740000000000002             5000
   2.6819999999999999E-003  0.72840000000000005       0.25740000000000002             5000
   2.6829999999999996E-003  0.72840000000000005       0.25740000000000002             5000
   2.6839999999999998E-003  0.72840000000000005       0.25740000000000002             5000
   2.6849999999999999E-003  0.72840000000000005       0.25740000000000002             5000
   2.6860000000000000E-003  0.72840000000000005       0.25740000000000002             5000
   2.6869999999999997E-003  0.72840000000000005       0.25740000000000002             5000
   2.6879999999999999E-003  0.72840000000000005       0.25740000000000002             5000
   2.6890000000000000E-003  0.72840000000000005       0.25740000000000002             5000
   2.6899999999999997E-003  0.72840000000000005       0.25740000000000002             5000
   2.6909999999999998E-003  0.72840000000000005       0.25740000000000002             5000
   2.6919999999999999E-003  0.72840000000000005       0.25740000000000002             5000
   2.6930000000000001E-003  0.72840000000000005       0.25740000000000002             5000
   2.6939999999999998E-003  0.72840000000000005       0.25740000000000002             5000
   2.6949999999999999E-003  0.72840000000000005       0.25740000000000002             5000
   2.6960000000000000E-003  0.72840000000000005       0.25740000000000002             5000
   2.6969999999999997E-003  0.72840000000000005       0.25740000000000002             5000
   2.6979999999999999E-003  0.72840000000000005       0.25740000000000002             5000
   2.6989999999999996E-003  0.72840000000000005       0.25740000000000002             5000
   2.7000000000000001E-003  0.72840000000000005       0.25740000000000002             5000
   2.7009999999999998E-003  0.72840000000000005       0.25740000000000002             5000
   2.7020000000000000E-003  0.72840000000000005       0.25740000000000002             5000
   2.7029999999999997E-003  0.72840000000000005       0.25740000000000002             5000
   2.7039999999999998E-003  0.72840000000000005       0.25740000000000002             5000
   2.7049999999999999E-003  0.72840000000000005       0.25740000000000002             5000
   2.7059999999999996E-003  0.72840000000000005       0.25740000000000002             5000
   2.7069999999999998E-003  0.72840000000000005       0.25740000000000002             5000
   2.7079999999999999E-003  0.72840000000000005       0.25740000000000002             5000
   2.7090000000000000E-003  0.72840000000000005       0.25740000000000002             5000
   2.7099999999999997E-003  0.72840000000000005       0.25740000000000002             5000
   2.7109999999999999E-003  0.72840000000000005       0.25740000000000002             5000
   2.7120000000000000E-003  0.72840000000000005       0.25740000000000002             5000
   2.7129999999999997E-003  0.72840000000000005       0.25740000000000002             5000
   2.7139999999999998E-003  0.72840000000000005       0.25740000000000002             5000
   2.7149999999999995E-003  0.72840000000000005       0.25740000000000002             5000
   2.7160000000000001E-003  0.72840000000000005       0.25740000000000002             5000
   2.7169999999999998E-003  0.72840000000000005       0.25740000000000002             5000
   2.7179999999999999E-003  0.72840000000000005       0.25740000000000002             5000
   2.7189999999999996E-003  0.72840000000000005       0.25740000000000002             5000
   2.7199999999999998E-003  0.72840000000000005       0.25740000000000002             5000
   2.7209999999999999E-003  0.72840000000000005       0.25740000000000002             5000
   2.7219999999999996E-003  0.72840000000000005       0.25740000000000002             5000
   2.7229999999999997E-003  0.72840000000000005       0.25740000000000002             5000
   2.7239999999999999E-003  0.72840000000000005       0.25740000000000002             5000
   2.7250000000000000E-003  0.72840000000000005       0.25740000000000002             5000
   2.7259999999999997E-003  0.72840000000000005       0.25740000000000002             5000
   2.7269999999999998E-003  0.72840000000000005       0.25740000000000002             5000
   2.7280000000000000E-003  0.72840000000000005       0.25740000000000002             5000
   2.7289999999999997E-003  0.72840000000000005       0.25740000000000002             5000
   2.7299999999999998E-003  0.72840000000000005       0.25740000000000002             5000
   2.7309999999999995E-003  0.72840000000000005       0.25740000000000002             5000
   2.7320000000000001E-003  0.72840000000000005       0.25740000000000002             5000
   2.7329999999999998E-003  0.72840000000000005       0.25740000000000002             5000
   2.7339999999999999E-003  0.72840000000000005       0.25740000000000002             5000
   2.7349999999999996E-003  0.72840000000000005       0.25740000000000002             5000
   2.7360000000000002E-003  0.72840000000000005       0.25740000000000002             5000
   2.7369999999999998E-003  0.72840000000000005       0.25740000000000002             5000
   2.7379999999999995E-003  0.72840000000000005       0.25740000000000002             5000
   2.7389999999999997E-003  0.72840000000000005       0.25740000000000002             5000
   2.7399999999999998E-003  0.72840000000000005       0.25740000000000002             5000
   2.7409999999999999E-003  0.72840000000000005       0.25740000000000002             5000
   2.7419999999999996E-003  0.72840000000000005       0.25740000000000002             5000
   2.7429999999999998E-003  0.72840000000000005       0.25740000000000002             5000
   2.7439999999999999E-003  0.72840000000000005       0.25740000000000002             5000
   2.7450000000000000E-003  0.72840000000000005       0.25740000000000002             5000
   2.7459999999999997E-003  0.72840000000000005       0.25740000000000002             5000
   2.7469999999999994E-003  0.72840000000000005       0.25740000000000002             5000
   2.7480000000000000E-003  0.72840000000000005       0.25740000000000002             5000
   2.7489999999999997E-003  0.72840000000000005       0.25740000000000002             5000
   2.7499999999999998E-003  0.72840000000000005       0.25740000000000002             5000
   2.7509999999999995E-003  0.72840000000000005       0.25740000000000002             5000
   2.7520000000000001E-003  0.72840000000000005       0.25740000000000002             5000
   2.7529999999999998E-003  0.72840000000000005       0.25740000000000002             5000
   2.7539999999999999E-003  0.72840000000000005       0.25740000000000002             5000
   2.7550000000000001E-003  0.72840000000000005       0.25740000000000002             5000
   2.7559999999999998E-003  0.72840000000000005       0.25740000000000002             5000
   2.7569999999999999E-003  0.72840000000000005       0.25740000000000002             5000
   2.7579999999999996E-003  0.72840000000000005       0.25740000000000002             5000
   2.7590000000000002E-003  0.72840000000000005       0.25740000000000002             5000
   2.7599999999999999E-003  0.72840000000000005       0.25740000000000002             5000
   2.7610000000000000E-003  0.72840000000000005       0.25740000000000002             5000
   2.7619999999999997E-003  0.72840000000000005       0.25740000000000002             5000
   2.7629999999999998E-003  0.72840000000000005       0.25740000000000002             5000
   2.7640000000000000E-003  0.72840000000000005       0.25740000000000002             5000
   2.7649999999999997E-003  0.72840000000000005       0.25740000000000002             5000
   2.7659999999999998E-003  0.72840000000000005       0.25740000000000002             5000
   2.7669999999999999E-003  0.72840000000000005       0.25740000000000002             5000
   2.7680000000000001E-003  0.72840000000000005       0.25740000000000002             5000
   2.7689999999999998E-003  0.72840000000000005       0.25740000000000002             5000
   2.7699999999999999E-003  0.72840000000000005       0.25740000000000002             5000
   2.7710000000000000E-003  0.72840000000000005       0.25740000000000002             5000
   2.7719999999999997E-003  0.72840000000000005       0.25740000000000002             5000
   2.7729999999999999E-003  0.72840000000000005       0.25740000000000002             5000
   2.7739999999999996E-003  0.72840000000000005       0.25740000000000002             5000
   2.7750000000000001E-003  0.72840000000000005       0.25740000000000002             5000
   2.7759999999999998E-003  0.72840000000000005       0.25740000000000002             5000
   2.7770000000000000E-003  0.72840000000000005       0.25740000000000002             5000
   2.7779999999999997E-003  0.72840000000000005       0.25740000000000002             5000
   2.7789999999999998E-003  0.72840000000000005       0.25740000000000002             5000
   2.7799999999999999E-003  0.72840000000000005       0.25740000000000002             5000
   2.7809999999999996E-003  0.72840000000000005       0.25740000000000002             5000
   2.7819999999999998E-003  0.72840000000000005       0.25740000000000002             5000
   2.7829999999999999E-003  0.72840000000000005       0.25740000000000002             5000
   2.7840000000000000E-003  0.72840000000000005       0.25740000000000002             5000
   2.7849999999999997E-003  0.72840000000000005       0.25740000000000002             5000
   2.7859999999999998E-003  0.72840000000000005       0.25740000000000002             5000
   2.7870000000000000E-003  0.72840000000000005       0.25740000000000002             5000
   2.7879999999999997E-003  0.72840000000000005       0.25740000000000002             5000
   2.7889999999999998E-003  0.72840000000000005       0.25740000000000002             5000
   2.7899999999999995E-003  0.72840000000000005       0.25740000000000002             5000
   2.7910000000000001E-003  0.72840000000000005       0.25740000000000002             5000
   2.7919999999999998E-003  0.72840000000000005       0.25740000000000002             5000
   2.7929999999999999E-003  0.72840000000000005       0.25740000000000002             5000
   2.7939999999999996E-003  0.72840000000000005       0.25740000000000002             5000
   2.7949999999999997E-003  0.72840000000000005       0.25740000000000002             5000
   2.7959999999999999E-003  0.72840000000000005       0.25740000000000002             5000
   2.7969999999999996E-003  0.72840000000000005       0.25740000000000002             5000
   2.7979999999999997E-003  0.72840000000000005       0.25740000000000002             5000
   2.7989999999999998E-003  0.72840000000000005       0.25740000000000002             5000
   2.8000000000000000E-003  0.72840000000000005       0.25740000000000002             5000
   2.8009999999999997E-003  0.72840000000000005       0.25740000000000002             5000
   2.8019999999999998E-003  0.72840000000000005       0.25740000000000002             5000
   2.8029999999999999E-003  0.72840000000000005       0.25740000000000002             5000
   2.8039999999999996E-003  0.72840000000000005       0.25740000000000002             5000
   2.8049999999999998E-003  0.72840000000000005       0.25740000000000002             5000
   2.8059999999999995E-003  0.72840000000000005       0.25740000000000002             5000
   2.8070000000000000E-003  0.72840000000000005       0.25740000000000002             5000
   2.8079999999999997E-003  0.72840000000000005       0.25740000000000002             5000
   2.8089999999999999E-003  0.72840000000000005       0.25740000000000002             5000
   2.8099999999999996E-003  0.72840000000000005       0.25740000000000002             5000
   2.8110000000000001E-003  0.72840000000000005       0.25740000000000002             5000
   2.8119999999999998E-003  0.72840000000000005       0.25740000000000002             5000
   2.8129999999999995E-003  0.72840000000000005       0.25740000000000002             5000
   2.8139999999999997E-003  0.72840000000000005       0.25740000000000002             5000
   2.8149999999999998E-003  0.72840000000000005       0.25740000000000002             5000
   2.8159999999999999E-003  0.72840000000000005       0.25740000000000002             5000
   2.8169999999999996E-003  0.72840000000000005       0.25740000000000002             5000
   2.8180000000000002E-003  0.72840000000000005       0.25740000000000002             5000
   2.8189999999999999E-003  0.72840000000000005       0.25740000000000002             5000
   2.8200000000000000E-003  0.72840000000000005       0.25740000000000002             5000
   2.8209999999999997E-003  0.72840000000000005       0.25740000000000002             5000
   2.8219999999999999E-003  0.72840000000000005       0.25740000000000002             5000
   2.8230000000000000E-003  0.72840000000000005       0.25740000000000002             5000
   2.8239999999999997E-003  0.72840000000000005       0.25740000000000002             5000
   2.8249999999999998E-003  0.72840000000000005       0.25740000000000002             5000
   2.8260000000000000E-003  0.72840000000000005       0.25740000000000002             5000
   2.8270000000000001E-003  0.72840000000000005       0.25740000000000002             5000
   2.8279999999999998E-003  0.72840000000000005       0.25740000000000002             5000
   2.8289999999999999E-003  0.72840000000000005       0.25740000000000002             5000
   2.8300000000000001E-003  0.72840000000000005       0.25740000000000002             5000
   2.8309999999999997E-003  0.72840000000000005       0.25740000000000002             5000
   2.8319999999999999E-003  0.72840000000000005       0.25740000000000002             5000
   2.8329999999999996E-003  0.72840000000000005       0.25740000000000002             5000
   2.8340000000000001E-003  0.72840000000000005       0.25740000000000002             5000
   2.8349999999999998E-003  0.72840000000000005       0.25740000000000002             5000
   2.8360000000000000E-003  0.72840000000000005       0.25740000000000002             5000
   2.8369999999999997E-003  0.72840000000000005       0.25740000000000002             5000
   2.8379999999999998E-003  0.72840000000000005       0.25740000000000002             5000
   2.8389999999999999E-003  0.72840000000000005       0.25740000000000002             5000
   2.8399999999999996E-003  0.72840000000000005       0.25740000000000002             5000
   2.8409999999999998E-003  0.72840000000000005       0.25740000000000002             5000
   2.8419999999999999E-003  0.72840000000000005       0.25740000000000002             5000
   2.8430000000000000E-003  0.72840000000000005       0.25740000000000002             5000
   2.8439999999999997E-003  0.72840000000000005       0.25740000000000002             5000
   2.8449999999999999E-003  0.72840000000000005       0.25740000000000002             5000
   2.8460000000000000E-003  0.72840000000000005       0.25740000000000002             5000
   2.8469999999999997E-003  0.72840000000000005       0.25740000000000002             5000
   2.8479999999999998E-003  0.72840000000000005       0.25740000000000002             5000
   2.8489999999999995E-003  0.72840000000000005       0.25740000000000002             5000
   2.8500000000000001E-003  0.72840000000000005       0.25740000000000002             5000
   2.8509999999999998E-003  0.72840000000000005       0.25740000000000002             5000
   2.8519999999999999E-003  0.72840000000000005       0.25740000000000002             5000
   2.8529999999999996E-003  0.72840000000000005       0.25740000000000002             5000
   2.8539999999999998E-003  0.72840000000000005       0.25740000000000002             5000
   2.8549999999999999E-003  0.72840000000000005       0.25740000000000002             5000
   2.8559999999999996E-003  0.72840000000000005       0.25740000000000002             5000
   2.8569999999999997E-003  0.72840000000000005       0.25740000000000002             5000
   2.8579999999999999E-003  0.72840000000000005       0.25740000000000002             5000
   2.8590000000000000E-003  0.72840000000000005       0.25740000000000002             5000
   2.8599999999999997E-003  0.72840000000000005       0.25740000000000002             5000
   2.8609999999999998E-003  0.72840000000000005       0.25740000000000002             5000
   2.8620000000000000E-003  0.72840000000000005       0.25740000000000002             5000
   2.8629999999999997E-003  0.72840000000000005       0.25740000000000002             5000
   2.8639999999999998E-003  0.72840000000000005       0.25740000000000002             5000
   2.8649999999999995E-003  0.72840000000000005       0.25740000000000002             5000
   2.8660000000000001E-003  0.72840000000000005       0.25740000000000002             5000
   2.8669999999999998E-003  0.72840000000000005       0.25740000000000002             5000
   2.8679999999999999E-003  0.72840000000000005       0.25740000000000002             5000
   2.8689999999999996E-003  0.72840000000000005       0.25740000000000002             5000
   2.8699999999999997E-003  0.72840000000000005       0.25740000000000002             5000
   2.8709999999999999E-003  0.72840000000000005       0.25740000000000002             5000
   2.8719999999999996E-003  0.72840000000000005       0.25740000000000002             5000
   2.8729999999999997E-003  0.72840000000000005       0.25740000000000002             5000
   2.8739999999999998E-003  0.72840000000000005       0.25740000000000002             5000
   2.8750000000000000E-003  0.72840000000000005       0.25740000000000002             5000
   2.8759999999999997E-003  0.72840000000000005       0.25740000000000002             5000
   2.8769999999999998E-003  0.72840000000000005       0.25740000000000002             5000
   2.8779999999999999E-003  0.72840000000000005       0.25740000000000002             5000
   2.8789999999999996E-003  0.72840000000000005       0.25740000000000002             5000
   2.8799999999999997E-003  0.72840000000000005       0.25740000000000002             5000
   2.8809999999999999E-003  0.72840000000000005       0.25740000000000002             5000
   2.8820000000000000E-003  0.72840000000000005       0.25740000000000002             5000
   2.8829999999999997E-003  0.72840000000000005       0.25740000000000002             5000
   2.8839999999999998E-003  0.72840000000000005       0.25740000000000002             5000
   2.8850000000000000E-003  0.72840000000000005       0.25740000000000002             5000
   2.8860000000000001E-003  0.72840000000000005       0.25740000000000002             5000
   2.8869999999999998E-003  0.72840000000000005       0.25740000000000002             5000
   2.8879999999999995E-003  0.72840000000000005       0.25740000000000002             5000
   2.8890000000000001E-003  0.72840000000000005       0.25740000000000002             5000
   2.8899999999999998E-003  0.72840000000000005       0.25740000000000002             5000
   2.8909999999999999E-003  0.72840000000000005       0.25740000000000002             5000
   2.8919999999999996E-003  0.72840000000000005       0.25740000000000002             5000
   2.8930000000000002E-003  0.72840000000000005       0.25740000000000002             5000
   2.8939999999999999E-003  0.72840000000000005       0.25740000000000002             5000
   2.8950000000000000E-003  0.72840000000000005       0.25740000000000002             5000
   2.8959999999999997E-003  0.72840000000000005       0.25740000000000002             5000
   2.8969999999999998E-003  0.72840000000000005       0.25740000000000002             5000
   2.8980000000000000E-003  0.72840000000000005       0.25740000000000002             5000
   2.8989999999999997E-003  0.72840000000000005       0.25740000000000002             5000
   2.8999999999999998E-003  0.72840000000000005       0.25740000000000002             5000
   2.9009999999999999E-003  0.72840000000000005       0.25740000000000002             5000
   2.9020000000000001E-003  0.72840000000000005       0.25740000000000002             5000
   2.9029999999999998E-003  0.72840000000000005       0.25740000000000002             5000
   2.9039999999999999E-003  0.72840000000000005       0.25740000000000002             5000
   2.9050000000000000E-003  0.72840000000000005       0.25740000000000002             5000
   2.9059999999999997E-003  0.72840000000000005       0.25740000000000002             5000
   2.9069999999999999E-003  0.72840000000000005       0.25740000000000002             5000
   2.9079999999999996E-003  0.72840000000000005       0.25740000000000002             5000
   2.9090000000000001E-003  0.72840000000000005       0.25740000000000002             5000
   2.9099999999999998E-003  0.72840000000000005       0.25740000000000002             5000
   2.9110000000000000E-003  0.72840000000000005       0.25740000000000002             5000
   2.9119999999999997E-003  0.72840000000000005       0.25740000000000002             5000
   2.9129999999999998E-003  0.72840000000000005       0.25740000000000002             5000
   2.9139999999999999E-003  0.72840000000000005       0.25740000000000002             5000
   2.9149999999999996E-003  0.72840000000000005       0.25740000000000002             5000
   2.9159999999999998E-003  0.72840000000000005       0.25740000000000002             5000
   2.9169999999999999E-003  0.72840000000000005       0.25740000000000002             5000
   2.9180000000000000E-003  0.72840000000000005       0.25740000000000002             5000
   2.9189999999999997E-003  0.72840000000000005       0.25740000000000002             5000
   2.9199999999999999E-003  0.72840000000000005       0.25740000000000002             5000
   2.9210000000000000E-003  0.72840000000000005       0.25740000000000002             5000
   2.9219999999999997E-003  0.72840000000000005       0.25740000000000002             5000
   2.9229999999999998E-003  0.72840000000000005       0.25740000000000002             5000
   2.9239999999999995E-003  0.72840000000000005       0.25740000000000002             5000
   2.9250000000000001E-003  0.72840000000000005       0.25740000000000002             5000
   2.9259999999999998E-003  0.72840000000000005       0.25740000000000002             5000
   2.9269999999999999E-003  0.72840000000000005       0.25740000000000002             5000
   2.9279999999999996E-003  0.72840000000000005       0.25740000000000002             5000
   2.9289999999999997E-003  0.72840000000000005       0.25740000000000002             5000
   2.9299999999999999E-003  0.72840000000000005       0.25740000000000002             5000
   2.9309999999999996E-003  0.72840000000000005       0.25740000000000002             5000
   2.9319999999999997E-003  0.72840000000000005       0.25740000000000002             5000
   2.9329999999999998E-003  0.72840000000000005       0.25740000000000002             5000
   2.9340000000000000E-003  0.72840000000000005       0.25740000000000002             5000
   2.9349999999999997E-003  0.72840000000000005       0.25740000000000002             5000
   2.9359999999999998E-003  0.72840000000000005       0.25740000000000002             5000
   2.9369999999999999E-003  0.72840000000000005       0.25740000000000002             5000
   2.9379999999999996E-003  0.72840000000000005       0.25740000000000002             5000
   2.9389999999999998E-003  0.72840000000000005       0.25740000000000002             5000
   2.9399999999999995E-003  0.72840000000000005       0.25740000000000002             5000
   2.9410000000000000E-003  0.72840000000000005       0.25740000000000002             5000
   2.9419999999999997E-003  0.72840000000000005       0.25740000000000002             5000
   2.9429999999999999E-003  0.72840000000000005       0.25740000000000002             5000
   2.9440000000000000E-003  0.72840000000000005       0.25740000000000002             5000
   2.9449999999999997E-003  0.72840000000000005       0.25740000000000002             5000
   2.9459999999999998E-003  0.72840000000000005       0.25740000000000002             5000
   2.9469999999999995E-003  0.72840000000000005       0.25740000000000002             5000
   2.9480000000000001E-003  0.72840000000000005       0.25740000000000002             5000
   2.9489999999999998E-003  0.72840000000000005       0.25740000000000002             5000
   2.9499999999999999E-003  0.72840000000000005       0.25740000000000002             5000
   2.9509999999999996E-003  0.72840000000000005       0.25740000000000002             5000
   2.9520000000000002E-003  0.72840000000000005       0.25740000000000002             5000
   2.9529999999999999E-003  0.72840000000000005       0.25740000000000002             5000
   2.9539999999999996E-003  0.72840000000000005       0.25740000000000002             5000
   2.9549999999999997E-003  0.72840000000000005       0.25740000000000002             5000
   2.9559999999999999E-003  0.72840000000000005       0.25740000000000002             5000
   2.9570000000000000E-003  0.72840000000000005       0.25740000000000002             5000
   2.9579999999999997E-003  0.72840000000000005       0.25740000000000002             5000
   2.9589999999999998E-003  0.72840000000000005       0.25740000000000002             5000
   2.9600000000000000E-003  0.72840000000000005       0.25740000000000002             5000
   2.9610000000000001E-003  0.72840000000000005       0.25740000000000002             5000
   2.9619999999999998E-003  0.72840000000000005       0.25740000000000002             5000
   2.9629999999999995E-003  0.72840000000000005       0.25740000000000002             5000
   2.9640000000000001E-003  0.72840000000000005       0.25740000000000002             5000
   2.9649999999999998E-003  0.72840000000000005       0.25740000000000002             5000
   2.9659999999999999E-003  0.72840000000000005       0.25740000000000002             5000
   2.9669999999999996E-003  0.72840000000000005       0.25740000000000002             5000
   2.9680000000000002E-003  0.72840000000000005       0.25740000000000002             5000
   2.9689999999999999E-003  0.72840000000000005       0.25740000000000002             5000
   2.9700000000000000E-003  0.72840000000000005       0.25740000000000002             5000
   2.9709999999999997E-003  0.72840000000000005       0.25740000000000002             5000
   2.9719999999999998E-003  0.72840000000000005       0.25740000000000002             5000
   2.9729999999999999E-003  0.72840000000000005       0.25740000000000002             5000
   2.9739999999999996E-003  0.72840000000000005       0.25740000000000002             5000
   2.9749999999999998E-003  0.72840000000000005       0.25740000000000002             5000
   2.9759999999999999E-003  0.72840000000000005       0.25740000000000002             5000
   2.9770000000000000E-003  0.72840000000000005       0.25740000000000002             5000
   2.9779999999999997E-003  0.72840000000000005       0.25740000000000002             5000
   2.9789999999999999E-003  0.72840000000000005       0.25740000000000002             5000
   2.9800000000000000E-003  0.72840000000000005       0.25740000000000002             5000
   2.9809999999999997E-003  0.72840000000000005       0.25740000000000002             5000
   2.9819999999999998E-003  0.72840000000000005       0.25740000000000002             5000
   2.9829999999999995E-003  0.72840000000000005       0.25740000000000002             5000
   2.9840000000000001E-003  0.72840000000000005       0.25740000000000002             5000
   2.9849999999999998E-003  0.72840000000000005       0.25740000000000002             5000
   2.9859999999999999E-003  0.72840000000000005       0.25740000000000002             5000
   2.9869999999999996E-003  0.72840000000000005       0.25740000000000002             5000
   2.9879999999999998E-003  0.72840000000000005       0.25740000000000002             5000
   2.9889999999999999E-003  0.72840000000000005       0.25740000000000002             5000
   2.9899999999999996E-003  0.72840000000000005       0.25740000000000002             5000
   2.9909999999999997E-003  0.72840000000000005       0.25740000000000002             5000
   2.9919999999999999E-003  0.72840000000000005       0.25740000000000002             5000
   2.9930000000000000E-003  0.72840000000000005       0.25740000000000002             5000
   2.9939999999999997E-003  0.72840000000000005       0.25740000000000002             5000
   2.9949999999999998E-003  0.72840000000000005       0.25740000000000002             5000
   2.9960000000000000E-003  0.72840000000000005       0.25740000000000002             5000
   2.9969999999999997E-003  0.72840000000000005       0.25740000000000002             5000
   2.9979999999999998E-003  0.72840000000000005       0.25740000000000002             5000
   2.9989999999999995E-003  0.72840000000000005       0.25740000000000002             5000
   3.0000000000000001E-003  0.72840000000000005       0.25740000000000002             5000
   3.0009999999999998E-003  0.72840000000000005       0.25740000000000002             5000
   3.0019999999999999E-003  0.72840000000000005       0.25740000000000002             5000
   3.0029999999999996E-003  0.72840000000000005       0.25740000000000002             5000
   3.0039999999999997E-003  0.72840000000000005       0.25740000000000002             5000
   3.0049999999999999E-003  0.72840000000000005       0.25740000000000002             5000
   3.0059999999999996E-003  0.72840000000000005       0.25740000000000002             5000
   3.0069999999999997E-003  0.72840000000000005       0.25740000000000002             5000
   3.0079999999999998E-003  0.72840000000000005       0.25740000000000002             5000
   3.0090000000000000E-003  0.72840000000000005       0.25740000000000002             5000
   3.0099999999999997E-003  0.72840000000000005       0.25740000000000002             5000
   3.0109999999999998E-003  0.72840000000000005       0.25740000000000002             5000
   3.0119999999999999E-003  0.72840000000000005       0.25740000000000002             5000
   3.0129999999999996E-003  0.72840000000000005       0.25740000000000002             5000
   3.0139999999999998E-003  0.72840000000000005       0.25740000000000002             5000
   3.0149999999999999E-003  0.72840000000000005       0.25740000000000002             5000
   3.0160000000000000E-003  0.72840000000000005       0.25740000000000002             5000
   3.0169999999999997E-003  0.72840000000000005       0.25740000000000002             5000
   3.0179999999999998E-003  0.72840000000000005       0.25740000000000002             5000
   3.0190000000000000E-003  0.72840000000000005       0.25740000000000002             5000
   3.0199999999999997E-003  0.72840000000000005       0.25740000000000002             5000
   3.0209999999999998E-003  0.72840000000000005       0.25740000000000002             5000
   3.0219999999999995E-003  0.72840000000000005       0.25740000000000002             5000
   3.0230000000000001E-003  0.72840000000000005       0.25740000000000002             5000
   3.0239999999999998E-003  0.72840000000000005       0.25740000000000002             5000
   3.0249999999999999E-003  0.72840000000000005       0.25740000000000002             5000
   3.0259999999999996E-003  0.72840000000000005       0.25740000000000002             5000
   3.0270000000000002E-003  0.72840000000000005       0.25740000000000002             5000
   3.0279999999999999E-003  0.72840000000000005       0.25740000000000002             5000
   3.0289999999999996E-003  0.72840000000000005       0.25740000000000002             5000
   3.0299999999999997E-003  0.72840000000000005       0.25740000000000002             5000
   3.0309999999999998E-003  0.72840000000000005       0.25740000000000002             5000
   3.0320000000000000E-003  0.72840000000000005       0.25740000000000002             5000
   3.0329999999999997E-003  0.72840000000000005       0.25740000000000002             5000
   3.0339999999999998E-003  0.72840000000000005       0.25740000000000002             5000
   3.0349999999999999E-003  0.72840000000000005       0.25740000000000002             5000
   3.0360000000000001E-003  0.72840000000000005       0.25740000000000002             5000
   3.0369999999999998E-003  0.72840000000000005       0.25740000000000002             5000
   3.0379999999999995E-003  0.72840000000000005       0.25740000000000002             5000
   3.0390000000000000E-003  0.72840000000000005       0.25740000000000002             5000
   3.0399999999999997E-003  0.72840000000000005       0.25740000000000002             5000
   3.0409999999999999E-003  0.72840000000000005       0.25740000000000002             5000
   3.0419999999999996E-003  0.72840000000000005       0.25740000000000002             5000
   3.0430000000000001E-003  0.72840000000000005       0.25740000000000002             5000
   3.0439999999999998E-003  0.72840000000000005       0.25740000000000002             5000
   3.0450000000000000E-003  0.72840000000000005       0.25740000000000002             5000
   3.0459999999999997E-003  0.72840000000000005       0.25740000000000002             5000
   3.0469999999999998E-003  0.72840000000000005       0.25740000000000002             5000
   3.0479999999999999E-003  0.72840000000000005       0.25740000000000002             5000
   3.0489999999999996E-003  0.72840000000000005       0.25740000000000002             5000
   3.0499999999999998E-003  0.72840000000000005       0.25740000000000002             5000
   3.0509999999999999E-003  0.72840000000000005       0.25740000000000002             5000
   3.0520000000000000E-003  0.72840000000000005       0.25740000000000002             5000
   3.0529999999999997E-003  0.72840000000000005       0.25740000000000002             5000
   3.0539999999999999E-003  0.72840000000000005       0.25740000000000002             5000
   3.0550000000000000E-003  0.72840000000000005       0.25740000000000002             5000
   3.0559999999999997E-003  0.72840000000000005       0.25740000000000002             5000
   3.0569999999999998E-003  0.72840000000000005       0.25740000000000002             5000
   3.0579999999999995E-003  0.72840000000000005       0.25740000000000002             5000
   3.0590000000000001E-003  0.72840000000000005       0.25740000000000002             5000
   3.0599999999999998E-003  0.72840000000000005       0.25740000000000002             5000
   3.0609999999999999E-003  0.72840000000000005       0.25740000000000002             5000
   3.0619999999999996E-003  0.72840000000000005       0.25740000000000002             5000
   3.0629999999999998E-003  0.72840000000000005       0.25740000000000002             5000
   3.0639999999999999E-003  0.72840000000000005       0.25740000000000002             5000
   3.0649999999999996E-003  0.72840000000000005       0.25740000000000002             5000
   3.0659999999999997E-003  0.72840000000000005       0.25740000000000002             5000
   3.0669999999999998E-003  0.72840000000000005       0.25740000000000002             5000
   3.0680000000000000E-003  0.72840000000000005       0.25740000000000002             5000
   3.0689999999999997E-003  0.72840000000000005       0.25740000000000002             5000
   3.0699999999999998E-003  0.72840000000000005       0.25740000000000002             5000
   3.0709999999999999E-003  0.72840000000000005       0.25740000000000002             5000
   3.0719999999999996E-003  0.72840000000000005       0.25740000000000002             5000
   3.0729999999999998E-003  0.72840000000000005       0.25740000000000002             5000
   3.0739999999999999E-003  0.72840000000000005       0.25740000000000002             5000
   3.0750000000000000E-003  0.72840000000000005       0.25740000000000002             5000
   3.0759999999999997E-003  0.72840000000000005       0.25740000000000002             5000
   3.0769999999999999E-003  0.72840000000000005       0.25740000000000002             5000
   3.0780000000000000E-003  0.72840000000000005       0.25740000000000002             5000
   3.0789999999999997E-003  0.72840000000000005       0.25740000000000002             5000
   3.0799999999999998E-003  0.72840000000000005       0.25740000000000002             5000
   3.0809999999999995E-003  0.72840000000000005       0.25740000000000002             5000
   3.0820000000000001E-003  0.72840000000000005       0.25740000000000002             5000
   3.0829999999999998E-003  0.72840000000000005       0.25740000000000002             5000
   3.0839999999999999E-003  0.72840000000000005       0.25740000000000002             5000
   3.0849999999999996E-003  0.72840000000000005       0.25740000000000002             5000
   3.0859999999999998E-003  0.72840000000000005       0.25740000000000002             5000
   3.0869999999999999E-003  0.72840000000000005       0.25740000000000002             5000
   3.0879999999999996E-003  0.72840000000000005       0.25740000000000002             5000
   3.0889999999999997E-003  0.72840000000000005       0.25740000000000002             5000
   3.0899999999999999E-003  0.72840000000000005       0.25740000000000002             5000
   3.0910000000000000E-003  0.72840000000000005       0.25740000000000002             5000
   3.0919999999999997E-003  0.72840000000000005       0.25740000000000002             5000
   3.0929999999999998E-003  0.72840000000000005       0.25740000000000002             5000
   3.0940000000000000E-003  0.72840000000000005       0.25740000000000002             5000
   3.0949999999999997E-003  0.72840000000000005       0.25740000000000002             5000
   3.0959999999999998E-003  0.72840000000000005       0.25740000000000002             5000
   3.0969999999999995E-003  0.72840000000000005       0.25740000000000002             5000
   3.0980000000000001E-003  0.72840000000000005       0.25740000000000002             5000
   3.0989999999999998E-003  0.72840000000000005       0.25740000000000002             5000
   3.0999999999999999E-003  0.72840000000000005       0.25740000000000002             5000
   3.1009999999999996E-003  0.72840000000000005       0.25740000000000002             5000
   3.1020000000000002E-003  0.72840000000000005       0.25740000000000002             5000
   3.1029999999999999E-003  0.72840000000000005       0.25740000000000002             5000
   3.1039999999999996E-003  0.72840000000000005       0.25740000000000002             5000
   3.1049999999999997E-003  0.72840000000000005       0.25740000000000002             5000
   3.1059999999999998E-003  0.72840000000000005       0.25740000000000002             5000
   3.1070000000000000E-003  0.72840000000000005       0.25740000000000002             5000
   3.1079999999999997E-003  0.72840000000000005       0.25740000000000002             5000
   3.1089999999999998E-003  0.72840000000000005       0.25740000000000002             5000
   3.1099999999999999E-003  0.72840000000000005       0.25740000000000002             5000
   3.1110000000000001E-003  0.72840000000000005       0.25740000000000002             5000
   3.1119999999999997E-003  0.72840000000000005       0.25740000000000002             5000
   3.1129999999999994E-003  0.72840000000000005       0.25740000000000002             5000
   3.1140000000000000E-003  0.72840000000000005       0.25740000000000002             5000
   3.1149999999999997E-003  0.72840000000000005       0.25740000000000002             5000
   3.1159999999999998E-003  0.72840000000000005       0.25740000000000002             5000
   3.1169999999999995E-003  0.72840000000000005       0.25740000000000002             5000
   3.1180000000000001E-003  0.72840000000000005       0.25740000000000002             5000
   3.1189999999999998E-003  0.72840000000000005       0.25740000000000002             5000
   3.1199999999999999E-003  0.72840000000000005       0.25740000000000002             5000
   3.1209999999999996E-003  0.72840000000000005       0.25740000000000002             5000
   3.1219999999999998E-003  0.72840000000000005       0.25740000000000002             5000
   3.1229999999999999E-003  0.72840000000000005       0.25740000000000002             5000
   3.1239999999999996E-003  0.72840000000000005       0.25740000000000002             5000
   3.1249999999999997E-003  0.72840000000000005       0.25740000000000002             5000
   3.1259999999999999E-003  0.72840000000000005       0.25740000000000002             5000
   3.1270000000000000E-003  0.72840000000000005       0.25740000000000002             5000
   3.1279999999999997E-003  0.72840000000000005       0.25740000000000002             5000
   3.1289999999999998E-003  0.72840000000000005       0.25740000000000002             5000
   3.1300000000000000E-003  0.72840000000000005       0.25740000000000002             5000
   3.1309999999999997E-003  0.72840000000000005       0.25740000000000002             5000
   3.1319999999999998E-003  0.72840000000000005       0.25740000000000002             5000
   3.1329999999999995E-003  0.72840000000000005       0.25740000000000002             5000
   3.1340000000000001E-003  0.72840000000000005       0.25740000000000002             5000
   3.1349999999999998E-003  0.72840000000000005       0.25740000000000002             5000
   3.1359999999999999E-003  0.72840000000000005       0.25740000000000002             5000
   3.1370000000000000E-003  0.72840000000000005       0.25740000000000002             5000
   3.1379999999999997E-003  0.72840000000000005       0.25740000000000002             5000
   3.1389999999999999E-003  0.72840000000000005       0.25740000000000002             5000
   3.1399999999999996E-003  0.72840000000000005       0.25740000000000002             5000
   3.1410000000000001E-003  0.72840000000000005       0.25740000000000002             5000
   3.1419999999999998E-003  0.72840000000000005       0.25740000000000002             5000
   3.1430000000000000E-003  0.72840000000000005       0.25740000000000002             5000
   3.1439999999999997E-003  0.72840000000000005       0.25740000000000002             5000
   3.1449999999999998E-003  0.72840000000000005       0.25740000000000002             5000
   3.1459999999999999E-003  0.72840000000000005       0.25740000000000002             5000
   3.1469999999999996E-003  0.72840000000000005       0.25740000000000002             5000
   3.1479999999999998E-003  0.72840000000000005       0.25740000000000002             5000
   3.1489999999999999E-003  0.72840000000000005       0.25740000000000002             5000
   3.1500000000000000E-003  0.72840000000000005       0.25740000000000002             5000
   3.1509999999999997E-003  0.72840000000000005       0.25740000000000002             5000
   3.1519999999999999E-003  0.72840000000000005       0.25740000000000002             5000
   3.1530000000000000E-003  0.72840000000000005       0.25740000000000002             5000
   3.1539999999999997E-003  0.72840000000000005       0.25740000000000002             5000
   3.1549999999999998E-003  0.72840000000000005       0.25740000000000002             5000
   3.1559999999999995E-003  0.72840000000000005       0.25740000000000002             5000
   3.1570000000000001E-003  0.72840000000000005       0.25740000000000002             5000
   3.1579999999999998E-003  0.72840000000000005       0.25740000000000002             5000
   3.1589999999999999E-003  0.72840000000000005       0.25740000000000002             5000
   3.1599999999999996E-003  0.72840000000000005       0.25740000000000002             5000
   3.1609999999999997E-003  0.72840000000000005       0.25740000000000002             5000
   3.1619999999999999E-003  0.72840000000000005       0.25740000000000002             5000
   3.1629999999999996E-003  0.72840000000000005       0.25740000000000002             5000
   3.1639999999999997E-003  0.72840000000000005       0.25740000000000002             5000
   3.1649999999999998E-003  0.72840000000000005       0.25740000000000002             5000
   3.1660000000000000E-003  0.72840000000000005       0.25740000000000002             5000
   3.1669999999999997E-003  0.72840000000000005       0.25740000000000002             5000
   3.1679999999999998E-003  0.72840000000000005       0.25740000000000002             5000
   3.1689999999999999E-003  0.72840000000000005       0.25740000000000002             5000
   3.1699999999999996E-003  0.72840000000000005       0.25740000000000002             5000
   3.1709999999999998E-003  0.72840000000000005       0.25740000000000002             5000
   3.1719999999999995E-003  0.72840000000000005       0.25740000000000002             5000
   3.1730000000000000E-003  0.72840000000000005       0.25740000000000002             5000
   3.1739999999999997E-003  0.72840000000000005       0.25740000000000002             5000
   3.1749999999999999E-003  0.72840000000000005       0.25740000000000002             5000
   3.1759999999999996E-003  0.72840000000000005       0.25740000000000002             5000
   3.1770000000000001E-003  0.72840000000000005       0.25740000000000002             5000
   3.1779999999999998E-003  0.72840000000000005       0.25740000000000002             5000
   3.1789999999999995E-003  0.72840000000000005       0.25740000000000002             5000
   3.1799999999999997E-003  0.72840000000000005       0.25740000000000002             5000
   3.1809999999999998E-003  0.72840000000000005       0.25740000000000002             5000
   3.1819999999999999E-003  0.72840000000000005       0.25740000000000002             5000
   3.1829999999999996E-003  0.72840000000000005       0.25740000000000002             5000
   3.1839999999999998E-003  0.72840000000000005       0.25740000000000002             5000
   3.1849999999999999E-003  0.72840000000000005       0.25740000000000002             5000
   3.1860000000000000E-003  0.72840000000000005       0.25740000000000002             5000
   3.1869999999999997E-003  0.72840000000000005       0.25740000000000002             5000
   3.1879999999999994E-003  0.72840000000000005       0.25740000000000002             5000
   3.1890000000000000E-003  0.72840000000000005       0.25740000000000002             5000
   3.1899999999999997E-003  0.72840000000000005       0.25740000000000002             5000
   3.1909999999999998E-003  0.72840000000000005       0.25740000000000002             5000
   3.1919999999999995E-003  0.72840000000000005       0.25740000000000002             5000
   3.1930000000000001E-003  0.72840000000000005       0.25740000000000002             5000
   3.1939999999999998E-003  0.72840000000000005       0.25740000000000002             5000
   3.1949999999999999E-003  0.72840000000000005       0.25740000000000002             5000
   3.1959999999999996E-003  0.72840000000000005       0.25740000000000002             5000
   3.1969999999999998E-003  0.72840000000000005       0.25740000000000002             5000
   3.1979999999999999E-003  0.72840000000000005       0.25740000000000002             5000
   3.1989999999999996E-003  0.72840000000000005       0.25740000000000002             5000
   3.1999999999999997E-003  0.72840000000000005       0.25740000000000002             5000
   3.2009999999999999E-003  0.72840000000000005       0.25740000000000002             5000
   3.2020000000000000E-003  0.72840000000000005       0.25740000000000002             5000
   3.2029999999999997E-003  0.72840000000000005       0.25740000000000002             5000
   3.2039999999999998E-003  0.72840000000000005       0.25740000000000002             5000
   3.2049999999999999E-003  0.72840000000000005       0.25740000000000002             5000
   3.2059999999999996E-003  0.72840000000000005       0.25740000000000002             5000
   3.2069999999999998E-003  0.72840000000000005       0.25740000000000002             5000
   3.2079999999999999E-003  0.72840000000000005       0.25740000000000002             5000
   3.2090000000000000E-003  0.72840000000000005       0.25740000000000002             5000
   3.2099999999999997E-003  0.72840000000000005       0.25740000000000002             5000
   3.2109999999999999E-003  0.72840000000000005       0.25740000000000002             5000
   3.2120000000000000E-003  0.72840000000000005       0.25740000000000002             5000
   3.2129999999999997E-003  0.72840000000000005       0.25740000000000002             5000
   3.2139999999999998E-003  0.72840000000000005       0.25740000000000002             5000
   3.2149999999999995E-003  0.72840000000000005       0.25740000000000002             5000
   3.2160000000000001E-003  0.72840000000000005       0.25740000000000002             5000
   3.2169999999999998E-003  0.72840000000000005       0.25740000000000002             5000
   3.2179999999999999E-003  0.72840000000000005       0.25740000000000002             5000
   3.2189999999999996E-003  0.72840000000000005       0.25740000000000002             5000
   3.2199999999999998E-003  0.72840000000000005       0.25740000000000002             5000
   3.2209999999999999E-003  0.72840000000000005       0.25740000000000002             5000
   3.2219999999999996E-003  0.72840000000000005       0.25740000000000002             5000
   3.2229999999999997E-003  0.72840000000000005       0.25740000000000002             5000
   3.2239999999999999E-003  0.72840000000000005       0.25740000000000002             5000
   3.2250000000000000E-003  0.72840000000000005       0.25740000000000002             5000
   3.2259999999999997E-003  0.72840000000000005       0.25740000000000002             5000
   3.2269999999999998E-003  0.72840000000000005       0.25740000000000002             5000
   3.2280000000000000E-003  0.72840000000000005       0.25740000000000002             5000
   3.2289999999999997E-003  0.72840000000000005       0.25740000000000002             5000
   3.2299999999999998E-003  0.72840000000000005       0.25740000000000002             5000
   3.2309999999999995E-003  0.72840000000000005       0.25740000000000002             5000
   3.2320000000000001E-003  0.72840000000000005       0.25740000000000002             5000
   3.2329999999999998E-003  0.72840000000000005       0.25740000000000002             5000
   3.2339999999999999E-003  0.72840000000000005       0.25740000000000002             5000
   3.2349999999999996E-003  0.72840000000000005       0.25740000000000002             5000
   3.2359999999999997E-003  0.72840000000000005       0.25740000000000002             5000
   3.2369999999999999E-003  0.72840000000000005       0.25740000000000002             5000
   3.2379999999999996E-003  0.72840000000000005       0.25740000000000002             5000
   3.2389999999999997E-003  0.72840000000000005       0.25740000000000002             5000
   3.2399999999999994E-003  0.72840000000000005       0.25740000000000002             5000
   3.2409999999999995E-003  0.72840000000000005       0.25740000000000002             5000
   3.2420000000000001E-003  0.72840000000000005       0.25740000000000002             5000
   3.2430000000000002E-003  0.72840000000000005       0.25740000000000002             5000
   3.2439999999999999E-003  0.72840000000000005       0.25740000000000002             5000
   3.2449999999999996E-003  0.72840000000000005       0.25740000000000002             5000
   3.2459999999999998E-003  0.72840000000000005       0.25740000000000002             5000
   3.2469999999999995E-003  0.72840000000000005       0.25740000000000002             5000
   3.2479999999999996E-003  0.72840000000000005       0.25740000000000002             5000
   3.2489999999999993E-003  0.72840000000000005       0.25740000000000002             5000
   3.2500000000000003E-003  0.72840000000000005       0.25740000000000002             5000
   3.2510000000000000E-003  0.72840000000000005       0.25740000000000002             5000
   3.2520000000000001E-003  0.72840000000000005       0.25740000000000002             5000
   3.2529999999999998E-003  0.72840000000000005       0.25740000000000002             5000
   3.2539999999999995E-003  0.72840000000000005       0.25740000000000002             5000
   3.2549999999999996E-003  0.72840000000000005       0.25740000000000002             5000
   3.2559999999999993E-003  0.72840000000000005       0.25740000000000002             5000
   3.2569999999999995E-003  0.72840000000000005       0.25740000000000002             5000
   3.2580000000000000E-003  0.72840000000000005       0.25740000000000002             5000
   3.2590000000000002E-003  0.72840000000000005       0.25740000000000002             5000
   3.2599999999999999E-003  0.72840000000000005       0.25740000000000002             5000
   3.2610000000000000E-003  0.72840000000000005       0.25740000000000002             5000
   3.2619999999999997E-003  0.72840000000000005       0.25740000000000002             5000
   3.2629999999999994E-003  0.72840000000000005       0.25740000000000002             5000
   3.2639999999999995E-003  0.72840000000000005       0.25740000000000002             5000
   3.2650000000000001E-003  0.72840000000000005       0.25740000000000002             5000
   3.2660000000000002E-003  0.72840000000000005       0.25740000000000002             5000
   3.2669999999999999E-003  0.72840000000000005       0.25740000000000002             5000
   3.2680000000000001E-003  0.72840000000000005       0.25740000000000002             5000
   3.2689999999999998E-003  0.72840000000000005       0.25740000000000002             5000
   3.2699999999999999E-003  0.72840000000000005       0.25740000000000002             5000
   3.2709999999999996E-003  0.72840000000000005       0.25740000000000002             5000
   3.2719999999999993E-003  0.72840000000000005       0.25740000000000002             5000
   3.2730000000000003E-003  0.72840000000000005       0.25740000000000002             5000
   3.2740000000000000E-003  0.72840000000000005       0.25740000000000002             5000
   3.2750000000000001E-003  0.72840000000000005       0.25740000000000002             5000
   3.2759999999999998E-003  0.72840000000000005       0.25740000000000002             5000
   3.2770000000000000E-003  0.72840000000000005       0.25740000000000002             5000
   3.2779999999999997E-003  0.72840000000000005       0.25740000000000002             5000
   3.2789999999999998E-003  0.72840000000000005       0.25740000000000002             5000
   3.2799999999999995E-003  0.72840000000000005       0.25740000000000002             5000
   3.2810000000000001E-003  0.72840000000000005       0.25740000000000002             5000
   3.2820000000000002E-003  0.72840000000000005       0.25740000000000002             5000
   3.2829999999999999E-003  0.72840000000000005       0.25740000000000002             5000
   3.2840000000000000E-003  0.72840000000000005       0.25740000000000002             5000
   3.2849999999999997E-003  0.72840000000000005       0.25740000000000002             5000
   3.2859999999999999E-003  0.72840000000000005       0.25740000000000002             5000
   3.2869999999999996E-003  0.72840000000000005       0.25740000000000002             5000
   3.2879999999999997E-003  0.72840000000000005       0.25740000000000002             5000
   3.2890000000000003E-003  0.72840000000000005       0.25740000000000002             5000
   3.2900000000000000E-003  0.72840000000000005       0.25740000000000002             5000
   3.2910000000000001E-003  0.72840000000000005       0.25740000000000002             5000
   3.2919999999999998E-003  0.72840000000000005       0.25740000000000002             5000
   3.2929999999999999E-003  0.72840000000000005       0.25740000000000002             5000
   3.2939999999999996E-003  0.72840000000000005       0.25740000000000002             5000
   3.2949999999999998E-003  0.72840000000000005       0.25740000000000002             5000
   3.2959999999999995E-003  0.72840000000000005       0.25740000000000002             5000
   3.2970000000000000E-003  0.72840000000000005       0.25740000000000002             5000
   3.2980000000000002E-003  0.72840000000000005       0.25740000000000002             5000
   3.2989999999999998E-003  0.72840000000000005       0.25740000000000002             5000
   3.3000000000000000E-003  0.72840000000000005       0.25740000000000002             5000
   3.3009999999999997E-003  0.72840000000000005       0.25740000000000002             5000
   3.3019999999999998E-003  0.72840000000000005       0.25740000000000002             5000
   3.3029999999999995E-003  0.72840000000000005       0.25740000000000002             5000
   3.3039999999999996E-003  0.72840000000000005       0.25740000000000002             5000
   3.3050000000000002E-003  0.72840000000000005       0.25740000000000002             5000
   3.3059999999999999E-003  0.72840000000000005       0.25740000000000002             5000
   3.3070000000000000E-003  0.72840000000000005       0.25740000000000002             5000
   3.3079999999999997E-003  0.72840000000000005       0.25740000000000002             5000
   3.3089999999999999E-003  0.72840000000000005       0.25740000000000002             5000
   3.3099999999999996E-003  0.72840000000000005       0.25740000000000002             5000
   3.3109999999999997E-003  0.72840000000000005       0.25740000000000002             5000
   3.3119999999999994E-003  0.72840000000000005       0.25740000000000002             5000
   3.3130000000000000E-003  0.72840000000000005       0.25740000000000002             5000
   3.3140000000000001E-003  0.72840000000000005       0.25740000000000002             5000
   3.3149999999999998E-003  0.72840000000000005       0.25740000000000002             5000
   3.3159999999999999E-003  0.72840000000000005       0.25740000000000002             5000
   3.3169999999999996E-003  0.72840000000000005       0.25740000000000002             5000
   3.3179999999999998E-003  0.72840000000000005       0.25740000000000002             5000
   3.3189999999999995E-003  0.72840000000000005       0.25740000000000002             5000
   3.3199999999999996E-003  0.72840000000000005       0.25740000000000002             5000
   3.3210000000000002E-003  0.72840000000000005       0.25740000000000002             5000
   3.3219999999999999E-003  0.72840000000000005       0.25740000000000002             5000
   3.3230000000000000E-003  0.72840000000000005       0.25740000000000002             5000
   3.3239999999999997E-003  0.72840000000000005       0.25740000000000002             5000
   3.3249999999999998E-003  0.72840000000000005       0.25740000000000002             5000
   3.3259999999999995E-003  0.72840000000000005       0.25740000000000002             5000
   3.3269999999999997E-003  0.72840000000000005       0.25740000000000002             5000
   3.3279999999999994E-003  0.72840000000000005       0.25740000000000002             5000
   3.3289999999999999E-003  0.72840000000000005       0.25740000000000002             5000
   3.3300000000000001E-003  0.72840000000000005       0.25740000000000002             5000
   3.3309999999999998E-003  0.72840000000000005       0.25740000000000002             5000
   3.3319999999999999E-003  0.72840000000000005       0.25740000000000002             5000
   3.3329999999999996E-003  0.72840000000000005       0.25740000000000002             5000
   3.3339999999999997E-003  0.72840000000000005       0.25740000000000002             5000
   3.3349999999999994E-003  0.72840000000000005       0.25740000000000002             5000
   3.3360000000000000E-003  0.72840000000000005       0.25740000000000002             5000
   3.3370000000000001E-003  0.72840000000000005       0.25740000000000002             5000
   3.3379999999999998E-003  0.72840000000000005       0.25740000000000002             5000
   3.3390000000000000E-003  0.72840000000000005       0.25740000000000002             5000
   3.3399999999999997E-003  0.72840000000000005       0.25740000000000002             5000
   3.3409999999999998E-003  0.72840000000000005       0.25740000000000002             5000
   3.3419999999999995E-003  0.72840000000000005       0.25740000000000002             5000
   3.3429999999999996E-003  0.72840000000000005       0.25740000000000002             5000
   3.3440000000000002E-003  0.72840000000000005       0.25740000000000002             5000
   3.3449999999999999E-003  0.72840000000000005       0.25740000000000002             5000
   3.3460000000000000E-003  0.72840000000000005       0.25740000000000002             5000
   3.3469999999999997E-003  0.72840000000000005       0.25740000000000002             5000
   3.3479999999999998E-003  0.72840000000000005       0.25740000000000002             5000
   3.3489999999999995E-003  0.72840000000000005       0.25740000000000002             5000
   3.3499999999999997E-003  0.72840000000000005       0.25740000000000002             5000
   3.3509999999999994E-003  0.72840000000000005       0.25740000000000002             5000
   3.3519999999999999E-003  0.72840000000000005       0.25740000000000002             5000
   3.3530000000000001E-003  0.72840000000000005       0.25740000000000002             5000
   3.3539999999999998E-003  0.72840000000000005       0.25740000000000002             5000
   3.3549999999999999E-003  0.72840000000000005       0.25740000000000002             5000
   3.3559999999999996E-003  0.72840000000000005       0.25740000000000002             5000
   3.3569999999999997E-003  0.72840000000000005       0.25740000000000002             5000
   3.3579999999999994E-003  0.72840000000000005       0.25740000000000002             5000
   3.3589999999999996E-003  0.72840000000000005       0.25740000000000002             5000
   3.3600000000000001E-003  0.72840000000000005       0.25740000000000002             5000
   3.3609999999999998E-003  0.72840000000000005       0.25740000000000002             5000
   3.3620000000000000E-003  0.72840000000000005       0.25740000000000002             5000
   3.3629999999999997E-003  0.72840000000000005       0.25740000000000002             5000
   3.3639999999999998E-003  0.72840000000000005       0.25740000000000002             5000
   3.3649999999999995E-003  0.72840000000000005       0.25740000000000002             5000
   3.3659999999999996E-003  0.72840000000000005       0.25740000000000002             5000
   3.3669999999999993E-003  0.72840000000000005       0.25740000000000002             5000
   3.3679999999999999E-003  0.72840000000000005       0.25740000000000002             5000
   3.3690000000000000E-003  0.72840000000000005       0.25740000000000002             5000
   3.3699999999999997E-003  0.72840000000000005       0.25740000000000002             5000
   3.3709999999999999E-003  0.72840000000000005       0.25740000000000002             5000
   3.3719999999999996E-003  0.72840000000000005       0.25740000000000002             5000
   3.3729999999999997E-003  0.72840000000000005       0.25740000000000002             5000
   3.3739999999999994E-003  0.72840000000000005       0.25740000000000002             5000
   3.3749999999999995E-003  0.72840000000000005       0.25740000000000002             5000
   3.3760000000000001E-003  0.72840000000000005       0.25740000000000002             5000
   3.3769999999999998E-003  0.72840000000000005       0.25740000000000002             5000
   3.3779999999999999E-003  0.72840000000000005       0.25740000000000002             5000
   3.3789999999999996E-003  0.72840000000000005       0.25740000000000002             5000
   3.3799999999999998E-003  0.72840000000000005       0.25740000000000002             5000
   3.3809999999999995E-003  0.72840000000000005       0.25740000000000002             5000
   3.3819999999999996E-003  0.72840000000000005       0.25740000000000002             5000
   3.3829999999999993E-003  0.72840000000000005       0.25740000000000002             5000
   3.3839999999999999E-003  0.72840000000000005       0.25740000000000002             5000
   3.3850000000000000E-003  0.72840000000000005       0.25740000000000002             5000
   3.3859999999999997E-003  0.72840000000000005       0.25740000000000002             5000
   3.3869999999999998E-003  0.72840000000000005       0.25740000000000002             5000
   3.3879999999999995E-003  0.72840000000000005       0.25740000000000002             5000
   3.3889999999999997E-003  0.72840000000000005       0.25740000000000002             5000
   3.3899999999999994E-003  0.72840000000000005       0.25740000000000002             5000
   3.3909999999999995E-003  0.72840000000000005       0.25740000000000002             5000
   3.3920000000000000E-003  0.72840000000000005       0.25740000000000002             5000
   3.3930000000000002E-003  0.72840000000000005       0.25740000000000002             5000
   3.3939999999999999E-003  0.72840000000000005       0.25740000000000002             5000
   3.3949999999999996E-003  0.72840000000000005       0.25740000000000002             5000
   3.3959999999999997E-003  0.72840000000000005       0.25740000000000002             5000
   3.3969999999999994E-003  0.72840000000000005       0.25740000000000002             5000
   3.3979999999999995E-003  0.72840000000000005       0.25740000000000002             5000
   3.3990000000000001E-003  0.72840000000000005       0.25740000000000002             5000
   3.4000000000000002E-003  0.72840000000000005       0.25740000000000002             5000
   3.4009999999999999E-003  0.72840000000000005       0.25740000000000002             5000
   3.4020000000000001E-003  0.72840000000000005       0.25740000000000002             5000
   3.4029999999999998E-003  0.72840000000000005       0.25740000000000002             5000
   3.4039999999999995E-003  0.72840000000000005       0.25740000000000002             5000
   3.4049999999999996E-003  0.72840000000000005       0.25740000000000002             5000
   3.4059999999999993E-003  0.72840000000000005       0.25740000000000002             5000
   3.4070000000000003E-003  0.72840000000000005       0.25740000000000002             5000
   3.4080000000000000E-003  0.72840000000000005       0.25740000000000002             5000
   3.4090000000000001E-003  0.72840000000000005       0.25740000000000002             5000
   3.4099999999999998E-003  0.72840000000000005       0.25740000000000002             5000
   3.4110000000000000E-003  0.72840000000000005       0.25740000000000002             5000
   3.4119999999999997E-003  0.72840000000000005       0.25740000000000002             5000
   3.4129999999999994E-003  0.72840000000000005       0.25740000000000002             5000
   3.4139999999999995E-003  0.72840000000000005       0.25740000000000002             5000
   3.4150000000000001E-003  0.72840000000000005       0.25740000000000002             5000
   3.4160000000000002E-003  0.72840000000000005       0.25740000000000002             5000
   3.4169999999999999E-003  0.72840000000000005       0.25740000000000002             5000
   3.4180000000000000E-003  0.72840000000000005       0.25740000000000002             5000
   3.4189999999999997E-003  0.72840000000000005       0.25740000000000002             5000
   3.4199999999999999E-003  0.72840000000000005       0.25740000000000002             5000
   3.4209999999999996E-003  0.72840000000000005       0.25740000000000002             5000
   3.4219999999999993E-003  0.72840000000000005       0.25740000000000002             5000
   3.4230000000000003E-003  0.72840000000000005       0.25740000000000002             5000
   3.4240000000000000E-003  0.72840000000000005       0.25740000000000002             5000
   3.4250000000000001E-003  0.72840000000000005       0.25740000000000002             5000
   3.4259999999999998E-003  0.72840000000000005       0.25740000000000002             5000
   3.4269999999999999E-003  0.72840000000000005       0.25740000000000002             5000
   3.4279999999999996E-003  0.72840000000000005       0.25740000000000002             5000
   3.4289999999999998E-003  0.72840000000000005       0.25740000000000002             5000
   3.4299999999999995E-003  0.72840000000000005       0.25740000000000002             5000
   3.4310000000000000E-003  0.72840000000000005       0.25740000000000002             5000
   3.4320000000000002E-003  0.72840000000000005       0.25740000000000002             5000
   3.4329999999999999E-003  0.72840000000000005       0.25740000000000002             5000
   3.4340000000000000E-003  0.72840000000000005       0.25740000000000002             5000
   3.4349999999999997E-003  0.72840000000000005       0.25740000000000002             5000
   3.4359999999999998E-003  0.72840000000000005       0.25740000000000002             5000
   3.4369999999999995E-003  0.72840000000000005       0.25740000000000002             5000
   3.4379999999999997E-003  0.72840000000000005       0.25740000000000002             5000
   3.4390000000000002E-003  0.72840000000000005       0.25740000000000002             5000
   3.4399999999999999E-003  0.72840000000000005       0.25740000000000002             5000
   3.4410000000000000E-003  0.72840000000000005       0.25740000000000002             5000
   3.4419999999999997E-003  0.72840000000000005       0.25740000000000002             5000
   3.4429999999999999E-003  0.72840000000000005       0.25740000000000002             5000
   3.4439999999999996E-003  0.72840000000000005       0.25740000000000002             5000
   3.4449999999999997E-003  0.72840000000000005       0.25740000000000002             5000
   3.4459999999999994E-003  0.72840000000000005       0.25740000000000002             5000
   3.4470000000000000E-003  0.72840000000000005       0.25740000000000002             5000
   3.4480000000000001E-003  0.72840000000000005       0.25740000000000002             5000
   3.4489999999999998E-003  0.72840000000000005       0.25740000000000002             5000
   3.4499999999999999E-003  0.72840000000000005       0.25740000000000002             5000
   3.4509999999999996E-003  0.72840000000000005       0.25740000000000002             5000
   3.4519999999999998E-003  0.72840000000000005       0.25740000000000002             5000
   3.4529999999999995E-003  0.72840000000000005       0.25740000000000002             5000
   3.4539999999999996E-003  0.72840000000000005       0.25740000000000002             5000
   3.4550000000000002E-003  0.72840000000000005       0.25740000000000002             5000
   3.4559999999999999E-003  0.72840000000000005       0.25740000000000002             5000
   3.4570000000000000E-003  0.72840000000000005       0.25740000000000002             5000
   3.4579999999999997E-003  0.72840000000000005       0.25740000000000002             5000
   3.4589999999999998E-003  0.72840000000000005       0.25740000000000002             5000
   3.4599999999999995E-003  0.72840000000000005       0.25740000000000002             5000
   3.4609999999999997E-003  0.72840000000000005       0.25740000000000002             5000
   3.4620000000000002E-003  0.72840000000000005       0.25740000000000002             5000
   3.4629999999999999E-003  0.72840000000000005       0.25740000000000002             5000
   3.4640000000000001E-003  0.72840000000000005       0.25740000000000002             5000
   3.4649999999999998E-003  0.72840000000000005       0.25740000000000002             5000
   3.4659999999999999E-003  0.72840000000000005       0.25740000000000002             5000
   3.4669999999999996E-003  0.72840000000000005       0.25740000000000002             5000
   3.4679999999999997E-003  0.72840000000000005       0.25740000000000002             5000
   3.4689999999999994E-003  0.72840000000000005       0.25740000000000002             5000
   3.4700000000000000E-003  0.72840000000000005       0.25740000000000002             5000
   3.4710000000000001E-003  0.72840000000000005       0.25740000000000002             5000
   3.4719999999999998E-003  0.72840000000000005       0.25740000000000002             5000
   3.4730000000000000E-003  0.72840000000000005       0.25740000000000002             5000
   3.4739999999999997E-003  0.72840000000000005       0.25740000000000002             5000
   3.4749999999999998E-003  0.72840000000000005       0.25740000000000002             5000
   3.4759999999999995E-003  0.72840000000000005       0.25740000000000002             5000
   3.4769999999999996E-003  0.72840000000000005       0.25740000000000002             5000
   3.4780000000000002E-003  0.72840000000000005       0.25740000000000002             5000
   3.4789999999999999E-003  0.72840000000000005       0.25740000000000002             5000
   3.4800000000000000E-003  0.72840000000000005       0.25740000000000002             5000
   3.4809999999999997E-003  0.72840000000000005       0.25740000000000002             5000
   3.4819999999999999E-003  0.72840000000000005       0.25740000000000002             5000
   3.4829999999999996E-003  0.72840000000000005       0.25740000000000002             5000
   3.4839999999999997E-003  0.72840000000000005       0.25740000000000002             5000
   3.4849999999999994E-003  0.72840000000000005       0.25740000000000002             5000
   3.4859999999999999E-003  0.72840000000000005       0.25740000000000002             5000
   3.4870000000000001E-003  0.72840000000000005       0.25740000000000002             5000
   3.4879999999999998E-003  0.72840000000000005       0.25740000000000002             5000
   3.4889999999999999E-003  0.72840000000000005       0.25740000000000002             5000
   3.4899999999999996E-003  0.72840000000000005       0.25740000000000002             5000
   3.4909999999999997E-003  0.72840000000000005       0.25740000000000002             5000
   3.4919999999999994E-003  0.72840000000000005       0.25740000000000002             5000
   3.4929999999999996E-003  0.72840000000000005       0.25740000000000002             5000
   3.4940000000000001E-003  0.72840000000000005       0.25740000000000002             5000
   3.4949999999999998E-003  0.72840000000000005       0.25740000000000002             5000
   3.4960000000000000E-003  0.72840000000000005       0.25740000000000002             5000
   3.4969999999999997E-003  0.72840000000000005       0.25740000000000002             5000
   3.4979999999999998E-003  0.72840000000000005       0.25740000000000002             5000
   3.4989999999999995E-003  0.72840000000000005       0.25740000000000002             5000
   3.4999999999999996E-003  0.72840000000000005       0.25740000000000002             5000
   3.5009999999999993E-003  0.72840000000000005       0.25740000000000002             5000
   3.5019999999999999E-003  0.72840000000000005       0.25740000000000002             5000
   3.5030000000000000E-003  0.72840000000000005       0.25740000000000002             5000
   3.5039999999999997E-003  0.72840000000000005       0.25740000000000002             5000
   3.5049999999999999E-003  0.72840000000000005       0.25740000000000002             5000
   3.5059999999999996E-003  0.72840000000000005       0.25740000000000002             5000
   3.5069999999999997E-003  0.72840000000000005       0.25740000000000002             5000
   3.5079999999999994E-003  0.72840000000000005       0.25740000000000002             5000
   3.5089999999999995E-003  0.72840000000000005       0.25740000000000002             5000
   3.5100000000000001E-003  0.72840000000000005       0.25740000000000002             5000
   3.5109999999999998E-003  0.72840000000000005       0.25740000000000002             5000
   3.5119999999999999E-003  0.72840000000000005       0.25740000000000002             5000
   3.5129999999999996E-003  0.72840000000000005       0.25740000000000002             5000
   3.5139999999999998E-003  0.72840000000000005       0.25740000000000002             5000
   3.5149999999999995E-003  0.72840000000000005       0.25740000000000002             5000
   3.5159999999999996E-003  0.72840000000000005       0.25740000000000002             5000
   3.5169999999999993E-003  0.72840000000000005       0.25740000000000002             5000
   3.5179999999999999E-003  0.72840000000000005       0.25740000000000002             5000
   3.5190000000000000E-003  0.72840000000000005       0.25740000000000002             5000
   3.5199999999999997E-003  0.72840000000000005       0.25740000000000002             5000
   3.5209999999999998E-003  0.72840000000000005       0.25740000000000002             5000
   3.5219999999999995E-003  0.72840000000000005       0.25740000000000002             5000
   3.5229999999999997E-003  0.72840000000000005       0.25740000000000002             5000
   3.5239999999999994E-003  0.72840000000000005       0.25740000000000002             5000
   3.5249999999999999E-003  0.72840000000000005       0.25740000000000002             5000
   3.5260000000000001E-003  0.72840000000000005       0.25740000000000002             5000
   3.5269999999999998E-003  0.72840000000000005       0.25740000000000002             5000
   3.5279999999999999E-003  0.72840000000000005       0.25740000000000002             5000
   3.5289999999999996E-003  0.72840000000000005       0.25740000000000002             5000
   3.5299999999999997E-003  0.72840000000000005       0.25740000000000002             5000
   3.5309999999999994E-003  0.72840000000000005       0.25740000000000002             5000
   3.5319999999999995E-003  0.72840000000000005       0.25740000000000002             5000
   3.5330000000000001E-003  0.72840000000000005       0.25740000000000002             5000
   3.5339999999999998E-003  0.72840000000000005       0.25740000000000002             5000
   3.5349999999999999E-003  0.72840000000000005       0.25740000000000002             5000
   3.5359999999999996E-003  0.72840000000000005       0.25740000000000002             5000
   3.5369999999999998E-003  0.72840000000000005       0.25740000000000002             5000
   3.5379999999999995E-003  0.72840000000000005       0.25740000000000002             5000
   3.5389999999999996E-003  0.72840000000000005       0.25740000000000002             5000
   3.5399999999999993E-003  0.72840000000000005       0.25740000000000002             5000
   3.5410000000000003E-003  0.72840000000000005       0.25740000000000002             5000
   3.5420000000000000E-003  0.72840000000000005       0.25740000000000002             5000
   3.5430000000000001E-003  0.72840000000000005       0.25740000000000002             5000
   3.5439999999999998E-003  0.72840000000000005       0.25740000000000002             5000
   3.5449999999999995E-003  0.72840000000000005       0.25740000000000002             5000
   3.5459999999999997E-003  0.72840000000000005       0.25740000000000002             5000
   3.5469999999999994E-003  0.72840000000000005       0.25740000000000002             5000
   3.5479999999999995E-003  0.72840000000000005       0.25740000000000002             5000
   3.5490000000000001E-003  0.72840000000000005       0.25740000000000002             5000
   3.5500000000000002E-003  0.72840000000000005       0.25740000000000002             5000
   3.5509999999999999E-003  0.72840000000000005       0.25740000000000002             5000
   3.5520000000000000E-003  0.72840000000000005       0.25740000000000002             5000
   3.5529999999999997E-003  0.72840000000000005       0.25740000000000002             5000
   3.5539999999999994E-003  0.72840000000000005       0.25740000000000002             5000
   3.5549999999999996E-003  0.72840000000000005       0.25740000000000002             5000
   3.5559999999999993E-003  0.72840000000000005       0.25740000000000002             5000
   3.5570000000000003E-003  0.72840000000000005       0.25740000000000002             5000
   3.5580000000000000E-003  0.72840000000000005       0.25740000000000002             5000
   3.5590000000000001E-003  0.72840000000000005       0.25740000000000002             5000
   3.5599999999999998E-003  0.72840000000000005       0.25740000000000002             5000
   3.5609999999999999E-003  0.72840000000000005       0.25740000000000002             5000
   3.5619999999999996E-003  0.72840000000000005       0.25740000000000002             5000
   3.5629999999999993E-003  0.72840000000000005       0.25740000000000002             5000
   3.5639999999999995E-003  0.72840000000000005       0.25740000000000002             5000
   3.5650000000000000E-003  0.72840000000000005       0.25740000000000002             5000
   3.5660000000000002E-003  0.72840000000000005       0.25740000000000002             5000
   3.5669999999999999E-003  0.72840000000000005       0.25740000000000002             5000
   3.5680000000000000E-003  0.72840000000000005       0.25740000000000002             5000
   3.5689999999999997E-003  0.72840000000000005       0.25740000000000002             5000
   3.5699999999999998E-003  0.72840000000000005       0.25740000000000002             5000
   3.5709999999999995E-003  0.72840000000000005       0.25740000000000002             5000
   3.5719999999999992E-003  0.72840000000000005       0.25740000000000002             5000
   3.5730000000000002E-003  0.72840000000000005       0.25740000000000002             5000
   3.5739999999999999E-003  0.72840000000000005       0.25740000000000002             5000
   3.5750000000000001E-003  0.72840000000000005       0.25740000000000002             5000
   3.5759999999999998E-003  0.72840000000000005       0.25740000000000002             5000
   3.5769999999999999E-003  0.72840000000000005       0.25740000000000002             5000
   3.5779999999999996E-003  0.72840000000000005       0.25740000000000002             5000
   3.5789999999999997E-003  0.72840000000000005       0.25740000000000002             5000
   3.5799999999999994E-003  0.72840000000000005       0.25740000000000002             5000
   3.5810000000000000E-003  0.72840000000000005       0.25740000000000002             5000
   3.5820000000000001E-003  0.72840000000000005       0.25740000000000002             5000
   3.5829999999999998E-003  0.72840000000000005       0.25740000000000002             5000
   3.5839999999999999E-003  0.72840000000000005       0.25740000000000002             5000
   3.5849999999999996E-003  0.72840000000000005       0.25740000000000002             5000
   3.5859999999999998E-003  0.72840000000000005       0.25740000000000002             5000
   3.5869999999999995E-003  0.72840000000000005       0.25740000000000002             5000
   3.5880000000000000E-003  0.72840000000000005       0.25740000000000002             5000
   3.5890000000000002E-003  0.72840000000000005       0.25740000000000002             5000
   3.5899999999999999E-003  0.72840000000000005       0.25740000000000002             5000
   3.5910000000000000E-003  0.72840000000000005       0.25740000000000002             5000
   3.5919999999999997E-003  0.72840000000000005       0.25740000000000002             5000
   3.5929999999999998E-003  0.72840000000000005       0.25740000000000002             5000
   3.5939999999999995E-003  0.72840000000000005       0.25740000000000002             5000
   3.5949999999999997E-003  0.72840000000000005       0.25740000000000002             5000
   3.5960000000000002E-003  0.72840000000000005       0.25740000000000002             5000
   3.5969999999999999E-003  0.72840000000000005       0.25740000000000002             5000
   3.5980000000000001E-003  0.72840000000000005       0.25740000000000002             5000
   3.5989999999999998E-003  0.72840000000000005       0.25740000000000002             5000
   3.5999999999999999E-003  0.72840000000000005       0.25740000000000002             5000
   3.6009999999999996E-003  0.72840000000000005       0.25740000000000002             5000
   3.6019999999999997E-003  0.72840000000000005       0.25740000000000002             5000
   3.6029999999999994E-003  0.72840000000000005       0.25740000000000002             5000
   3.6040000000000000E-003  0.72840000000000005       0.25740000000000002             5000
   3.6050000000000001E-003  0.72840000000000005       0.25740000000000002             5000
   3.6059999999999998E-003  0.72840000000000005       0.25740000000000002             5000
   3.6070000000000000E-003  0.72840000000000005       0.25740000000000002             5000
   3.6079999999999997E-003  0.72840000000000005       0.25740000000000002             5000
   3.6089999999999998E-003  0.72840000000000005       0.25740000000000002             5000
   3.6099999999999995E-003  0.72840000000000005       0.25740000000000002             5000
   3.6109999999999996E-003  0.72840000000000005       0.25740000000000002             5000
   3.6120000000000002E-003  0.72840000000000005       0.25740000000000002             5000
   3.6129999999999999E-003  0.72840000000000005       0.25740000000000002             5000
   3.6140000000000000E-003  0.72840000000000005       0.25740000000000002             5000
   3.6149999999999997E-003  0.72840000000000005       0.25740000000000002             5000
   3.6159999999999999E-003  0.72840000000000005       0.25740000000000002             5000
   3.6169999999999996E-003  0.72840000000000005       0.25740000000000002             5000
   3.6179999999999997E-003  0.72840000000000005       0.25740000000000002             5000
   3.6189999999999994E-003  0.72840000000000005       0.25740000000000002             5000
   3.6200000000000000E-003  0.72840000000000005       0.25740000000000002             5000
   3.6210000000000001E-003  0.72840000000000005       0.25740000000000002             5000
   3.6219999999999998E-003  0.72840000000000005       0.25740000000000002             5000
   3.6229999999999999E-003  0.72840000000000005       0.25740000000000002             5000
   3.6239999999999996E-003  0.72840000000000005       0.25740000000000002             5000
   3.6249999999999998E-003  0.72840000000000005       0.25740000000000002             5000
   3.6259999999999994E-003  0.72840000000000005       0.25740000000000002             5000
   3.6269999999999996E-003  0.72840000000000005       0.25740000000000002             5000
   3.6280000000000001E-003  0.72840000000000005       0.25740000000000002             5000
   3.6289999999999998E-003  0.72840000000000005       0.25740000000000002             5000
   3.6300000000000000E-003  0.72840000000000005       0.25740000000000002             5000
   3.6309999999999997E-003  0.72840000000000005       0.25740000000000002             5000
   3.6319999999999998E-003  0.72840000000000005       0.25740000000000002             5000
   3.6329999999999995E-003  0.72840000000000005       0.25740000000000002             5000
   3.6339999999999996E-003  0.72840000000000005       0.25740000000000002             5000
   3.6349999999999993E-003  0.72840000000000005       0.25740000000000002             5000
   3.6359999999999999E-003  0.72840000000000005       0.25740000000000002             5000
   3.6370000000000000E-003  0.72840000000000005       0.25740000000000002             5000
   3.6379999999999997E-003  0.72840000000000005       0.25740000000000002             5000
   3.6389999999999999E-003  0.72840000000000005       0.25740000000000002             5000
   3.6399999999999996E-003  0.72840000000000005       0.25740000000000002             5000
   3.6409999999999997E-003  0.72840000000000005       0.25740000000000002             5000
   3.6419999999999994E-003  0.72840000000000005       0.25740000000000002             5000
   3.6429999999999995E-003  0.72840000000000005       0.25740000000000002             5000
   3.6440000000000001E-003  0.72840000000000005       0.25740000000000002             5000
   3.6449999999999998E-003  0.72840000000000005       0.25740000000000002             5000
   3.6459999999999999E-003  0.72840000000000005       0.25740000000000002             5000
   3.6469999999999996E-003  0.72840000000000005       0.25740000000000002             5000
   3.6479999999999998E-003  0.72840000000000005       0.25740000000000002             5000
   3.6489999999999995E-003  0.72840000000000005       0.25740000000000002             5000
   3.6499999999999996E-003  0.72840000000000005       0.25740000000000002             5000
   3.6510000000000002E-003  0.72840000000000005       0.25740000000000002             5000
   3.6519999999999999E-003  0.72840000000000005       0.25740000000000002             5000
   3.6530000000000000E-003  0.72840000000000005       0.25740000000000002             5000
   3.6539999999999997E-003  0.72840000000000005       0.25740000000000002             5000
   3.6549999999999998E-003  0.72840000000000005       0.25740000000000002             5000
   3.6559999999999995E-003  0.72840000000000005       0.25740000000000002             5000
   3.6569999999999997E-003  0.72840000000000005       0.25740000000000002             5000
   3.6579999999999994E-003  0.72840000000000005       0.25740000000000002             5000
   3.6589999999999999E-003  0.72840000000000005       0.25740000000000002             5000
   3.6600000000000001E-003  0.72840000000000005       0.25740000000000002             5000
   3.6609999999999998E-003  0.72840000000000005       0.25740000000000002             5000
   3.6619999999999999E-003  0.72840000000000005       0.25740000000000002             5000
   3.6629999999999996E-003  0.72840000000000005       0.25740000000000002             5000
   3.6639999999999997E-003  0.72840000000000005       0.25740000000000002             5000
   3.6649999999999994E-003  0.72840000000000005       0.25740000000000002             5000
   3.6659999999999996E-003  0.72840000000000005       0.25740000000000002             5000
   3.6670000000000001E-003  0.72840000000000005       0.25740000000000002             5000
   3.6679999999999998E-003  0.72840000000000005       0.25740000000000002             5000
   3.6690000000000000E-003  0.72840000000000005       0.25740000000000002             5000
   3.6699999999999997E-003  0.72840000000000005       0.25740000000000002             5000
   3.6709999999999998E-003  0.72840000000000005       0.25740000000000002             5000
   3.6719999999999995E-003  0.72840000000000005       0.25740000000000002             5000
   3.6729999999999996E-003  0.72840000000000005       0.25740000000000002             5000
   3.6739999999999993E-003  0.72840000000000005       0.25740000000000002             5000
   3.6749999999999999E-003  0.72840000000000005       0.25740000000000002             5000
   3.6760000000000000E-003  0.72840000000000005       0.25740000000000002             5000
   3.6769999999999997E-003  0.72840000000000005       0.25740000000000002             5000
   3.6779999999999998E-003  0.72840000000000005       0.25740000000000002             5000
   3.6789999999999995E-003  0.72840000000000005       0.25740000000000002             5000
   3.6799999999999997E-003  0.72840000000000005       0.25740000000000002             5000
   3.6809999999999994E-003  0.72840000000000005       0.25740000000000002             5000
   3.6819999999999995E-003  0.72840000000000005       0.25740000000000002             5000
   3.6830000000000001E-003  0.72840000000000005       0.25740000000000002             5000
   3.6839999999999998E-003  0.72840000000000005       0.25740000000000002             5000
   3.6849999999999999E-003  0.72840000000000005       0.25740000000000002             5000
   3.6859999999999996E-003  0.72840000000000005       0.25740000000000002             5000
   3.6869999999999997E-003  0.72840000000000005       0.25740000000000002             5000
   3.6879999999999994E-003  0.72840000000000005       0.25740000000000002             5000
   3.6889999999999996E-003  0.72840000000000005       0.25740000000000002             5000
   3.6899999999999993E-003  0.72840000000000005       0.25740000000000002             5000
   3.6910000000000003E-003  0.72840000000000005       0.25740000000000002             5000
   3.6920000000000000E-003  0.72840000000000005       0.25740000000000002             5000
   3.6930000000000001E-003  0.72840000000000005       0.25740000000000002             5000
   3.6939999999999998E-003  0.72840000000000005       0.25740000000000002             5000
   3.6949999999999995E-003  0.72840000000000005       0.25740000000000002             5000
   3.6959999999999996E-003  0.72840000000000005       0.25740000000000002             5000
   3.6969999999999993E-003  0.72840000000000005       0.25740000000000002             5000
   3.6979999999999995E-003  0.72840000000000005       0.25740000000000002             5000
   3.6990000000000000E-003  0.72840000000000005       0.25740000000000002             5000
   3.7000000000000002E-003  0.72840000000000005       0.25740000000000002             5000
   3.7009999999999999E-003  0.72840000000000005       0.25740000000000002             5000
   3.7020000000000000E-003  0.72840000000000005       0.25740000000000002             5000
   3.7029999999999997E-003  0.72840000000000005       0.25740000000000002             5000
   3.7039999999999994E-003  0.72840000000000005       0.25740000000000002             5000
   3.7049999999999995E-003  0.72840000000000005       0.25740000000000002             5000
   3.7059999999999992E-003  0.72840000000000005       0.25740000000000002             5000
   3.7070000000000002E-003  0.72840000000000005       0.25740000000000002             5000
   3.7079999999999999E-003  0.72840000000000005       0.25740000000000002             5000
   3.7090000000000001E-003  0.72840000000000005       0.25740000000000002             5000
   3.7099999999999998E-003  0.72840000000000005       0.25740000000000002             5000
   3.7109999999999999E-003  0.72840000000000005       0.25740000000000002             5000
   3.7119999999999996E-003  0.72840000000000005       0.25740000000000002             5000
   3.7129999999999993E-003  0.72840000000000005       0.25740000000000002             5000
   3.7140000000000003E-003  0.72840000000000005       0.25740000000000002             5000
   3.7150000000000000E-003  0.72840000000000005       0.25740000000000002             5000
   3.7160000000000001E-003  0.72840000000000005       0.25740000000000002             5000
   3.7169999999999998E-003  0.72840000000000005       0.25740000000000002             5000
   3.7180000000000000E-003  0.72840000000000005       0.25740000000000002             5000
   3.7189999999999996E-003  0.72840000000000005       0.25740000000000002             5000
   3.7199999999999998E-003  0.72840000000000005       0.25740000000000002             5000
   3.7209999999999995E-003  0.72840000000000005       0.25740000000000002             5000
   3.7220000000000000E-003  0.72840000000000005       0.25740000000000002             5000
   3.7230000000000002E-003  0.72840000000000005       0.25740000000000002             5000
   3.7239999999999999E-003  0.72840000000000005       0.25740000000000002             5000
   3.7250000000000000E-003  0.72840000000000005       0.25740000000000002             5000
   3.7259999999999997E-003  0.72840000000000005       0.25740000000000002             5000
   3.7269999999999998E-003  0.72840000000000005       0.25740000000000002             5000
   3.7279999999999995E-003  0.72840000000000005       0.25740000000000002             5000
   3.7289999999999997E-003  0.72840000000000005       0.25740000000000002             5000
   3.7300000000000002E-003  0.72840000000000005       0.25740000000000002             5000
   3.7309999999999999E-003  0.72840000000000005       0.25740000000000002             5000
   3.7320000000000001E-003  0.72840000000000005       0.25740000000000002             5000
   3.7329999999999998E-003  0.72840000000000005       0.25740000000000002             5000
   3.7339999999999999E-003  0.72840000000000005       0.25740000000000002             5000
   3.7349999999999996E-003  0.72840000000000005       0.25740000000000002             5000
   3.7359999999999997E-003  0.72840000000000005       0.25740000000000002             5000
   3.7369999999999994E-003  0.72840000000000005       0.25740000000000002             5000
   3.7380000000000000E-003  0.72840000000000005       0.25740000000000002             5000
   3.7390000000000001E-003  0.72840000000000005       0.25740000000000002             5000
   3.7399999999999998E-003  0.72840000000000005       0.25740000000000002             5000
   3.7410000000000000E-003  0.72840000000000005       0.25740000000000002             5000
   3.7419999999999997E-003  0.72840000000000005       0.25740000000000002             5000
   3.7429999999999998E-003  0.72840000000000005       0.25740000000000002             5000
   3.7439999999999995E-003  0.72840000000000005       0.25740000000000002             5000
   3.7449999999999996E-003  0.72840000000000005       0.25740000000000002             5000
   3.7460000000000002E-003  0.72840000000000005       0.25740000000000002             5000
   3.7469999999999999E-003  0.72840000000000005       0.25740000000000002             5000
   3.7480000000000000E-003  0.72840000000000005       0.25740000000000002             5000
   3.7489999999999997E-003  0.72840000000000005       0.25740000000000002             5000
   3.7499999999999999E-003  0.72840000000000005       0.25740000000000002             5000
   3.7509999999999996E-003  0.72840000000000005       0.25740000000000002             5000
   3.7519999999999997E-003  0.72840000000000005       0.25740000000000002             5000
   3.7529999999999994E-003  0.72840000000000005       0.25740000000000002             5000
   3.7540000000000000E-003  0.72840000000000005       0.25740000000000002             5000
   3.7550000000000001E-003  0.72840000000000005       0.25740000000000002             5000
   3.7559999999999998E-003  0.72840000000000005       0.25740000000000002             5000
   3.7569999999999999E-003  0.72840000000000005       0.25740000000000002             5000
   3.7579999999999996E-003  0.72840000000000005       0.25740000000000002             5000
   3.7589999999999998E-003  0.72840000000000005       0.25740000000000002             5000
   3.7599999999999995E-003  0.72840000000000005       0.25740000000000002             5000
   3.7609999999999996E-003  0.72840000000000005       0.25740000000000002             5000
   3.7620000000000002E-003  0.72840000000000005       0.25740000000000002             5000
   3.7629999999999999E-003  0.72840000000000005       0.25740000000000002             5000
   3.7640000000000000E-003  0.72840000000000005       0.25740000000000002             5000
   3.7649999999999997E-003  0.72840000000000005       0.25740000000000002             5000
   3.7659999999999998E-003  0.72840000000000005       0.25740000000000002             5000
   3.7669999999999995E-003  0.72840000000000005       0.25740000000000002             5000
   3.7679999999999996E-003  0.72840000000000005       0.25740000000000002             5000
   3.7689999999999993E-003  0.72840000000000005       0.25740000000000002             5000
   3.7699999999999999E-003  0.72840000000000005       0.25740000000000002             5000
   3.7710000000000000E-003  0.72840000000000005       0.25740000000000002             5000
   3.7719999999999997E-003  0.72840000000000005       0.25740000000000002             5000
   3.7729999999999999E-003  0.72840000000000005       0.25740000000000002             5000
   3.7739999999999996E-003  0.72840000000000005       0.25740000000000002             5000
   3.7749999999999997E-003  0.72840000000000005       0.25740000000000002             5000
   3.7759999999999994E-003  0.72840000000000005       0.25740000000000002             5000
   3.7770000000000000E-003  0.72840000000000005       0.25740000000000002             5000
   3.7780000000000001E-003  0.72840000000000005       0.25740000000000002             5000
   3.7789999999999998E-003  0.72840000000000005       0.25740000000000002             5000
   3.7799999999999999E-003  0.72840000000000005       0.25740000000000002             5000
   3.7809999999999996E-003  0.72840000000000005       0.25740000000000002             5000
   3.7819999999999998E-003  0.72840000000000005       0.25740000000000002             5000
   3.7829999999999995E-003  0.72840000000000005       0.25740000000000002             5000
   3.7839999999999996E-003  0.72840000000000005       0.25740000000000002             5000
   3.7850000000000002E-003  0.72840000000000005       0.25740000000000002             5000
   3.7859999999999999E-003  0.72840000000000005       0.25740000000000002             5000
   3.7870000000000000E-003  0.72840000000000005       0.25740000000000002             5000
   3.7879999999999997E-003  0.72840000000000005       0.25740000000000002             5000
   3.7889999999999998E-003  0.72840000000000005       0.25740000000000002             5000
   3.7899999999999995E-003  0.72840000000000005       0.25740000000000002             5000
   3.7909999999999997E-003  0.72840000000000005       0.25740000000000002             5000
   3.7919999999999994E-003  0.72840000000000005       0.25740000000000002             5000
   3.7929999999999999E-003  0.72840000000000005       0.25740000000000002             5000
   3.7940000000000001E-003  0.72840000000000005       0.25740000000000002             5000
   3.7949999999999998E-003  0.72840000000000005       0.25740000000000002             5000
   3.7959999999999999E-003  0.72840000000000005       0.25740000000000002             5000
   3.7969999999999996E-003  0.72840000000000005       0.25740000000000002             5000
   3.7979999999999997E-003  0.72840000000000005       0.25740000000000002             5000
   3.7989999999999994E-003  0.72840000000000005       0.25740000000000002             5000
   3.7999999999999996E-003  0.72840000000000005       0.25740000000000002             5000
   3.8010000000000001E-003  0.72840000000000005       0.25740000000000002             5000
   3.8019999999999998E-003  0.72840000000000005       0.25740000000000002             5000
   3.8030000000000000E-003  0.72840000000000005       0.25740000000000002             5000
   3.8039999999999997E-003  0.72840000000000005       0.25740000000000002             5000
   3.8049999999999998E-003  0.72840000000000005       0.25740000000000002             5000
   3.8059999999999995E-003  0.72840000000000005       0.25740000000000002             5000
   3.8069999999999996E-003  0.72840000000000005       0.25740000000000002             5000
   3.8079999999999993E-003  0.72840000000000005       0.25740000000000002             5000
   3.8089999999999999E-003  0.72840000000000005       0.25740000000000002             5000
   3.8100000000000000E-003  0.72840000000000005       0.25740000000000002             5000
   3.8109999999999997E-003  0.72840000000000005       0.25740000000000002             5000
   3.8119999999999999E-003  0.72840000000000005       0.25740000000000002             5000
   3.8129999999999995E-003  0.72840000000000005       0.25740000000000002             5000
   3.8139999999999997E-003  0.72840000000000005       0.25740000000000002             5000
   3.8149999999999994E-003  0.72840000000000005       0.25740000000000002             5000
   3.8159999999999995E-003  0.72840000000000005       0.25740000000000002             5000
   3.8170000000000001E-003  0.72840000000000005       0.25740000000000002             5000
   3.8179999999999998E-003  0.72840000000000005       0.25740000000000002             5000
   3.8189999999999999E-003  0.72840000000000005       0.25740000000000002             5000
   3.8199999999999996E-003  0.72840000000000005       0.25740000000000002             5000
   3.8209999999999997E-003  0.72840000000000005       0.25740000000000002             5000
   3.8219999999999994E-003  0.72840000000000005       0.25740000000000002             5000
   3.8229999999999996E-003  0.72840000000000005       0.25740000000000002             5000
   3.8239999999999993E-003  0.72840000000000005       0.25740000000000002             5000
   3.8249999999999998E-003  0.72840000000000005       0.25740000000000002             5000
   3.8260000000000000E-003  0.72840000000000005       0.25740000000000002             5000
   3.8269999999999997E-003  0.72840000000000005       0.25740000000000002             5000
   3.8279999999999998E-003  0.72840000000000005       0.25740000000000002             5000
   3.8289999999999995E-003  0.72840000000000005       0.25740000000000002             5000
   3.8299999999999996E-003  0.72840000000000005       0.25740000000000002             5000
   3.8309999999999993E-003  0.72840000000000005       0.25740000000000002             5000
   3.8319999999999995E-003  0.72840000000000005       0.25740000000000002             5000
   3.8330000000000000E-003  0.72840000000000005       0.25740000000000002             5000
   3.8339999999999997E-003  0.72840000000000005       0.25740000000000002             5000
   3.8349999999999999E-003  0.72840000000000005       0.25740000000000002             5000
   3.8359999999999996E-003  0.72840000000000005       0.25740000000000002             5000
   3.8369999999999997E-003  0.72840000000000005       0.25740000000000002             5000
   3.8379999999999994E-003  0.72840000000000005       0.25740000000000002             5000
   3.8389999999999995E-003  0.72840000000000005       0.25740000000000002             5000
   3.8400000000000001E-003  0.72840000000000005       0.25740000000000002             5000
   3.8410000000000002E-003  0.72840000000000005       0.25740000000000002             5000
   3.8419999999999999E-003  0.72840000000000005       0.25740000000000002             5000
   3.8430000000000001E-003  0.72840000000000005       0.25740000000000002             5000
   3.8439999999999998E-003  0.72840000000000005       0.25740000000000002             5000
   3.8449999999999995E-003  0.72840000000000005       0.25740000000000002             5000
   3.8459999999999996E-003  0.72840000000000005       0.25740000000000002             5000
   3.8469999999999993E-003  0.72840000000000005       0.25740000000000002             5000
   3.8480000000000003E-003  0.72840000000000005       0.25740000000000002             5000
   3.8490000000000000E-003  0.72840000000000005       0.25740000000000002             5000
   3.8500000000000001E-003  0.72840000000000005       0.25740000000000002             5000
   3.8509999999999998E-003  0.72840000000000005       0.25740000000000002             5000
   3.8520000000000000E-003  0.72840000000000005       0.25740000000000002             5000
   3.8529999999999997E-003  0.72840000000000005       0.25740000000000002             5000
   3.8539999999999994E-003  0.72840000000000005       0.25740000000000002             5000
   3.8549999999999995E-003  0.72840000000000005       0.25740000000000002             5000
   3.8560000000000001E-003  0.72840000000000005       0.25740000000000002             5000
   3.8570000000000002E-003  0.72840000000000005       0.25740000000000002             5000
   3.8579999999999999E-003  0.72840000000000005       0.25740000000000002             5000
   3.8590000000000000E-003  0.72840000000000005       0.25740000000000002             5000
   3.8599999999999997E-003  0.72840000000000005       0.25740000000000002             5000
   3.8609999999999998E-003  0.72840000000000005       0.25740000000000002             5000
   3.8619999999999995E-003  0.72840000000000005       0.25740000000000002             5000
   3.8629999999999992E-003  0.72840000000000005       0.25740000000000002             5000
   3.8640000000000002E-003  0.72840000000000005       0.25740000000000002             5000
   3.8649999999999999E-003  0.72840000000000005       0.25740000000000002             5000
   3.8660000000000001E-003  0.72840000000000005       0.25740000000000002             5000
   3.8669999999999998E-003  0.72840000000000005       0.25740000000000002             5000
   3.8679999999999999E-003  0.72840000000000005       0.25740000000000002             5000
   3.8689999999999996E-003  0.72840000000000005       0.25740000000000002             5000
   3.8699999999999997E-003  0.72840000000000005       0.25740000000000002             5000
   3.8709999999999994E-003  0.72840000000000005       0.25740000000000002             5000
   3.8720000000000000E-003  0.72840000000000005       0.25740000000000002             5000
   3.8730000000000001E-003  0.72840000000000005       0.25740000000000002             5000
   3.8739999999999998E-003  0.72840000000000005       0.25740000000000002             5000
   3.8750000000000000E-003  0.72840000000000005       0.25740000000000002             5000
   3.8759999999999997E-003  0.72840000000000005       0.25740000000000002             5000
   3.8769999999999998E-003  0.72840000000000005       0.25740000000000002             5000
   3.8779999999999995E-003  0.72840000000000005       0.25740000000000002             5000
   3.8789999999999996E-003  0.72840000000000005       0.25740000000000002             5000
   3.8800000000000002E-003  0.72840000000000005       0.25740000000000002             5000
   3.8809999999999999E-003  0.72840000000000005       0.25740000000000002             5000
   3.8820000000000000E-003  0.72840000000000005       0.25740000000000002             5000
   3.8829999999999997E-003  0.72840000000000005       0.25740000000000002             5000
   3.8839999999999999E-003  0.72840000000000005       0.25740000000000002             5000
   3.8849999999999996E-003  0.72840000000000005       0.25740000000000002             5000
   3.8859999999999997E-003  0.72840000000000005       0.25740000000000002             5000
   3.8869999999999994E-003  0.72840000000000005       0.25740000000000002             5000
   3.8880000000000000E-003  0.72840000000000005       0.25740000000000002             5000
   3.8890000000000001E-003  0.72840000000000005       0.25740000000000002             5000
   3.8899999999999998E-003  0.72840000000000005       0.25740000000000002             5000
   3.8909999999999999E-003  0.72840000000000005       0.25740000000000002             5000
   3.8919999999999996E-003  0.72840000000000005       0.25740000000000002             5000
   3.8929999999999998E-003  0.72840000000000005       0.25740000000000002             5000
   3.8939999999999995E-003  0.72840000000000005       0.25740000000000002             5000
   3.8949999999999996E-003  0.72840000000000005       0.25740000000000002             5000
   3.8960000000000002E-003  0.72840000000000005       0.25740000000000002             5000
   3.8969999999999999E-003  0.72840000000000005       0.25740000000000002             5000
   3.8980000000000000E-003  0.72840000000000005       0.25740000000000002             5000
   3.8989999999999997E-003  0.72840000000000005       0.25740000000000002             5000
   3.8999999999999998E-003  0.72840000000000005       0.25740000000000002             5000
   3.9009999999999995E-003  0.72840000000000005       0.25740000000000002             5000
   3.9019999999999997E-003  0.72840000000000005       0.25740000000000002             5000
   3.9029999999999994E-003  0.72840000000000005       0.25740000000000002             5000
   3.9039999999999999E-003  0.72840000000000005       0.25740000000000002             5000
   3.9050000000000001E-003  0.72840000000000005       0.25740000000000002             5000
   3.9059999999999997E-003  0.72840000000000005       0.25740000000000002             5000
   3.9069999999999999E-003  0.72840000000000005       0.25740000000000002             5000
   3.9080000000000000E-003  0.72840000000000005       0.25740000000000002             5000
   3.9089999999999993E-003  0.72840000000000005       0.25740000000000002             5000
   3.9099999999999994E-003  0.72840000000000005       0.25740000000000002             5000
   3.9110000000000004E-003  0.72840000000000005       0.25740000000000002             5000
   3.9119999999999997E-003  0.72840000000000005       0.25740000000000002             5000
   3.9129999999999998E-003  0.72840000000000005       0.25740000000000002             5000
   3.9139999999999999E-003  0.72840000000000005       0.25740000000000002             5000
   3.9150000000000001E-003  0.72840000000000005       0.25740000000000002             5000
   3.9159999999999993E-003  0.72840000000000005       0.25740000000000002             5000
   3.9169999999999995E-003  0.72840000000000005       0.25740000000000002             5000
   3.9179999999999996E-003  0.72840000000000005       0.25740000000000002             5000
   3.9189999999999997E-003  0.72840000000000005       0.25740000000000002             5000
   3.9199999999999999E-003  0.72840000000000005       0.25740000000000002             5000
   3.9210000000000000E-003  0.72840000000000005       0.25740000000000002             5000
   3.9220000000000001E-003  0.72840000000000005       0.25740000000000002             5000
   3.9229999999999994E-003  0.72840000000000005       0.25740000000000002             5000
   3.9239999999999995E-003  0.72840000000000005       0.25740000000000002             5000
   3.9249999999999997E-003  0.72840000000000005       0.25740000000000002             5000
   3.9259999999999998E-003  0.72840000000000005       0.25740000000000002             5000
   3.9269999999999999E-003  0.72840000000000005       0.25740000000000002             5000
   3.9280000000000001E-003  0.72840000000000005       0.25740000000000002             5000
   3.9290000000000002E-003  0.72840000000000005       0.25740000000000002             5000
   3.9299999999999995E-003  0.72840000000000005       0.25740000000000002             5000
   3.9309999999999996E-003  0.72840000000000005       0.25740000000000002             5000
   3.9319999999999997E-003  0.72840000000000005       0.25740000000000002             5000
   3.9329999999999999E-003  0.72840000000000005       0.25740000000000002             5000
   3.9339999999999991E-003  0.72840000000000005       0.25740000000000002             5000
   3.9350000000000001E-003  0.72840000000000005       0.25740000000000002             5000
   3.9360000000000003E-003  0.72840000000000005       0.25740000000000002             5000
   3.9369999999999995E-003  0.72840000000000005       0.25740000000000002             5000
   3.9379999999999997E-003  0.72840000000000005       0.25740000000000002             5000
   3.9389999999999998E-003  0.72840000000000005       0.25740000000000002             5000
   3.9399999999999999E-003  0.72840000000000005       0.25740000000000002             5000
   3.9409999999999992E-003  0.72840000000000005       0.25740000000000002             5000
   3.9419999999999993E-003  0.72840000000000005       0.25740000000000002             5000
   3.9430000000000003E-003  0.72840000000000005       0.25740000000000002             5000
   3.9439999999999996E-003  0.72840000000000005       0.25740000000000002             5000
   3.9449999999999997E-003  0.72840000000000005       0.25740000000000002             5000
   3.9459999999999999E-003  0.72840000000000005       0.25740000000000002             5000
   3.9470000000000000E-003  0.72840000000000005       0.25740000000000002             5000
   3.9479999999999993E-003  0.72840000000000005       0.25740000000000002             5000
   3.9489999999999994E-003  0.72840000000000005       0.25740000000000002             5000
   3.9499999999999995E-003  0.72840000000000005       0.25740000000000002             5000
   3.9509999999999997E-003  0.72840000000000005       0.25740000000000002             5000
   3.9519999999999998E-003  0.72840000000000005       0.25740000000000002             5000
   3.9529999999999999E-003  0.72840000000000005       0.25740000000000002             5000
   3.9540000000000000E-003  0.72840000000000005       0.25740000000000002             5000
   3.9549999999999993E-003  0.72840000000000005       0.25740000000000002             5000
   3.9559999999999994E-003  0.72840000000000005       0.25740000000000002             5000
   3.9569999999999996E-003  0.72840000000000005       0.25740000000000002             5000
   3.9579999999999997E-003  0.72840000000000005       0.25740000000000002             5000
   3.9589999999999998E-003  0.72840000000000005       0.25740000000000002             5000
   3.9600000000000000E-003  0.72840000000000005       0.25740000000000002             5000
   3.9610000000000001E-003  0.72840000000000005       0.25740000000000002             5000
   3.9619999999999994E-003  0.72840000000000005       0.25740000000000002             5000
   3.9629999999999995E-003  0.72840000000000005       0.25740000000000002             5000
   3.9639999999999996E-003  0.72840000000000005       0.25740000000000002             5000
   3.9649999999999998E-003  0.72840000000000005       0.25740000000000002             5000
   3.9659999999999990E-003  0.72840000000000005       0.25740000000000002             5000
   3.9670000000000000E-003  0.72840000000000005       0.25740000000000002             5000
   3.9680000000000002E-003  0.72840000000000005       0.25740000000000002             5000
   3.9689999999999994E-003  0.72840000000000005       0.25740000000000002             5000
   3.9699999999999996E-003  0.72840000000000005       0.25740000000000002             5000
   3.9709999999999997E-003  0.72840000000000005       0.25740000000000002             5000
   3.9719999999999998E-003  0.72840000000000005       0.25740000000000002             5000
   3.9729999999999991E-003  0.72840000000000005       0.25740000000000002             5000
   3.9740000000000001E-003  0.72840000000000005       0.25740000000000002             5000
   3.9750000000000002E-003  0.72840000000000005       0.25740000000000002             5000
   3.9759999999999995E-003  0.72840000000000005       0.25740000000000002             5000
   3.9769999999999996E-003  0.72840000000000005       0.25740000000000002             5000
   3.9779999999999998E-003  0.72840000000000005       0.25740000000000002             5000
   3.9789999999999999E-003  0.72840000000000005       0.25740000000000002             5000
   3.9799999999999992E-003  0.72840000000000005       0.25740000000000002             5000
   3.9809999999999993E-003  0.72840000000000005       0.25740000000000002             5000
   3.9820000000000003E-003  0.72840000000000005       0.25740000000000002             5000
   3.9830000000000004E-003  0.72840000000000005       0.25740000000000002             5000
   3.9839999999999997E-003  0.72840000000000005       0.25740000000000002             5000
   3.9849999999999998E-003  0.72840000000000005       0.25740000000000002             5000
   3.9860000000000000E-003  0.72840000000000005       0.25740000000000002             5000
   3.9869999999999992E-003  0.72840000000000005       0.25740000000000002             5000
   3.9879999999999994E-003  0.72840000000000005       0.25740000000000002             5000
   3.9889999999999995E-003  0.72840000000000005       0.25740000000000002             5000
   3.9900000000000005E-003  0.72840000000000005       0.25740000000000002             5000
   3.9909999999999998E-003  0.72840000000000005       0.25740000000000002             5000
   3.9919999999999999E-003  0.72840000000000005       0.25740000000000002             5000
   3.9930000000000000E-003  0.72840000000000005       0.25740000000000002             5000
   3.9939999999999993E-003  0.72840000000000005       0.25740000000000002             5000
   3.9949999999999994E-003  0.72840000000000005       0.25740000000000002             5000
   3.9959999999999996E-003  0.72840000000000005       0.25740000000000002             5000
   3.9969999999999997E-003  0.72840000000000005       0.25740000000000002             5000
   3.9979999999999998E-003  0.72840000000000005       0.25740000000000002             5000
   3.9990000000000000E-003  0.72840000000000005       0.25740000000000002             5000
   4.0000000000000001E-003  0.72840000000000005       0.25740000000000002             5000
   4.0010000000000002E-003  0.72840000000000005       0.25740000000000002             5000
   4.0019999999999995E-003  0.72840000000000005       0.25740000000000002             5000
   4.0029999999999996E-003  0.72840000000000005       0.25740000000000002             5000
   4.0039999999999997E-003  0.72840000000000005       0.25740000000000002             5000
   4.0049999999999990E-003  0.72840000000000005       0.25740000000000002             5000
   4.0060000000000000E-003  0.72840000000000005       0.25740000000000002             5000
   4.0070000000000001E-003  0.72840000000000005       0.25740000000000002             5000
   4.0080000000000003E-003  0.72840000000000005       0.25740000000000002             5000
   4.0089999999999995E-003  0.72840000000000005       0.25740000000000002             5000
   4.0099999999999997E-003  0.72840000000000005       0.25740000000000002             5000
   4.0109999999999998E-003  0.72840000000000005       0.25740000000000002             5000
   4.0119999999999999E-003  0.72840000000000005       0.25740000000000002             5000
   4.0129999999999992E-003  0.72840000000000005       0.25740000000000002             5000
   4.0140000000000002E-003  0.72840000000000005       0.25740000000000002             5000
   4.0150000000000003E-003  0.72840000000000005       0.25740000000000002             5000
   4.0159999999999996E-003  0.72840000000000005       0.25740000000000002             5000
   4.0169999999999997E-003  0.72840000000000005       0.25740000000000002             5000
   4.0179999999999999E-003  0.72840000000000005       0.25740000000000002             5000
   4.0190000000000000E-003  0.72840000000000005       0.25740000000000002             5000
   4.0199999999999993E-003  0.72840000000000005       0.25740000000000002             5000
   4.0209999999999994E-003  0.72840000000000005       0.25740000000000002             5000
   4.0220000000000004E-003  0.72840000000000005       0.25740000000000002             5000
   4.0229999999999997E-003  0.72840000000000005       0.25740000000000002             5000
   4.0239999999999998E-003  0.72840000000000005       0.25740000000000002             5000
   4.0249999999999999E-003  0.72840000000000005       0.25740000000000002             5000
   4.0260000000000001E-003  0.72840000000000005       0.25740000000000002             5000
   4.0269999999999993E-003  0.72840000000000005       0.25740000000000002             5000
   4.0279999999999995E-003  0.72840000000000005       0.25740000000000002             5000
   4.0289999999999996E-003  0.72840000000000005       0.25740000000000002             5000
   4.0299999999999997E-003  0.72840000000000005       0.25740000000000002             5000
   4.0309999999999999E-003  0.72840000000000005       0.25740000000000002             5000
   4.0320000000000000E-003  0.72840000000000005       0.25740000000000002             5000
   4.0330000000000001E-003  0.72840000000000005       0.25740000000000002             5000
   4.0339999999999994E-003  0.72840000000000005       0.25740000000000002             5000
   4.0349999999999995E-003  0.72840000000000005       0.25740000000000002             5000
   4.0359999999999997E-003  0.72840000000000005       0.25740000000000002             5000
   4.0369999999999998E-003  0.72840000000000005       0.25740000000000002             5000
   4.0379999999999999E-003  0.72840000000000005       0.25740000000000002             5000
   4.0390000000000001E-003  0.72840000000000005       0.25740000000000002             5000
   4.0400000000000002E-003  0.72840000000000005       0.25740000000000002             5000
   4.0409999999999995E-003  0.72840000000000005       0.25740000000000002             5000
   4.0419999999999996E-003  0.72840000000000005       0.25740000000000002             5000
   4.0429999999999997E-003  0.72840000000000005       0.25740000000000002             5000
   4.0439999999999999E-003  0.72840000000000005       0.25740000000000002             5000
   4.0450000000000000E-003  0.72840000000000005       0.25740000000000002             5000
   4.0460000000000001E-003  0.72840000000000005       0.25740000000000002             5000
   4.0470000000000002E-003  0.72840000000000005       0.25740000000000002             5000
   4.0479999999999995E-003  0.72840000000000005       0.25740000000000002             5000
   4.0489999999999996E-003  0.72840000000000005       0.25740000000000002             5000
   4.0499999999999998E-003  0.72840000000000005       0.25740000000000002             5000
   4.0509999999999999E-003  0.72840000000000005       0.25740000000000002             5000
   4.0519999999999992E-003  0.72840000000000005       0.25740000000000002             5000
   4.0530000000000002E-003  0.72840000000000005       0.25740000000000002             5000
   4.0540000000000003E-003  0.72840000000000005       0.25740000000000002             5000
   4.0549999999999996E-003  0.72840000000000005       0.25740000000000002             5000
   4.0559999999999997E-003  0.72840000000000005       0.25740000000000002             5000
   4.0569999999999998E-003  0.72840000000000005       0.25740000000000002             5000
   4.0580000000000000E-003  0.72840000000000005       0.25740000000000002             5000
   4.0589999999999992E-003  0.72840000000000005       0.25740000000000002             5000
   4.0599999999999994E-003  0.72840000000000005       0.25740000000000002             5000
   4.0610000000000004E-003  0.72840000000000005       0.25740000000000002             5000
   4.0619999999999996E-003  0.72840000000000005       0.25740000000000002             5000
   4.0629999999999998E-003  0.72840000000000005       0.25740000000000002             5000
   4.0639999999999999E-003  0.72840000000000005       0.25740000000000002             5000
   4.0650000000000000E-003  0.72840000000000005       0.25740000000000002             5000
   4.0659999999999993E-003  0.72840000000000005       0.25740000000000002             5000
   4.0669999999999994E-003  0.72840000000000005       0.25740000000000002             5000
   4.0679999999999996E-003  0.72840000000000005       0.25740000000000002             5000
   4.0689999999999997E-003  0.72840000000000005       0.25740000000000002             5000
   4.0699999999999998E-003  0.72840000000000005       0.25740000000000002             5000
   4.0710000000000000E-003  0.72840000000000005       0.25740000000000002             5000
   4.0720000000000001E-003  0.72840000000000005       0.25740000000000002             5000
   4.0729999999999994E-003  0.72840000000000005       0.25740000000000002             5000
   4.0739999999999995E-003  0.72840000000000005       0.25740000000000002             5000
   4.0749999999999996E-003  0.72840000000000005       0.25740000000000002             5000
   4.0759999999999998E-003  0.72840000000000005       0.25740000000000002             5000
   4.0769999999999999E-003  0.72840000000000005       0.25740000000000002             5000
   4.0780000000000000E-003  0.72840000000000005       0.25740000000000002             5000
   4.0790000000000002E-003  0.72840000000000005       0.25740000000000002             5000
   4.0799999999999994E-003  0.72840000000000005       0.25740000000000002             5000
   4.0809999999999996E-003  0.72840000000000005       0.25740000000000002             5000
   4.0819999999999997E-003  0.72840000000000005       0.25740000000000002             5000
   4.0829999999999998E-003  0.72840000000000005       0.25740000000000002             5000
   4.0839999999999991E-003  0.72840000000000005       0.25740000000000002             5000
   4.0850000000000001E-003  0.72840000000000005       0.25740000000000002             5000
   4.0860000000000002E-003  0.72840000000000005       0.25740000000000002             5000
   4.0869999999999995E-003  0.72840000000000005       0.25740000000000002             5000
   4.0879999999999996E-003  0.72840000000000005       0.25740000000000002             5000
   4.0889999999999998E-003  0.72840000000000005       0.25740000000000002             5000
   4.0899999999999999E-003  0.72840000000000005       0.25740000000000002             5000
   4.0909999999999992E-003  0.72840000000000005       0.25740000000000002             5000
   4.0919999999999993E-003  0.72840000000000005       0.25740000000000002             5000
   4.0930000000000003E-003  0.72840000000000005       0.25740000000000002             5000
   4.0939999999999995E-003  0.72840000000000005       0.25740000000000002             5000
   4.0949999999999997E-003  0.72840000000000005       0.25740000000000002             5000
   4.0959999999999998E-003  0.72840000000000005       0.25740000000000002             5000
   4.0969999999999999E-003  0.72840000000000005       0.25740000000000002             5000
   4.0979999999999992E-003  0.72840000000000005       0.25740000000000002             5000
   4.0989999999999993E-003  0.72840000000000005       0.25740000000000002             5000
   4.1000000000000003E-003  0.72840000000000005       0.25740000000000002             5000
   4.1009999999999996E-003  0.72840000000000005       0.25740000000000002             5000
   4.1019999999999997E-003  0.72840000000000005       0.25740000000000002             5000
   4.1029999999999999E-003  0.72840000000000005       0.25740000000000002             5000
   4.1040000000000000E-003  0.72840000000000005       0.25740000000000002             5000
   4.1049999999999993E-003  0.72840000000000005       0.25740000000000002             5000
   4.1059999999999994E-003  0.72840000000000005       0.25740000000000002             5000
   4.1069999999999995E-003  0.72840000000000005       0.25740000000000002             5000
   4.1079999999999997E-003  0.72840000000000005       0.25740000000000002             5000
   4.1089999999999998E-003  0.72840000000000005       0.25740000000000002             5000
   4.1099999999999999E-003  0.72840000000000005       0.25740000000000002             5000
   4.1110000000000001E-003  0.72840000000000005       0.25740000000000002             5000
   4.1119999999999993E-003  0.72840000000000005       0.25740000000000002             5000
   4.1129999999999995E-003  0.72840000000000005       0.25740000000000002             5000
   4.1139999999999996E-003  0.72840000000000005       0.25740000000000002             5000
   4.1149999999999997E-003  0.72840000000000005       0.25740000000000002             5000
   4.1159999999999999E-003  0.72840000000000005       0.25740000000000002             5000
   4.1170000000000000E-003  0.72840000000000005       0.25740000000000002             5000
   4.1180000000000001E-003  0.72840000000000005       0.25740000000000002             5000
   4.1189999999999994E-003  0.72840000000000005       0.25740000000000002             5000
   4.1199999999999995E-003  0.72840000000000005       0.25740000000000002             5000
   4.1209999999999997E-003  0.72840000000000005       0.25740000000000002             5000
   4.1219999999999998E-003  0.72840000000000005       0.25740000000000002             5000
   4.1229999999999991E-003  0.72840000000000005       0.25740000000000002             5000
   4.1240000000000001E-003  0.72840000000000005       0.25740000000000002             5000
   4.1250000000000002E-003  0.72840000000000005       0.25740000000000002             5000
   4.1259999999999995E-003  0.72840000000000005       0.25740000000000002             5000
   4.1269999999999996E-003  0.72840000000000005       0.25740000000000002             5000
   4.1279999999999997E-003  0.72840000000000005       0.25740000000000002             5000
   4.1289999999999999E-003  0.72840000000000005       0.25740000000000002             5000
   4.1299999999999991E-003  0.72840000000000005       0.25740000000000002             5000
   4.1309999999999993E-003  0.72840000000000005       0.25740000000000002             5000
   4.1320000000000003E-003  0.72840000000000005       0.25740000000000002             5000
   4.1330000000000004E-003  0.72840000000000005       0.25740000000000002             5000
   4.1339999999999997E-003  0.72840000000000005       0.25740000000000002             5000
   4.1349999999999998E-003  0.72840000000000005       0.25740000000000002             5000
   4.1359999999999999E-003  0.72840000000000005       0.25740000000000002             5000
   4.1369999999999992E-003  0.72840000000000005       0.25740000000000002             5000
   4.1379999999999993E-003  0.72840000000000005       0.25740000000000002             5000
   4.1389999999999995E-003  0.72840000000000005       0.25740000000000002             5000
   4.1400000000000005E-003  0.72840000000000005       0.25740000000000002             5000
   4.1409999999999997E-003  0.72840000000000005       0.25740000000000002             5000
   4.1419999999999998E-003  0.72840000000000005       0.25740000000000002             5000
   4.1430000000000000E-003  0.72840000000000005       0.25740000000000002             5000
   4.1439999999999992E-003  0.72840000000000005       0.25740000000000002             5000
   4.1449999999999994E-003  0.72840000000000005       0.25740000000000002             5000
   4.1459999999999995E-003  0.72840000000000005       0.25740000000000002             5000
   4.1469999999999996E-003  0.72840000000000005       0.25740000000000002             5000
   4.1479999999999998E-003  0.72840000000000005       0.25740000000000002             5000
   4.1489999999999999E-003  0.72840000000000005       0.25740000000000002             5000
   4.1500000000000000E-003  0.72840000000000005       0.25740000000000002             5000
   4.1510000000000002E-003  0.72840000000000005       0.25740000000000002             5000
   4.1519999999999994E-003  0.72840000000000005       0.25740000000000002             5000
   4.1529999999999996E-003  0.72840000000000005       0.25740000000000002             5000
   4.1539999999999997E-003  0.72840000000000005       0.25740000000000002             5000
   4.1549999999999990E-003  0.72840000000000005       0.25740000000000002             5000
   4.1560000000000000E-003  0.72840000000000005       0.25740000000000002             5000
   4.1570000000000001E-003  0.72840000000000005       0.25740000000000002             5000
   4.1580000000000002E-003  0.72840000000000005       0.25740000000000002             5000
   4.1589999999999995E-003  0.72840000000000005       0.25740000000000002             5000
   4.1599999999999996E-003  0.72840000000000005       0.25740000000000002             5000
   4.1609999999999998E-003  0.72840000000000005       0.25740000000000002             5000
   4.1619999999999999E-003  0.72840000000000005       0.25740000000000002             5000
   4.1630000000000000E-003  0.72840000000000005       0.25740000000000002             5000
   4.1640000000000002E-003  0.72840000000000005       0.25740000000000002             5000
   4.1650000000000003E-003  0.72840000000000005       0.25740000000000002             5000
   4.1659999999999996E-003  0.72840000000000005       0.25740000000000002             5000
   4.1669999999999997E-003  0.72840000000000005       0.25740000000000002             5000
   4.1679999999999998E-003  0.72840000000000005       0.25740000000000002             5000
   4.1690000000000000E-003  0.72840000000000005       0.25740000000000002             5000
   4.1699999999999992E-003  0.72840000000000005       0.25740000000000002             5000
   4.1710000000000002E-003  0.72840000000000005       0.25740000000000002             5000
   4.1720000000000004E-003  0.72840000000000005       0.25740000000000002             5000
   4.1729999999999996E-003  0.72840000000000005       0.25740000000000002             5000
   4.1739999999999998E-003  0.72840000000000005       0.25740000000000002             5000
   4.1749999999999999E-003  0.72840000000000005       0.25740000000000002             5000
   4.1760000000000000E-003  0.72840000000000005       0.25740000000000002             5000
   4.1769999999999993E-003  0.72840000000000005       0.25740000000000002             5000
   4.1779999999999994E-003  0.72840000000000005       0.25740000000000002             5000
   4.1790000000000004E-003  0.72840000000000005       0.25740000000000002             5000
   4.1799999999999997E-003  0.72840000000000005       0.25740000000000002             5000
   4.1809999999999998E-003  0.72840000000000005       0.25740000000000002             5000
   4.1820000000000000E-003  0.72840000000000005       0.25740000000000002             5000
   4.1830000000000001E-003  0.72840000000000005       0.25740000000000002             5000
   4.1839999999999994E-003  0.72840000000000005       0.25740000000000002             5000
   4.1849999999999995E-003  0.72840000000000005       0.25740000000000002             5000
   4.1859999999999996E-003  0.72840000000000005       0.25740000000000002             5000
   4.1869999999999997E-003  0.72840000000000005       0.25740000000000002             5000
   4.1879999999999999E-003  0.72840000000000005       0.25740000000000002             5000
   4.1890000000000000E-003  0.72840000000000005       0.25740000000000002             5000
   4.1900000000000001E-003  0.72840000000000005       0.25740000000000002             5000
   4.1909999999999994E-003  0.72840000000000005       0.25740000000000002             5000
   4.1919999999999995E-003  0.72840000000000005       0.25740000000000002             5000
   4.1929999999999997E-003  0.72840000000000005       0.25740000000000002             5000
   4.1939999999999998E-003  0.72840000000000005       0.25740000000000002             5000
   4.1949999999999999E-003  0.72840000000000005       0.25740000000000002             5000
   4.1960000000000001E-003  0.72840000000000005       0.25740000000000002             5000
   4.1970000000000002E-003  0.72840000000000005       0.25740000000000002             5000
   4.1979999999999995E-003  0.72840000000000005       0.25740000000000002             5000
   4.1989999999999996E-003  0.72840000000000005       0.25740000000000002             5000
   4.1999999999999997E-003  0.72840000000000005       0.25740000000000002             5000
   4.2009999999999999E-003  0.72840000000000005       0.25740000000000002             5000
   4.2019999999999991E-003  0.72840000000000005       0.25740000000000002             5000
   4.2030000000000001E-003  0.72840000000000005       0.25740000000000002             5000
   4.2040000000000003E-003  0.72840000000000005       0.25740000000000002             5000
   4.2049999999999995E-003  0.72840000000000005       0.25740000000000002             5000
   4.2059999999999997E-003  0.72840000000000005       0.25740000000000002             5000
   4.2069999999999998E-003  0.72840000000000005       0.25740000000000002             5000
   4.2079999999999999E-003  0.72840000000000005       0.25740000000000002             5000
   4.2089999999999992E-003  0.72840000000000005       0.25740000000000002             5000
   4.2099999999999993E-003  0.72840000000000005       0.25740000000000002             5000
   4.2110000000000003E-003  0.72840000000000005       0.25740000000000002             5000
   4.2119999999999996E-003  0.72840000000000005       0.25740000000000002             5000
   4.2129999999999997E-003  0.72840000000000005       0.25740000000000002             5000
   4.2139999999999999E-003  0.72840000000000005       0.25740000000000002             5000
   4.2150000000000000E-003  0.72840000000000005       0.25740000000000002             5000
   4.2159999999999993E-003  0.72840000000000005       0.25740000000000002             5000
   4.2169999999999994E-003  0.72840000000000005       0.25740000000000002             5000
   4.2179999999999995E-003  0.72840000000000005       0.25740000000000002             5000
   4.2189999999999997E-003  0.72840000000000005       0.25740000000000002             5000
   4.2199999999999998E-003  0.72840000000000005       0.25740000000000002             5000
   4.2209999999999999E-003  0.72840000000000005       0.25740000000000002             5000
   4.2220000000000001E-003  0.72840000000000005       0.25740000000000002             5000
   4.2229999999999993E-003  0.72840000000000005       0.25740000000000002             5000
   4.2239999999999995E-003  0.72840000000000005       0.25740000000000002             5000
   4.2249999999999996E-003  0.72840000000000005       0.25740000000000002             5000
   4.2259999999999997E-003  0.72840000000000005       0.25740000000000002             5000
   4.2269999999999999E-003  0.72840000000000005       0.25740000000000002             5000
   4.2280000000000000E-003  0.72840000000000005       0.25740000000000002             5000
   4.2290000000000001E-003  0.72840000000000005       0.25740000000000002             5000
   4.2299999999999994E-003  0.72840000000000005       0.25740000000000002             5000
   4.2309999999999995E-003  0.72840000000000005       0.25740000000000002             5000
   4.2319999999999997E-003  0.72840000000000005       0.25740000000000002             5000
   4.2329999999999998E-003  0.72840000000000005       0.25740000000000002             5000
   4.2339999999999999E-003  0.72840000000000005       0.25740000000000002             5000
   4.2350000000000000E-003  0.72840000000000005       0.25740000000000002             5000
   4.2360000000000002E-003  0.72840000000000005       0.25740000000000002             5000
   4.2369999999999994E-003  0.72840000000000005       0.25740000000000002             5000
   4.2379999999999996E-003  0.72840000000000005       0.25740000000000002             5000
   4.2389999999999997E-003  0.72840000000000005       0.25740000000000002             5000
   4.2399999999999998E-003  0.72840000000000005       0.25740000000000002             5000
   4.2409999999999991E-003  0.72840000000000005       0.25740000000000002             5000
   4.2420000000000001E-003  0.72840000000000005       0.25740000000000002             5000
   4.2430000000000002E-003  0.72840000000000005       0.25740000000000002             5000
   4.2439999999999995E-003  0.72840000000000005       0.25740000000000002             5000
   4.2449999999999996E-003  0.72840000000000005       0.25740000000000002             5000
   4.2459999999999998E-003  0.72840000000000005       0.25740000000000002             5000
   4.2469999999999999E-003  0.72840000000000005       0.25740000000000002             5000
   4.2479999999999992E-003  0.72840000000000005       0.25740000000000002             5000
   4.2489999999999993E-003  0.72840000000000005       0.25740000000000002             5000
   4.2500000000000003E-003  0.72840000000000005       0.25740000000000002             5000
   4.2509999999999996E-003  0.72840000000000005       0.25740000000000002             5000
   4.2519999999999997E-003  0.72840000000000005       0.25740000000000002             5000
   4.2529999999999998E-003  0.72840000000000005       0.25740000000000002             5000
   4.2540000000000000E-003  0.72840000000000005       0.25740000000000002             5000
   4.2549999999999992E-003  0.72840000000000005       0.25740000000000002             5000
   4.2559999999999994E-003  0.72840000000000005       0.25740000000000002             5000
   4.2569999999999995E-003  0.72840000000000005       0.25740000000000002             5000
   4.2579999999999996E-003  0.72840000000000005       0.25740000000000002             5000
   4.2589999999999998E-003  0.72840000000000005       0.25740000000000002             5000
   4.2599999999999999E-003  0.72840000000000005       0.25740000000000002             5000
   4.2610000000000000E-003  0.72840000000000005       0.25740000000000002             5000
   4.2619999999999993E-003  0.72840000000000005       0.25740000000000002             5000
   4.2629999999999994E-003  0.72840000000000005       0.25740000000000002             5000
   4.2639999999999996E-003  0.72840000000000005       0.25740000000000002             5000
   4.2649999999999997E-003  0.72840000000000005       0.25740000000000002             5000
   4.2659999999999998E-003  0.72840000000000005       0.25740000000000002             5000
   4.2670000000000000E-003  0.72840000000000005       0.25740000000000002             5000
   4.2680000000000001E-003  0.72840000000000005       0.25740000000000002             5000
   4.2689999999999994E-003  0.72840000000000005       0.25740000000000002             5000
   4.2699999999999995E-003  0.72840000000000005       0.25740000000000002             5000
   4.2709999999999996E-003  0.72840000000000005       0.25740000000000002             5000
   4.2719999999999998E-003  0.72840000000000005       0.25740000000000002             5000
   4.2729999999999990E-003  0.72840000000000005       0.25740000000000002             5000
   4.2740000000000000E-003  0.72840000000000005       0.25740000000000002             5000
   4.2750000000000002E-003  0.72840000000000005       0.25740000000000002             5000
   4.2759999999999994E-003  0.72840000000000005       0.25740000000000002             5000
   4.2769999999999996E-003  0.72840000000000005       0.25740000000000002             5000
   4.2779999999999997E-003  0.72840000000000005       0.25740000000000002             5000
   4.2789999999999998E-003  0.72840000000000005       0.25740000000000002             5000
   4.2799999999999991E-003  0.72840000000000005       0.25740000000000002             5000
   4.2809999999999992E-003  0.72840000000000005       0.25740000000000002             5000
   4.2820000000000002E-003  0.72840000000000005       0.25740000000000002             5000
   4.2830000000000003E-003  0.72840000000000005       0.25740000000000002             5000
   4.2839999999999996E-003  0.72840000000000005       0.25740000000000002             5000
   4.2849999999999997E-003  0.72840000000000005       0.25740000000000002             5000
   4.2859999999999999E-003  0.72840000000000005       0.25740000000000002             5000
   4.2869999999999991E-003  0.72840000000000005       0.25740000000000002             5000
   4.2879999999999993E-003  0.72840000000000005       0.25740000000000002             5000
   4.2890000000000003E-003  0.72840000000000005       0.25740000000000002             5000
   4.2900000000000004E-003  0.72840000000000005       0.25740000000000002             5000
   4.2909999999999997E-003  0.72840000000000005       0.25740000000000002             5000
   4.2919999999999998E-003  0.72840000000000005       0.25740000000000002             5000
   4.2929999999999999E-003  0.72840000000000005       0.25740000000000002             5000
   4.2939999999999992E-003  0.72840000000000005       0.25740000000000002             5000
   4.2949999999999993E-003  0.72840000000000005       0.25740000000000002             5000
   4.2959999999999995E-003  0.72840000000000005       0.25740000000000002             5000
   4.2970000000000005E-003  0.72840000000000005       0.25740000000000002             5000
   4.2979999999999997E-003  0.72840000000000005       0.25740000000000002             5000
   4.2989999999999999E-003  0.72840000000000005       0.25740000000000002             5000
   4.3000000000000000E-003  0.72840000000000005       0.25740000000000002             5000
   4.3010000000000001E-003  0.72840000000000005       0.25740000000000002             5000
   4.3019999999999994E-003  0.72840000000000005       0.25740000000000002             5000
   4.3029999999999995E-003  0.72840000000000005       0.25740000000000002             5000
   4.3039999999999997E-003  0.72840000000000005       0.25740000000000002             5000
   4.3049999999999998E-003  0.72840000000000005       0.25740000000000002             5000
   4.3059999999999999E-003  0.72840000000000005       0.25740000000000002             5000
   4.3070000000000001E-003  0.72840000000000005       0.25740000000000002             5000
   4.3080000000000002E-003  0.72840000000000005       0.25740000000000002             5000
   4.3089999999999995E-003  0.72840000000000005       0.25740000000000002             5000
   4.3099999999999996E-003  0.72840000000000005       0.25740000000000002             5000
   4.3109999999999997E-003  0.72840000000000005       0.25740000000000002             5000
   4.3119999999999990E-003  0.72840000000000005       0.25740000000000002             5000
   4.3130000000000000E-003  0.72840000000000005       0.25740000000000002             5000
   4.3140000000000001E-003  0.72840000000000005       0.25740000000000002             5000
   4.3150000000000003E-003  0.72840000000000005       0.25740000000000002             5000
   4.3159999999999995E-003  0.72840000000000005       0.25740000000000002             5000
   4.3169999999999997E-003  0.72840000000000005       0.25740000000000002             5000
   4.3179999999999998E-003  0.72840000000000005       0.25740000000000002             5000
   4.3189999999999999E-003  0.72840000000000005       0.25740000000000002             5000
   4.3199999999999992E-003  0.72840000000000005       0.25740000000000002             5000
   4.3210000000000002E-003  0.72840000000000005       0.25740000000000002             5000
   4.3220000000000003E-003  0.72840000000000005       0.25740000000000002             5000
   4.3229999999999996E-003  0.72840000000000005       0.25740000000000002             5000
   4.3239999999999997E-003  0.72840000000000005       0.25740000000000002             5000
   4.3249999999999999E-003  0.72840000000000005       0.25740000000000002             5000
   4.3260000000000000E-003  0.72840000000000005       0.25740000000000002             5000
   4.3269999999999992E-003  0.72840000000000005       0.25740000000000002             5000
   4.3279999999999994E-003  0.72840000000000005       0.25740000000000002             5000
   4.3290000000000004E-003  0.72840000000000005       0.25740000000000002             5000
   4.3299999999999996E-003  0.72840000000000005       0.25740000000000002             5000
   4.3309999999999998E-003  0.72840000000000005       0.25740000000000002             5000
   4.3319999999999999E-003  0.72840000000000005       0.25740000000000002             5000
   4.3330000000000000E-003  0.72840000000000005       0.25740000000000002             5000
   4.3339999999999993E-003  0.72840000000000005       0.25740000000000002             5000
   4.3349999999999994E-003  0.72840000000000005       0.25740000000000002             5000
   4.3359999999999996E-003  0.72840000000000005       0.25740000000000002             5000
   4.3369999999999997E-003  0.72840000000000005       0.25740000000000002             5000
   4.3379999999999998E-003  0.72840000000000005       0.25740000000000002             5000
   4.3390000000000000E-003  0.72840000000000005       0.25740000000000002             5000
   4.3400000000000001E-003  0.72840000000000005       0.25740000000000002             5000
   4.3409999999999994E-003  0.72840000000000005       0.25740000000000002             5000
   4.3419999999999995E-003  0.72840000000000005       0.25740000000000002             5000
   4.3429999999999996E-003  0.72840000000000005       0.25740000000000002             5000
   4.3439999999999998E-003  0.72840000000000005       0.25740000000000002             5000
   4.3449999999999999E-003  0.72840000000000005       0.25740000000000002             5000
   4.3460000000000000E-003  0.72840000000000005       0.25740000000000002             5000
   4.3470000000000002E-003  0.72840000000000005       0.25740000000000002             5000
   4.3479999999999994E-003  0.72840000000000005       0.25740000000000002             5000
   4.3489999999999996E-003  0.72840000000000005       0.25740000000000002             5000
   4.3499999999999997E-003  0.72840000000000005       0.25740000000000002             5000
   4.3509999999999998E-003  0.72840000000000005       0.25740000000000002             5000
   4.3519999999999991E-003  0.72840000000000005       0.25740000000000002             5000
   4.3530000000000001E-003  0.72840000000000005       0.25740000000000002             5000
   4.3540000000000002E-003  0.72840000000000005       0.25740000000000002             5000
   4.3549999999999995E-003  0.72840000000000005       0.25740000000000002             5000
   4.3559999999999996E-003  0.72840000000000005       0.25740000000000002             5000
   4.3569999999999998E-003  0.72840000000000005       0.25740000000000002             5000
   4.3579999999999999E-003  0.72840000000000005       0.25740000000000002             5000
   4.3589999999999992E-003  0.72840000000000005       0.25740000000000002             5000
   4.3600000000000002E-003  0.72840000000000005       0.25740000000000002             5000
   4.3610000000000003E-003  0.72840000000000005       0.25740000000000002             5000
   4.3619999999999996E-003  0.72840000000000005       0.25740000000000002             5000
   4.3629999999999997E-003  0.72840000000000005       0.25740000000000002             5000
   4.3639999999999998E-003  0.72840000000000005       0.25740000000000002             5000
   4.3650000000000000E-003  0.72840000000000005       0.25740000000000002             5000
   4.3659999999999992E-003  0.72840000000000005       0.25740000000000002             5000
   4.3669999999999994E-003  0.72840000000000005       0.25740000000000002             5000
   4.3680000000000004E-003  0.72840000000000005       0.25740000000000002             5000
   4.3689999999999996E-003  0.72840000000000005       0.25740000000000002             5000
   4.3699999999999998E-003  0.72840000000000005       0.25740000000000002             5000
   4.3709999999999999E-003  0.72840000000000005       0.25740000000000002             5000
   4.3720000000000000E-003  0.72840000000000005       0.25740000000000002             5000
   4.3729999999999993E-003  0.72840000000000005       0.25740000000000002             5000
   4.3739999999999994E-003  0.72840000000000005       0.25740000000000002             5000
   4.3749999999999995E-003  0.72840000000000005       0.25740000000000002             5000
   4.3759999999999997E-003  0.72840000000000005       0.25740000000000002             5000
   4.3769999999999998E-003  0.72840000000000005       0.25740000000000002             5000
   4.3779999999999999E-003  0.72840000000000005       0.25740000000000002             5000
   4.3790000000000001E-003  0.72840000000000005       0.25740000000000002             5000
   4.3799999999999993E-003  0.72840000000000005       0.25740000000000002             5000
   4.3809999999999995E-003  0.72840000000000005       0.25740000000000002             5000
   4.3819999999999996E-003  0.72840000000000005       0.25740000000000002             5000
   4.3829999999999997E-003  0.72840000000000005       0.25740000000000002             5000
   4.3839999999999999E-003  0.72840000000000005       0.25740000000000002             5000
   4.3850000000000000E-003  0.72840000000000005       0.25740000000000002             5000
   4.3860000000000001E-003  0.72840000000000005       0.25740000000000002             5000
   4.3869999999999994E-003  0.72840000000000005       0.25740000000000002             5000
   4.3879999999999995E-003  0.72840000000000005       0.25740000000000002             5000
   4.3889999999999997E-003  0.72840000000000005       0.25740000000000002             5000
   4.3899999999999998E-003  0.72840000000000005       0.25740000000000002             5000
   4.3909999999999991E-003  0.72840000000000005       0.25740000000000002             5000
   4.3920000000000001E-003  0.72840000000000005       0.25740000000000002             5000
   4.3930000000000002E-003  0.72840000000000005       0.25740000000000002             5000
   4.3939999999999995E-003  0.72840000000000005       0.25740000000000002             5000
   4.3949999999999996E-003  0.72840000000000005       0.25740000000000002             5000
   4.3959999999999997E-003  0.72840000000000005       0.25740000000000002             5000
   4.3969999999999999E-003  0.72840000000000005       0.25740000000000002             5000
   4.3979999999999991E-003  0.72840000000000005       0.25740000000000002             5000
   4.3989999999999993E-003  0.72840000000000005       0.25740000000000002             5000
   4.4000000000000003E-003  0.72840000000000005       0.25740000000000002             5000
   4.4009999999999995E-003  0.72840000000000005       0.25740000000000002             5000
   4.4019999999999997E-003  0.72840000000000005       0.25740000000000002             5000
   4.4029999999999998E-003  0.72840000000000005       0.25740000000000002             5000
   4.4039999999999999E-003  0.72840000000000005       0.25740000000000002             5000
   4.4049999999999992E-003  0.72840000000000005       0.25740000000000002             5000
   4.4059999999999993E-003  0.72840000000000005       0.25740000000000002             5000
   4.4069999999999995E-003  0.72840000000000005       0.25740000000000002             5000
   4.4079999999999996E-003  0.72840000000000005       0.25740000000000002             5000
   4.4089999999999997E-003  0.72840000000000005       0.25740000000000002             5000
   4.4099999999999999E-003  0.72840000000000005       0.25740000000000002             5000
   4.4110000000000000E-003  0.72840000000000005       0.25740000000000002             5000
   4.4119999999999993E-003  0.72840000000000005       0.25740000000000002             5000
   4.4129999999999994E-003  0.72840000000000005       0.25740000000000002             5000
   4.4139999999999995E-003  0.72840000000000005       0.25740000000000002             5000
   4.4149999999999997E-003  0.72840000000000005       0.25740000000000002             5000
   4.4159999999999998E-003  0.72840000000000005       0.25740000000000002             5000
   4.4169999999999999E-003  0.72840000000000005       0.25740000000000002             5000
   4.4180000000000001E-003  0.72840000000000005       0.25740000000000002             5000
   4.4189999999999993E-003  0.72840000000000005       0.25740000000000002             5000
   4.4199999999999995E-003  0.72840000000000005       0.25740000000000002             5000
   4.4209999999999996E-003  0.72840000000000005       0.25740000000000002             5000
   4.4219999999999997E-003  0.72840000000000005       0.25740000000000002             5000
   4.4229999999999998E-003  0.72840000000000005       0.25740000000000002             5000
   4.4240000000000000E-003  0.72840000000000005       0.25740000000000002             5000
   4.4250000000000001E-003  0.72840000000000005       0.25740000000000002             5000
   4.4259999999999994E-003  0.72840000000000005       0.25740000000000002             5000
   4.4269999999999995E-003  0.72840000000000005       0.25740000000000002             5000
   4.4279999999999996E-003  0.72840000000000005       0.25740000000000002             5000
   4.4289999999999998E-003  0.72840000000000005       0.25740000000000002             5000
   4.4299999999999990E-003  0.72840000000000005       0.25740000000000002             5000
   4.4310000000000000E-003  0.72840000000000005       0.25740000000000002             5000
   4.4320000000000002E-003  0.72840000000000005       0.25740000000000002             5000
   4.4330000000000003E-003  0.72840000000000005       0.25740000000000002             5000
   4.4339999999999996E-003  0.72840000000000005       0.25740000000000002             5000
   4.4349999999999997E-003  0.72840000000000005       0.25740000000000002             5000
   4.4359999999999998E-003  0.72840000000000005       0.25740000000000002             5000
   4.4369999999999991E-003  0.72840000000000005       0.25740000000000002             5000
   4.4379999999999992E-003  0.72840000000000005       0.25740000000000002             5000
   4.4390000000000002E-003  0.72840000000000005       0.25740000000000002             5000
   4.4400000000000004E-003  0.72840000000000005       0.25740000000000002             5000
   4.4409999999999996E-003  0.72840000000000005       0.25740000000000002             5000
   4.4419999999999998E-003  0.72840000000000005       0.25740000000000002             5000
   4.4429999999999999E-003  0.72840000000000005       0.25740000000000002             5000
   4.4439999999999992E-003  0.72840000000000005       0.25740000000000002             5000
   4.4449999999999993E-003  0.72840000000000005       0.25740000000000002             5000
   4.4459999999999994E-003  0.72840000000000005       0.25740000000000002             5000
   4.4470000000000004E-003  0.72840000000000005       0.25740000000000002             5000
   4.4479999999999997E-003  0.72840000000000005       0.25740000000000002             5000
   4.4489999999999998E-003  0.72840000000000005       0.25740000000000002             5000
   4.4500000000000000E-003  0.72840000000000005       0.25740000000000002             5000
   4.4510000000000001E-003  0.72840000000000005       0.25740000000000002             5000
   4.4519999999999994E-003  0.72840000000000005       0.25740000000000002             5000
   4.4529999999999995E-003  0.72840000000000005       0.25740000000000002             5000
   4.4539999999999996E-003  0.72840000000000005       0.25740000000000002             5000
   4.4549999999999998E-003  0.72840000000000005       0.25740000000000002             5000
   4.4559999999999999E-003  0.72840000000000005       0.25740000000000002             5000
   4.4570000000000000E-003  0.72840000000000005       0.25740000000000002             5000
   4.4580000000000002E-003  0.72840000000000005       0.25740000000000002             5000
   4.4589999999999994E-003  0.72840000000000005       0.25740000000000002             5000
   4.4599999999999996E-003  0.72840000000000005       0.25740000000000002             5000
   4.4609999999999997E-003  0.72840000000000005       0.25740000000000002             5000
   4.4619999999999990E-003  0.72840000000000005       0.25740000000000002             5000
   4.4630000000000000E-003  0.72840000000000005       0.25740000000000002             5000
   4.4640000000000001E-003  0.72840000000000005       0.25740000000000002             5000
   4.4650000000000002E-003  0.72840000000000005       0.25740000000000002             5000
   4.4659999999999995E-003  0.72840000000000005       0.25740000000000002             5000
   4.4669999999999996E-003  0.72840000000000005       0.25740000000000002             5000
   4.4679999999999997E-003  0.72840000000000005       0.25740000000000002             5000
   4.4689999999999999E-003  0.72840000000000005       0.25740000000000002             5000
   4.4699999999999991E-003  0.72840000000000005       0.25740000000000002             5000
   4.4710000000000001E-003  0.72840000000000005       0.25740000000000002             5000
   4.4720000000000003E-003  0.72840000000000005       0.25740000000000002             5000
   4.4729999999999995E-003  0.72840000000000005       0.25740000000000002             5000
   4.4739999999999997E-003  0.72840000000000005       0.25740000000000002             5000
   4.4749999999999998E-003  0.72840000000000005       0.25740000000000002             5000
   4.4759999999999999E-003  0.72840000000000005       0.25740000000000002             5000
   4.4769999999999992E-003  0.72840000000000005       0.25740000000000002             5000
   4.4779999999999993E-003  0.72840000000000005       0.25740000000000002             5000
   4.4790000000000003E-003  0.72840000000000005       0.25740000000000002             5000
   4.4799999999999996E-003  0.72840000000000005       0.25740000000000002             5000
   4.4809999999999997E-003  0.72840000000000005       0.25740000000000002             5000
   4.4819999999999999E-003  0.72840000000000005       0.25740000000000002             5000
   4.4830000000000000E-003  0.72840000000000005       0.25740000000000002             5000
   4.4839999999999993E-003  0.72840000000000005       0.25740000000000002             5000
   4.4849999999999994E-003  0.72840000000000005       0.25740000000000002             5000
   4.4860000000000004E-003  0.72840000000000005       0.25740000000000002             5000
   4.4869999999999997E-003  0.72840000000000005       0.25740000000000002             5000
   4.4879999999999998E-003  0.72840000000000005       0.25740000000000002             5000
   4.4889999999999999E-003  0.72840000000000005       0.25740000000000002             5000
   4.4900000000000001E-003  0.72840000000000005       0.25740000000000002             5000
   4.4909999999999993E-003  0.72840000000000005       0.25740000000000002             5000
   4.4919999999999995E-003  0.72840000000000005       0.25740000000000002             5000
   4.4929999999999996E-003  0.72840000000000005       0.25740000000000002             5000
   4.4939999999999997E-003  0.72840000000000005       0.25740000000000002             5000
   4.4949999999999999E-003  0.72840000000000005       0.25740000000000002             5000
   4.4960000000000000E-003  0.72840000000000005       0.25740000000000002             5000
   4.4970000000000001E-003  0.72840000000000005       0.25740000000000002             5000
   4.4979999999999994E-003  0.72840000000000005       0.25740000000000002             5000
   4.4989999999999995E-003  0.72840000000000005       0.25740000000000002             5000
   4.4999999999999997E-003  0.72840000000000005       0.25740000000000002             5000
   4.5009999999999998E-003  0.72840000000000005       0.25740000000000002             5000
   4.5019999999999999E-003  0.72840000000000005       0.25740000000000002             5000
   4.5030000000000001E-003  0.72840000000000005       0.25740000000000002             5000
   4.5040000000000002E-003  0.72840000000000005       0.25740000000000002             5000
   4.5049999999999995E-003  0.72840000000000005       0.25740000000000002             5000
   4.5059999999999996E-003  0.72840000000000005       0.25740000000000002             5000
   4.5069999999999997E-003  0.72840000000000005       0.25740000000000002             5000
   4.5079999999999999E-003  0.72840000000000005       0.25740000000000002             5000
   4.5089999999999991E-003  0.72840000000000005       0.25740000000000002             5000
   4.5100000000000001E-003  0.72840000000000005       0.25740000000000002             5000
   4.5110000000000003E-003  0.72840000000000005       0.25740000000000002             5000
   4.5119999999999995E-003  0.72840000000000005       0.25740000000000002             5000
   4.5129999999999997E-003  0.72840000000000005       0.25740000000000002             5000
   4.5139999999999998E-003  0.72840000000000005       0.25740000000000002             5000
   4.5149999999999999E-003  0.72840000000000005       0.25740000000000002             5000
   4.5159999999999992E-003  0.72840000000000005       0.25740000000000002             5000
   4.5169999999999993E-003  0.72840000000000005       0.25740000000000002             5000
   4.5180000000000003E-003  0.72840000000000005       0.25740000000000002             5000
   4.5189999999999996E-003  0.72840000000000005       0.25740000000000002             5000
   4.5199999999999997E-003  0.72840000000000005       0.25740000000000002             5000
   4.5209999999999998E-003  0.72840000000000005       0.25740000000000002             5000
   4.5220000000000000E-003  0.72840000000000005       0.25740000000000002             5000
   4.5229999999999992E-003  0.72840000000000005       0.25740000000000002             5000
   4.5239999999999994E-003  0.72840000000000005       0.25740000000000002             5000
   4.5249999999999995E-003  0.72840000000000005       0.25740000000000002             5000
   4.5259999999999996E-003  0.72840000000000005       0.25740000000000002             5000
   4.5269999999999998E-003  0.72840000000000005       0.25740000000000002             5000
   4.5279999999999999E-003  0.72840000000000005       0.25740000000000002             5000
   4.5290000000000000E-003  0.72840000000000005       0.25740000000000002             5000
   4.5299999999999993E-003  0.72840000000000005       0.25740000000000002             5000
   4.5309999999999994E-003  0.72840000000000005       0.25740000000000002             5000
   4.5319999999999996E-003  0.72840000000000005       0.25740000000000002             5000
   4.5329999999999997E-003  0.72840000000000005       0.25740000000000002             5000
   4.5339999999999998E-003  0.72840000000000005       0.25740000000000002             5000
   4.5350000000000000E-003  0.72840000000000005       0.25740000000000002             5000
   4.5360000000000001E-003  0.72840000000000005       0.25740000000000002             5000
   4.5369999999999994E-003  0.72840000000000005       0.25740000000000002             5000
   4.5379999999999995E-003  0.72840000000000005       0.25740000000000002             5000
   4.5389999999999996E-003  0.72840000000000005       0.25740000000000002             5000
   4.5399999999999998E-003  0.72840000000000005       0.25740000000000002             5000
   4.5409999999999990E-003  0.72840000000000005       0.25740000000000002             5000
   4.5420000000000000E-003  0.72840000000000005       0.25740000000000002             5000
   4.5430000000000002E-003  0.72840000000000005       0.25740000000000002             5000
   4.5439999999999994E-003  0.72840000000000005       0.25740000000000002             5000
   4.5449999999999996E-003  0.72840000000000005       0.25740000000000002             5000
   4.5459999999999997E-003  0.72840000000000005       0.25740000000000002             5000
   4.5469999999999998E-003  0.72840000000000005       0.25740000000000002             5000
   4.5479999999999991E-003  0.72840000000000005       0.25740000000000002             5000
   4.5490000000000001E-003  0.72840000000000005       0.25740000000000002             5000
   4.5500000000000002E-003  0.72840000000000005       0.25740000000000002             5000
   4.5509999999999995E-003  0.72840000000000005       0.25740000000000002             5000
   4.5519999999999996E-003  0.72840000000000005       0.25740000000000002             5000
   4.5529999999999998E-003  0.72840000000000005       0.25740000000000002             5000
   4.5539999999999999E-003  0.72840000000000005       0.25740000000000002             5000
   4.5549999999999992E-003  0.72840000000000005       0.25740000000000002             5000
   4.5559999999999993E-003  0.72840000000000005       0.25740000000000002             5000
   4.5570000000000003E-003  0.72840000000000005       0.25740000000000002             5000
   4.5579999999999996E-003  0.72840000000000005       0.25740000000000002             5000
   4.5589999999999997E-003  0.72840000000000005       0.25740000000000002             5000
   4.5599999999999998E-003  0.72840000000000005       0.25740000000000002             5000
   4.5610000000000000E-003  0.72840000000000005       0.25740000000000002             5000
   4.5619999999999992E-003  0.72840000000000005       0.25740000000000002             5000
   4.5629999999999993E-003  0.72840000000000005       0.25740000000000002             5000
   4.5639999999999995E-003  0.72840000000000005       0.25740000000000002             5000
   4.5649999999999996E-003  0.72840000000000005       0.25740000000000002             5000
   4.5659999999999997E-003  0.72840000000000005       0.25740000000000002             5000
   4.5669999999999999E-003  0.72840000000000005       0.25740000000000002             5000
   4.5680000000000000E-003  0.72840000000000005       0.25740000000000002             5000
   4.5689999999999993E-003  0.72840000000000005       0.25740000000000002             5000
   4.5699999999999994E-003  0.72840000000000005       0.25740000000000002             5000
   4.5709999999999995E-003  0.72840000000000005       0.25740000000000002             5000
   4.5719999999999997E-003  0.72840000000000005       0.25740000000000002             5000
   4.5729999999999998E-003  0.72840000000000005       0.25740000000000002             5000
   4.5739999999999999E-003  0.72840000000000005       0.25740000000000002             5000
   4.5750000000000001E-003  0.72840000000000005       0.25740000000000002             5000
   4.5759999999999993E-003  0.72840000000000005       0.25740000000000002             5000
   4.5769999999999995E-003  0.72840000000000005       0.25740000000000002             5000
   4.5779999999999996E-003  0.72840000000000005       0.25740000000000002             5000
   4.5789999999999997E-003  0.72840000000000005       0.25740000000000002             5000
   4.5799999999999990E-003  0.72840000000000005       0.25740000000000002             5000
   4.5810000000000000E-003  0.72840000000000005       0.25740000000000002             5000
   4.5820000000000001E-003  0.72840000000000005       0.25740000000000002             5000
   4.5830000000000003E-003  0.72840000000000005       0.25740000000000002             5000
   4.5839999999999995E-003  0.72840000000000005       0.25740000000000002             5000
   4.5849999999999997E-003  0.72840000000000005       0.25740000000000002             5000
   4.5859999999999998E-003  0.72840000000000005       0.25740000000000002             5000
   4.5869999999999991E-003  0.72840000000000005       0.25740000000000002             5000
   4.5879999999999992E-003  0.72840000000000005       0.25740000000000002             5000
   4.5890000000000002E-003  0.72840000000000005       0.25740000000000002             5000
   4.5900000000000003E-003  0.72840000000000005       0.25740000000000002             5000
   4.5909999999999996E-003  0.72840000000000005       0.25740000000000002             5000
   4.5919999999999997E-003  0.72840000000000005       0.25740000000000002             5000
   4.5929999999999999E-003  0.72840000000000005       0.25740000000000002             5000
   4.5939999999999991E-003  0.72840000000000005       0.25740000000000002             5000
   4.5949999999999993E-003  0.72840000000000005       0.25740000000000002             5000
   4.5959999999999994E-003  0.72840000000000005       0.25740000000000002             5000
   4.5970000000000004E-003  0.72840000000000005       0.25740000000000002             5000
   4.5979999999999997E-003  0.72840000000000005       0.25740000000000002             5000
   4.5989999999999998E-003  0.72840000000000005       0.25740000000000002             5000
   4.5999999999999999E-003  0.72840000000000005       0.25740000000000002             5000
   4.6010000000000001E-003  0.72840000000000005       0.25740000000000002             5000
   4.6019999999999993E-003  0.72840000000000005       0.25740000000000002             5000
   4.6029999999999995E-003  0.72840000000000005       0.25740000000000002             5000
   4.6039999999999996E-003  0.72840000000000005       0.25740000000000002             5000
   4.6049999999999997E-003  0.72840000000000005       0.25740000000000002             5000
   4.6059999999999999E-003  0.72840000000000005       0.25740000000000002             5000
   4.6070000000000000E-003  0.72840000000000005       0.25740000000000002             5000
   4.6080000000000001E-003  0.72840000000000005       0.25740000000000002             5000
   4.6089999999999994E-003  0.72840000000000005       0.25740000000000002             5000
   4.6099999999999995E-003  0.72840000000000005       0.25740000000000002             5000
   4.6109999999999996E-003  0.72840000000000005       0.25740000000000002             5000
   4.6119999999999998E-003  0.72840000000000005       0.25740000000000002             5000
   4.6129999999999999E-003  0.72840000000000005       0.25740000000000002             5000
   4.6140000000000000E-003  0.72840000000000005       0.25740000000000002             5000
   4.6150000000000002E-003  0.72840000000000005       0.25740000000000002             5000
   4.6159999999999994E-003  0.72840000000000005       0.25740000000000002             5000
   4.6169999999999996E-003  0.72840000000000005       0.25740000000000002             5000
   4.6179999999999997E-003  0.72840000000000005       0.25740000000000002             5000
   4.6189999999999998E-003  0.72840000000000005       0.25740000000000002             5000
   4.6200000000000000E-003  0.72840000000000005       0.25740000000000002             5000
   4.6210000000000001E-003  0.72840000000000005       0.25740000000000002             5000
   4.6220000000000002E-003  0.72840000000000005       0.25740000000000002             5000
   4.6229999999999995E-003  0.72840000000000005       0.25740000000000002             5000
   4.6239999999999996E-003  0.72840000000000005       0.25740000000000002             5000
   4.6249999999999998E-003  0.72840000000000005       0.25740000000000002             5000
   4.6259999999999999E-003  0.72840000000000005       0.25740000000000002             5000
   4.6269999999999992E-003  0.72840000000000005       0.25740000000000002             5000
   4.6280000000000002E-003  0.72840000000000005       0.25740000000000002             5000
   4.6290000000000003E-003  0.72840000000000005       0.25740000000000002             5000
   4.6299999999999996E-003  0.72840000000000005       0.25740000000000002             5000
   4.6309999999999997E-003  0.72840000000000005       0.25740000000000002             5000
   4.6319999999999998E-003  0.72840000000000005       0.25740000000000002             5000
   4.6330000000000000E-003  0.72840000000000005       0.25740000000000002             5000
   4.6339999999999992E-003  0.72840000000000005       0.25740000000000002             5000
   4.6349999999999994E-003  0.72840000000000005       0.25740000000000002             5000
   4.6360000000000004E-003  0.72840000000000005       0.25740000000000002             5000
   4.6369999999999996E-003  0.72840000000000005       0.25740000000000002             5000
   4.6379999999999998E-003  0.72840000000000005       0.25740000000000002             5000
   4.6389999999999999E-003  0.72840000000000005       0.25740000000000002             5000
   4.6400000000000000E-003  0.72840000000000005       0.25740000000000002             5000
   4.6409999999999993E-003  0.72840000000000005       0.25740000000000002             5000
   4.6419999999999994E-003  0.72840000000000005       0.25740000000000002             5000
   4.6429999999999996E-003  0.72840000000000005       0.25740000000000002             5000
   4.6439999999999997E-003  0.72840000000000005       0.25740000000000002             5000
   4.6449999999999998E-003  0.72840000000000005       0.25740000000000002             5000
   4.6460000000000000E-003  0.72840000000000005       0.25740000000000002             5000
   4.6470000000000001E-003  0.72840000000000005       0.25740000000000002             5000
   4.6479999999999994E-003  0.72840000000000005       0.25740000000000002             5000
   4.6489999999999995E-003  0.72840000000000005       0.25740000000000002             5000
   4.6499999999999996E-003  0.72840000000000005       0.25740000000000002             5000
   4.6509999999999998E-003  0.72840000000000005       0.25740000000000002             5000
   4.6519999999999999E-003  0.72840000000000005       0.25740000000000002             5000
   4.6530000000000000E-003  0.72840000000000005       0.25740000000000002             5000
   4.6540000000000002E-003  0.72840000000000005       0.25740000000000002             5000
   4.6549999999999994E-003  0.72840000000000005       0.25740000000000002             5000
   4.6559999999999995E-003  0.72840000000000005       0.25740000000000002             5000
   4.6569999999999997E-003  0.72840000000000005       0.25740000000000002             5000
   4.6579999999999998E-003  0.72840000000000005       0.25740000000000002             5000
   4.6589999999999991E-003  0.72840000000000005       0.25740000000000002             5000
   4.6600000000000001E-003  0.72840000000000005       0.25740000000000002             5000
   4.6610000000000002E-003  0.72840000000000005       0.25740000000000002             5000
   4.6619999999999995E-003  0.72840000000000005       0.25740000000000002             5000
   4.6629999999999996E-003  0.72840000000000005       0.25740000000000002             5000
   4.6639999999999997E-003  0.72840000000000005       0.25740000000000002             5000
   4.6649999999999999E-003  0.72840000000000005       0.25740000000000002             5000
   4.6659999999999991E-003  0.72840000000000005       0.25740000000000002             5000
   4.6669999999999993E-003  0.72840000000000005       0.25740000000000002             5000
   4.6680000000000003E-003  0.72840000000000005       0.25740000000000002             5000
   4.6689999999999995E-003  0.72840000000000005       0.25740000000000002             5000
   4.6699999999999997E-003  0.72840000000000005       0.25740000000000002             5000
   4.6709999999999998E-003  0.72840000000000005       0.25740000000000002             5000
   4.6719999999999999E-003  0.72840000000000005       0.25740000000000002             5000
   4.6729999999999992E-003  0.72840000000000005       0.25740000000000002             5000
   4.6739999999999993E-003  0.72840000000000005       0.25740000000000002             5000
   4.6750000000000003E-003  0.72840000000000005       0.25740000000000002             5000
   4.6759999999999996E-003  0.72840000000000005       0.25740000000000002             5000
   4.6769999999999997E-003  0.72840000000000005       0.25740000000000002             5000
   4.6779999999999999E-003  0.72840000000000005       0.25740000000000002             5000
   4.6790000000000000E-003  0.72840000000000005       0.25740000000000002             5000
   4.6799999999999993E-003  0.72840000000000005       0.25740000000000002             5000
   4.6809999999999994E-003  0.72840000000000005       0.25740000000000002             5000
   4.6819999999999995E-003  0.72840000000000005       0.25740000000000002             5000
   4.6829999999999997E-003  0.72840000000000005       0.25740000000000002             5000
   4.6839999999999998E-003  0.72840000000000005       0.25740000000000002             5000
   4.6849999999999999E-003  0.72840000000000005       0.25740000000000002             5000
   4.6860000000000001E-003  0.72840000000000005       0.25740000000000002             5000
   4.6869999999999993E-003  0.72840000000000005       0.25740000000000002             5000
   4.6879999999999995E-003  0.72840000000000005       0.25740000000000002             5000
   4.6889999999999996E-003  0.72840000000000005       0.25740000000000002             5000
   4.6899999999999997E-003  0.72840000000000005       0.25740000000000002             5000
   4.6909999999999999E-003  0.72840000000000005       0.25740000000000002             5000
   4.6920000000000000E-003  0.72840000000000005       0.25740000000000002             5000
   4.6930000000000001E-003  0.72840000000000005       0.25740000000000002             5000
   4.6939999999999994E-003  0.72840000000000005       0.25740000000000002             5000
   4.6949999999999995E-003  0.72840000000000005       0.25740000000000002             5000
   4.6959999999999997E-003  0.72840000000000005       0.25740000000000002             5000
   4.6969999999999998E-003  0.72840000000000005       0.25740000000000002             5000
   4.6979999999999991E-003  0.72840000000000005       0.25740000000000002             5000
   4.6990000000000001E-003  0.72840000000000005       0.25740000000000002             5000
   4.7000000000000002E-003  0.72840000000000005       0.25740000000000002             5000
   4.7009999999999994E-003  0.72840000000000005       0.25740000000000002             5000
   4.7019999999999996E-003  0.72840000000000005       0.25740000000000002             5000
   4.7029999999999997E-003  0.72840000000000005       0.25740000000000002             5000
   4.7039999999999998E-003  0.72840000000000005       0.25740000000000002             5000
   4.7049999999999991E-003  0.72840000000000005       0.25740000000000002             5000
   4.7059999999999992E-003  0.72840000000000005       0.25740000000000002             5000
   4.7070000000000002E-003  0.72840000000000005       0.25740000000000002             5000
   4.7079999999999995E-003  0.72840000000000005       0.25740000000000002             5000
   4.7089999999999996E-003  0.72840000000000005       0.25740000000000002             5000
   4.7099999999999998E-003  0.72840000000000005       0.25740000000000002             5000
   4.7109999999999999E-003  0.72840000000000005       0.25740000000000002             5000
   4.7119999999999992E-003  0.72840000000000005       0.25740000000000002             5000
   4.7129999999999993E-003  0.72840000000000005       0.25740000000000002             5000
   4.7139999999999994E-003  0.72840000000000005       0.25740000000000002             5000
   4.7149999999999996E-003  0.72840000000000005       0.25740000000000002             5000
   4.7159999999999997E-003  0.72840000000000005       0.25740000000000002             5000
   4.7169999999999998E-003  0.72840000000000005       0.25740000000000002             5000
   4.7180000000000000E-003  0.72840000000000005       0.25740000000000002             5000
   4.7189999999999992E-003  0.72840000000000005       0.25740000000000002             5000
   4.7199999999999994E-003  0.72840000000000005       0.25740000000000002             5000
   4.7209999999999995E-003  0.72840000000000005       0.25740000000000002             5000
   4.7219999999999996E-003  0.72840000000000005       0.25740000000000002             5000
   4.7229999999999998E-003  0.72840000000000005       0.25740000000000002             5000
   4.7239999999999999E-003  0.72840000000000005       0.25740000000000002             5000
   4.7250000000000000E-003  0.72840000000000005       0.25740000000000002             5000
   4.7259999999999993E-003  0.72840000000000005       0.25740000000000002             5000
   4.7269999999999994E-003  0.72840000000000005       0.25740000000000002             5000
   4.7279999999999996E-003  0.72840000000000005       0.25740000000000002             5000
   4.7289999999999997E-003  0.72840000000000005       0.25740000000000002             5000
   4.7299999999999990E-003  0.72840000000000005       0.25740000000000002             5000
   4.7310000000000000E-003  0.72840000000000005       0.25740000000000002             5000
   4.7320000000000001E-003  0.72840000000000005       0.25740000000000002             5000
   4.7330000000000002E-003  0.72840000000000005       0.25740000000000002             5000
   4.7339999999999995E-003  0.72840000000000005       0.25740000000000002             5000
   4.7349999999999996E-003  0.72840000000000005       0.25740000000000002             5000
   4.7359999999999998E-003  0.72840000000000005       0.25740000000000002             5000
   4.7369999999999990E-003  0.72840000000000005       0.25740000000000002             5000
   4.7380000000000000E-003  0.72840000000000005       0.25740000000000002             5000
   4.7390000000000002E-003  0.72840000000000005       0.25740000000000002             5000
   4.7400000000000003E-003  0.72840000000000005       0.25740000000000002             5000
   4.7409999999999996E-003  0.72840000000000005       0.25740000000000002             5000
   4.7419999999999997E-003  0.72840000000000005       0.25740000000000002             5000
   4.7429999999999998E-003  0.72840000000000005       0.25740000000000002             5000
   4.7439999999999991E-003  0.72840000000000005       0.25740000000000002             5000
   4.7449999999999992E-003  0.72840000000000005       0.25740000000000002             5000
   4.7460000000000002E-003  0.72840000000000005       0.25740000000000002             5000
   4.7470000000000004E-003  0.72840000000000005       0.25740000000000002             5000
   4.7479999999999996E-003  0.72840000000000005       0.25740000000000002             5000
   4.7489999999999997E-003  0.72840000000000005       0.25740000000000002             5000
   4.7499999999999999E-003  0.72840000000000005       0.25740000000000002             5000
   4.7510000000000000E-003  0.72840000000000005       0.25740000000000002             5000
   4.7519999999999993E-003  0.72840000000000005       0.25740000000000002             5000
   4.7529999999999994E-003  0.72840000000000005       0.25740000000000002             5000
   4.7540000000000004E-003  0.72840000000000005       0.25740000000000002             5000
   4.7549999999999997E-003  0.72840000000000005       0.25740000000000002             5000
   4.7559999999999998E-003  0.72840000000000005       0.25740000000000002             5000
   4.7569999999999999E-003  0.72840000000000005       0.25740000000000002             5000
   4.7580000000000001E-003  0.72840000000000005       0.25740000000000002             5000
   4.7589999999999993E-003  0.72840000000000005       0.25740000000000002             5000
   4.7599999999999995E-003  0.72840000000000005       0.25740000000000002             5000
   4.7609999999999996E-003  0.72840000000000005       0.25740000000000002             5000
   4.7619999999999997E-003  0.72840000000000005       0.25740000000000002             5000
   4.7629999999999999E-003  0.72840000000000005       0.25740000000000002             5000
   4.7640000000000000E-003  0.72840000000000005       0.25740000000000002             5000
   4.7650000000000001E-003  0.72840000000000005       0.25740000000000002             5000
   4.7659999999999994E-003  0.72840000000000005       0.25740000000000002             5000
   4.7669999999999995E-003  0.72840000000000005       0.25740000000000002             5000
   4.7679999999999997E-003  0.72840000000000005       0.25740000000000002             5000
   4.7689999999999998E-003  0.72840000000000005       0.25740000000000002             5000
   4.7699999999999999E-003  0.72840000000000005       0.25740000000000002             5000
   4.7710000000000001E-003  0.72840000000000005       0.25740000000000002             5000
   4.7720000000000002E-003  0.72840000000000005       0.25740000000000002             5000
   4.7729999999999995E-003  0.72840000000000005       0.25740000000000002             5000
   4.7739999999999996E-003  0.72840000000000005       0.25740000000000002             5000
   4.7749999999999997E-003  0.72840000000000005       0.25740000000000002             5000
   4.7759999999999999E-003  0.72840000000000005       0.25740000000000002             5000
   4.7769999999999991E-003  0.72840000000000005       0.25740000000000002             5000
   4.7780000000000001E-003  0.72840000000000005       0.25740000000000002             5000
   4.7790000000000003E-003  0.72840000000000005       0.25740000000000002             5000
   4.7799999999999995E-003  0.72840000000000005       0.25740000000000002             5000
   4.7809999999999997E-003  0.72840000000000005       0.25740000000000002             5000
   4.7819999999999998E-003  0.72840000000000005       0.25740000000000002             5000
   4.7829999999999999E-003  0.72840000000000005       0.25740000000000002             5000
   4.7839999999999992E-003  0.72840000000000005       0.25740000000000002             5000
   4.7849999999999993E-003  0.72840000000000005       0.25740000000000002             5000
   4.7860000000000003E-003  0.72840000000000005       0.25740000000000002             5000
   4.7869999999999996E-003  0.72840000000000005       0.25740000000000002             5000
   4.7879999999999997E-003  0.72840000000000005       0.25740000000000002             5000
   4.7889999999999999E-003  0.72840000000000005       0.25740000000000002             5000
   4.7900000000000000E-003  0.72840000000000005       0.25740000000000002             5000
   4.7909999999999993E-003  0.72840000000000005       0.25740000000000002             5000
   4.7919999999999994E-003  0.72840000000000005       0.25740000000000002             5000
   4.7929999999999995E-003  0.72840000000000005       0.25740000000000002             5000
   4.7939999999999997E-003  0.72840000000000005       0.25740000000000002             5000
   4.7949999999999998E-003  0.72840000000000005       0.25740000000000002             5000
   4.7959999999999999E-003  0.72840000000000005       0.25740000000000002             5000
   4.7970000000000000E-003  0.72840000000000005       0.25740000000000002             5000
   4.7979999999999993E-003  0.72840000000000005       0.25740000000000002             5000
   4.7989999999999994E-003  0.72840000000000005       0.25740000000000002             5000
   4.7999999999999996E-003  0.72840000000000005       0.25740000000000002             5000
   4.8009999999999997E-003  0.72840000000000005       0.25740000000000002             5000
   4.8019999999999998E-003  0.72840000000000005       0.25740000000000002             5000
   4.8030000000000000E-003  0.72840000000000005       0.25740000000000002             5000
   4.8040000000000001E-003  0.72840000000000005       0.25740000000000002             5000
   4.8049999999999994E-003  0.72840000000000005       0.25740000000000002             5000
   4.8059999999999995E-003  0.72840000000000005       0.25740000000000002             5000
   4.8069999999999996E-003  0.72840000000000005       0.25740000000000002             5000
   4.8079999999999998E-003  0.72840000000000005       0.25740000000000002             5000
   4.8089999999999999E-003  0.72840000000000005       0.25740000000000002             5000
   4.8100000000000000E-003  0.72840000000000005       0.25740000000000002             5000
   4.8110000000000002E-003  0.72840000000000005       0.25740000000000002             5000
   4.8119999999999994E-003  0.72840000000000005       0.25740000000000002             5000
   4.8129999999999996E-003  0.72840000000000005       0.25740000000000002             5000
   4.8139999999999997E-003  0.72840000000000005       0.25740000000000002             5000
   4.8149999999999998E-003  0.72840000000000005       0.25740000000000002             5000
   4.8159999999999991E-003  0.72840000000000005       0.25740000000000002             5000
   4.8170000000000001E-003  0.72840000000000005       0.25740000000000002             5000
   4.8180000000000002E-003  0.72840000000000005       0.25740000000000002             5000
   4.8189999999999995E-003  0.72840000000000005       0.25740000000000002             5000
   4.8199999999999996E-003  0.72840000000000005       0.25740000000000002             5000
   4.8209999999999998E-003  0.72840000000000005       0.25740000000000002             5000
   4.8219999999999999E-003  0.72840000000000005       0.25740000000000002             5000
   4.8229999999999992E-003  0.72840000000000005       0.25740000000000002             5000
   4.8239999999999993E-003  0.72840000000000005       0.25740000000000002             5000
   4.8250000000000003E-003  0.72840000000000005       0.25740000000000002             5000
   4.8259999999999996E-003  0.72840000000000005       0.25740000000000002             5000
   4.8269999999999997E-003  0.72840000000000005       0.25740000000000002             5000
   4.8279999999999998E-003  0.72840000000000005       0.25740000000000002             5000
   4.8290000000000000E-003  0.72840000000000005       0.25740000000000002             5000
   4.8299999999999992E-003  0.72840000000000005       0.25740000000000002             5000
   4.8309999999999994E-003  0.72840000000000005       0.25740000000000002             5000
   4.8319999999999995E-003  0.72840000000000005       0.25740000000000002             5000
   4.8329999999999996E-003  0.72840000000000005       0.25740000000000002             5000
   4.8339999999999998E-003  0.72840000000000005       0.25740000000000002             5000
   4.8349999999999999E-003  0.72840000000000005       0.25740000000000002             5000
   4.8360000000000000E-003  0.72840000000000005       0.25740000000000002             5000
   4.8369999999999993E-003  0.72840000000000005       0.25740000000000002             5000
   4.8379999999999994E-003  0.72840000000000005       0.25740000000000002             5000
   4.8389999999999996E-003  0.72840000000000005       0.25740000000000002             5000
   4.8399999999999997E-003  0.72840000000000005       0.25740000000000002             5000
   4.8409999999999998E-003  0.72840000000000005       0.25740000000000002             5000
   4.8419999999999999E-003  0.72840000000000005       0.25740000000000002             5000
   4.8430000000000001E-003  0.72840000000000005       0.25740000000000002             5000
   4.8439999999999993E-003  0.72840000000000005       0.25740000000000002             5000
   4.8449999999999995E-003  0.72840000000000005       0.25740000000000002             5000
   4.8459999999999996E-003  0.72840000000000005       0.25740000000000002             5000
   4.8469999999999997E-003  0.72840000000000005       0.25740000000000002             5000
   4.8479999999999990E-003  0.72840000000000005       0.25740000000000002             5000
   4.8490000000000000E-003  0.72840000000000005       0.25740000000000002             5000
   4.8500000000000001E-003  0.72840000000000005       0.25740000000000002             5000
   4.8509999999999994E-003  0.72840000000000005       0.25740000000000002             5000
   4.8519999999999995E-003  0.72840000000000005       0.25740000000000002             5000
   4.8529999999999997E-003  0.72840000000000005       0.25740000000000002             5000
   4.8539999999999998E-003  0.72840000000000005       0.25740000000000002             5000
   4.8549999999999991E-003  0.72840000000000005       0.25740000000000002             5000
   4.8559999999999992E-003  0.72840000000000005       0.25740000000000002             5000
   4.8570000000000002E-003  0.72840000000000005       0.25740000000000002             5000
   4.8579999999999995E-003  0.72840000000000005       0.25740000000000002             5000
   4.8589999999999996E-003  0.72840000000000005       0.25740000000000002             5000
   4.8599999999999997E-003  0.72840000000000005       0.25740000000000002             5000
   4.8609999999999999E-003  0.72840000000000005       0.25740000000000002             5000
   4.8619999999999991E-003  0.72840000000000005       0.25740000000000002             5000
   4.8629999999999993E-003  0.72840000000000005       0.25740000000000002             5000
   4.8640000000000003E-003  0.72840000000000005       0.25740000000000002             5000
   4.8649999999999995E-003  0.72840000000000005       0.25740000000000002             5000
   4.8659999999999997E-003  0.72840000000000005       0.25740000000000002             5000
   4.8669999999999998E-003  0.72840000000000005       0.25740000000000002             5000
   4.8679999999999999E-003  0.72840000000000005       0.25740000000000002             5000
   4.8689999999999992E-003  0.72840000000000005       0.25740000000000002             5000
   4.8699999999999993E-003  0.72840000000000005       0.25740000000000002             5000
   4.8709999999999995E-003  0.72840000000000005       0.25740000000000002             5000
   4.8720000000000005E-003  0.72840000000000005       0.25740000000000002             5000
   4.8729999999999997E-003  0.72840000000000005       0.25740000000000002             5000
   4.8739999999999999E-003  0.72840000000000005       0.25740000000000002             5000
   4.8750000000000000E-003  0.72840000000000005       0.25740000000000002             5000
   4.8759999999999993E-003  0.72840000000000005       0.25740000000000002             5000
   4.8769999999999994E-003  0.72840000000000005       0.25740000000000002             5000
   4.8779999999999995E-003  0.72840000000000005       0.25740000000000002             5000
   4.8789999999999997E-003  0.72840000000000005       0.25740000000000002             5000
   4.8799999999999998E-003  0.72840000000000005       0.25740000000000002             5000
   4.8809999999999999E-003  0.72840000000000005       0.25740000000000002             5000
   4.8820000000000001E-003  0.72840000000000005       0.25740000000000002             5000
   4.8830000000000002E-003  0.72840000000000005       0.25740000000000002             5000
   4.8839999999999995E-003  0.72840000000000005       0.25740000000000002             5000
   4.8849999999999996E-003  0.72840000000000005       0.25740000000000002             5000
   4.8859999999999997E-003  0.72840000000000005       0.25740000000000002             5000
   4.8869999999999990E-003  0.72840000000000005       0.25740000000000002             5000
   4.8880000000000000E-003  0.72840000000000005       0.25740000000000002             5000
   4.8890000000000001E-003  0.72840000000000005       0.25740000000000002             5000
   4.8900000000000002E-003  0.72840000000000005       0.25740000000000002             5000
   4.8909999999999995E-003  0.72840000000000005       0.25740000000000002             5000
   4.8919999999999996E-003  0.72840000000000005       0.25740000000000002             5000
   4.8929999999999998E-003  0.72840000000000005       0.25740000000000002             5000
   4.8939999999999990E-003  0.72840000000000005       0.25740000000000002             5000
   4.8949999999999992E-003  0.72840000000000005       0.25740000000000002             5000
   4.8960000000000002E-003  0.72840000000000005       0.25740000000000002             5000
   4.8970000000000003E-003  0.72840000000000005       0.25740000000000002             5000
   4.8979999999999996E-003  0.72840000000000005       0.25740000000000002             5000
   4.8989999999999997E-003  0.72840000000000005       0.25740000000000002             5000
   4.8999999999999998E-003  0.72840000000000005       0.25740000000000002             5000
   4.9010000000000000E-003  0.72840000000000005       0.25740000000000002             5000
   4.9019999999999992E-003  0.72840000000000005       0.25740000000000002             5000
   4.9029999999999994E-003  0.72840000000000005       0.25740000000000002             5000
   4.9040000000000004E-003  0.72840000000000005       0.25740000000000002             5000
   4.9049999999999996E-003  0.72840000000000005       0.25740000000000002             5000
   4.9059999999999998E-003  0.72840000000000005       0.25740000000000002             5000
   4.9069999999999999E-003  0.72840000000000005       0.25740000000000002             5000
   4.9080000000000000E-003  0.72840000000000005       0.25740000000000002             5000
   4.9089999999999993E-003  0.72840000000000005       0.25740000000000002             5000
   4.9099999999999994E-003  0.72840000000000005       0.25740000000000002             5000
   4.9109999999999996E-003  0.72840000000000005       0.25740000000000002             5000
   4.9119999999999997E-003  0.72840000000000005       0.25740000000000002             5000
   4.9129999999999998E-003  0.72840000000000005       0.25740000000000002             5000
   4.9140000000000000E-003  0.72840000000000005       0.25740000000000002             5000
   4.9150000000000001E-003  0.72840000000000005       0.25740000000000002             5000
   4.9159999999999994E-003  0.72840000000000005       0.25740000000000002             5000
   4.9169999999999995E-003  0.72840000000000005       0.25740000000000002             5000
   4.9179999999999996E-003  0.72840000000000005       0.25740000000000002             5000
   4.9189999999999998E-003  0.72840000000000005       0.25740000000000002             5000
   4.9199999999999999E-003  0.72840000000000005       0.25740000000000002             5000
   4.9210000000000000E-003  0.72840000000000005       0.25740000000000002             5000
   4.9220000000000002E-003  0.72840000000000005       0.25740000000000002             5000
   4.9229999999999994E-003  0.72840000000000005       0.25740000000000002             5000
   4.9239999999999996E-003  0.72840000000000005       0.25740000000000002             5000
   4.9249999999999997E-003  0.72840000000000005       0.25740000000000002             5000
   4.9259999999999998E-003  0.72840000000000005       0.25740000000000002             5000
   4.9269999999999991E-003  0.72840000000000005       0.25740000000000002             5000
   4.9280000000000001E-003  0.72840000000000005       0.25740000000000002             5000
   4.9290000000000002E-003  0.72840000000000005       0.25740000000000002             5000
   4.9299999999999995E-003  0.72840000000000005       0.25740000000000002             5000
   4.9309999999999996E-003  0.72840000000000005       0.25740000000000002             5000
   4.9319999999999998E-003  0.72840000000000005       0.25740000000000002             5000
   4.9329999999999999E-003  0.72840000000000005       0.25740000000000002             5000
   4.9339999999999992E-003  0.72840000000000005       0.25740000000000002             5000
   4.9350000000000002E-003  0.72840000000000005       0.25740000000000002             5000
   4.9360000000000003E-003  0.72840000000000005       0.25740000000000002             5000
   4.9369999999999995E-003  0.72840000000000005       0.25740000000000002             5000
   4.9379999999999997E-003  0.72840000000000005       0.25740000000000002             5000
   4.9389999999999998E-003  0.72840000000000005       0.25740000000000002             5000
   4.9399999999999999E-003  0.72840000000000005       0.25740000000000002             5000
   4.9409999999999992E-003  0.72840000000000005       0.25740000000000002             5000
   4.9419999999999993E-003  0.72840000000000005       0.25740000000000002             5000
   4.9430000000000003E-003  0.72840000000000005       0.25740000000000002             5000
   4.9439999999999996E-003  0.72840000000000005       0.25740000000000002             5000
   4.9449999999999997E-003  0.72840000000000005       0.25740000000000002             5000
   4.9459999999999999E-003  0.72840000000000005       0.25740000000000002             5000
   4.9470000000000000E-003  0.72840000000000005       0.25740000000000002             5000
   4.9479999999999993E-003  0.72840000000000005       0.25740000000000002             5000
   4.9489999999999994E-003  0.72840000000000005       0.25740000000000002             5000
   4.9499999999999995E-003  0.72840000000000005       0.25740000000000002             5000
   4.9509999999999997E-003  0.72840000000000005       0.25740000000000002             5000
   4.9519999999999998E-003  0.72840000000000005       0.25740000000000002             5000
   4.9529999999999999E-003  0.72840000000000005       0.25740000000000002             5000
   4.9540000000000001E-003  0.72840000000000005       0.25740000000000002             5000
   4.9549999999999993E-003  0.72840000000000005       0.25740000000000002             5000
   4.9559999999999995E-003  0.72840000000000005       0.25740000000000002             5000
   4.9569999999999996E-003  0.72840000000000005       0.25740000000000002             5000
   4.9579999999999997E-003  0.72840000000000005       0.25740000000000002             5000
   4.9589999999999999E-003  0.72840000000000005       0.25740000000000002             5000
   4.9600000000000000E-003  0.72840000000000005       0.25740000000000002             5000
   4.9610000000000001E-003  0.72840000000000005       0.25740000000000002             5000
   4.9619999999999994E-003  0.72840000000000005       0.25740000000000002             5000
   4.9629999999999995E-003  0.72840000000000005       0.25740000000000002             5000
   4.9639999999999997E-003  0.72840000000000005       0.25740000000000002             5000
   4.9649999999999998E-003  0.72840000000000005       0.25740000000000002             5000
   4.9659999999999991E-003  0.72840000000000005       0.25740000000000002             5000
   4.9670000000000001E-003  0.72840000000000005       0.25740000000000002             5000
   4.9680000000000002E-003  0.72840000000000005       0.25740000000000002             5000
   4.9689999999999995E-003  0.72840000000000005       0.25740000000000002             5000
   4.9699999999999996E-003  0.72840000000000005       0.25740000000000002             5000
   4.9709999999999997E-003  0.72840000000000005       0.25740000000000002             5000
   4.9719999999999999E-003  0.72840000000000005       0.25740000000000002             5000
   4.9729999999999991E-003  0.72840000000000005       0.25740000000000002             5000
   4.9739999999999993E-003  0.72840000000000005       0.25740000000000002             5000
   4.9750000000000003E-003  0.72840000000000005       0.25740000000000002             5000
   4.9759999999999995E-003  0.72840000000000005       0.25740000000000002             5000
   4.9769999999999997E-003  0.72840000000000005       0.25740000000000002             5000
   4.9779999999999998E-003  0.72840000000000005       0.25740000000000002             5000
   4.9789999999999999E-003  0.72840000000000005       0.25740000000000002             5000
   4.9799999999999992E-003  0.72840000000000005       0.25740000000000002             5000
   4.9809999999999993E-003  0.72840000000000005       0.25740000000000002             5000
   4.9819999999999994E-003  0.72840000000000005       0.25740000000000002             5000
   4.9829999999999996E-003  0.72840000000000005       0.25740000000000002             5000
   4.9839999999999997E-003  0.72840000000000005       0.25740000000000002             5000
   4.9849999999999998E-003  0.72840000000000005       0.25740000000000002             5000
   4.9860000000000000E-003  0.72840000000000005       0.25740000000000002             5000
   4.9869999999999992E-003  0.72840000000000005       0.25740000000000002             5000
   4.9879999999999994E-003  0.72840000000000005       0.25740000000000002             5000
   4.9889999999999995E-003  0.72840000000000005       0.25740000000000002             5000
   4.9899999999999996E-003  0.72840000000000005       0.25740000000000002             5000
   4.9909999999999998E-003  0.72840000000000005       0.25740000000000002             5000
   4.9919999999999999E-003  0.72840000000000005       0.25740000000000002             5000
   4.9930000000000000E-003  0.72840000000000005       0.25740000000000002             5000
   4.9939999999999993E-003  0.72840000000000005       0.25740000000000002             5000
   4.9949999999999994E-003  0.72840000000000005       0.25740000000000002             5000
   4.9959999999999996E-003  0.72840000000000005       0.25740000000000002             5000
   4.9969999999999997E-003  0.72840000000000005       0.25740000000000002             5000
   4.9979999999999998E-003  0.72840000000000005       0.25740000000000002             5000
   4.9990000000000000E-003  0.72840000000000005       0.25740000000000002             5000
   5.0000000000000001E-003  0.72840000000000005       0.25740000000000002             5000
   5.0009999999999994E-003  0.72840000000000005       0.25740000000000002             5000
   5.0019999999999995E-003  0.72840000000000005       0.25740000000000002             5000
   5.0029999999999996E-003  0.72840000000000005       0.25740000000000002             5000
   5.0039999999999998E-003  0.72840000000000005       0.25740000000000002             5000
   5.0049999999999990E-003  0.72840000000000005       0.25740000000000002             5000
   5.0060000000000000E-003  0.72840000000000005       0.25740000000000002             5000
   5.0070000000000002E-003  0.72840000000000005       0.25740000000000002             5000
   5.0079999999999994E-003  0.72840000000000005       0.25740000000000002             5000
   5.0089999999999996E-003  0.72840000000000005       0.25740000000000002             5000
   5.0099999999999997E-003  0.72840000000000005       0.25740000000000002             5000
   5.0109999999999998E-003  0.72840000000000005       0.25740000000000002             5000
   5.0119999999999991E-003  0.72840000000000005       0.25740000000000002             5000
   5.0129999999999992E-003  0.72840000000000005       0.25740000000000002             5000
   5.0140000000000002E-003  0.72840000000000005       0.25740000000000002             5000
   5.0149999999999995E-003  0.72840000000000005       0.25740000000000002             5000
   5.0159999999999996E-003  0.72840000000000005       0.25740000000000002             5000
   5.0169999999999998E-003  0.72840000000000005       0.25740000000000002             5000
   5.0179999999999999E-003  0.72840000000000005       0.25740000000000002             5000
   5.0189999999999992E-003  0.72840000000000005       0.25740000000000002             5000
   5.0199999999999993E-003  0.72840000000000005       0.25740000000000002             5000
   5.0209999999999994E-003  0.72840000000000005       0.25740000000000002             5000
   5.0220000000000004E-003  0.72840000000000005       0.25740000000000002             5000
   5.0229999999999997E-003  0.72840000000000005       0.25740000000000002             5000
   5.0239999999999998E-003  0.72840000000000005       0.25740000000000002             5000
   5.0250000000000000E-003  0.72840000000000005       0.25740000000000002             5000
   5.0259999999999992E-003  0.72840000000000005       0.25740000000000002             5000
   5.0269999999999994E-003  0.72840000000000005       0.25740000000000002             5000
   5.0279999999999995E-003  0.72840000000000005       0.25740000000000002             5000
   5.0289999999999996E-003  0.72840000000000005       0.25740000000000002             5000
   5.0299999999999997E-003  0.72840000000000005       0.25740000000000002             5000
   5.0309999999999999E-003  0.72840000000000005       0.25740000000000002             5000
   5.0320000000000000E-003  0.72840000000000005       0.25740000000000002             5000
   5.0330000000000001E-003  0.72840000000000005       0.25740000000000002             5000
   5.0339999999999994E-003  0.72840000000000005       0.25740000000000002             5000
   5.0349999999999995E-003  0.72840000000000005       0.25740000000000002             5000
   5.0359999999999997E-003  0.72840000000000005       0.25740000000000002             5000
   5.0369999999999989E-003  0.72840000000000005       0.25740000000000002             5000
   5.0379999999999999E-003  0.72840000000000005       0.25740000000000002             5000
   5.0390000000000001E-003  0.72840000000000005       0.25740000000000002             5000
   5.0400000000000002E-003  0.72840000000000005       0.25740000000000002             5000
   5.0409999999999995E-003  0.72840000000000005       0.25740000000000002             5000
   5.0419999999999996E-003  0.72840000000000005       0.25740000000000002             5000
   5.0429999999999997E-003  0.72840000000000005       0.25740000000000002             5000
   5.0439999999999990E-003  0.72840000000000005       0.25740000000000002             5000
   5.0449999999999991E-003  0.72840000000000005       0.25740000000000002             5000
   5.0460000000000001E-003  0.72840000000000005       0.25740000000000002             5000
   5.0470000000000003E-003  0.72840000000000005       0.25740000000000002             5000
   5.0479999999999995E-003  0.72840000000000005       0.25740000000000002             5000
   5.0489999999999997E-003  0.72840000000000005       0.25740000000000002             5000
   5.0499999999999998E-003  0.72840000000000005       0.25740000000000002             5000
   5.0509999999999999E-003  0.72840000000000005       0.25740000000000002             5000
   5.0519999999999992E-003  0.72840000000000005       0.25740000000000002             5000
   5.0529999999999993E-003  0.72840000000000005       0.25740000000000002             5000
   5.0540000000000003E-003  0.72840000000000005       0.25740000000000002             5000
   5.0549999999999996E-003  0.72840000000000005       0.25740000000000002             5000
   5.0559999999999997E-003  0.72840000000000005       0.25740000000000002             5000
   5.0569999999999999E-003  0.72840000000000005       0.25740000000000002             5000
   5.0580000000000000E-003  0.72840000000000005       0.25740000000000002             5000
   5.0589999999999993E-003  0.72840000000000005       0.25740000000000002             5000
   5.0599999999999994E-003  0.72840000000000005       0.25740000000000002             5000
   5.0610000000000004E-003  0.72840000000000005       0.25740000000000002             5000
   5.0619999999999997E-003  0.72840000000000005       0.25740000000000002             5000
   5.0629999999999998E-003  0.72840000000000005       0.25740000000000002             5000
   5.0639999999999999E-003  0.72840000000000005       0.25740000000000002             5000
   5.0650000000000001E-003  0.72840000000000005       0.25740000000000002             5000
   5.0659999999999993E-003  0.72840000000000005       0.25740000000000002             5000
   5.0669999999999995E-003  0.72840000000000005       0.25740000000000002             5000
   5.0679999999999996E-003  0.72840000000000005       0.25740000000000002             5000
   5.0689999999999997E-003  0.72840000000000005       0.25740000000000002             5000
   5.0699999999999999E-003  0.72840000000000005       0.25740000000000002             5000
   5.0710000000000000E-003  0.72840000000000005       0.25740000000000002             5000
   5.0720000000000001E-003  0.72840000000000005       0.25740000000000002             5000
   5.0729999999999994E-003  0.72840000000000005       0.25740000000000002             5000
   5.0739999999999995E-003  0.72840000000000005       0.25740000000000002             5000
   5.0749999999999997E-003  0.72840000000000005       0.25740000000000002             5000
   5.0759999999999998E-003  0.72840000000000005       0.25740000000000002             5000
   5.0769999999999999E-003  0.72840000000000005       0.25740000000000002             5000
   5.0780000000000000E-003  0.72840000000000005       0.25740000000000002             5000
   5.0790000000000002E-003  0.72840000000000005       0.25740000000000002             5000
   5.0799999999999994E-003  0.72840000000000005       0.25740000000000002             5000
   5.0809999999999996E-003  0.72840000000000005       0.25740000000000002             5000
   5.0819999999999997E-003  0.72840000000000005       0.25740000000000002             5000
   5.0829999999999998E-003  0.72840000000000005       0.25740000000000002             5000
   5.0839999999999991E-003  0.72840000000000005       0.25740000000000002             5000
   5.0850000000000001E-003  0.72840000000000005       0.25740000000000002             5000
   5.0860000000000002E-003  0.72840000000000005       0.25740000000000002             5000
   5.0869999999999995E-003  0.72840000000000005       0.25740000000000002             5000
   5.0879999999999996E-003  0.72840000000000005       0.25740000000000002             5000
   5.0889999999999998E-003  0.72840000000000005       0.25740000000000002             5000
   5.0899999999999999E-003  0.72840000000000005       0.25740000000000002             5000
   5.0909999999999992E-003  0.72840000000000005       0.25740000000000002             5000
   5.0919999999999993E-003  0.72840000000000005       0.25740000000000002             5000
   5.0930000000000003E-003  0.72840000000000005       0.25740000000000002             5000
   5.0939999999999996E-003  0.72840000000000005       0.25740000000000002             5000
   5.0949999999999997E-003  0.72840000000000005       0.25740000000000002             5000
   5.0959999999999998E-003  0.72840000000000005       0.25740000000000002             5000
   5.0970000000000000E-003  0.72840000000000005       0.25740000000000002             5000
   5.0979999999999992E-003  0.72840000000000005       0.25740000000000002             5000
   5.0989999999999994E-003  0.72840000000000005       0.25740000000000002             5000
   5.0999999999999995E-003  0.72840000000000005       0.25740000000000002             5000
   5.1009999999999996E-003  0.72840000000000005       0.25740000000000002             5000
   5.1019999999999998E-003  0.72840000000000005       0.25740000000000002             5000
   5.1029999999999999E-003  0.72840000000000005       0.25740000000000002             5000
   5.1040000000000000E-003  0.72840000000000005       0.25740000000000002             5000
   5.1049999999999993E-003  0.72840000000000005       0.25740000000000002             5000
   5.1059999999999994E-003  0.72840000000000005       0.25740000000000002             5000
   5.1069999999999996E-003  0.72840000000000005       0.25740000000000002             5000
   5.1079999999999997E-003  0.72840000000000005       0.25740000000000002             5000
   5.1089999999999998E-003  0.72840000000000005       0.25740000000000002             5000
   5.1100000000000000E-003  0.72840000000000005       0.25740000000000002             5000
   5.1110000000000001E-003  0.72840000000000005       0.25740000000000002             5000
   5.1119999999999994E-003  0.72840000000000005       0.25740000000000002             5000
   5.1129999999999995E-003  0.72840000000000005       0.25740000000000002             5000
   5.1139999999999996E-003  0.72840000000000005       0.25740000000000002             5000
   5.1149999999999998E-003  0.72840000000000005       0.25740000000000002             5000
   5.1159999999999990E-003  0.72840000000000005       0.25740000000000002             5000
   5.1170000000000000E-003  0.72840000000000005       0.25740000000000002             5000
   5.1180000000000002E-003  0.72840000000000005       0.25740000000000002             5000
   5.1189999999999994E-003  0.72840000000000005       0.25740000000000002             5000
   5.1199999999999996E-003  0.72840000000000005       0.25740000000000002             5000
   5.1209999999999997E-003  0.72840000000000005       0.25740000000000002             5000
   5.1219999999999998E-003  0.72840000000000005       0.25740000000000002             5000
   5.1229999999999991E-003  0.72840000000000005       0.25740000000000002             5000
   5.1240000000000001E-003  0.72840000000000005       0.25740000000000002             5000
   5.1250000000000002E-003  0.72840000000000005       0.25740000000000002             5000
   5.1259999999999995E-003  0.72840000000000005       0.25740000000000002             5000
   5.1269999999999996E-003  0.72840000000000005       0.25740000000000002             5000
   5.1279999999999997E-003  0.72840000000000005       0.25740000000000002             5000
   5.1289999999999999E-003  0.72840000000000005       0.25740000000000002             5000
   5.1299999999999991E-003  0.72840000000000005       0.25740000000000002             5000
   5.1309999999999993E-003  0.72840000000000005       0.25740000000000002             5000
   5.1320000000000003E-003  0.72840000000000005       0.25740000000000002             5000
   5.1329999999999995E-003  0.72840000000000005       0.25740000000000002             5000
   5.1339999999999997E-003  0.72840000000000005       0.25740000000000002             5000
   5.1349999999999998E-003  0.72840000000000005       0.25740000000000002             5000
   5.1359999999999999E-003  0.72840000000000005       0.25740000000000002             5000
   5.1369999999999992E-003  0.72840000000000005       0.25740000000000002             5000
   5.1379999999999993E-003  0.72840000000000005       0.25740000000000002             5000
   5.1389999999999995E-003  0.72840000000000005       0.25740000000000002             5000
   5.1399999999999996E-003  0.72840000000000005       0.25740000000000002             5000
   5.1409999999999997E-003  0.72840000000000005       0.25740000000000002             5000
   5.1419999999999999E-003  0.72840000000000005       0.25740000000000002             5000
   5.1430000000000000E-003  0.72840000000000005       0.25740000000000002             5000
   5.1439999999999993E-003  0.72840000000000005       0.25740000000000002             5000
   5.1449999999999994E-003  0.72840000000000005       0.25740000000000002             5000
   5.1459999999999995E-003  0.72840000000000005       0.25740000000000002             5000
   5.1469999999999997E-003  0.72840000000000005       0.25740000000000002             5000
   5.1479999999999998E-003  0.72840000000000005       0.25740000000000002             5000
   5.1489999999999999E-003  0.72840000000000005       0.25740000000000002             5000
   5.1500000000000001E-003  0.72840000000000005       0.25740000000000002             5000
   5.1509999999999993E-003  0.72840000000000005       0.25740000000000002             5000
   5.1519999999999995E-003  0.72840000000000005       0.25740000000000002             5000
   5.1529999999999996E-003  0.72840000000000005       0.25740000000000002             5000
   5.1539999999999997E-003  0.72840000000000005       0.25740000000000002             5000
   5.1549999999999990E-003  0.72840000000000005       0.25740000000000002             5000
   5.1560000000000000E-003  0.72840000000000005       0.25740000000000002             5000
   5.1570000000000001E-003  0.72840000000000005       0.25740000000000002             5000
   5.1579999999999994E-003  0.72840000000000005       0.25740000000000002             5000
   5.1589999999999995E-003  0.72840000000000005       0.25740000000000002             5000
   5.1599999999999997E-003  0.72840000000000005       0.25740000000000002             5000
   5.1609999999999998E-003  0.72840000000000005       0.25740000000000002             5000
   5.1619999999999991E-003  0.72840000000000005       0.25740000000000002             5000
   5.1629999999999992E-003  0.72840000000000005       0.25740000000000002             5000
   5.1640000000000002E-003  0.72840000000000005       0.25740000000000002             5000
   5.1649999999999995E-003  0.72840000000000005       0.25740000000000002             5000
   5.1659999999999996E-003  0.72840000000000005       0.25740000000000002             5000
   5.1669999999999997E-003  0.72840000000000005       0.25740000000000002             5000
   5.1679999999999999E-003  0.72840000000000005       0.25740000000000002             5000
   5.1689999999999991E-003  0.72840000000000005       0.25740000000000002             5000
   5.1699999999999992E-003  0.72840000000000005       0.25740000000000002             5000
   5.1709999999999994E-003  0.72840000000000005       0.25740000000000002             5000
   5.1720000000000004E-003  0.72840000000000005       0.25740000000000002             5000
   5.1729999999999996E-003  0.72840000000000005       0.25740000000000002             5000
   5.1739999999999998E-003  0.72840000000000005       0.25740000000000002             5000
   5.1749999999999999E-003  0.72840000000000005       0.25740000000000002             5000
   5.1759999999999992E-003  0.72840000000000005       0.25740000000000002             5000
   5.1769999999999993E-003  0.72840000000000005       0.25740000000000002             5000
   5.1779999999999994E-003  0.72840000000000005       0.25740000000000002             5000
   5.1789999999999996E-003  0.72840000000000005       0.25740000000000002             5000
   5.1799999999999997E-003  0.72840000000000005       0.25740000000000002             5000
   5.1809999999999998E-003  0.72840000000000005       0.25740000000000002             5000
   5.1820000000000000E-003  0.72840000000000005       0.25740000000000002             5000
   5.1830000000000001E-003  0.72840000000000005       0.25740000000000002             5000
   5.1839999999999994E-003  0.72840000000000005       0.25740000000000002             5000
   5.1849999999999995E-003  0.72840000000000005       0.25740000000000002             5000
   5.1859999999999996E-003  0.72840000000000005       0.25740000000000002             5000
   5.1869999999999998E-003  0.72840000000000005       0.25740000000000002             5000
   5.1879999999999999E-003  0.72840000000000005       0.25740000000000002             5000
   5.1890000000000000E-003  0.72840000000000005       0.25740000000000002             5000
   5.1900000000000002E-003  0.72840000000000005       0.25740000000000002             5000
   5.1909999999999994E-003  0.72840000000000005       0.25740000000000002             5000
   5.1919999999999996E-003  0.72840000000000005       0.25740000000000002             5000
   5.1929999999999997E-003  0.72840000000000005       0.25740000000000002             5000
   5.1939999999999990E-003  0.72840000000000005       0.25740000000000002             5000
   5.1950000000000000E-003  0.72840000000000005       0.25740000000000002             5000
   5.1960000000000001E-003  0.72840000000000005       0.25740000000000002             5000
   5.1970000000000002E-003  0.72840000000000005       0.25740000000000002             5000
   5.1979999999999995E-003  0.72840000000000005       0.25740000000000002             5000
   5.1989999999999996E-003  0.72840000000000005       0.25740000000000002             5000
   5.1999999999999998E-003  0.72840000000000005       0.25740000000000002             5000
   5.2009999999999999E-003  0.72840000000000005       0.25740000000000002             5000
   5.2019999999999992E-003  0.72840000000000005       0.25740000000000002             5000
   5.2030000000000002E-003  0.72840000000000005       0.25740000000000002             5000
   5.2040000000000003E-003  0.72840000000000005       0.25740000000000002             5000
   5.2049999999999996E-003  0.72840000000000005       0.25740000000000002             5000
   5.2059999999999997E-003  0.72840000000000005       0.25740000000000002             5000
   5.2069999999999998E-003  0.72840000000000005       0.25740000000000002             5000
   5.2080000000000000E-003  0.72840000000000005       0.25740000000000002             5000
   5.2089999999999992E-003  0.72840000000000005       0.25740000000000002             5000
   5.2099999999999994E-003  0.72840000000000005       0.25740000000000002             5000
   5.2110000000000004E-003  0.72840000000000005       0.25740000000000002             5000
   5.2119999999999996E-003  0.72840000000000005       0.25740000000000002             5000
   5.2129999999999998E-003  0.72840000000000005       0.25740000000000002             5000
   5.2139999999999999E-003  0.72840000000000005       0.25740000000000002             5000
   5.2150000000000000E-003  0.72840000000000005       0.25740000000000002             5000
   5.2159999999999993E-003  0.72840000000000005       0.25740000000000002             5000
   5.2169999999999994E-003  0.72840000000000005       0.25740000000000002             5000
   5.2179999999999995E-003  0.72840000000000005       0.25740000000000002             5000
   5.2189999999999997E-003  0.72840000000000005       0.25740000000000002             5000
   5.2199999999999998E-003  0.72840000000000005       0.25740000000000002             5000
   5.2209999999999999E-003  0.72840000000000005       0.25740000000000002             5000
   5.2220000000000001E-003  0.72840000000000005       0.25740000000000002             5000
   5.2229999999999993E-003  0.72840000000000005       0.25740000000000002             5000
   5.2239999999999995E-003  0.72840000000000005       0.25740000000000002             5000
   5.2249999999999996E-003  0.72840000000000005       0.25740000000000002             5000
   5.2259999999999997E-003  0.72840000000000005       0.25740000000000002             5000
   5.2269999999999999E-003  0.72840000000000005       0.25740000000000002             5000
   5.2280000000000000E-003  0.72840000000000005       0.25740000000000002             5000
   5.2290000000000001E-003  0.72840000000000005       0.25740000000000002             5000
   5.2299999999999994E-003  0.72840000000000005       0.25740000000000002             5000
   5.2309999999999995E-003  0.72840000000000005       0.25740000000000002             5000
   5.2319999999999997E-003  0.72840000000000005       0.25740000000000002             5000
   5.2329999999999998E-003  0.72840000000000005       0.25740000000000002             5000
   5.2339999999999991E-003  0.72840000000000005       0.25740000000000002             5000
   5.2350000000000001E-003  0.72840000000000005       0.25740000000000002             5000
   5.2360000000000002E-003  0.72840000000000005       0.25740000000000002             5000
   5.2369999999999995E-003  0.72840000000000005       0.25740000000000002             5000
   5.2379999999999996E-003  0.72840000000000005       0.25740000000000002             5000
   5.2389999999999997E-003  0.72840000000000005       0.25740000000000002             5000
   5.2399999999999999E-003  0.72840000000000005       0.25740000000000002             5000
   5.2409999999999991E-003  0.72840000000000005       0.25740000000000002             5000
   5.2419999999999993E-003  0.72840000000000005       0.25740000000000002             5000
   5.2430000000000003E-003  0.72840000000000005       0.25740000000000002             5000
   5.2439999999999995E-003  0.72840000000000005       0.25740000000000002             5000
   5.2449999999999997E-003  0.72840000000000005       0.25740000000000002             5000
   5.2459999999999998E-003  0.72840000000000005       0.25740000000000002             5000
   5.2469999999999999E-003  0.72840000000000005       0.25740000000000002             5000
   5.2479999999999992E-003  0.72840000000000005       0.25740000000000002             5000
   5.2489999999999993E-003  0.72840000000000005       0.25740000000000002             5000
   5.2500000000000003E-003  0.72840000000000005       0.25740000000000002             5000
   5.2509999999999996E-003  0.72840000000000005       0.25740000000000002             5000
   5.2519999999999997E-003  0.72840000000000005       0.25740000000000002             5000
   5.2529999999999999E-003  0.72840000000000005       0.25740000000000002             5000
   5.2540000000000000E-003  0.72840000000000005       0.25740000000000002             5000
   5.2549999999999993E-003  0.72840000000000005       0.25740000000000002             5000
   5.2559999999999994E-003  0.72840000000000005       0.25740000000000002             5000
   5.2569999999999995E-003  0.72840000000000005       0.25740000000000002             5000
   5.2579999999999997E-003  0.72840000000000005       0.25740000000000002             5000
   5.2589999999999998E-003  0.72840000000000005       0.25740000000000002             5000
   5.2599999999999999E-003  0.72840000000000005       0.25740000000000002             5000
   5.2610000000000001E-003  0.72840000000000005       0.25740000000000002             5000
   5.2619999999999993E-003  0.72840000000000005       0.25740000000000002             5000
   5.2629999999999994E-003  0.72840000000000005       0.25740000000000002             5000
   5.2639999999999996E-003  0.72840000000000005       0.25740000000000002             5000
   5.2649999999999997E-003  0.72840000000000005       0.25740000000000002             5000
   5.2659999999999998E-003  0.72840000000000005       0.25740000000000002             5000
   5.2670000000000000E-003  0.72840000000000005       0.25740000000000002             5000
   5.2680000000000001E-003  0.72840000000000005       0.25740000000000002             5000
   5.2689999999999994E-003  0.72840000000000005       0.25740000000000002             5000
   5.2699999999999995E-003  0.72840000000000005       0.25740000000000002             5000
   5.2709999999999996E-003  0.72840000000000005       0.25740000000000002             5000
   5.2719999999999998E-003  0.72840000000000005       0.25740000000000002             5000
   5.2729999999999990E-003  0.72840000000000005       0.25740000000000002             5000
   5.2740000000000000E-003  0.72840000000000005       0.25740000000000002             5000
   5.2750000000000002E-003  0.72840000000000005       0.25740000000000002             5000
   5.2759999999999994E-003  0.72840000000000005       0.25740000000000002             5000
   5.2769999999999996E-003  0.72840000000000005       0.25740000000000002             5000
   5.2779999999999997E-003  0.72840000000000005       0.25740000000000002             5000
   5.2789999999999998E-003  0.72840000000000005       0.25740000000000002             5000
   5.2799999999999991E-003  0.72840000000000005       0.25740000000000002             5000
   5.2809999999999992E-003  0.72840000000000005       0.25740000000000002             5000
   5.2820000000000002E-003  0.72840000000000005       0.25740000000000002             5000
   5.2829999999999995E-003  0.72840000000000005       0.25740000000000002             5000
   5.2839999999999996E-003  0.72840000000000005       0.25740000000000002             5000
   5.2849999999999998E-003  0.72840000000000005       0.25740000000000002             5000
   5.2859999999999999E-003  0.72840000000000005       0.25740000000000002             5000
   5.2869999999999992E-003  0.72840000000000005       0.25740000000000002             5000
   5.2879999999999993E-003  0.72840000000000005       0.25740000000000002             5000
   5.2889999999999994E-003  0.72840000000000005       0.25740000000000002             5000
   5.2899999999999996E-003  0.72840000000000005       0.25740000000000002             5000
   5.2909999999999997E-003  0.72840000000000005       0.25740000000000002             5000
   5.2919999999999998E-003  0.72840000000000005       0.25740000000000002             5000
   5.2930000000000000E-003  0.72840000000000005       0.25740000000000002             5000
   5.2939999999999992E-003  0.72840000000000005       0.25740000000000002             5000
   5.2949999999999994E-003  0.72840000000000005       0.25740000000000002             5000
   5.2959999999999995E-003  0.72840000000000005       0.25740000000000002             5000
   5.2969999999999996E-003  0.72840000000000005       0.25740000000000002             5000
   5.2979999999999998E-003  0.72840000000000005       0.25740000000000002             5000
   5.2989999999999999E-003  0.72840000000000005       0.25740000000000002             5000
   5.3000000000000000E-003  0.72840000000000005       0.25740000000000002             5000
   5.3009999999999993E-003  0.72840000000000005       0.25740000000000002             5000
   5.3019999999999994E-003  0.72840000000000005       0.25740000000000002             5000
   5.3029999999999996E-003  0.72840000000000005       0.25740000000000002             5000
   5.3039999999999997E-003  0.72840000000000005       0.25740000000000002             5000
   5.3049999999999990E-003  0.72840000000000005       0.25740000000000002             5000
   5.3060000000000000E-003  0.72840000000000005       0.25740000000000002             5000
   5.3070000000000001E-003  0.72840000000000005       0.25740000000000002             5000
   5.3079999999999994E-003  0.72840000000000005       0.25740000000000002             5000
   5.3089999999999995E-003  0.72840000000000005       0.25740000000000002             5000
   5.3099999999999996E-003  0.72840000000000005       0.25740000000000002             5000
   5.3109999999999997E-003  0.72840000000000005       0.25740000000000002             5000
   5.3119999999999990E-003  0.72840000000000005       0.25740000000000002             5000
   5.3130000000000000E-003  0.72840000000000005       0.25740000000000002             5000
   5.3140000000000001E-003  0.72840000000000005       0.25740000000000002             5000
   5.3149999999999994E-003  0.72840000000000005       0.25740000000000002             5000
   5.3159999999999995E-003  0.72840000000000005       0.25740000000000002             5000
   5.3169999999999997E-003  0.72840000000000005       0.25740000000000002             5000
   5.3179999999999998E-003  0.72840000000000005       0.25740000000000002             5000
   5.3189999999999991E-003  0.72840000000000005       0.25740000000000002             5000
   5.3199999999999992E-003  0.72840000000000005       0.25740000000000002             5000
   5.3210000000000002E-003  0.72840000000000005       0.25740000000000002             5000
   5.3220000000000003E-003  0.72840000000000005       0.25740000000000002             5000
   5.3229999999999996E-003  0.72840000000000005       0.25740000000000002             5000
   5.3239999999999997E-003  0.72840000000000005       0.25740000000000002             5000
   5.3249999999999999E-003  0.72840000000000005       0.25740000000000002             5000
   5.3259999999999991E-003  0.72840000000000005       0.25740000000000002             5000
   5.3269999999999993E-003  0.72840000000000005       0.25740000000000002             5000
   5.3279999999999994E-003  0.72840000000000005       0.25740000000000002             5000
   5.3290000000000004E-003  0.72840000000000005       0.25740000000000002             5000
   5.3299999999999997E-003  0.72840000000000005       0.25740000000000002             5000
   5.3309999999999998E-003  0.72840000000000005       0.25740000000000002             5000
   5.3319999999999999E-003  0.72840000000000005       0.25740000000000002             5000
   5.3330000000000001E-003  0.72840000000000005       0.25740000000000002             5000
   5.3339999999999993E-003  0.72840000000000005       0.25740000000000002             5000
   5.3349999999999995E-003  0.72840000000000005       0.25740000000000002             5000
   5.3359999999999996E-003  0.72840000000000005       0.25740000000000002             5000
   5.3369999999999997E-003  0.72840000000000005       0.25740000000000002             5000
   5.3379999999999999E-003  0.72840000000000005       0.25740000000000002             5000
   5.3390000000000000E-003  0.72840000000000005       0.25740000000000002             5000
   5.3400000000000001E-003  0.72840000000000005       0.25740000000000002             5000
   5.3409999999999994E-003  0.72840000000000005       0.25740000000000002             5000
   5.3419999999999995E-003  0.72840000000000005       0.25740000000000002             5000
   5.3429999999999997E-003  0.72840000000000005       0.25740000000000002             5000
   5.3439999999999989E-003  0.72840000000000005       0.25740000000000002             5000
   5.3449999999999999E-003  0.72840000000000005       0.25740000000000002             5000
   5.3460000000000001E-003  0.72840000000000005       0.25740000000000002             5000
   5.3470000000000002E-003  0.72840000000000005       0.25740000000000002             5000
   5.3479999999999995E-003  0.72840000000000005       0.25740000000000002             5000
   5.3489999999999996E-003  0.72840000000000005       0.25740000000000002             5000
   5.3499999999999997E-003  0.72840000000000005       0.25740000000000002             5000
   5.3509999999999999E-003  0.72840000000000005       0.25740000000000002             5000
   5.3519999999999991E-003  0.72840000000000005       0.25740000000000002             5000
   5.3530000000000001E-003  0.72840000000000005       0.25740000000000002             5000
   5.3540000000000003E-003  0.72840000000000005       0.25740000000000002             5000
   5.3549999999999995E-003  0.72840000000000005       0.25740000000000002             5000
   5.3559999999999997E-003  0.72840000000000005       0.25740000000000002             5000
   5.3569999999999998E-003  0.72840000000000005       0.25740000000000002             5000
   5.3579999999999999E-003  0.72840000000000005       0.25740000000000002             5000
   5.3589999999999992E-003  0.72840000000000005       0.25740000000000002             5000
   5.3599999999999993E-003  0.72840000000000005       0.25740000000000002             5000
   5.3610000000000003E-003  0.72840000000000005       0.25740000000000002             5000
   5.3619999999999996E-003  0.72840000000000005       0.25740000000000002             5000
   5.3629999999999997E-003  0.72840000000000005       0.25740000000000002             5000
   5.3639999999999998E-003  0.72840000000000005       0.25740000000000002             5000
   5.3650000000000000E-003  0.72840000000000005       0.25740000000000002             5000
   5.3659999999999992E-003  0.72840000000000005       0.25740000000000002             5000
   5.3669999999999994E-003  0.72840000000000005       0.25740000000000002             5000
   5.3679999999999995E-003  0.72840000000000005       0.25740000000000002             5000
   5.3689999999999996E-003  0.72840000000000005       0.25740000000000002             5000
   5.3699999999999998E-003  0.72840000000000005       0.25740000000000002             5000
   5.3709999999999999E-003  0.72840000000000005       0.25740000000000002             5000
   5.3720000000000000E-003  0.72840000000000005       0.25740000000000002             5000
   5.3729999999999993E-003  0.72840000000000005       0.25740000000000002             5000
   5.3739999999999994E-003  0.72840000000000005       0.25740000000000002             5000
   5.3749999999999996E-003  0.72840000000000005       0.25740000000000002             5000
   5.3759999999999997E-003  0.72840000000000005       0.25740000000000002             5000
   5.3769999999999998E-003  0.72840000000000005       0.25740000000000002             5000
   5.3780000000000000E-003  0.72840000000000005       0.25740000000000002             5000
   5.3790000000000001E-003  0.72840000000000005       0.25740000000000002             5000
   5.3799999999999994E-003  0.72840000000000005       0.25740000000000002             5000
   5.3809999999999995E-003  0.72840000000000005       0.25740000000000002             5000
   5.3819999999999996E-003  0.72840000000000005       0.25740000000000002             5000
   5.3829999999999998E-003  0.72840000000000005       0.25740000000000002             5000
   5.3839999999999999E-003  0.72840000000000005       0.25740000000000002             5000
   5.3850000000000000E-003  0.72840000000000005       0.25740000000000002             5000
   5.3860000000000002E-003  0.72840000000000005       0.25740000000000002             5000
   5.3869999999999994E-003  0.72840000000000005       0.25740000000000002             5000
   5.3879999999999996E-003  0.72840000000000005       0.25740000000000002             5000
   5.3889999999999997E-003  0.72840000000000005       0.25740000000000002             5000
   5.3899999999999998E-003  0.72840000000000005       0.25740000000000002             5000
   5.3909999999999991E-003  0.72840000000000005       0.25740000000000002             5000
   5.3920000000000001E-003  0.72840000000000005       0.25740000000000002             5000
   5.3930000000000002E-003  0.72840000000000005       0.25740000000000002             5000
   5.3939999999999995E-003  0.72840000000000005       0.25740000000000002             5000
   5.3949999999999996E-003  0.72840000000000005       0.25740000000000002             5000
   5.3959999999999998E-003  0.72840000000000005       0.25740000000000002             5000
   5.3969999999999999E-003  0.72840000000000005       0.25740000000000002             5000
   5.3979999999999992E-003  0.72840000000000005       0.25740000000000002             5000
   5.3989999999999993E-003  0.72840000000000005       0.25740000000000002             5000
   5.4000000000000003E-003  0.72840000000000005       0.25740000000000002             5000
   5.4009999999999996E-003  0.72840000000000005       0.25740000000000002             5000
   5.4019999999999997E-003  0.72840000000000005       0.25740000000000002             5000
   5.4029999999999998E-003  0.72840000000000005       0.25740000000000002             5000
   5.4039999999999999E-003  0.72840000000000005       0.25740000000000002             5000
   5.4049999999999992E-003  0.72840000000000005       0.25740000000000002             5000
   5.4059999999999993E-003  0.72840000000000005       0.25740000000000002             5000
   5.4069999999999995E-003  0.72840000000000005       0.25740000000000002             5000
   5.4079999999999996E-003  0.72840000000000005       0.25740000000000002             5000
   5.4089999999999997E-003  0.72840000000000005       0.25740000000000002             5000
   5.4099999999999999E-003  0.72840000000000005       0.25740000000000002             5000
   5.4110000000000000E-003  0.72840000000000005       0.25740000000000002             5000
   5.4119999999999993E-003  0.72840000000000005       0.25740000000000002             5000
   5.4129999999999994E-003  0.72840000000000005       0.25740000000000002             5000
   5.4139999999999995E-003  0.72840000000000005       0.25740000000000002             5000
   5.4149999999999997E-003  0.72840000000000005       0.25740000000000002             5000
   5.4159999999999998E-003  0.72840000000000005       0.25740000000000002             5000
   5.4169999999999999E-003  0.72840000000000005       0.25740000000000002             5000
   5.4180000000000001E-003  0.72840000000000005       0.25740000000000002             5000
   5.4189999999999993E-003  0.72840000000000005       0.25740000000000002             5000
   5.4199999999999995E-003  0.72840000000000005       0.25740000000000002             5000
   5.4209999999999996E-003  0.72840000000000005       0.25740000000000002             5000
   5.4219999999999997E-003  0.72840000000000005       0.25740000000000002             5000
   5.4229999999999990E-003  0.72840000000000005       0.25740000000000002             5000
   5.4240000000000000E-003  0.72840000000000005       0.25740000000000002             5000
   5.4250000000000001E-003  0.72840000000000005       0.25740000000000002             5000
   5.4259999999999994E-003  0.72840000000000005       0.25740000000000002             5000
   5.4269999999999995E-003  0.72840000000000005       0.25740000000000002             5000
   5.4279999999999997E-003  0.72840000000000005       0.25740000000000002             5000
   5.4289999999999998E-003  0.72840000000000005       0.25740000000000002             5000
   5.4299999999999991E-003  0.72840000000000005       0.25740000000000002             5000
   5.4309999999999992E-003  0.72840000000000005       0.25740000000000002             5000
   5.4320000000000002E-003  0.72840000000000005       0.25740000000000002             5000
   5.4329999999999995E-003  0.72840000000000005       0.25740000000000002             5000
   5.4339999999999996E-003  0.72840000000000005       0.25740000000000002             5000
   5.4349999999999997E-003  0.72840000000000005       0.25740000000000002             5000
   5.4359999999999999E-003  0.72840000000000005       0.25740000000000002             5000
   5.4369999999999991E-003  0.72840000000000005       0.25740000000000002             5000
   5.4379999999999993E-003  0.72840000000000005       0.25740000000000002             5000
   5.4389999999999994E-003  0.72840000000000005       0.25740000000000002             5000
   5.4399999999999995E-003  0.72840000000000005       0.25740000000000002             5000
   5.4409999999999997E-003  0.72840000000000005       0.25740000000000002             5000
   5.4419999999999998E-003  0.72840000000000005       0.25740000000000002             5000
   5.4429999999999999E-003  0.72840000000000005       0.25740000000000002             5000
   5.4439999999999992E-003  0.72840000000000005       0.25740000000000002             5000
   5.4449999999999993E-003  0.72840000000000005       0.25740000000000002             5000
   5.4459999999999995E-003  0.72840000000000005       0.25740000000000002             5000
   5.4469999999999996E-003  0.72840000000000005       0.25740000000000002             5000
   5.4479999999999997E-003  0.72840000000000005       0.25740000000000002             5000
   5.4489999999999999E-003  0.72840000000000005       0.25740000000000002             5000
   5.4500000000000000E-003  0.72840000000000005       0.25740000000000002             5000
   5.4509999999999992E-003  0.72840000000000005       0.25740000000000002             5000
   5.4519999999999994E-003  0.72840000000000005       0.25740000000000002             5000
   5.4529999999999995E-003  0.72840000000000005       0.25740000000000002             5000
   5.4539999999999996E-003  0.72840000000000005       0.25740000000000002             5000
   5.4549999999999998E-003  0.72840000000000005       0.25740000000000002             5000
   5.4559999999999999E-003  0.72840000000000005       0.25740000000000002             5000
   5.4570000000000000E-003  0.72840000000000005       0.25740000000000002             5000
   5.4579999999999993E-003  0.72840000000000005       0.25740000000000002             5000
   5.4589999999999994E-003  0.72840000000000005       0.25740000000000002             5000
   5.4599999999999996E-003  0.72840000000000005       0.25740000000000002             5000
   5.4609999999999997E-003  0.72840000000000005       0.25740000000000002             5000
   5.4619999999999990E-003  0.72840000000000005       0.25740000000000002             5000
   5.4630000000000000E-003  0.72840000000000005       0.25740000000000002             5000
   5.4640000000000001E-003  0.72840000000000005       0.25740000000000002             5000
   5.4649999999999994E-003  0.72840000000000005       0.25740000000000002             5000
   5.4659999999999995E-003  0.72840000000000005       0.25740000000000002             5000
   5.4669999999999996E-003  0.72840000000000005       0.25740000000000002             5000
   5.4679999999999998E-003  0.72840000000000005       0.25740000000000002             5000
   5.4689999999999990E-003  0.72840000000000005       0.25740000000000002             5000
   5.4699999999999992E-003  0.72840000000000005       0.25740000000000002             5000
   5.4710000000000002E-003  0.72840000000000005       0.25740000000000002             5000
   5.4720000000000003E-003  0.72840000000000005       0.25740000000000002             5000
   5.4729999999999996E-003  0.72840000000000005       0.25740000000000002             5000
   5.4739999999999997E-003  0.72840000000000005       0.25740000000000002             5000
   5.4749999999999998E-003  0.72840000000000005       0.25740000000000002             5000
   5.4759999999999991E-003  0.72840000000000005       0.25740000000000002             5000
   5.4769999999999992E-003  0.72840000000000005       0.25740000000000002             5000
   5.4779999999999994E-003  0.72840000000000005       0.25740000000000002             5000
   5.4790000000000004E-003  0.72840000000000005       0.25740000000000002             5000
   5.4799999999999996E-003  0.72840000000000005       0.25740000000000002             5000
   5.4809999999999998E-003  0.72840000000000005       0.25740000000000002             5000
   5.4819999999999999E-003  0.72840000000000005       0.25740000000000002             5000
   5.4830000000000000E-003  0.72840000000000005       0.25740000000000002             5000
   5.4839999999999993E-003  0.72840000000000005       0.25740000000000002             5000
   5.4849999999999994E-003  0.72840000000000005       0.25740000000000002             5000
   5.4859999999999996E-003  0.72840000000000005       0.25740000000000002             5000
   5.4869999999999997E-003  0.72840000000000005       0.25740000000000002             5000
   5.4879999999999998E-003  0.72840000000000005       0.25740000000000002             5000
   5.4890000000000000E-003  0.72840000000000005       0.25740000000000002             5000
   5.4900000000000001E-003  0.72840000000000005       0.25740000000000002             5000
   5.4909999999999994E-003  0.72840000000000005       0.25740000000000002             5000
   5.4919999999999995E-003  0.72840000000000005       0.25740000000000002             5000
   5.4929999999999996E-003  0.72840000000000005       0.25740000000000002             5000
   5.4939999999999989E-003  0.72840000000000005       0.25740000000000002             5000
   5.4949999999999999E-003  0.72840000000000005       0.25740000000000002             5000
   5.4960000000000000E-003  0.72840000000000005       0.25740000000000002             5000
   5.4970000000000001E-003  0.72840000000000005       0.25740000000000002             5000
   5.4979999999999994E-003  0.72840000000000005       0.25740000000000002             5000
   5.4989999999999995E-003  0.72840000000000005       0.25740000000000002             5000
   5.4999999999999997E-003  0.72840000000000005       0.25740000000000002             5000
   5.5009999999999998E-003  0.72840000000000005       0.25740000000000002             5000
   5.5019999999999991E-003  0.72840000000000005       0.25740000000000002             5000
   5.5030000000000001E-003  0.72840000000000005       0.25740000000000002             5000
   5.5040000000000002E-003  0.72840000000000005       0.25740000000000002             5000
   5.5049999999999995E-003  0.72840000000000005       0.25740000000000002             5000
   5.5059999999999996E-003  0.72840000000000005       0.25740000000000002             5000
   5.5069999999999997E-003  0.72840000000000005       0.25740000000000002             5000
   5.5079999999999999E-003  0.72840000000000005       0.25740000000000002             5000
   5.5089999999999991E-003  0.72840000000000005       0.25740000000000002             5000
   5.5100000000000001E-003  0.72840000000000005       0.25740000000000002             5000
   5.5110000000000003E-003  0.72840000000000005       0.25740000000000002             5000
   5.5119999999999995E-003  0.72840000000000005       0.25740000000000002             5000
   5.5129999999999997E-003  0.72840000000000005       0.25740000000000002             5000
   5.5139999999999998E-003  0.72840000000000005       0.25740000000000002             5000
   5.5149999999999999E-003  0.72840000000000005       0.25740000000000002             5000
   5.5159999999999992E-003  0.72840000000000005       0.25740000000000002             5000
   5.5169999999999993E-003  0.72840000000000005       0.25740000000000002             5000
   5.5180000000000003E-003  0.72840000000000005       0.25740000000000002             5000
   5.5189999999999996E-003  0.72840000000000005       0.25740000000000002             5000
   5.5199999999999997E-003  0.72840000000000005       0.25740000000000002             5000
   5.5209999999999999E-003  0.72840000000000005       0.25740000000000002             5000
   5.5220000000000000E-003  0.72840000000000005       0.25740000000000002             5000
   5.5229999999999993E-003  0.72840000000000005       0.25740000000000002             5000
   5.5239999999999994E-003  0.72840000000000005       0.25740000000000002             5000
   5.5249999999999995E-003  0.72840000000000005       0.25740000000000002             5000
   5.5259999999999997E-003  0.72840000000000005       0.25740000000000002             5000
   5.5269999999999998E-003  0.72840000000000005       0.25740000000000002             5000
   5.5279999999999999E-003  0.72840000000000005       0.25740000000000002             5000
   5.5290000000000001E-003  0.72840000000000005       0.25740000000000002             5000
   5.5299999999999993E-003  0.72840000000000005       0.25740000000000002             5000
   5.5309999999999995E-003  0.72840000000000005       0.25740000000000002             5000
   5.5319999999999996E-003  0.72840000000000005       0.25740000000000002             5000
   5.5329999999999997E-003  0.72840000000000005       0.25740000000000002             5000
   5.5339999999999999E-003  0.72840000000000005       0.25740000000000002             5000
   5.5350000000000000E-003  0.72840000000000005       0.25740000000000002             5000
   5.5360000000000001E-003  0.72840000000000005       0.25740000000000002             5000
   5.5369999999999994E-003  0.72840000000000005       0.25740000000000002             5000
   5.5379999999999995E-003  0.72840000000000005       0.25740000000000002             5000
   5.5389999999999997E-003  0.72840000000000005       0.25740000000000002             5000
   5.5399999999999998E-003  0.72840000000000005       0.25740000000000002             5000
   5.5409999999999991E-003  0.72840000000000005       0.25740000000000002             5000
   5.5420000000000001E-003  0.72840000000000005       0.25740000000000002             5000
   5.5430000000000002E-003  0.72840000000000005       0.25740000000000002             5000
   5.5439999999999994E-003  0.72840000000000005       0.25740000000000002             5000
   5.5449999999999996E-003  0.72840000000000005       0.25740000000000002             5000
   5.5459999999999997E-003  0.72840000000000005       0.25740000000000002             5000
   5.5469999999999998E-003  0.72840000000000005       0.25740000000000002             5000
   5.5479999999999991E-003  0.72840000000000005       0.25740000000000002             5000
   5.5489999999999992E-003  0.72840000000000005       0.25740000000000002             5000
   5.5500000000000002E-003  0.72840000000000005       0.25740000000000002             5000
   5.5509999999999995E-003  0.72840000000000005       0.25740000000000002             5000
   5.5519999999999996E-003  0.72840000000000005       0.25740000000000002             5000
   5.5529999999999998E-003  0.72840000000000005       0.25740000000000002             5000
   5.5539999999999999E-003  0.72840000000000005       0.25740000000000002             5000
   5.5549999999999992E-003  0.72840000000000005       0.25740000000000002             5000
   5.5559999999999993E-003  0.72840000000000005       0.25740000000000002             5000
   5.5569999999999994E-003  0.72840000000000005       0.25740000000000002             5000
   5.5579999999999996E-003  0.72840000000000005       0.25740000000000002             5000
   5.5589999999999997E-003  0.72840000000000005       0.25740000000000002             5000
   5.5599999999999998E-003  0.72840000000000005       0.25740000000000002             5000
   5.5610000000000000E-003  0.72840000000000005       0.25740000000000002             5000
   5.5619999999999992E-003  0.72840000000000005       0.25740000000000002             5000
   5.5629999999999994E-003  0.72840000000000005       0.25740000000000002             5000
   5.5639999999999995E-003  0.72840000000000005       0.25740000000000002             5000
   5.5649999999999996E-003  0.72840000000000005       0.25740000000000002             5000
   5.5659999999999998E-003  0.72840000000000005       0.25740000000000002             5000
   5.5669999999999999E-003  0.72840000000000005       0.25740000000000002             5000
   5.5680000000000000E-003  0.72840000000000005       0.25740000000000002             5000
   5.5689999999999993E-003  0.72840000000000005       0.25740000000000002             5000
   5.5699999999999994E-003  0.72840000000000005       0.25740000000000002             5000
   5.5709999999999996E-003  0.72840000000000005       0.25740000000000002             5000
   5.5719999999999997E-003  0.72840000000000005       0.25740000000000002             5000
   5.5729999999999998E-003  0.72840000000000005       0.25740000000000002             5000
   5.5740000000000000E-003  0.72840000000000005       0.25740000000000002             5000
   5.5750000000000001E-003  0.72840000000000005       0.25740000000000002             5000
   5.5759999999999994E-003  0.72840000000000005       0.25740000000000002             5000
   5.5769999999999995E-003  0.72840000000000005       0.25740000000000002             5000
   5.5779999999999996E-003  0.72840000000000005       0.25740000000000002             5000
   5.5789999999999998E-003  0.72840000000000005       0.25740000000000002             5000
   5.5799999999999990E-003  0.72840000000000005       0.25740000000000002             5000
   5.5810000000000000E-003  0.72840000000000005       0.25740000000000002             5000
   5.5820000000000002E-003  0.72840000000000005       0.25740000000000002             5000
   5.5829999999999994E-003  0.72840000000000005       0.25740000000000002             5000
   5.5839999999999996E-003  0.72840000000000005       0.25740000000000002             5000
   5.5849999999999997E-003  0.72840000000000005       0.25740000000000002             5000
   5.5859999999999998E-003  0.72840000000000005       0.25740000000000002             5000
   5.5869999999999991E-003  0.72840000000000005       0.25740000000000002             5000
   5.5879999999999992E-003  0.72840000000000005       0.25740000000000002             5000
   5.5890000000000002E-003  0.72840000000000005       0.25740000000000002             5000
   5.5899999999999995E-003  0.72840000000000005       0.25740000000000002             5000
   5.5909999999999996E-003  0.72840000000000005       0.25740000000000002             5000
   5.5919999999999997E-003  0.72840000000000005       0.25740000000000002             5000
   5.5929999999999999E-003  0.72840000000000005       0.25740000000000002             5000
   5.5939999999999991E-003  0.72840000000000005       0.25740000000000002             5000
   5.5949999999999993E-003  0.72840000000000005       0.25740000000000002             5000
   5.5959999999999994E-003  0.72840000000000005       0.25740000000000002             5000
   5.5969999999999995E-003  0.72840000000000005       0.25740000000000002             5000
   5.5979999999999997E-003  0.72840000000000005       0.25740000000000002             5000
   5.5989999999999998E-003  0.72840000000000005       0.25740000000000002             5000
   5.5999999999999999E-003  0.72840000000000005       0.25740000000000002             5000
   5.6009999999999992E-003  0.72840000000000005       0.25740000000000002             5000
   5.6019999999999993E-003  0.72840000000000005       0.25740000000000002             5000
   5.6029999999999995E-003  0.72840000000000005       0.25740000000000002             5000
   5.6039999999999996E-003  0.72840000000000005       0.25740000000000002             5000
   5.6049999999999997E-003  0.72840000000000005       0.25740000000000002             5000
   5.6059999999999999E-003  0.72840000000000005       0.25740000000000002             5000
   5.6070000000000000E-003  0.72840000000000005       0.25740000000000002             5000
   5.6079999999999993E-003  0.72840000000000005       0.25740000000000002             5000
   5.6089999999999994E-003  0.72840000000000005       0.25740000000000002             5000
   5.6099999999999995E-003  0.72840000000000005       0.25740000000000002             5000
   5.6109999999999997E-003  0.72840000000000005       0.25740000000000002             5000
   5.6119999999999989E-003  0.72840000000000005       0.25740000000000002             5000
   5.6129999999999999E-003  0.72840000000000005       0.25740000000000002             5000
   5.6140000000000001E-003  0.72840000000000005       0.25740000000000002             5000
   5.6149999999999993E-003  0.72840000000000005       0.25740000000000002             5000
   5.6159999999999995E-003  0.72840000000000005       0.25740000000000002             5000
   5.6169999999999996E-003  0.72840000000000005       0.25740000000000002             5000
   5.6179999999999997E-003  0.72840000000000005       0.25740000000000002             5000
   5.6189999999999990E-003  0.72840000000000005       0.25740000000000002             5000
   5.6199999999999991E-003  0.72840000000000005       0.25740000000000002             5000
   5.6210000000000001E-003  0.72840000000000005       0.25740000000000002             5000
   5.6220000000000003E-003  0.72840000000000005       0.25740000000000002             5000
   5.6229999999999995E-003  0.72840000000000005       0.25740000000000002             5000
   5.6239999999999997E-003  0.72840000000000005       0.25740000000000002             5000
   5.6249999999999998E-003  0.72840000000000005       0.25740000000000002             5000
   5.6259999999999991E-003  0.72840000000000005       0.25740000000000002             5000
   5.6269999999999992E-003  0.72840000000000005       0.25740000000000002             5000
   5.6279999999999993E-003  0.72840000000000005       0.25740000000000002             5000
   5.6290000000000003E-003  0.72840000000000005       0.25740000000000002             5000
   5.6299999999999996E-003  0.72840000000000005       0.25740000000000002             5000
   5.6309999999999997E-003  0.72840000000000005       0.25740000000000002             5000
   5.6319999999999999E-003  0.72840000000000005       0.25740000000000002             5000
   5.6330000000000000E-003  0.72840000000000005       0.25740000000000002             5000
   5.6339999999999993E-003  0.72840000000000005       0.25740000000000002             5000
   5.6349999999999994E-003  0.72840000000000005       0.25740000000000002             5000
   5.6360000000000004E-003  0.72840000000000005       0.25740000000000002             5000
   5.6369999999999996E-003  0.72840000000000005       0.25740000000000002             5000
   5.6379999999999998E-003  0.72840000000000005       0.25740000000000002             5000
   5.6389999999999999E-003  0.72840000000000005       0.25740000000000002             5000
   5.6400000000000000E-003  0.72840000000000005       0.25740000000000002             5000
   5.6409999999999993E-003  0.72840000000000005       0.25740000000000002             5000
   5.6419999999999994E-003  0.72840000000000005       0.25740000000000002             5000
   5.6429999999999996E-003  0.72840000000000005       0.25740000000000002             5000
   5.6439999999999997E-003  0.72840000000000005       0.25740000000000002             5000
   5.6449999999999998E-003  0.72840000000000005       0.25740000000000002             5000
   5.6460000000000000E-003  0.72840000000000005       0.25740000000000002             5000
   5.6470000000000001E-003  0.72840000000000005       0.25740000000000002             5000
   5.6479999999999994E-003  0.72840000000000005       0.25740000000000002             5000
   5.6489999999999995E-003  0.72840000000000005       0.25740000000000002             5000
   5.6499999999999996E-003  0.72840000000000005       0.25740000000000002             5000
   5.6509999999999998E-003  0.72840000000000005       0.25740000000000002             5000
   5.6519999999999999E-003  0.72840000000000005       0.25740000000000002             5000
   5.6530000000000000E-003  0.72840000000000005       0.25740000000000002             5000
   5.6540000000000002E-003  0.72840000000000005       0.25740000000000002             5000
   5.6549999999999994E-003  0.72840000000000005       0.25740000000000002             5000
   5.6559999999999996E-003  0.72840000000000005       0.25740000000000002             5000
   5.6569999999999997E-003  0.72840000000000005       0.25740000000000002             5000
   5.6579999999999998E-003  0.72840000000000005       0.25740000000000002             5000
   5.6589999999999991E-003  0.72840000000000005       0.25740000000000002             5000
   5.6600000000000001E-003  0.72840000000000005       0.25740000000000002             5000
   5.6610000000000002E-003  0.72840000000000005       0.25740000000000002             5000
   5.6619999999999995E-003  0.72840000000000005       0.25740000000000002             5000
   5.6629999999999996E-003  0.72840000000000005       0.25740000000000002             5000
   5.6639999999999998E-003  0.72840000000000005       0.25740000000000002             5000
   5.6649999999999999E-003  0.72840000000000005       0.25740000000000002             5000
   5.6659999999999992E-003  0.72840000000000005       0.25740000000000002             5000
   5.6669999999999993E-003  0.72840000000000005       0.25740000000000002             5000
   5.6680000000000003E-003  0.72840000000000005       0.25740000000000002             5000
   5.6689999999999996E-003  0.72840000000000005       0.25740000000000002             5000
   5.6699999999999997E-003  0.72840000000000005       0.25740000000000002             5000
   5.6709999999999998E-003  0.72840000000000005       0.25740000000000002             5000
   5.6720000000000000E-003  0.72840000000000005       0.25740000000000002             5000
   5.6729999999999992E-003  0.72840000000000005       0.25740000000000002             5000
   5.6739999999999994E-003  0.72840000000000005       0.25740000000000002             5000
   5.6749999999999995E-003  0.72840000000000005       0.25740000000000002             5000
   5.6759999999999996E-003  0.72840000000000005       0.25740000000000002             5000
   5.6769999999999998E-003  0.72840000000000005       0.25740000000000002             5000
   5.6779999999999999E-003  0.72840000000000005       0.25740000000000002             5000
   5.6790000000000000E-003  0.72840000000000005       0.25740000000000002             5000
   5.6799999999999993E-003  0.72840000000000005       0.25740000000000002             5000
   5.6809999999999994E-003  0.72840000000000005       0.25740000000000002             5000
   5.6819999999999996E-003  0.72840000000000005       0.25740000000000002             5000
   5.6829999999999997E-003  0.72840000000000005       0.25740000000000002             5000
   5.6839999999999998E-003  0.72840000000000005       0.25740000000000002             5000
   5.6849999999999999E-003  0.72840000000000005       0.25740000000000002             5000
   5.6860000000000001E-003  0.72840000000000005       0.25740000000000002             5000
   5.6869999999999993E-003  0.72840000000000005       0.25740000000000002             5000
   5.6879999999999995E-003  0.72840000000000005       0.25740000000000002             5000
   5.6889999999999996E-003  0.72840000000000005       0.25740000000000002             5000
   5.6899999999999997E-003  0.72840000000000005       0.25740000000000002             5000
   5.6909999999999990E-003  0.72840000000000005       0.25740000000000002             5000
   5.6920000000000000E-003  0.72840000000000005       0.25740000000000002             5000
   5.6930000000000001E-003  0.72840000000000005       0.25740000000000002             5000
   5.6939999999999994E-003  0.72840000000000005       0.25740000000000002             5000
   5.6949999999999995E-003  0.72840000000000005       0.25740000000000002             5000
   5.6959999999999997E-003  0.72840000000000005       0.25740000000000002             5000
   5.6969999999999998E-003  0.72840000000000005       0.25740000000000002             5000
   5.6979999999999991E-003  0.72840000000000005       0.25740000000000002             5000
   5.6990000000000001E-003  0.72840000000000005       0.25740000000000002             5000
   5.7000000000000002E-003  0.72840000000000005       0.25740000000000002             5000
   5.7009999999999995E-003  0.72840000000000005       0.25740000000000002             5000
   5.7019999999999996E-003  0.72840000000000005       0.25740000000000002             5000
   5.7029999999999997E-003  0.72840000000000005       0.25740000000000002             5000
   5.7039999999999999E-003  0.72840000000000005       0.25740000000000002             5000
   5.7049999999999991E-003  0.72840000000000005       0.25740000000000002             5000
   5.7059999999999993E-003  0.72840000000000005       0.25740000000000002             5000
   5.7070000000000003E-003  0.72840000000000005       0.25740000000000002             5000
   5.7079999999999995E-003  0.72840000000000005       0.25740000000000002             5000
   5.7089999999999997E-003  0.72840000000000005       0.25740000000000002             5000
   5.7099999999999998E-003  0.72840000000000005       0.25740000000000002             5000
   5.7109999999999999E-003  0.72840000000000005       0.25740000000000002             5000
   5.7119999999999992E-003  0.72840000000000005       0.25740000000000002             5000
   5.7129999999999993E-003  0.72840000000000005       0.25740000000000002             5000
   5.7139999999999995E-003  0.72840000000000005       0.25740000000000002             5000
   5.7149999999999996E-003  0.72840000000000005       0.25740000000000002             5000
   5.7159999999999997E-003  0.72840000000000005       0.25740000000000002             5000
   5.7169999999999999E-003  0.72840000000000005       0.25740000000000002             5000
   5.7180000000000000E-003  0.72840000000000005       0.25740000000000002             5000
   5.7189999999999993E-003  0.72840000000000005       0.25740000000000002             5000
   5.7199999999999994E-003  0.72840000000000005       0.25740000000000002             5000
   5.7209999999999995E-003  0.72840000000000005       0.25740000000000002             5000
   5.7219999999999997E-003  0.72840000000000005       0.25740000000000002             5000
   5.7229999999999998E-003  0.72840000000000005       0.25740000000000002             5000
   5.7239999999999999E-003  0.72840000000000005       0.25740000000000002             5000
   5.7250000000000001E-003  0.72840000000000005       0.25740000000000002             5000
   5.7259999999999993E-003  0.72840000000000005       0.25740000000000002             5000
   5.7269999999999995E-003  0.72840000000000005       0.25740000000000002             5000
   5.7279999999999996E-003  0.72840000000000005       0.25740000000000002             5000
   5.7289999999999997E-003  0.72840000000000005       0.25740000000000002             5000
   5.7299999999999990E-003  0.72840000000000005       0.25740000000000002             5000
   5.7310000000000000E-003  0.72840000000000005       0.25740000000000002             5000
   5.7320000000000001E-003  0.72840000000000005       0.25740000000000002             5000
   5.7329999999999994E-003  0.72840000000000005       0.25740000000000002             5000
   5.7339999999999995E-003  0.72840000000000005       0.25740000000000002             5000
   5.7349999999999996E-003  0.72840000000000005       0.25740000000000002             5000
   5.7359999999999998E-003  0.72840000000000005       0.25740000000000002             5000
   5.7369999999999990E-003  0.72840000000000005       0.25740000000000002             5000
   5.7379999999999992E-003  0.72840000000000005       0.25740000000000002             5000
   5.7390000000000002E-003  0.72840000000000005       0.25740000000000002             5000
   5.7399999999999994E-003  0.72840000000000005       0.25740000000000002             5000
   5.7409999999999996E-003  0.72840000000000005       0.25740000000000002             5000
   5.7419999999999997E-003  0.72840000000000005       0.25740000000000002             5000
   5.7429999999999998E-003  0.72840000000000005       0.25740000000000002             5000
   5.7439999999999991E-003  0.72840000000000005       0.25740000000000002             5000
   5.7449999999999992E-003  0.72840000000000005       0.25740000000000002             5000
   5.7459999999999994E-003  0.72840000000000005       0.25740000000000002             5000
   5.7469999999999995E-003  0.72840000000000005       0.25740000000000002             5000
   5.7479999999999996E-003  0.72840000000000005       0.25740000000000002             5000
   5.7489999999999998E-003  0.72840000000000005       0.25740000000000002             5000
   5.7499999999999999E-003  0.72840000000000005       0.25740000000000002             5000
   5.7509999999999992E-003  0.72840000000000005       0.25740000000000002             5000
   5.7519999999999993E-003  0.72840000000000005       0.25740000000000002             5000
   5.7529999999999994E-003  0.72840000000000005       0.25740000000000002             5000
   5.7539999999999996E-003  0.72840000000000005       0.25740000000000002             5000
   5.7549999999999997E-003  0.72840000000000005       0.25740000000000002             5000
   5.7559999999999998E-003  0.72840000000000005       0.25740000000000002             5000
   5.7570000000000000E-003  0.72840000000000005       0.25740000000000002             5000
   5.7579999999999992E-003  0.72840000000000005       0.25740000000000002             5000
   5.7589999999999994E-003  0.72840000000000005       0.25740000000000002             5000
   5.7599999999999995E-003  0.72840000000000005       0.25740000000000002             5000
   5.7609999999999996E-003  0.72840000000000005       0.25740000000000002             5000
   5.7619999999999998E-003  0.72840000000000005       0.25740000000000002             5000
   5.7629999999999999E-003  0.72840000000000005       0.25740000000000002             5000
   5.7640000000000000E-003  0.72840000000000005       0.25740000000000002             5000
   5.7649999999999993E-003  0.72840000000000005       0.25740000000000002             5000
   5.7659999999999994E-003  0.72840000000000005       0.25740000000000002             5000
   5.7669999999999996E-003  0.72840000000000005       0.25740000000000002             5000
   5.7679999999999997E-003  0.72840000000000005       0.25740000000000002             5000
   5.7689999999999990E-003  0.72840000000000005       0.25740000000000002             5000
   5.7700000000000000E-003  0.72840000000000005       0.25740000000000002             5000
   5.7710000000000001E-003  0.72840000000000005       0.25740000000000002             5000
   5.7720000000000002E-003  0.72840000000000005       0.25740000000000002             5000
   5.7729999999999995E-003  0.72840000000000005       0.25740000000000002             5000
   5.7739999999999996E-003  0.72840000000000005       0.25740000000000002             5000
   5.7749999999999998E-003  0.72840000000000005       0.25740000000000002             5000
   5.7759999999999990E-003  0.72840000000000005       0.25740000000000002             5000
   5.7769999999999991E-003  0.72840000000000005       0.25740000000000002             5000
   5.7780000000000001E-003  0.72840000000000005       0.25740000000000002             5000
   5.7790000000000003E-003  0.72840000000000005       0.25740000000000002             5000
   5.7799999999999995E-003  0.72840000000000005       0.25740000000000002             5000
   5.7809999999999997E-003  0.72840000000000005       0.25740000000000002             5000
   5.7819999999999998E-003  0.72840000000000005       0.25740000000000002             5000
   5.7829999999999999E-003  0.72840000000000005       0.25740000000000002             5000
   5.7839999999999992E-003  0.72840000000000005       0.25740000000000002             5000
   5.7849999999999993E-003  0.72840000000000005       0.25740000000000002             5000
   5.7860000000000003E-003  0.72840000000000005       0.25740000000000002             5000
   5.7869999999999996E-003  0.72840000000000005       0.25740000000000002             5000
   5.7879999999999997E-003  0.72840000000000005       0.25740000000000002             5000
   5.7889999999999999E-003  0.72840000000000005       0.25740000000000002             5000
   5.7900000000000000E-003  0.72840000000000005       0.25740000000000002             5000
   5.7909999999999993E-003  0.72840000000000005       0.25740000000000002             5000
   5.7919999999999994E-003  0.72840000000000005       0.25740000000000002             5000
   5.7929999999999995E-003  0.72840000000000005       0.25740000000000002             5000
   5.7939999999999997E-003  0.72840000000000005       0.25740000000000002             5000
   5.7949999999999998E-003  0.72840000000000005       0.25740000000000002             5000
   5.7959999999999999E-003  0.72840000000000005       0.25740000000000002             5000
   5.7970000000000001E-003  0.72840000000000005       0.25740000000000002             5000
   5.7979999999999993E-003  0.72840000000000005       0.25740000000000002             5000
   5.7989999999999995E-003  0.72840000000000005       0.25740000000000002             5000
   5.7999999999999996E-003  0.72840000000000005       0.25740000000000002             5000
   5.8009999999999997E-003  0.72840000000000005       0.25740000000000002             5000
   5.8019999999999999E-003  0.72840000000000005       0.25740000000000002             5000
   5.8030000000000000E-003  0.72840000000000005       0.25740000000000002             5000
   5.8040000000000001E-003  0.72840000000000005       0.25740000000000002             5000
   5.8049999999999994E-003  0.72840000000000005       0.25740000000000002             5000
   5.8059999999999995E-003  0.72840000000000005       0.25740000000000002             5000
   5.8069999999999997E-003  0.72840000000000005       0.25740000000000002             5000
   5.8079999999999998E-003  0.72840000000000005       0.25740000000000002             5000
   5.8089999999999991E-003  0.72840000000000005       0.25740000000000002             5000
   5.8100000000000001E-003  0.72840000000000005       0.25740000000000002             5000
   5.8110000000000002E-003  0.72840000000000005       0.25740000000000002             5000
   5.8119999999999995E-003  0.72840000000000005       0.25740000000000002             5000
   5.8129999999999996E-003  0.72840000000000005       0.25740000000000002             5000
   5.8139999999999997E-003  0.72840000000000005       0.25740000000000002             5000
   5.8149999999999999E-003  0.72840000000000005       0.25740000000000002             5000
   5.8159999999999991E-003  0.72840000000000005       0.25740000000000002             5000
   5.8169999999999993E-003  0.72840000000000005       0.25740000000000002             5000
   5.8180000000000003E-003  0.72840000000000005       0.25740000000000002             5000
   5.8189999999999995E-003  0.72840000000000005       0.25740000000000002             5000
   5.8199999999999997E-003  0.72840000000000005       0.25740000000000002             5000
   5.8209999999999998E-003  0.72840000000000005       0.25740000000000002             5000
   5.8219999999999999E-003  0.72840000000000005       0.25740000000000002             5000
   5.8229999999999992E-003  0.72840000000000005       0.25740000000000002             5000
   5.8239999999999993E-003  0.72840000000000005       0.25740000000000002             5000
   5.8250000000000003E-003  0.72840000000000005       0.25740000000000002             5000
   5.8259999999999996E-003  0.72840000000000005       0.25740000000000002             5000
   5.8269999999999997E-003  0.72840000000000005       0.25740000000000002             5000
   5.8279999999999998E-003  0.72840000000000005       0.25740000000000002             5000
   5.8290000000000000E-003  0.72840000000000005       0.25740000000000002             5000
   5.8299999999999992E-003  0.72840000000000005       0.25740000000000002             5000
   5.8309999999999994E-003  0.72840000000000005       0.25740000000000002             5000
   5.8319999999999995E-003  0.72840000000000005       0.25740000000000002             5000
   5.8329999999999996E-003  0.72840000000000005       0.25740000000000002             5000
   5.8339999999999998E-003  0.72840000000000005       0.25740000000000002             5000
   5.8349999999999999E-003  0.72840000000000005       0.25740000000000002             5000
   5.8360000000000000E-003  0.72840000000000005       0.25740000000000002             5000
   5.8369999999999993E-003  0.72840000000000005       0.25740000000000002             5000
   5.8379999999999994E-003  0.72840000000000005       0.25740000000000002             5000
   5.8389999999999996E-003  0.72840000000000005       0.25740000000000002             5000
   5.8399999999999997E-003  0.72840000000000005       0.25740000000000002             5000
   5.8409999999999998E-003  0.72840000000000005       0.25740000000000002             5000
   5.8420000000000000E-003  0.72840000000000005       0.25740000000000002             5000
   5.8430000000000001E-003  0.72840000000000005       0.25740000000000002             5000
   5.8439999999999994E-003  0.72840000000000005       0.25740000000000002             5000
   5.8449999999999995E-003  0.72840000000000005       0.25740000000000002             5000
   5.8459999999999996E-003  0.72840000000000005       0.25740000000000002             5000
   5.8469999999999998E-003  0.72840000000000005       0.25740000000000002             5000
   5.8479999999999990E-003  0.72840000000000005       0.25740000000000002             5000
   5.8490000000000000E-003  0.72840000000000005       0.25740000000000002             5000
   5.8500000000000002E-003  0.72840000000000005       0.25740000000000002             5000
   5.8509999999999994E-003  0.72840000000000005       0.25740000000000002             5000
   5.8519999999999996E-003  0.72840000000000005       0.25740000000000002             5000
   5.8529999999999997E-003  0.72840000000000005       0.25740000000000002             5000
   5.8539999999999998E-003  0.72840000000000005       0.25740000000000002             5000
   5.8549999999999991E-003  0.72840000000000005       0.25740000000000002             5000
   5.8559999999999992E-003  0.72840000000000005       0.25740000000000002             5000
   5.8570000000000002E-003  0.72840000000000005       0.25740000000000002             5000
   5.8579999999999995E-003  0.72840000000000005       0.25740000000000002             5000
   5.8589999999999996E-003  0.72840000000000005       0.25740000000000002             5000
   5.8599999999999998E-003  0.72840000000000005       0.25740000000000002             5000
   5.8609999999999999E-003  0.72840000000000005       0.25740000000000002             5000
   5.8619999999999992E-003  0.72840000000000005       0.25740000000000002             5000
   5.8629999999999993E-003  0.72840000000000005       0.25740000000000002             5000
   5.8639999999999994E-003  0.72840000000000005       0.25740000000000002             5000
   5.8649999999999996E-003  0.72840000000000005       0.25740000000000002             5000
   5.8659999999999997E-003  0.72840000000000005       0.25740000000000002             5000
   5.8669999999999998E-003  0.72840000000000005       0.25740000000000002             5000
   5.8680000000000000E-003  0.72840000000000005       0.25740000000000002             5000
   5.8689999999999992E-003  0.72840000000000005       0.25740000000000002             5000
   5.8699999999999994E-003  0.72840000000000005       0.25740000000000002             5000
   5.8709999999999995E-003  0.72840000000000005       0.25740000000000002             5000
   5.8719999999999996E-003  0.72840000000000005       0.25740000000000002             5000
   5.8729999999999997E-003  0.72840000000000005       0.25740000000000002             5000
   5.8739999999999999E-003  0.72840000000000005       0.25740000000000002             5000
   5.8750000000000000E-003  0.72840000000000005       0.25740000000000002             5000
   5.8759999999999993E-003  0.72840000000000005       0.25740000000000002             5000
   5.8769999999999994E-003  0.72840000000000005       0.25740000000000002             5000
   5.8779999999999995E-003  0.72840000000000005       0.25740000000000002             5000
   5.8789999999999997E-003  0.72840000000000005       0.25740000000000002             5000
   5.8799999999999989E-003  0.72840000000000005       0.25740000000000002             5000
   5.8809999999999999E-003  0.72840000000000005       0.25740000000000002             5000
   5.8820000000000001E-003  0.72840000000000005       0.25740000000000002             5000
   5.8829999999999993E-003  0.72840000000000005       0.25740000000000002             5000
   5.8839999999999995E-003  0.72840000000000005       0.25740000000000002             5000
   5.8849999999999996E-003  0.72840000000000005       0.25740000000000002             5000
   5.8859999999999997E-003  0.72840000000000005       0.25740000000000002             5000
   5.8869999999999990E-003  0.72840000000000005       0.25740000000000002             5000
   5.8880000000000000E-003  0.72840000000000005       0.25740000000000002             5000
   5.8890000000000001E-003  0.72840000000000005       0.25740000000000002             5000
   5.8899999999999994E-003  0.72840000000000005       0.25740000000000002             5000
   5.8909999999999995E-003  0.72840000000000005       0.25740000000000002             5000
   5.8919999999999997E-003  0.72840000000000005       0.25740000000000002             5000
   5.8929999999999998E-003  0.72840000000000005       0.25740000000000002             5000
   5.8939999999999991E-003  0.72840000000000005       0.25740000000000002             5000
   5.8949999999999992E-003  0.72840000000000005       0.25740000000000002             5000
   5.8960000000000002E-003  0.72840000000000005       0.25740000000000002             5000
   5.8969999999999995E-003  0.72840000000000005       0.25740000000000002             5000
   5.8979999999999996E-003  0.72840000000000005       0.25740000000000002             5000
   5.8989999999999997E-003  0.72840000000000005       0.25740000000000002             5000
   5.8999999999999999E-003  0.72840000000000005       0.25740000000000002             5000
   5.9009999999999991E-003  0.72840000000000005       0.25740000000000002             5000
   5.9019999999999993E-003  0.72840000000000005       0.25740000000000002             5000
   5.9029999999999994E-003  0.72840000000000005       0.25740000000000002             5000
   5.9040000000000004E-003  0.72840000000000005       0.25740000000000002             5000
   5.9049999999999997E-003  0.72840000000000005       0.25740000000000002             5000
   5.9059999999999998E-003  0.72840000000000005       0.25740000000000002             5000
   5.9069999999999999E-003  0.72840000000000005       0.25740000000000002             5000
   5.9079999999999992E-003  0.72840000000000005       0.25740000000000002             5000
   5.9089999999999993E-003  0.72840000000000005       0.25740000000000002             5000
   5.9099999999999995E-003  0.72840000000000005       0.25740000000000002             5000
   5.9109999999999996E-003  0.72840000000000005       0.25740000000000002             5000
   5.9119999999999997E-003  0.72840000000000005       0.25740000000000002             5000
   5.9129999999999999E-003  0.72840000000000005       0.25740000000000002             5000
   5.9140000000000000E-003  0.72840000000000005       0.25740000000000002             5000
   5.9149999999999993E-003  0.72840000000000005       0.25740000000000002             5000
   5.9159999999999994E-003  0.72840000000000005       0.25740000000000002             5000
   5.9169999999999995E-003  0.72840000000000005       0.25740000000000002             5000
   5.9179999999999996E-003  0.72840000000000005       0.25740000000000002             5000
   5.9189999999999989E-003  0.72840000000000005       0.25740000000000002             5000
   5.9199999999999999E-003  0.72840000000000005       0.25740000000000002             5000
   5.9210000000000000E-003  0.72840000000000005       0.25740000000000002             5000
   5.9220000000000002E-003  0.72840000000000005       0.25740000000000002             5000
   5.9229999999999994E-003  0.72840000000000005       0.25740000000000002             5000
   5.9239999999999996E-003  0.72840000000000005       0.25740000000000002             5000
   5.9249999999999997E-003  0.72840000000000005       0.25740000000000002             5000
   5.9259999999999990E-003  0.72840000000000005       0.25740000000000002             5000
   5.9269999999999991E-003  0.72840000000000005       0.25740000000000002             5000
   5.9280000000000001E-003  0.72840000000000005       0.25740000000000002             5000
   5.9290000000000002E-003  0.72840000000000005       0.25740000000000002             5000
   5.9299999999999995E-003  0.72840000000000005       0.25740000000000002             5000
   5.9309999999999996E-003  0.72840000000000005       0.25740000000000002             5000
   5.9319999999999998E-003  0.72840000000000005       0.25740000000000002             5000
   5.9329999999999999E-003  0.72840000000000005       0.25740000000000002             5000
   5.9339999999999992E-003  0.72840000000000005       0.25740000000000002             5000
   5.9349999999999993E-003  0.72840000000000005       0.25740000000000002             5000
   5.9360000000000003E-003  0.72840000000000005       0.25740000000000002             5000
   5.9369999999999996E-003  0.72840000000000005       0.25740000000000002             5000
   5.9379999999999997E-003  0.72840000000000005       0.25740000000000002             5000
   5.9389999999999998E-003  0.72840000000000005       0.25740000000000002             5000
   5.9400000000000000E-003  0.72840000000000005       0.25740000000000002             5000
   5.9409999999999992E-003  0.72840000000000005       0.25740000000000002             5000
   5.9419999999999994E-003  0.72840000000000005       0.25740000000000002             5000
   5.9429999999999995E-003  0.72840000000000005       0.25740000000000002             5000
   5.9439999999999996E-003  0.72840000000000005       0.25740000000000002             5000
   5.9449999999999998E-003  0.72840000000000005       0.25740000000000002             5000
   5.9459999999999999E-003  0.72840000000000005       0.25740000000000002             5000
   5.9470000000000000E-003  0.72840000000000005       0.25740000000000002             5000
   5.9479999999999993E-003  0.72840000000000005       0.25740000000000002             5000
   5.9489999999999994E-003  0.72840000000000005       0.25740000000000002             5000
   5.9499999999999996E-003  0.72840000000000005       0.25740000000000002             5000
   5.9509999999999997E-003  0.72840000000000005       0.25740000000000002             5000
   5.9519999999999998E-003  0.72840000000000005       0.25740000000000002             5000
   5.9530000000000000E-003  0.72840000000000005       0.25740000000000002             5000
   5.9540000000000001E-003  0.72840000000000005       0.25740000000000002             5000
   5.9549999999999994E-003  0.72840000000000005       0.25740000000000002             5000
   5.9559999999999995E-003  0.72840000000000005       0.25740000000000002             5000
   5.9569999999999996E-003  0.72840000000000005       0.25740000000000002             5000
   5.9579999999999998E-003  0.72840000000000005       0.25740000000000002             5000
   5.9589999999999999E-003  0.72840000000000005       0.25740000000000002             5000
   5.9600000000000000E-003  0.72840000000000005       0.25740000000000002             5000
   5.9610000000000002E-003  0.72840000000000005       0.25740000000000002             5000
   5.9619999999999994E-003  0.72840000000000005       0.25740000000000002             5000
   5.9629999999999996E-003  0.72840000000000005       0.25740000000000002             5000
   5.9639999999999997E-003  0.72840000000000005       0.25740000000000002             5000
   5.9649999999999998E-003  0.72840000000000005       0.25740000000000002             5000
   5.9659999999999991E-003  0.72840000000000005       0.25740000000000002             5000
   5.9670000000000001E-003  0.72840000000000005       0.25740000000000002             5000
   5.9680000000000002E-003  0.72840000000000005       0.25740000000000002             5000
   5.9689999999999995E-003  0.72840000000000005       0.25740000000000002             5000
   5.9699999999999996E-003  0.72840000000000005       0.25740000000000002             5000
   5.9709999999999997E-003  0.72840000000000005       0.25740000000000002             5000
   5.9719999999999999E-003  0.72840000000000005       0.25740000000000002             5000
   5.9729999999999991E-003  0.72840000000000005       0.25740000000000002             5000
   5.9739999999999993E-003  0.72840000000000005       0.25740000000000002             5000
   5.9750000000000003E-003  0.72840000000000005       0.25740000000000002             5000
   5.9759999999999995E-003  0.72840000000000005       0.25740000000000002             5000
   5.9769999999999997E-003  0.72840000000000005       0.25740000000000002             5000
   5.9779999999999998E-003  0.72840000000000005       0.25740000000000002             5000
   5.9789999999999999E-003  0.72840000000000005       0.25740000000000002             5000
   5.9799999999999992E-003  0.72840000000000005       0.25740000000000002             5000
   5.9809999999999993E-003  0.72840000000000005       0.25740000000000002             5000
   5.9819999999999995E-003  0.72840000000000005       0.25740000000000002             5000
   5.9829999999999996E-003  0.72840000000000005       0.25740000000000002             5000
   5.9839999999999997E-003  0.72840000000000005       0.25740000000000002             5000
   5.9849999999999999E-003  0.72840000000000005       0.25740000000000002             5000
   5.9860000000000000E-003  0.72840000000000005       0.25740000000000002             5000
   5.9869999999999993E-003  0.72840000000000005       0.25740000000000002             5000
   5.9879999999999994E-003  0.72840000000000005       0.25740000000000002             5000
   5.9889999999999995E-003  0.72840000000000005       0.25740000000000002             5000
   5.9899999999999997E-003  0.72840000000000005       0.25740000000000002             5000
   5.9909999999999998E-003  0.72840000000000005       0.25740000000000002             5000
   5.9919999999999999E-003  0.72840000000000005       0.25740000000000002             5000
   5.9930000000000001E-003  0.72840000000000005       0.25740000000000002             5000
   5.9939999999999993E-003  0.72840000000000005       0.25740000000000002             5000
   5.9949999999999995E-003  0.72840000000000005       0.25740000000000002             5000
   5.9959999999999996E-003  0.72840000000000005       0.25740000000000002             5000
   5.9969999999999997E-003  0.72840000000000005       0.25740000000000002             5000
   5.9979999999999990E-003  0.72840000000000005       0.25740000000000002             5000
   5.9990000000000000E-003  0.72840000000000005       0.25740000000000002             5000
   6.0000000000000001E-003  0.72840000000000005       0.25740000000000002             5000
   6.0009999999999994E-003  0.72840000000000005       0.25740000000000002             5000
   6.0019999999999995E-003  0.72840000000000005       0.25740000000000002             5000
   6.0029999999999997E-003  0.72840000000000005       0.25740000000000002             5000
   6.0039999999999998E-003  0.72840000000000005       0.25740000000000002             5000
   6.0049999999999991E-003  0.72840000000000005       0.25740000000000002             5000
   6.0059999999999992E-003  0.72840000000000005       0.25740000000000002             5000
   6.0070000000000002E-003  0.72840000000000005       0.25740000000000002             5000
   6.0079999999999995E-003  0.72840000000000005       0.25740000000000002             5000
   6.0089999999999996E-003  0.72840000000000005       0.25740000000000002             5000
   6.0099999999999997E-003  0.72840000000000005       0.25740000000000002             5000
   6.0109999999999999E-003  0.72840000000000005       0.25740000000000002             5000
   6.0119999999999991E-003  0.72840000000000005       0.25740000000000002             5000
   6.0129999999999992E-003  0.72840000000000005       0.25740000000000002             5000
   6.0139999999999994E-003  0.72840000000000005       0.25740000000000002             5000
   6.0149999999999995E-003  0.72840000000000005       0.25740000000000002             5000
   6.0159999999999996E-003  0.72840000000000005       0.25740000000000002             5000
   6.0169999999999998E-003  0.72840000000000005       0.25740000000000002             5000
   6.0179999999999999E-003  0.72840000000000005       0.25740000000000002             5000
   6.0189999999999992E-003  0.72840000000000005       0.25740000000000002             5000
   6.0199999999999993E-003  0.72840000000000005       0.25740000000000002             5000
   6.0209999999999994E-003  0.72840000000000005       0.25740000000000002             5000
   6.0219999999999996E-003  0.72840000000000005       0.25740000000000002             5000
   6.0229999999999997E-003  0.72840000000000005       0.25740000000000002             5000
   6.0239999999999998E-003  0.72840000000000005       0.25740000000000002             5000
   6.0250000000000000E-003  0.72840000000000005       0.25740000000000002             5000
   6.0259999999999992E-003  0.72840000000000005       0.25740000000000002             5000
   6.0269999999999994E-003  0.72840000000000005       0.25740000000000002             5000
   6.0279999999999995E-003  0.72840000000000005       0.25740000000000002             5000
   6.0289999999999996E-003  0.72840000000000005       0.25740000000000002             5000
   6.0299999999999998E-003  0.72840000000000005       0.25740000000000002             5000
   6.0309999999999999E-003  0.72840000000000005       0.25740000000000002             5000
   6.0320000000000000E-003  0.72840000000000005       0.25740000000000002             5000
   6.0329999999999993E-003  0.72840000000000005       0.25740000000000002             5000
   6.0339999999999994E-003  0.72840000000000005       0.25740000000000002             5000
   6.0349999999999996E-003  0.72840000000000005       0.25740000000000002             5000
   6.0359999999999997E-003  0.72840000000000005       0.25740000000000002             5000
   6.0369999999999990E-003  0.72840000000000005       0.25740000000000002             5000
   6.0380000000000000E-003  0.72840000000000005       0.25740000000000002             5000
   6.0390000000000001E-003  0.72840000000000005       0.25740000000000002             5000
   6.0399999999999994E-003  0.72840000000000005       0.25740000000000002             5000
   6.0409999999999995E-003  0.72840000000000005       0.25740000000000002             5000
   6.0419999999999996E-003  0.72840000000000005       0.25740000000000002             5000
   6.0429999999999998E-003  0.72840000000000005       0.25740000000000002             5000
   6.0439999999999990E-003  0.72840000000000005       0.25740000000000002             5000
   6.0449999999999992E-003  0.72840000000000005       0.25740000000000002             5000
   6.0460000000000002E-003  0.72840000000000005       0.25740000000000002             5000
   6.0469999999999994E-003  0.72840000000000005       0.25740000000000002             5000
   6.0479999999999996E-003  0.72840000000000005       0.25740000000000002             5000
   6.0489999999999997E-003  0.72840000000000005       0.25740000000000002             5000
   6.0499999999999998E-003  0.72840000000000005       0.25740000000000002             5000
   6.0509999999999991E-003  0.72840000000000005       0.25740000000000002             5000
   6.0519999999999992E-003  0.72840000000000005       0.25740000000000002             5000
   6.0529999999999994E-003  0.72840000000000005       0.25740000000000002             5000
   6.0540000000000004E-003  0.72840000000000005       0.25740000000000002             5000
   6.0549999999999996E-003  0.72840000000000005       0.25740000000000002             5000
   6.0559999999999998E-003  0.72840000000000005       0.25740000000000002             5000
   6.0569999999999999E-003  0.72840000000000005       0.25740000000000002             5000
   6.0579999999999991E-003  0.72840000000000005       0.25740000000000002             5000
   6.0589999999999993E-003  0.72840000000000005       0.25740000000000002             5000
   6.0599999999999994E-003  0.72840000000000005       0.25740000000000002             5000
   6.0609999999999995E-003  0.72840000000000005       0.25740000000000002             5000
   6.0619999999999997E-003  0.72840000000000005       0.25740000000000002             5000
   6.0629999999999998E-003  0.72840000000000005       0.25740000000000002             5000
   6.0639999999999999E-003  0.72840000000000005       0.25740000000000002             5000
   6.0649999999999992E-003  0.72840000000000005       0.25740000000000002             5000
   6.0659999999999993E-003  0.72840000000000005       0.25740000000000002             5000
   6.0669999999999995E-003  0.72840000000000005       0.25740000000000002             5000
   6.0679999999999996E-003  0.72840000000000005       0.25740000000000002             5000
   6.0689999999999989E-003  0.72840000000000005       0.25740000000000002             5000
   6.0699999999999999E-003  0.72840000000000005       0.25740000000000002             5000
   6.0710000000000000E-003  0.72840000000000005       0.25740000000000002             5000
   6.0720000000000001E-003  0.72840000000000005       0.25740000000000002             5000
   6.0729999999999994E-003  0.72840000000000005       0.25740000000000002             5000
   6.0739999999999995E-003  0.72840000000000005       0.25740000000000002             5000
   6.0749999999999997E-003  0.72840000000000005       0.25740000000000002             5000
   6.0759999999999989E-003  0.72840000000000005       0.25740000000000002             5000
   6.0769999999999991E-003  0.72840000000000005       0.25740000000000002             5000
   6.0780000000000001E-003  0.72840000000000005       0.25740000000000002             5000
   6.0790000000000002E-003  0.72840000000000005       0.25740000000000002             5000
   6.0799999999999995E-003  0.72840000000000005       0.25740000000000002             5000
   6.0809999999999996E-003  0.72840000000000005       0.25740000000000002             5000
   6.0819999999999997E-003  0.72840000000000005       0.25740000000000002             5000
   6.0829999999999999E-003  0.72840000000000005       0.25740000000000002             5000
   6.0839999999999991E-003  0.72840000000000005       0.25740000000000002             5000
   6.0850000000000001E-003  0.72840000000000005       0.25740000000000002             5000
   6.0860000000000003E-003  0.72840000000000005       0.25740000000000002             5000
   6.0869999999999995E-003  0.72840000000000005       0.25740000000000002             5000
   6.0879999999999997E-003  0.72840000000000005       0.25740000000000002             5000
   6.0889999999999998E-003  0.72840000000000005       0.25740000000000002             5000
   6.0899999999999999E-003  0.72840000000000005       0.25740000000000002             5000
   6.0909999999999992E-003  0.72840000000000005       0.25740000000000002             5000
   6.0919999999999993E-003  0.72840000000000005       0.25740000000000002             5000
   6.0930000000000003E-003  0.72840000000000005       0.25740000000000002             5000
   6.0939999999999996E-003  0.72840000000000005       0.25740000000000002             5000
   6.0949999999999997E-003  0.72840000000000005       0.25740000000000002             5000
   6.0959999999999999E-003  0.72840000000000005       0.25740000000000002             5000
   6.0970000000000000E-003  0.72840000000000005       0.25740000000000002             5000
   6.0979999999999993E-003  0.72840000000000005       0.25740000000000002             5000
   6.0989999999999994E-003  0.72840000000000005       0.25740000000000002             5000
   6.0999999999999995E-003  0.72840000000000005       0.25740000000000002             5000
   6.1009999999999997E-003  0.72840000000000005       0.25740000000000002             5000
   6.1019999999999998E-003  0.72840000000000005       0.25740000000000002             5000
   6.1029999999999999E-003  0.72840000000000005       0.25740000000000002             5000
   6.1040000000000001E-003  0.72840000000000005       0.25740000000000002             5000
   6.1049999999999993E-003  0.72840000000000005       0.25740000000000002             5000
   6.1059999999999994E-003  0.72840000000000005       0.25740000000000002             5000
   6.1069999999999996E-003  0.72840000000000005       0.25740000000000002             5000
   6.1079999999999997E-003  0.72840000000000005       0.25740000000000002             5000
   6.1089999999999998E-003  0.72840000000000005       0.25740000000000002             5000
   6.1100000000000000E-003  0.72840000000000005       0.25740000000000002             5000
   6.1110000000000001E-003  0.72840000000000005       0.25740000000000002             5000
   6.1119999999999994E-003  0.72840000000000005       0.25740000000000002             5000
   6.1129999999999995E-003  0.72840000000000005       0.25740000000000002             5000
   6.1139999999999996E-003  0.72840000000000005       0.25740000000000002             5000
   6.1149999999999998E-003  0.72840000000000005       0.25740000000000002             5000
   6.1159999999999990E-003  0.72840000000000005       0.25740000000000002             5000
   6.1170000000000000E-003  0.72840000000000005       0.25740000000000002             5000
   6.1180000000000002E-003  0.72840000000000005       0.25740000000000002             5000
   6.1189999999999994E-003  0.72840000000000005       0.25740000000000002             5000
   6.1199999999999996E-003  0.72840000000000005       0.25740000000000002             5000
   6.1209999999999997E-003  0.72840000000000005       0.25740000000000002             5000
   6.1219999999999998E-003  0.72840000000000005       0.25740000000000002             5000
   6.1229999999999991E-003  0.72840000000000005       0.25740000000000002             5000
   6.1239999999999992E-003  0.72840000000000005       0.25740000000000002             5000
   6.1250000000000002E-003  0.72840000000000005       0.25740000000000002             5000
   6.1259999999999995E-003  0.72840000000000005       0.25740000000000002             5000
   6.1269999999999996E-003  0.72840000000000005       0.25740000000000002             5000
   6.1279999999999998E-003  0.72840000000000005       0.25740000000000002             5000
   6.1289999999999999E-003  0.72840000000000005       0.25740000000000002             5000
   6.1299999999999992E-003  0.72840000000000005       0.25740000000000002             5000
   6.1309999999999993E-003  0.72840000000000005       0.25740000000000002             5000
   6.1319999999999994E-003  0.72840000000000005       0.25740000000000002             5000
   6.1329999999999996E-003  0.72840000000000005       0.25740000000000002             5000
   6.1339999999999997E-003  0.72840000000000005       0.25740000000000002             5000
   6.1349999999999998E-003  0.72840000000000005       0.25740000000000002             5000
   6.1360000000000000E-003  0.72840000000000005       0.25740000000000002             5000
   6.1369999999999992E-003  0.72840000000000005       0.25740000000000002             5000
   6.1379999999999994E-003  0.72840000000000005       0.25740000000000002             5000
   6.1389999999999995E-003  0.72840000000000005       0.25740000000000002             5000
   6.1399999999999996E-003  0.72840000000000005       0.25740000000000002             5000
   6.1409999999999998E-003  0.72840000000000005       0.25740000000000002             5000
   6.1419999999999999E-003  0.72840000000000005       0.25740000000000002             5000
   6.1430000000000000E-003  0.72840000000000005       0.25740000000000002             5000
   6.1439999999999993E-003  0.72840000000000005       0.25740000000000002             5000
   6.1449999999999994E-003  0.72840000000000005       0.25740000000000002             5000
   6.1459999999999996E-003  0.72840000000000005       0.25740000000000002             5000
   6.1469999999999997E-003  0.72840000000000005       0.25740000000000002             5000
   6.1479999999999998E-003  0.72840000000000005       0.25740000000000002             5000
   6.1490000000000000E-003  0.72840000000000005       0.25740000000000002             5000
   6.1500000000000001E-003  0.72840000000000005       0.25740000000000002             5000
   6.1509999999999994E-003  0.72840000000000005       0.25740000000000002             5000
   6.1519999999999995E-003  0.72840000000000005       0.25740000000000002             5000
   6.1529999999999996E-003  0.72840000000000005       0.25740000000000002             5000
   6.1539999999999997E-003  0.72840000000000005       0.25740000000000002             5000
   6.1549999999999990E-003  0.72840000000000005       0.25740000000000002             5000
   6.1560000000000000E-003  0.72840000000000005       0.25740000000000002             5000
   6.1570000000000001E-003  0.72840000000000005       0.25740000000000002             5000
   6.1579999999999994E-003  0.72840000000000005       0.25740000000000002             5000
   6.1589999999999995E-003  0.72840000000000005       0.25740000000000002             5000
   6.1599999999999997E-003  0.72840000000000005       0.25740000000000002             5000
   6.1609999999999998E-003  0.72840000000000005       0.25740000000000002             5000
   6.1619999999999991E-003  0.72840000000000005       0.25740000000000002             5000
   6.1629999999999992E-003  0.72840000000000005       0.25740000000000002             5000
   6.1640000000000002E-003  0.72840000000000005       0.25740000000000002             5000
   6.1649999999999995E-003  0.72840000000000005       0.25740000000000002             5000
   6.1659999999999996E-003  0.72840000000000005       0.25740000000000002             5000
   6.1669999999999997E-003  0.72840000000000005       0.25740000000000002             5000
   6.1679999999999999E-003  0.72840000000000005       0.25740000000000002             5000
   6.1689999999999991E-003  0.72840000000000005       0.25740000000000002             5000
   6.1699999999999993E-003  0.72840000000000005       0.25740000000000002             5000
   6.1709999999999994E-003  0.72840000000000005       0.25740000000000002             5000
   6.1719999999999995E-003  0.72840000000000005       0.25740000000000002             5000
   6.1729999999999997E-003  0.72840000000000005       0.25740000000000002             5000
   6.1739999999999998E-003  0.72840000000000005       0.25740000000000002             5000
   6.1749999999999999E-003  0.72840000000000005       0.25740000000000002             5000
   6.1759999999999992E-003  0.72840000000000005       0.25740000000000002             5000
   6.1769999999999993E-003  0.72840000000000005       0.25740000000000002             5000
   6.1779999999999995E-003  0.72840000000000005       0.25740000000000002             5000
   6.1789999999999996E-003  0.72840000000000005       0.25740000000000002             5000
   6.1799999999999997E-003  0.72840000000000005       0.25740000000000002             5000
   6.1809999999999999E-003  0.72840000000000005       0.25740000000000002             5000
   6.1820000000000000E-003  0.72840000000000005       0.25740000000000002             5000
   6.1829999999999993E-003  0.72840000000000005       0.25740000000000002             5000
   6.1839999999999994E-003  0.72840000000000005       0.25740000000000002             5000
   6.1849999999999995E-003  0.72840000000000005       0.25740000000000002             5000
   6.1859999999999997E-003  0.72840000000000005       0.25740000000000002             5000
   6.1869999999999989E-003  0.72840000000000005       0.25740000000000002             5000
   6.1879999999999999E-003  0.72840000000000005       0.25740000000000002             5000
   6.1890000000000001E-003  0.72840000000000005       0.25740000000000002             5000
   6.1899999999999993E-003  0.72840000000000005       0.25740000000000002             5000
   6.1909999999999995E-003  0.72840000000000005       0.25740000000000002             5000
   6.1919999999999996E-003  0.72840000000000005       0.25740000000000002             5000
   6.1929999999999997E-003  0.72840000000000005       0.25740000000000002             5000
   6.1939999999999990E-003  0.72840000000000005       0.25740000000000002             5000
   6.1949999999999991E-003  0.72840000000000005       0.25740000000000002             5000
   6.1960000000000001E-003  0.72840000000000005       0.25740000000000002             5000
   6.1969999999999994E-003  0.72840000000000005       0.25740000000000002             5000
   6.1979999999999995E-003  0.72840000000000005       0.25740000000000002             5000
   6.1989999999999996E-003  0.72840000000000005       0.25740000000000002             5000
   6.1999999999999998E-003  0.72840000000000005       0.25740000000000002             5000
   6.2009999999999990E-003  0.72840000000000005       0.25740000000000002             5000
   6.2019999999999992E-003  0.72840000000000005       0.25740000000000002             5000
   6.2029999999999993E-003  0.72840000000000005       0.25740000000000002             5000
   6.2040000000000003E-003  0.72840000000000005       0.25740000000000002             5000
   6.2049999999999996E-003  0.72840000000000005       0.25740000000000002             5000
   6.2059999999999997E-003  0.72840000000000005       0.25740000000000002             5000
   6.2069999999999998E-003  0.72840000000000005       0.25740000000000002             5000
   6.2079999999999991E-003  0.72840000000000005       0.25740000000000002             5000
   6.2089999999999992E-003  0.72840000000000005       0.25740000000000002             5000
   6.2099999999999994E-003  0.72840000000000005       0.25740000000000002             5000
   6.2110000000000004E-003  0.72840000000000005       0.25740000000000002             5000
   6.2119999999999996E-003  0.72840000000000005       0.25740000000000002             5000
   6.2129999999999998E-003  0.72840000000000005       0.25740000000000002             5000
   6.2139999999999999E-003  0.72840000000000005       0.25740000000000002             5000
   6.2149999999999992E-003  0.72840000000000005       0.25740000000000002             5000
   6.2159999999999993E-003  0.72840000000000005       0.25740000000000002             5000
   6.2169999999999994E-003  0.72840000000000005       0.25740000000000002             5000
   6.2179999999999996E-003  0.72840000000000005       0.25740000000000002             5000
   6.2189999999999997E-003  0.72840000000000005       0.25740000000000002             5000
   6.2199999999999998E-003  0.72840000000000005       0.25740000000000002             5000
   6.2210000000000000E-003  0.72840000000000005       0.25740000000000002             5000
   6.2220000000000001E-003  0.72840000000000005       0.25740000000000002             5000
   6.2229999999999994E-003  0.72840000000000005       0.25740000000000002             5000
   6.2239999999999995E-003  0.72840000000000005       0.25740000000000002             5000
   6.2249999999999996E-003  0.72840000000000005       0.25740000000000002             5000
   6.2259999999999989E-003  0.72840000000000005       0.25740000000000002             5000
   6.2269999999999999E-003  0.72840000000000005       0.25740000000000002             5000
   6.2280000000000000E-003  0.72840000000000005       0.25740000000000002             5000
   6.2290000000000002E-003  0.72840000000000005       0.25740000000000002             5000
   6.2299999999999994E-003  0.72840000000000005       0.25740000000000002             5000
   6.2309999999999996E-003  0.72840000000000005       0.25740000000000002             5000
   6.2319999999999997E-003  0.72840000000000005       0.25740000000000002             5000
   6.2329999999999998E-003  0.72840000000000005       0.25740000000000002             5000
   6.2339999999999991E-003  0.72840000000000005       0.25740000000000002             5000
   6.2350000000000001E-003  0.72840000000000005       0.25740000000000002             5000
   6.2360000000000002E-003  0.72840000000000005       0.25740000000000002             5000
   6.2369999999999995E-003  0.72840000000000005       0.25740000000000002             5000
   6.2379999999999996E-003  0.72840000000000005       0.25740000000000002             5000
   6.2389999999999998E-003  0.72840000000000005       0.25740000000000002             5000
   6.2399999999999999E-003  0.72840000000000005       0.25740000000000002             5000
   6.2409999999999992E-003  0.72840000000000005       0.25740000000000002             5000
   6.2419999999999993E-003  0.72840000000000005       0.25740000000000002             5000
   6.2430000000000003E-003  0.72840000000000005       0.25740000000000002             5000
   6.2439999999999996E-003  0.72840000000000005       0.25740000000000002             5000
   6.2449999999999997E-003  0.72840000000000005       0.25740000000000002             5000
   6.2459999999999998E-003  0.72840000000000005       0.25740000000000002             5000
   6.2469999999999999E-003  0.72840000000000005       0.25740000000000002             5000
   6.2479999999999992E-003  0.72840000000000005       0.25740000000000002             5000
   6.2489999999999993E-003  0.72840000000000005       0.25740000000000002             5000
   6.2499999999999995E-003  0.72840000000000005       0.25740000000000002             5000
   6.2509999999999996E-003  0.72840000000000005       0.25740000000000002             5000
   6.2519999999999997E-003  0.72840000000000005       0.25740000000000002             5000
   6.2529999999999999E-003  0.72840000000000005       0.25740000000000002             5000
   6.2540000000000000E-003  0.72840000000000005       0.25740000000000002             5000
   6.2549999999999993E-003  0.72840000000000005       0.25740000000000002             5000
   6.2559999999999994E-003  0.72840000000000005       0.25740000000000002             5000
   6.2569999999999995E-003  0.72840000000000005       0.25740000000000002             5000
   6.2579999999999997E-003  0.72840000000000005       0.25740000000000002             5000
   6.2589999999999998E-003  0.72840000000000005       0.25740000000000002             5000
   6.2599999999999999E-003  0.72840000000000005       0.25740000000000002             5000
   6.2610000000000001E-003  0.72840000000000005       0.25740000000000002             5000
   6.2619999999999993E-003  0.72840000000000005       0.25740000000000002             5000
   6.2629999999999995E-003  0.72840000000000005       0.25740000000000002             5000
   6.2639999999999996E-003  0.72840000000000005       0.25740000000000002             5000
   6.2649999999999997E-003  0.72840000000000005       0.25740000000000002             5000
   6.2659999999999990E-003  0.72840000000000005       0.25740000000000002             5000
   6.2670000000000000E-003  0.72840000000000005       0.25740000000000002             5000
   6.2680000000000001E-003  0.72840000000000005       0.25740000000000002             5000
   6.2689999999999994E-003  0.72840000000000005       0.25740000000000002             5000
   6.2699999999999995E-003  0.72840000000000005       0.25740000000000002             5000
   6.2709999999999997E-003  0.72840000000000005       0.25740000000000002             5000
   6.2719999999999998E-003  0.72840000000000005       0.25740000000000002             5000
   6.2729999999999991E-003  0.72840000000000005       0.25740000000000002             5000
   6.2740000000000001E-003  0.72840000000000005       0.25740000000000002             5000
   6.2750000000000002E-003  0.72840000000000005       0.25740000000000002             5000
   6.2759999999999995E-003  0.72840000000000005       0.25740000000000002             5000
   6.2769999999999996E-003  0.72840000000000005       0.25740000000000002             5000
   6.2779999999999997E-003  0.72840000000000005       0.25740000000000002             5000
   6.2789999999999999E-003  0.72840000000000005       0.25740000000000002             5000
   6.2799999999999991E-003  0.72840000000000005       0.25740000000000002             5000
   6.2809999999999993E-003  0.72840000000000005       0.25740000000000002             5000
   6.2820000000000003E-003  0.72840000000000005       0.25740000000000002             5000
   6.2829999999999995E-003  0.72840000000000005       0.25740000000000002             5000
   6.2839999999999997E-003  0.72840000000000005       0.25740000000000002             5000
   6.2849999999999998E-003  0.72840000000000005       0.25740000000000002             5000
   6.2859999999999999E-003  0.72840000000000005       0.25740000000000002             5000
   6.2869999999999992E-003  0.72840000000000005       0.25740000000000002             5000
   6.2879999999999993E-003  0.72840000000000005       0.25740000000000002             5000
   6.2889999999999995E-003  0.72840000000000005       0.25740000000000002             5000
   6.2899999999999996E-003  0.72840000000000005       0.25740000000000002             5000
   6.2909999999999997E-003  0.72840000000000005       0.25740000000000002             5000
   6.2919999999999998E-003  0.72840000000000005       0.25740000000000002             5000
   6.2930000000000000E-003  0.72840000000000005       0.25740000000000002             5000
   6.2939999999999992E-003  0.72840000000000005       0.25740000000000002             5000
   6.2949999999999994E-003  0.72840000000000005       0.25740000000000002             5000
   6.2959999999999995E-003  0.72840000000000005       0.25740000000000002             5000
   6.2969999999999996E-003  0.72840000000000005       0.25740000000000002             5000
   6.2979999999999998E-003  0.72840000000000005       0.25740000000000002             5000
   6.2989999999999999E-003  0.72840000000000005       0.25740000000000002             5000
   6.3000000000000000E-003  0.72840000000000005       0.25740000000000002             5000
   6.3009999999999993E-003  0.72840000000000005       0.25740000000000002             5000
   6.3019999999999994E-003  0.72840000000000005       0.25740000000000002             5000
   6.3029999999999996E-003  0.72840000000000005       0.25740000000000002             5000
   6.3039999999999997E-003  0.72840000000000005       0.25740000000000002             5000
   6.3049999999999990E-003  0.72840000000000005       0.25740000000000002             5000
   6.3060000000000000E-003  0.72840000000000005       0.25740000000000002             5000
   6.3070000000000001E-003  0.72840000000000005       0.25740000000000002             5000
   6.3079999999999994E-003  0.72840000000000005       0.25740000000000002             5000
   6.3089999999999995E-003  0.72840000000000005       0.25740000000000002             5000
   6.3099999999999996E-003  0.72840000000000005       0.25740000000000002             5000
   6.3109999999999998E-003  0.72840000000000005       0.25740000000000002             5000
   6.3119999999999990E-003  0.72840000000000005       0.25740000000000002             5000
   6.3129999999999992E-003  0.72840000000000005       0.25740000000000002             5000
   6.3140000000000002E-003  0.72840000000000005       0.25740000000000002             5000
   6.3149999999999994E-003  0.72840000000000005       0.25740000000000002             5000
   6.3159999999999996E-003  0.72840000000000005       0.25740000000000002             5000
   6.3169999999999997E-003  0.72840000000000005       0.25740000000000002             5000
   6.3179999999999998E-003  0.72840000000000005       0.25740000000000002             5000
   6.3189999999999991E-003  0.72840000000000005       0.25740000000000002             5000
   6.3199999999999992E-003  0.72840000000000005       0.25740000000000002             5000
   6.3209999999999994E-003  0.72840000000000005       0.25740000000000002             5000
   6.3219999999999995E-003  0.72840000000000005       0.25740000000000002             5000
   6.3229999999999996E-003  0.72840000000000005       0.25740000000000002             5000
   6.3239999999999998E-003  0.72840000000000005       0.25740000000000002             5000
   6.3249999999999999E-003  0.72840000000000005       0.25740000000000002             5000
   6.3259999999999992E-003  0.72840000000000005       0.25740000000000002             5000
   6.3269999999999993E-003  0.72840000000000005       0.25740000000000002             5000
   6.3279999999999994E-003  0.72840000000000005       0.25740000000000002             5000
   6.3289999999999996E-003  0.72840000000000005       0.25740000000000002             5000
   6.3299999999999997E-003  0.72840000000000005       0.25740000000000002             5000
   6.3309999999999998E-003  0.72840000000000005       0.25740000000000002             5000
   6.3320000000000000E-003  0.72840000000000005       0.25740000000000002             5000
   6.3329999999999992E-003  0.72840000000000005       0.25740000000000002             5000
   6.3339999999999994E-003  0.72840000000000005       0.25740000000000002             5000
   6.3349999999999995E-003  0.72840000000000005       0.25740000000000002             5000
   6.3359999999999996E-003  0.72840000000000005       0.25740000000000002             5000
   6.3369999999999998E-003  0.72840000000000005       0.25740000000000002             5000
   6.3379999999999999E-003  0.72840000000000005       0.25740000000000002             5000
   6.3390000000000000E-003  0.72840000000000005       0.25740000000000002             5000
   6.3399999999999993E-003  0.72840000000000005       0.25740000000000002             5000
   6.3409999999999994E-003  0.72840000000000005       0.25740000000000002             5000
   6.3419999999999995E-003  0.72840000000000005       0.25740000000000002             5000
   6.3429999999999997E-003  0.72840000000000005       0.25740000000000002             5000
   6.3439999999999989E-003  0.72840000000000005       0.25740000000000002             5000
   6.3449999999999999E-003  0.72840000000000005       0.25740000000000002             5000
   6.3460000000000001E-003  0.72840000000000005       0.25740000000000002             5000
   6.3469999999999993E-003  0.72840000000000005       0.25740000000000002             5000
   6.3479999999999995E-003  0.72840000000000005       0.25740000000000002             5000
   6.3489999999999996E-003  0.72840000000000005       0.25740000000000002             5000
   6.3499999999999997E-003  0.72840000000000005       0.25740000000000002             5000
   6.3509999999999990E-003  0.72840000000000005       0.25740000000000002             5000
   6.3519999999999991E-003  0.72840000000000005       0.25740000000000002             5000
   6.3530000000000001E-003  0.72840000000000005       0.25740000000000002             5000
   6.3540000000000003E-003  0.72840000000000005       0.25740000000000002             5000
   6.3549999999999995E-003  0.72840000000000005       0.25740000000000002             5000
   6.3559999999999997E-003  0.72840000000000005       0.25740000000000002             5000
   6.3569999999999998E-003  0.72840000000000005       0.25740000000000002             5000
   6.3579999999999991E-003  0.72840000000000005       0.25740000000000002             5000
   6.3589999999999992E-003  0.72840000000000005       0.25740000000000002             5000
   6.3599999999999993E-003  0.72840000000000005       0.25740000000000002             5000
   6.3610000000000003E-003  0.72840000000000005       0.25740000000000002             5000
   6.3619999999999996E-003  0.72840000000000005       0.25740000000000002             5000
   6.3629999999999997E-003  0.72840000000000005       0.25740000000000002             5000
   6.3639999999999999E-003  0.72840000000000005       0.25740000000000002             5000
   6.3649999999999991E-003  0.72840000000000005       0.25740000000000002             5000
   6.3659999999999993E-003  0.72840000000000005       0.25740000000000002             5000
   6.3669999999999994E-003  0.72840000000000005       0.25740000000000002             5000
   6.3679999999999995E-003  0.72840000000000005       0.25740000000000002             5000
   6.3689999999999997E-003  0.72840000000000005       0.25740000000000002             5000
   6.3699999999999998E-003  0.72840000000000005       0.25740000000000002             5000
   6.3709999999999999E-003  0.72840000000000005       0.25740000000000002             5000
   6.3720000000000001E-003  0.72840000000000005       0.25740000000000002             5000
   6.3729999999999993E-003  0.72840000000000005       0.25740000000000002             5000
   6.3739999999999995E-003  0.72840000000000005       0.25740000000000002             5000
   6.3749999999999996E-003  0.72840000000000005       0.25740000000000002             5000
   6.3759999999999989E-003  0.72840000000000005       0.25740000000000002             5000
   6.3769999999999999E-003  0.72840000000000005       0.25740000000000002             5000
   6.3780000000000000E-003  0.72840000000000005       0.25740000000000002             5000
   6.3790000000000001E-003  0.72840000000000005       0.25740000000000002             5000
   6.3799999999999994E-003  0.72840000000000005       0.25740000000000002             5000
   6.3809999999999995E-003  0.72840000000000005       0.25740000000000002             5000
   6.3819999999999997E-003  0.72840000000000005       0.25740000000000002             5000
   6.3829999999999998E-003  0.72840000000000005       0.25740000000000002             5000
   6.3839999999999991E-003  0.72840000000000005       0.25740000000000002             5000
   6.3850000000000001E-003  0.72840000000000005       0.25740000000000002             5000
   6.3860000000000002E-003  0.72840000000000005       0.25740000000000002             5000
   6.3869999999999994E-003  0.72840000000000005       0.25740000000000002             5000
   6.3879999999999996E-003  0.72840000000000005       0.25740000000000002             5000
   6.3889999999999997E-003  0.72840000000000005       0.25740000000000002             5000
   6.3899999999999998E-003  0.72840000000000005       0.25740000000000002             5000
   6.3909999999999991E-003  0.72840000000000005       0.25740000000000002             5000
   6.3919999999999992E-003  0.72840000000000005       0.25740000000000002             5000
   6.3930000000000002E-003  0.72840000000000005       0.25740000000000002             5000
   6.3939999999999995E-003  0.72840000000000005       0.25740000000000002             5000
   6.3949999999999996E-003  0.72840000000000005       0.25740000000000002             5000
   6.3959999999999998E-003  0.72840000000000005       0.25740000000000002             5000
   6.3969999999999999E-003  0.72840000000000005       0.25740000000000002             5000
   6.3979999999999992E-003  0.72840000000000005       0.25740000000000002             5000
   6.3989999999999993E-003  0.72840000000000005       0.25740000000000002             5000
   6.3999999999999994E-003  0.72840000000000005       0.25740000000000002             5000
   6.4009999999999996E-003  0.72840000000000005       0.25740000000000002             5000
   6.4019999999999997E-003  0.72840000000000005       0.25740000000000002             5000
   6.4029999999999998E-003  0.72840000000000005       0.25740000000000002             5000
   6.4040000000000000E-003  0.72840000000000005       0.25740000000000002             5000
   6.4049999999999992E-003  0.72840000000000005       0.25740000000000002             5000
   6.4059999999999994E-003  0.72840000000000005       0.25740000000000002             5000
   6.4069999999999995E-003  0.72840000000000005       0.25740000000000002             5000
   6.4079999999999996E-003  0.72840000000000005       0.25740000000000002             5000
   6.4089999999999998E-003  0.72840000000000005       0.25740000000000002             5000
   6.4099999999999999E-003  0.72840000000000005       0.25740000000000002             5000
   6.4110000000000000E-003  0.72840000000000005       0.25740000000000002             5000
   6.4119999999999993E-003  0.72840000000000005       0.25740000000000002             5000
   6.4129999999999994E-003  0.72840000000000005       0.25740000000000002             5000
   6.4139999999999996E-003  0.72840000000000005       0.25740000000000002             5000
   6.4149999999999997E-003  0.72840000000000005       0.25740000000000002             5000
   6.4159999999999998E-003  0.72840000000000005       0.25740000000000002             5000
   6.4170000000000000E-003  0.72840000000000005       0.25740000000000002             5000
   6.4180000000000001E-003  0.72840000000000005       0.25740000000000002             5000
   6.4189999999999994E-003  0.72840000000000005       0.25740000000000002             5000
   6.4199999999999995E-003  0.72840000000000005       0.25740000000000002             5000
   6.4209999999999996E-003  0.72840000000000005       0.25740000000000002             5000
   6.4219999999999998E-003  0.72840000000000005       0.25740000000000002             5000
   6.4229999999999990E-003  0.72840000000000005       0.25740000000000002             5000
   6.4240000000000000E-003  0.72840000000000005       0.25740000000000002             5000
   6.4250000000000002E-003  0.72840000000000005       0.25740000000000002             5000
   6.4259999999999994E-003  0.72840000000000005       0.25740000000000002             5000
   6.4269999999999996E-003  0.72840000000000005       0.25740000000000002             5000
   6.4279999999999997E-003  0.72840000000000005       0.25740000000000002             5000
   6.4289999999999998E-003  0.72840000000000005       0.25740000000000002             5000
   6.4299999999999991E-003  0.72840000000000005       0.25740000000000002             5000
   6.4309999999999992E-003  0.72840000000000005       0.25740000000000002             5000
   6.4320000000000002E-003  0.72840000000000005       0.25740000000000002             5000
   6.4329999999999995E-003  0.72840000000000005       0.25740000000000002             5000
   6.4339999999999996E-003  0.72840000000000005       0.25740000000000002             5000
   6.4349999999999997E-003  0.72840000000000005       0.25740000000000002             5000
   6.4359999999999999E-003  0.72840000000000005       0.25740000000000002             5000
   6.4369999999999991E-003  0.72840000000000005       0.25740000000000002             5000
   6.4379999999999993E-003  0.72840000000000005       0.25740000000000002             5000
   6.4389999999999994E-003  0.72840000000000005       0.25740000000000002             5000
   6.4399999999999995E-003  0.72840000000000005       0.25740000000000002             5000
   6.4409999999999997E-003  0.72840000000000005       0.25740000000000002             5000
   6.4419999999999998E-003  0.72840000000000005       0.25740000000000002             5000
   6.4429999999999999E-003  0.72840000000000005       0.25740000000000002             5000
   6.4439999999999992E-003  0.72840000000000005       0.25740000000000002             5000
   6.4449999999999993E-003  0.72840000000000005       0.25740000000000002             5000
   6.4459999999999995E-003  0.72840000000000005       0.25740000000000002             5000
   6.4469999999999996E-003  0.72840000000000005       0.25740000000000002             5000
   6.4479999999999997E-003  0.72840000000000005       0.25740000000000002             5000
   6.4489999999999999E-003  0.72840000000000005       0.25740000000000002             5000
   6.4500000000000000E-003  0.72840000000000005       0.25740000000000002             5000
   6.4509999999999993E-003  0.72840000000000005       0.25740000000000002             5000
   6.4519999999999994E-003  0.72840000000000005       0.25740000000000002             5000
   6.4529999999999995E-003  0.72840000000000005       0.25740000000000002             5000
   6.4539999999999997E-003  0.72840000000000005       0.25740000000000002             5000
   6.4549999999999989E-003  0.72840000000000005       0.25740000000000002             5000
   6.4559999999999999E-003  0.72840000000000005       0.25740000000000002             5000
   6.4570000000000001E-003  0.72840000000000005       0.25740000000000002             5000
   6.4579999999999993E-003  0.72840000000000005       0.25740000000000002             5000
   6.4589999999999995E-003  0.72840000000000005       0.25740000000000002             5000
   6.4599999999999996E-003  0.72840000000000005       0.25740000000000002             5000
   6.4609999999999997E-003  0.72840000000000005       0.25740000000000002             5000
   6.4619999999999990E-003  0.72840000000000005       0.25740000000000002             5000
   6.4629999999999991E-003  0.72840000000000005       0.25740000000000002             5000
   6.4640000000000001E-003  0.72840000000000005       0.25740000000000002             5000
   6.4649999999999994E-003  0.72840000000000005       0.25740000000000002             5000
   6.4659999999999995E-003  0.72840000000000005       0.25740000000000002             5000
   6.4669999999999997E-003  0.72840000000000005       0.25740000000000002             5000
   6.4679999999999998E-003  0.72840000000000005       0.25740000000000002             5000
   6.4689999999999991E-003  0.72840000000000005       0.25740000000000002             5000
   6.4699999999999992E-003  0.72840000000000005       0.25740000000000002             5000
   6.4710000000000002E-003  0.72840000000000005       0.25740000000000002             5000
   6.4719999999999995E-003  0.72840000000000005       0.25740000000000002             5000
   6.4729999999999996E-003  0.72840000000000005       0.25740000000000002             5000
   6.4739999999999997E-003  0.72840000000000005       0.25740000000000002             5000
   6.4749999999999999E-003  0.72840000000000005       0.25740000000000002             5000
   6.4759999999999991E-003  0.72840000000000005       0.25740000000000002             5000
   6.4769999999999993E-003  0.72840000000000005       0.25740000000000002             5000
   6.4779999999999994E-003  0.72840000000000005       0.25740000000000002             5000
   6.4789999999999995E-003  0.72840000000000005       0.25740000000000002             5000
   6.4799999999999988E-003  0.72840000000000005       0.25740000000000002             5000
   6.4809999999999998E-003  0.72840000000000005       0.25740000000000002             5000
   6.4819999999999990E-003  0.72840000000000005       0.25740000000000002             5000
   6.4829999999999992E-003  0.72840000000000005       0.25740000000000002             5000
   6.4840000000000002E-003  0.72840000000000005       0.25740000000000002             5000
   6.4849999999999994E-003  0.72840000000000005       0.25740000000000002             5000
   6.4860000000000004E-003  0.72840000000000005       0.25740000000000002             5000
   6.4869999999999988E-003  0.72840000000000005       0.25740000000000002             5000
   6.4879999999999998E-003  0.72840000000000005       0.25740000000000002             5000
   6.4889999999999991E-003  0.72840000000000005       0.25740000000000002             5000
   6.4899999999999992E-003  0.72840000000000005       0.25740000000000002             5000
   6.4910000000000002E-003  0.72840000000000005       0.25740000000000002             5000
   6.4919999999999995E-003  0.72840000000000005       0.25740000000000002             5000
   6.4930000000000005E-003  0.72840000000000005       0.25740000000000002             5000
   6.4939999999999989E-003  0.72840000000000005       0.25740000000000002             5000
   6.4949999999999999E-003  0.72840000000000005       0.25740000000000002             5000
   6.4959999999999992E-003  0.72840000000000005       0.25740000000000002             5000
   6.4969999999999993E-003  0.72840000000000005       0.25740000000000002             5000
   6.4979999999999986E-003  0.72840000000000005       0.25740000000000002             5000
   6.4989999999999996E-003  0.72840000000000005       0.25740000000000002             5000
   6.5000000000000006E-003  0.72840000000000005       0.25740000000000002             5000
   6.5009999999999990E-003  0.72840000000000005       0.25740000000000002             5000
   6.5020000000000000E-003  0.72840000000000005       0.25740000000000002             5000
   6.5029999999999992E-003  0.72840000000000005       0.25740000000000002             5000
   6.5040000000000002E-003  0.72840000000000005       0.25740000000000002             5000
   6.5049999999999986E-003  0.72840000000000005       0.25740000000000002             5000
   6.5059999999999996E-003  0.72840000000000005       0.25740000000000002             5000
   6.5070000000000006E-003  0.72840000000000005       0.25740000000000002             5000
   6.5079999999999990E-003  0.72840000000000005       0.25740000000000002             5000
   6.5090000000000000E-003  0.72840000000000005       0.25740000000000002             5000
   6.5099999999999993E-003  0.72840000000000005       0.25740000000000002             5000
   6.5110000000000003E-003  0.72840000000000005       0.25740000000000002             5000
   6.5119999999999987E-003  0.72840000000000005       0.25740000000000002             5000
   6.5129999999999997E-003  0.72840000000000005       0.25740000000000002             5000
   6.5139999999999990E-003  0.72840000000000005       0.25740000000000002             5000
   6.5149999999999991E-003  0.72840000000000005       0.25740000000000002             5000
   6.5160000000000001E-003  0.72840000000000005       0.25740000000000002             5000
   6.5169999999999994E-003  0.72840000000000005       0.25740000000000002             5000
   6.5180000000000004E-003  0.72840000000000005       0.25740000000000002             5000
   6.5189999999999988E-003  0.72840000000000005       0.25740000000000002             5000
   6.5199999999999998E-003  0.72840000000000005       0.25740000000000002             5000
   6.5209999999999990E-003  0.72840000000000005       0.25740000000000002             5000
   6.5220000000000000E-003  0.72840000000000005       0.25740000000000002             5000
   6.5230000000000002E-003  0.72840000000000005       0.25740000000000002             5000
   6.5239999999999994E-003  0.72840000000000005       0.25740000000000002             5000
   6.5250000000000004E-003  0.72840000000000005       0.25740000000000002             5000
   6.5259999999999988E-003  0.72840000000000005       0.25740000000000002             5000
   6.5269999999999998E-003  0.72840000000000005       0.25740000000000002             5000
   6.5279999999999991E-003  0.72840000000000005       0.25740000000000002             5000
   6.5290000000000001E-003  0.72840000000000005       0.25740000000000002             5000
   6.5300000000000002E-003  0.72840000000000005       0.25740000000000002             5000
   6.5309999999999995E-003  0.72840000000000005       0.25740000000000002             5000
   6.5320000000000005E-003  0.72840000000000005       0.25740000000000002             5000
   6.5329999999999997E-003  0.72840000000000005       0.25740000000000002             5000
   6.5339999999999999E-003  0.72840000000000005       0.25740000000000002             5000
   6.5349999999999991E-003  0.72840000000000005       0.25740000000000002             5000
   6.5360000000000001E-003  0.72840000000000005       0.25740000000000002             5000
   6.5369999999999985E-003  0.72840000000000005       0.25740000000000002             5000
   6.5379999999999995E-003  0.72840000000000005       0.25740000000000002             5000
   6.5390000000000005E-003  0.72840000000000005       0.25740000000000002             5000
   6.5399999999999998E-003  0.72840000000000005       0.25740000000000002             5000
   6.5409999999999999E-003  0.72840000000000005       0.25740000000000002             5000
   6.5419999999999992E-003  0.72840000000000005       0.25740000000000002             5000
   6.5430000000000002E-003  0.72840000000000005       0.25740000000000002             5000
   6.5439999999999986E-003  0.72840000000000005       0.25740000000000002             5000
   6.5449999999999996E-003  0.72840000000000005       0.25740000000000002             5000
   6.5460000000000006E-003  0.72840000000000005       0.25740000000000002             5000
   6.5469999999999999E-003  0.72840000000000005       0.25740000000000002             5000
   6.5480000000000000E-003  0.72840000000000005       0.25740000000000002             5000
   6.5489999999999993E-003  0.72840000000000005       0.25740000000000002             5000
   6.5500000000000003E-003  0.72840000000000005       0.25740000000000002             5000
   6.5509999999999995E-003  0.72840000000000005       0.25740000000000002             5000
   6.5519999999999997E-003  0.72840000000000005       0.25740000000000002             5000
   6.5529999999999989E-003  0.72840000000000005       0.25740000000000002             5000
   6.5539999999999999E-003  0.72840000000000005       0.25740000000000002             5000
   6.5550000000000001E-003  0.72840000000000005       0.25740000000000002             5000
   6.5559999999999993E-003  0.72840000000000005       0.25740000000000002             5000
   6.5570000000000003E-003  0.72840000000000005       0.25740000000000002             5000
   6.5579999999999996E-003  0.72840000000000005       0.25740000000000002             5000
   6.5589999999999997E-003  0.72840000000000005       0.25740000000000002             5000
   6.5599999999999990E-003  0.72840000000000005       0.25740000000000002             5000
   6.5610000000000000E-003  0.72840000000000005       0.25740000000000002             5000
   6.5620000000000001E-003  0.72840000000000005       0.25740000000000002             5000
   6.5629999999999994E-003  0.72840000000000005       0.25740000000000002             5000
   6.5640000000000004E-003  0.72840000000000005       0.25740000000000002             5000
   6.5649999999999997E-003  0.72840000000000005       0.25740000000000002             5000
   6.5659999999999998E-003  0.72840000000000005       0.25740000000000002             5000
   6.5669999999999991E-003  0.72840000000000005       0.25740000000000002             5000
   6.5680000000000001E-003  0.72840000000000005       0.25740000000000002             5000
   6.5689999999999993E-003  0.72840000000000005       0.25740000000000002             5000
   6.5699999999999995E-003  0.72840000000000005       0.25740000000000002             5000
   6.5710000000000005E-003  0.72840000000000005       0.25740000000000002             5000
   6.5719999999999997E-003  0.72840000000000005       0.25740000000000002             5000
   6.5729999999999998E-003  0.72840000000000005       0.25740000000000002             5000
   6.5739999999999991E-003  0.72840000000000005       0.25740000000000002             5000
   6.5750000000000001E-003  0.72840000000000005       0.25740000000000002             5000
   6.5759999999999994E-003  0.72840000000000005       0.25740000000000002             5000
   6.5769999999999995E-003  0.72840000000000005       0.25740000000000002             5000
   6.5780000000000005E-003  0.72840000000000005       0.25740000000000002             5000
   6.5789999999999998E-003  0.72840000000000005       0.25740000000000002             5000
   6.5799999999999999E-003  0.72840000000000005       0.25740000000000002             5000
   6.5809999999999992E-003  0.72840000000000005       0.25740000000000002             5000
   6.5820000000000002E-003  0.72840000000000005       0.25740000000000002             5000
   6.5829999999999994E-003  0.72840000000000005       0.25740000000000002             5000
   6.5839999999999996E-003  0.72840000000000005       0.25740000000000002             5000
   6.5849999999999988E-003  0.72840000000000005       0.25740000000000002             5000
   6.5859999999999998E-003  0.72840000000000005       0.25740000000000002             5000
   6.5870000000000000E-003  0.72840000000000005       0.25740000000000002             5000
   6.5879999999999992E-003  0.72840000000000005       0.25740000000000002             5000
   6.5890000000000002E-003  0.72840000000000005       0.25740000000000002             5000
   6.5899999999999995E-003  0.72840000000000005       0.25740000000000002             5000
   6.5909999999999996E-003  0.72840000000000005       0.25740000000000002             5000
   6.5919999999999989E-003  0.72840000000000005       0.25740000000000002             5000
   6.5929999999999999E-003  0.72840000000000005       0.25740000000000002             5000
   6.5940000000000000E-003  0.72840000000000005       0.25740000000000002             5000
   6.5949999999999993E-003  0.72840000000000005       0.25740000000000002             5000
   6.5960000000000003E-003  0.72840000000000005       0.25740000000000002             5000
   6.5969999999999996E-003  0.72840000000000005       0.25740000000000002             5000
   6.5979999999999997E-003  0.72840000000000005       0.25740000000000002             5000
   6.5989999999999990E-003  0.72840000000000005       0.25740000000000002             5000
   6.6000000000000000E-003  0.72840000000000005       0.25740000000000002             5000
   6.6010000000000001E-003  0.72840000000000005       0.25740000000000002             5000
   6.6019999999999994E-003  0.72840000000000005       0.25740000000000002             5000
   6.6030000000000004E-003  0.72840000000000005       0.25740000000000002             5000
   6.6039999999999996E-003  0.72840000000000005       0.25740000000000002             5000
   6.6049999999999998E-003  0.72840000000000005       0.25740000000000002             5000
   6.6059999999999990E-003  0.72840000000000005       0.25740000000000002             5000
   6.6070000000000000E-003  0.72840000000000005       0.25740000000000002             5000
   6.6079999999999993E-003  0.72840000000000005       0.25740000000000002             5000
   6.6089999999999994E-003  0.72840000000000005       0.25740000000000002             5000
   6.6100000000000004E-003  0.72840000000000005       0.25740000000000002             5000
   6.6109999999999997E-003  0.72840000000000005       0.25740000000000002             5000
   6.6119999999999998E-003  0.72840000000000005       0.25740000000000002             5000
   6.6129999999999991E-003  0.72840000000000005       0.25740000000000002             5000
   6.6140000000000001E-003  0.72840000000000005       0.25740000000000002             5000
   6.6149999999999994E-003  0.72840000000000005       0.25740000000000002             5000
   6.6159999999999995E-003  0.72840000000000005       0.25740000000000002             5000
   6.6170000000000005E-003  0.72840000000000005       0.25740000000000002             5000
   6.6179999999999998E-003  0.72840000000000005       0.25740000000000002             5000
   6.6189999999999999E-003  0.72840000000000005       0.25740000000000002             5000
   6.6199999999999991E-003  0.72840000000000005       0.25740000000000002             5000
   6.6210000000000001E-003  0.72840000000000005       0.25740000000000002             5000
   6.6219999999999994E-003  0.72840000000000005       0.25740000000000002             5000
   6.6229999999999995E-003  0.72840000000000005       0.25740000000000002             5000
   6.6239999999999988E-003  0.72840000000000005       0.25740000000000002             5000
   6.6249999999999998E-003  0.72840000000000005       0.25740000000000002             5000
   6.6259999999999999E-003  0.72840000000000005       0.25740000000000002             5000
   6.6269999999999992E-003  0.72840000000000005       0.25740000000000002             5000
   6.6280000000000002E-003  0.72840000000000005       0.25740000000000002             5000
   6.6289999999999995E-003  0.72840000000000005       0.25740000000000002             5000
   6.6299999999999996E-003  0.72840000000000005       0.25740000000000002             5000
   6.6309999999999989E-003  0.72840000000000005       0.25740000000000002             5000
   6.6319999999999999E-003  0.72840000000000005       0.25740000000000002             5000
   6.6330000000000000E-003  0.72840000000000005       0.25740000000000002             5000
   6.6339999999999993E-003  0.72840000000000005       0.25740000000000002             5000
   6.6350000000000003E-003  0.72840000000000005       0.25740000000000002             5000
   6.6359999999999995E-003  0.72840000000000005       0.25740000000000002             5000
   6.6369999999999997E-003  0.72840000000000005       0.25740000000000002             5000
   6.6379999999999989E-003  0.72840000000000005       0.25740000000000002             5000
   6.6389999999999999E-003  0.72840000000000005       0.25740000000000002             5000
   6.6399999999999992E-003  0.72840000000000005       0.25740000000000002             5000
   6.6409999999999993E-003  0.72840000000000005       0.25740000000000002             5000
   6.6420000000000003E-003  0.72840000000000005       0.25740000000000002             5000
   6.6429999999999996E-003  0.72840000000000005       0.25740000000000002             5000
   6.6439999999999997E-003  0.72840000000000005       0.25740000000000002             5000
   6.6449999999999990E-003  0.72840000000000005       0.25740000000000002             5000
   6.6460000000000000E-003  0.72840000000000005       0.25740000000000002             5000
   6.6469999999999993E-003  0.72840000000000005       0.25740000000000002             5000
   6.6479999999999994E-003  0.72840000000000005       0.25740000000000002             5000
   6.6490000000000004E-003  0.72840000000000005       0.25740000000000002             5000
   6.6499999999999997E-003  0.72840000000000005       0.25740000000000002             5000
   6.6509999999999998E-003  0.72840000000000005       0.25740000000000002             5000
   6.6519999999999991E-003  0.72840000000000005       0.25740000000000002             5000
   6.6530000000000001E-003  0.72840000000000005       0.25740000000000002             5000
   6.6539999999999993E-003  0.72840000000000005       0.25740000000000002             5000
   6.6549999999999995E-003  0.72840000000000005       0.25740000000000002             5000
   6.6559999999999987E-003  0.72840000000000005       0.25740000000000002             5000
   6.6569999999999997E-003  0.72840000000000005       0.25740000000000002             5000
   6.6579999999999999E-003  0.72840000000000005       0.25740000000000002             5000
   6.6589999999999991E-003  0.72840000000000005       0.25740000000000002             5000
   6.6600000000000001E-003  0.72840000000000005       0.25740000000000002             5000
   6.6609999999999994E-003  0.72840000000000005       0.25740000000000002             5000
   6.6619999999999995E-003  0.72840000000000005       0.25740000000000002             5000
   6.6629999999999988E-003  0.72840000000000005       0.25740000000000002             5000
   6.6639999999999998E-003  0.72840000000000005       0.25740000000000002             5000
   6.6649999999999999E-003  0.72840000000000005       0.25740000000000002             5000
   6.6659999999999992E-003  0.72840000000000005       0.25740000000000002             5000
   6.6670000000000002E-003  0.72840000000000005       0.25740000000000002             5000
   6.6679999999999994E-003  0.72840000000000005       0.25740000000000002             5000
   6.6689999999999996E-003  0.72840000000000005       0.25740000000000002             5000
   6.6699999999999988E-003  0.72840000000000005       0.25740000000000002             5000
   6.6709999999999998E-003  0.72840000000000005       0.25740000000000002             5000
   6.6720000000000000E-003  0.72840000000000005       0.25740000000000002             5000
   6.6729999999999992E-003  0.72840000000000005       0.25740000000000002             5000
   6.6740000000000002E-003  0.72840000000000005       0.25740000000000002             5000
   6.6749999999999995E-003  0.72840000000000005       0.25740000000000002             5000
   6.6759999999999996E-003  0.72840000000000005       0.25740000000000002             5000
   6.6769999999999989E-003  0.72840000000000005       0.25740000000000002             5000
   6.6779999999999999E-003  0.72840000000000005       0.25740000000000002             5000
   6.6789999999999992E-003  0.72840000000000005       0.25740000000000002             5000
   6.6799999999999993E-003  0.72840000000000005       0.25740000000000002             5000
   6.6810000000000003E-003  0.72840000000000005       0.25740000000000002             5000
   6.6819999999999996E-003  0.72840000000000005       0.25740000000000002             5000
   6.6829999999999997E-003  0.72840000000000005       0.25740000000000002             5000
   6.6839999999999990E-003  0.72840000000000005       0.25740000000000002             5000
   6.6850000000000000E-003  0.72840000000000005       0.25740000000000002             5000
   6.6859999999999992E-003  0.72840000000000005       0.25740000000000002             5000
   6.6869999999999994E-003  0.72840000000000005       0.25740000000000002             5000
   6.6880000000000004E-003  0.72840000000000005       0.25740000000000002             5000
   6.6889999999999996E-003  0.72840000000000005       0.25740000000000002             5000
   6.6899999999999998E-003  0.72840000000000005       0.25740000000000002             5000
   6.6909999999999990E-003  0.72840000000000005       0.25740000000000002             5000
   6.6920000000000000E-003  0.72840000000000005       0.25740000000000002             5000
   6.6929999999999993E-003  0.72840000000000005       0.25740000000000002             5000
   6.6939999999999994E-003  0.72840000000000005       0.25740000000000002             5000
   6.6949999999999987E-003  0.72840000000000005       0.25740000000000002             5000
   6.6959999999999997E-003  0.72840000000000005       0.25740000000000002             5000
   6.6969999999999998E-003  0.72840000000000005       0.25740000000000002             5000
   6.6979999999999991E-003  0.72840000000000005       0.25740000000000002             5000
   6.6990000000000001E-003  0.72840000000000005       0.25740000000000002             5000
   6.6999999999999994E-003  0.72840000000000005       0.25740000000000002             5000
   6.7009999999999995E-003  0.72840000000000005       0.25740000000000002             5000
   6.7019999999999988E-003  0.72840000000000005       0.25740000000000002             5000
   6.7029999999999998E-003  0.72840000000000005       0.25740000000000002             5000
   6.7039999999999999E-003  0.72840000000000005       0.25740000000000002             5000
   6.7049999999999992E-003  0.72840000000000005       0.25740000000000002             5000
   6.7060000000000002E-003  0.72840000000000005       0.25740000000000002             5000
   6.7069999999999994E-003  0.72840000000000005       0.25740000000000002             5000
   6.7079999999999996E-003  0.72840000000000005       0.25740000000000002             5000
   6.7089999999999988E-003  0.72840000000000005       0.25740000000000002             5000
   6.7099999999999998E-003  0.72840000000000005       0.25740000000000002             5000
   6.7109999999999991E-003  0.72840000000000005       0.25740000000000002             5000
   6.7119999999999992E-003  0.72840000000000005       0.25740000000000002             5000
   6.7130000000000002E-003  0.72840000000000005       0.25740000000000002             5000
   6.7139999999999995E-003  0.72840000000000005       0.25740000000000002             5000
   6.7149999999999996E-003  0.72840000000000005       0.25740000000000002             5000
   6.7159999999999989E-003  0.72840000000000005       0.25740000000000002             5000
   6.7169999999999999E-003  0.72840000000000005       0.25740000000000002             5000
   6.7179999999999991E-003  0.72840000000000005       0.25740000000000002             5000
   6.7189999999999993E-003  0.72840000000000005       0.25740000000000002             5000
   6.7200000000000003E-003  0.72840000000000005       0.25740000000000002             5000
   6.7209999999999995E-003  0.72840000000000005       0.25740000000000002             5000
   6.7219999999999997E-003  0.72840000000000005       0.25740000000000002             5000
   6.7229999999999989E-003  0.72840000000000005       0.25740000000000002             5000
   6.7239999999999999E-003  0.72840000000000005       0.25740000000000002             5000
   6.7249999999999992E-003  0.72840000000000005       0.25740000000000002             5000
   6.7259999999999993E-003  0.72840000000000005       0.25740000000000002             5000
   6.7270000000000003E-003  0.72840000000000005       0.25740000000000002             5000
   6.7279999999999996E-003  0.72840000000000005       0.25740000000000002             5000
   6.7289999999999997E-003  0.72840000000000005       0.25740000000000002             5000
   6.7299999999999990E-003  0.72840000000000005       0.25740000000000002             5000
   6.7310000000000000E-003  0.72840000000000005       0.25740000000000002             5000
   6.7319999999999993E-003  0.72840000000000005       0.25740000000000002             5000
   6.7329999999999994E-003  0.72840000000000005       0.25740000000000002             5000
   6.7339999999999987E-003  0.72840000000000005       0.25740000000000002             5000
   6.7349999999999997E-003  0.72840000000000005       0.25740000000000002             5000
   6.7359999999999998E-003  0.72840000000000005       0.25740000000000002             5000
   6.7369999999999991E-003  0.72840000000000005       0.25740000000000002             5000
   6.7380000000000001E-003  0.72840000000000005       0.25740000000000002             5000
   6.7389999999999993E-003  0.72840000000000005       0.25740000000000002             5000
   6.7399999999999995E-003  0.72840000000000005       0.25740000000000002             5000
   6.7409999999999987E-003  0.72840000000000005       0.25740000000000002             5000
   6.7419999999999997E-003  0.72840000000000005       0.25740000000000002             5000
   6.7429999999999999E-003  0.72840000000000005       0.25740000000000002             5000
   6.7439999999999991E-003  0.72840000000000005       0.25740000000000002             5000
   6.7450000000000001E-003  0.72840000000000005       0.25740000000000002             5000
   6.7459999999999994E-003  0.72840000000000005       0.25740000000000002             5000
   6.7469999999999995E-003  0.72840000000000005       0.25740000000000002             5000
   6.7479999999999988E-003  0.72840000000000005       0.25740000000000002             5000
   6.7489999999999998E-003  0.72840000000000005       0.25740000000000002             5000
   6.7499999999999991E-003  0.72840000000000005       0.25740000000000002             5000
   6.7509999999999992E-003  0.72840000000000005       0.25740000000000002             5000
   6.7520000000000002E-003  0.72840000000000005       0.25740000000000002             5000
   6.7529999999999995E-003  0.72840000000000005       0.25740000000000002             5000
   6.7539999999999996E-003  0.72840000000000005       0.25740000000000002             5000
   6.7549999999999989E-003  0.72840000000000005       0.25740000000000002             5000
   6.7559999999999999E-003  0.72840000000000005       0.25740000000000002             5000
   6.7569999999999991E-003  0.72840000000000005       0.25740000000000002             5000
   6.7579999999999993E-003  0.72840000000000005       0.25740000000000002             5000
   6.7590000000000003E-003  0.72840000000000005       0.25740000000000002             5000
   6.7599999999999995E-003  0.72840000000000005       0.25740000000000002             5000
   6.7609999999999996E-003  0.72840000000000005       0.25740000000000002             5000
   6.7619999999999989E-003  0.72840000000000005       0.25740000000000002             5000
   6.7629999999999999E-003  0.72840000000000005       0.25740000000000002             5000
   6.7639999999999992E-003  0.72840000000000005       0.25740000000000002             5000
   6.7649999999999993E-003  0.72840000000000005       0.25740000000000002             5000
   6.7659999999999986E-003  0.72840000000000005       0.25740000000000002             5000
   6.7669999999999996E-003  0.72840000000000005       0.25740000000000002             5000
   6.7679999999999997E-003  0.72840000000000005       0.25740000000000002             5000
   6.7689999999999990E-003  0.72840000000000005       0.25740000000000002             5000
   6.7700000000000000E-003  0.72840000000000005       0.25740000000000002             5000
   6.7709999999999992E-003  0.72840000000000005       0.25740000000000002             5000
   6.7719999999999994E-003  0.72840000000000005       0.25740000000000002             5000
   6.7729999999999986E-003  0.72840000000000005       0.25740000000000002             5000
   6.7739999999999996E-003  0.72840000000000005       0.25740000000000002             5000
   6.7750000000000006E-003  0.72840000000000005       0.25740000000000002             5000
   6.7759999999999990E-003  0.72840000000000005       0.25740000000000002             5000
   6.7770000000000000E-003  0.72840000000000005       0.25740000000000002             5000
   6.7779999999999993E-003  0.72840000000000005       0.25740000000000002             5000
   6.7789999999999994E-003  0.72840000000000005       0.25740000000000002             5000
   6.7799999999999987E-003  0.72840000000000005       0.25740000000000002             5000
   6.7809999999999997E-003  0.72840000000000005       0.25740000000000002             5000
   6.7819999999999990E-003  0.72840000000000005       0.25740000000000002             5000
   6.7829999999999991E-003  0.72840000000000005       0.25740000000000002             5000
   6.7840000000000001E-003  0.72840000000000005       0.25740000000000002             5000
   6.7849999999999994E-003  0.72840000000000005       0.25740000000000002             5000
   6.7860000000000004E-003  0.72840000000000005       0.25740000000000002             5000
   6.7869999999999988E-003  0.72840000000000005       0.25740000000000002             5000
   6.7879999999999998E-003  0.72840000000000005       0.25740000000000002             5000
   6.7889999999999990E-003  0.72840000000000005       0.25740000000000002             5000
   6.7899999999999992E-003  0.72840000000000005       0.25740000000000002             5000
   6.7910000000000002E-003  0.72840000000000005       0.25740000000000002             5000
   6.7919999999999994E-003  0.72840000000000005       0.25740000000000002             5000
   6.7930000000000004E-003  0.72840000000000005       0.25740000000000002             5000
   6.7939999999999988E-003  0.72840000000000005       0.25740000000000002             5000
   6.7949999999999998E-003  0.72840000000000005       0.25740000000000002             5000
   6.7959999999999991E-003  0.72840000000000005       0.25740000000000002             5000
   6.7969999999999992E-003  0.72840000000000005       0.25740000000000002             5000
   6.7980000000000002E-003  0.72840000000000005       0.25740000000000002             5000
   6.7989999999999995E-003  0.72840000000000005       0.25740000000000002             5000
   6.8000000000000005E-003  0.72840000000000005       0.25740000000000002             5000
   6.8009999999999989E-003  0.72840000000000005       0.25740000000000002             5000
   6.8019999999999999E-003  0.72840000000000005       0.25740000000000002             5000
   6.8029999999999992E-003  0.72840000000000005       0.25740000000000002             5000
   6.8040000000000002E-003  0.72840000000000005       0.25740000000000002             5000
   6.8049999999999986E-003  0.72840000000000005       0.25740000000000002             5000
   6.8059999999999996E-003  0.72840000000000005       0.25740000000000002             5000
   6.8070000000000006E-003  0.72840000000000005       0.25740000000000002             5000
   6.8079999999999989E-003  0.72840000000000005       0.25740000000000002             5000
   6.8089999999999999E-003  0.72840000000000005       0.25740000000000002             5000
   6.8099999999999992E-003  0.72840000000000005       0.25740000000000002             5000
   6.8110000000000002E-003  0.72840000000000005       0.25740000000000002             5000
   6.8119999999999986E-003  0.72840000000000005       0.25740000000000002             5000
   6.8129999999999996E-003  0.72840000000000005       0.25740000000000002             5000
   6.8140000000000006E-003  0.72840000000000005       0.25740000000000002             5000
   6.8149999999999990E-003  0.72840000000000005       0.25740000000000002             5000
   6.8160000000000000E-003  0.72840000000000005       0.25740000000000002             5000
   6.8169999999999993E-003  0.72840000000000005       0.25740000000000002             5000
   6.8180000000000003E-003  0.72840000000000005       0.25740000000000002             5000
   6.8189999999999987E-003  0.72840000000000005       0.25740000000000002             5000
   6.8199999999999997E-003  0.72840000000000005       0.25740000000000002             5000
   6.8209999999999989E-003  0.72840000000000005       0.25740000000000002             5000
   6.8219999999999999E-003  0.72840000000000005       0.25740000000000002             5000
   6.8230000000000001E-003  0.72840000000000005       0.25740000000000002             5000
   6.8239999999999993E-003  0.72840000000000005       0.25740000000000002             5000
   6.8250000000000003E-003  0.72840000000000005       0.25740000000000002             5000
   6.8259999999999987E-003  0.72840000000000005       0.25740000000000002             5000
   6.8269999999999997E-003  0.72840000000000005       0.25740000000000002             5000
   6.8279999999999990E-003  0.72840000000000005       0.25740000000000002             5000
   6.8290000000000000E-003  0.72840000000000005       0.25740000000000002             5000
   6.8300000000000001E-003  0.72840000000000005       0.25740000000000002             5000
   6.8309999999999994E-003  0.72840000000000005       0.25740000000000002             5000
   6.8320000000000004E-003  0.72840000000000005       0.25740000000000002             5000
   6.8329999999999997E-003  0.72840000000000005       0.25740000000000002             5000
   6.8339999999999998E-003  0.72840000000000005       0.25740000000000002             5000
   6.8349999999999991E-003  0.72840000000000005       0.25740000000000002             5000
   6.8360000000000001E-003  0.72840000000000005       0.25740000000000002             5000
   6.8369999999999985E-003  0.72840000000000005       0.25740000000000002             5000
   6.8379999999999995E-003  0.72840000000000005       0.25740000000000002             5000
   6.8390000000000005E-003  0.72840000000000005       0.25740000000000002             5000
   6.8399999999999997E-003  0.72840000000000005       0.25740000000000002             5000
   6.8409999999999999E-003  0.72840000000000005       0.25740000000000002             5000
   6.8419999999999991E-003  0.72840000000000005       0.25740000000000002             5000
   6.8430000000000001E-003  0.72840000000000005       0.25740000000000002             5000
   6.8439999999999985E-003  0.72840000000000005       0.25740000000000002             5000
   6.8449999999999995E-003  0.72840000000000005       0.25740000000000002             5000
   6.8460000000000005E-003  0.72840000000000005       0.25740000000000002             5000
   6.8469999999999998E-003  0.72840000000000005       0.25740000000000002             5000
   6.8479999999999999E-003  0.72840000000000005       0.25740000000000002             5000
   6.8489999999999992E-003  0.72840000000000005       0.25740000000000002             5000
   6.8500000000000002E-003  0.72840000000000005       0.25740000000000002             5000
   6.8509999999999995E-003  0.72840000000000005       0.25740000000000002             5000
   6.8519999999999996E-003  0.72840000000000005       0.25740000000000002             5000
   6.8530000000000006E-003  0.72840000000000005       0.25740000000000002             5000
   6.8539999999999998E-003  0.72840000000000005       0.25740000000000002             5000
   6.8550000000000000E-003  0.72840000000000005       0.25740000000000002             5000
   6.8559999999999992E-003  0.72840000000000005       0.25740000000000002             5000
   6.8570000000000002E-003  0.72840000000000005       0.25740000000000002             5000
   6.8579999999999995E-003  0.72840000000000005       0.25740000000000002             5000
   6.8589999999999996E-003  0.72840000000000005       0.25740000000000002             5000
   6.8599999999999989E-003  0.72840000000000005       0.25740000000000002             5000
   6.8609999999999999E-003  0.72840000000000005       0.25740000000000002             5000
   6.8620000000000000E-003  0.72840000000000005       0.25740000000000002             5000
   6.8629999999999993E-003  0.72840000000000005       0.25740000000000002             5000
   6.8640000000000003E-003  0.72840000000000005       0.25740000000000002             5000
   6.8649999999999996E-003  0.72840000000000005       0.25740000000000002             5000
   6.8659999999999997E-003  0.72840000000000005       0.25740000000000002             5000
   6.8669999999999990E-003  0.72840000000000005       0.25740000000000002             5000
   6.8680000000000000E-003  0.72840000000000005       0.25740000000000002             5000
   6.8690000000000001E-003  0.72840000000000005       0.25740000000000002             5000
   6.8699999999999994E-003  0.72840000000000005       0.25740000000000002             5000
   6.8710000000000004E-003  0.72840000000000005       0.25740000000000002             5000
   6.8719999999999996E-003  0.72840000000000005       0.25740000000000002             5000
   6.8729999999999998E-003  0.72840000000000005       0.25740000000000002             5000
   6.8739999999999990E-003  0.72840000000000005       0.25740000000000002             5000
   6.8750000000000000E-003  0.72840000000000005       0.25740000000000002             5000
   6.8759999999999993E-003  0.72840000000000005       0.25740000000000002             5000
   6.8769999999999994E-003  0.72840000000000005       0.25740000000000002             5000
   6.8780000000000004E-003  0.72840000000000005       0.25740000000000002             5000
   6.8789999999999997E-003  0.72840000000000005       0.25740000000000002             5000
   6.8799999999999998E-003  0.72840000000000005       0.25740000000000002             5000
   6.8809999999999991E-003  0.72840000000000005       0.25740000000000002             5000
   6.8820000000000001E-003  0.72840000000000005       0.25740000000000002             5000
   6.8829999999999994E-003  0.72840000000000005       0.25740000000000002             5000
   6.8839999999999995E-003  0.72840000000000005       0.25740000000000002             5000
   6.8850000000000005E-003  0.72840000000000005       0.25740000000000002             5000
   6.8859999999999998E-003  0.72840000000000005       0.25740000000000002             5000
   6.8869999999999999E-003  0.72840000000000005       0.25740000000000002             5000
   6.8879999999999992E-003  0.72840000000000005       0.25740000000000002             5000
   6.8890000000000002E-003  0.72840000000000005       0.25740000000000002             5000
   6.8899999999999994E-003  0.72840000000000005       0.25740000000000002             5000
   6.8909999999999996E-003  0.72840000000000005       0.25740000000000002             5000
   6.8919999999999988E-003  0.72840000000000005       0.25740000000000002             5000
   6.8929999999999998E-003  0.72840000000000005       0.25740000000000002             5000
   6.8940000000000000E-003  0.72840000000000005       0.25740000000000002             5000
   6.8949999999999992E-003  0.72840000000000005       0.25740000000000002             5000
   6.8960000000000002E-003  0.72840000000000005       0.25740000000000002             5000
   6.8969999999999995E-003  0.72840000000000005       0.25740000000000002             5000
   6.8979999999999996E-003  0.72840000000000005       0.25740000000000002             5000
   6.8989999999999989E-003  0.72840000000000005       0.25740000000000002             5000
   6.8999999999999999E-003  0.72840000000000005       0.25740000000000002             5000
   6.9010000000000000E-003  0.72840000000000005       0.25740000000000002             5000
   6.9019999999999993E-003  0.72840000000000005       0.25740000000000002             5000
   6.9030000000000003E-003  0.72840000000000005       0.25740000000000002             5000
   6.9039999999999995E-003  0.72840000000000005       0.25740000000000002             5000
   6.9049999999999997E-003  0.72840000000000005       0.25740000000000002             5000
   6.9059999999999989E-003  0.72840000000000005       0.25740000000000002             5000
   6.9069999999999999E-003  0.72840000000000005       0.25740000000000002             5000
   6.9079999999999992E-003  0.72840000000000005       0.25740000000000002             5000
   6.9089999999999993E-003  0.72840000000000005       0.25740000000000002             5000
   6.9100000000000003E-003  0.72840000000000005       0.25740000000000002             5000
   6.9109999999999996E-003  0.72840000000000005       0.25740000000000002             5000
   6.9119999999999997E-003  0.72840000000000005       0.25740000000000002             5000
   6.9129999999999990E-003  0.72840000000000005       0.25740000000000002             5000
   6.9140000000000000E-003  0.72840000000000005       0.25740000000000002             5000
   6.9149999999999993E-003  0.72840000000000005       0.25740000000000002             5000
   6.9159999999999994E-003  0.72840000000000005       0.25740000000000002             5000
   6.9170000000000004E-003  0.72840000000000005       0.25740000000000002             5000
   6.9179999999999997E-003  0.72840000000000005       0.25740000000000002             5000
   6.9189999999999998E-003  0.72840000000000005       0.25740000000000002             5000
   6.9199999999999991E-003  0.72840000000000005       0.25740000000000002             5000
   6.9210000000000001E-003  0.72840000000000005       0.25740000000000002             5000
   6.9219999999999993E-003  0.72840000000000005       0.25740000000000002             5000
   6.9229999999999995E-003  0.72840000000000005       0.25740000000000002             5000
   6.9240000000000005E-003  0.72840000000000005       0.25740000000000002             5000
   6.9249999999999997E-003  0.72840000000000005       0.25740000000000002             5000
   6.9259999999999999E-003  0.72840000000000005       0.25740000000000002             5000
   6.9269999999999991E-003  0.72840000000000005       0.25740000000000002             5000
   6.9280000000000001E-003  0.72840000000000005       0.25740000000000002             5000
   6.9289999999999994E-003  0.72840000000000005       0.25740000000000002             5000
   6.9299999999999995E-003  0.72840000000000005       0.25740000000000002             5000
   6.9309999999999988E-003  0.72840000000000005       0.25740000000000002             5000
   6.9319999999999998E-003  0.72840000000000005       0.25740000000000002             5000
   6.9329999999999999E-003  0.72840000000000005       0.25740000000000002             5000
   6.9339999999999992E-003  0.72840000000000005       0.25740000000000002             5000
   6.9350000000000002E-003  0.72840000000000005       0.25740000000000002             5000
   6.9359999999999995E-003  0.72840000000000005       0.25740000000000002             5000
   6.9369999999999996E-003  0.72840000000000005       0.25740000000000002             5000
   6.9379999999999989E-003  0.72840000000000005       0.25740000000000002             5000
   6.9389999999999999E-003  0.72840000000000005       0.25740000000000002             5000
   6.9400000000000000E-003  0.72840000000000005       0.25740000000000002             5000
   6.9409999999999993E-003  0.72840000000000005       0.25740000000000002             5000
   6.9420000000000003E-003  0.72840000000000005       0.25740000000000002             5000
   6.9429999999999995E-003  0.72840000000000005       0.25740000000000002             5000
   6.9439999999999997E-003  0.72840000000000005       0.25740000000000002             5000
   6.9449999999999989E-003  0.72840000000000005       0.25740000000000002             5000
   6.9459999999999999E-003  0.72840000000000005       0.25740000000000002             5000
   6.9469999999999992E-003  0.72840000000000005       0.25740000000000002             5000
   6.9479999999999993E-003  0.72840000000000005       0.25740000000000002             5000
   6.9490000000000003E-003  0.72840000000000005       0.25740000000000002             5000
   6.9499999999999996E-003  0.72840000000000005       0.25740000000000002             5000
   6.9509999999999997E-003  0.72840000000000005       0.25740000000000002             5000
   6.9519999999999990E-003  0.72840000000000005       0.25740000000000002             5000
   6.9530000000000000E-003  0.72840000000000005       0.25740000000000002             5000
   6.9539999999999992E-003  0.72840000000000005       0.25740000000000002             5000
   6.9549999999999994E-003  0.72840000000000005       0.25740000000000002             5000
   6.9560000000000004E-003  0.72840000000000005       0.25740000000000002             5000
   6.9569999999999996E-003  0.72840000000000005       0.25740000000000002             5000
   6.9579999999999998E-003  0.72840000000000005       0.25740000000000002             5000
   6.9589999999999990E-003  0.72840000000000005       0.25740000000000002             5000
   6.9600000000000000E-003  0.72840000000000005       0.25740000000000002             5000
   6.9609999999999993E-003  0.72840000000000005       0.25740000000000002             5000
   6.9619999999999994E-003  0.72840000000000005       0.25740000000000002             5000
   6.9629999999999987E-003  0.72840000000000005       0.25740000000000002             5000
   6.9639999999999997E-003  0.72840000000000005       0.25740000000000002             5000
   6.9649999999999998E-003  0.72840000000000005       0.25740000000000002             5000
   6.9659999999999991E-003  0.72840000000000005       0.25740000000000002             5000
   6.9670000000000001E-003  0.72840000000000005       0.25740000000000002             5000
   6.9679999999999994E-003  0.72840000000000005       0.25740000000000002             5000
   6.9689999999999995E-003  0.72840000000000005       0.25740000000000002             5000
   6.9699999999999988E-003  0.72840000000000005       0.25740000000000002             5000
   6.9709999999999998E-003  0.72840000000000005       0.25740000000000002             5000
   6.9719999999999999E-003  0.72840000000000005       0.25740000000000002             5000
   6.9729999999999992E-003  0.72840000000000005       0.25740000000000002             5000
   6.9740000000000002E-003  0.72840000000000005       0.25740000000000002             5000
   6.9749999999999994E-003  0.72840000000000005       0.25740000000000002             5000
   6.9759999999999996E-003  0.72840000000000005       0.25740000000000002             5000
   6.9769999999999988E-003  0.72840000000000005       0.25740000000000002             5000
   6.9779999999999998E-003  0.72840000000000005       0.25740000000000002             5000
   6.9790000000000000E-003  0.72840000000000005       0.25740000000000002             5000
   6.9799999999999992E-003  0.72840000000000005       0.25740000000000002             5000
   6.9810000000000002E-003  0.72840000000000005       0.25740000000000002             5000
   6.9819999999999995E-003  0.72840000000000005       0.25740000000000002             5000
   6.9829999999999996E-003  0.72840000000000005       0.25740000000000002             5000
   6.9839999999999989E-003  0.72840000000000005       0.25740000000000002             5000
   6.9849999999999999E-003  0.72840000000000005       0.25740000000000002             5000
   6.9859999999999992E-003  0.72840000000000005       0.25740000000000002             5000
   6.9869999999999993E-003  0.72840000000000005       0.25740000000000002             5000
   6.9880000000000003E-003  0.72840000000000005       0.25740000000000002             5000
   6.9889999999999996E-003  0.72840000000000005       0.25740000000000002             5000
   6.9899999999999997E-003  0.72840000000000005       0.25740000000000002             5000
   6.9909999999999990E-003  0.72840000000000005       0.25740000000000002             5000
   6.9920000000000000E-003  0.72840000000000005       0.25740000000000002             5000
   6.9929999999999992E-003  0.72840000000000005       0.25740000000000002             5000
   6.9939999999999993E-003  0.72840000000000005       0.25740000000000002             5000
   6.9950000000000003E-003  0.72840000000000005       0.25740000000000002             5000
   6.9959999999999996E-003  0.72840000000000005       0.25740000000000002             5000
   6.9969999999999997E-003  0.72840000000000005       0.25740000000000002             5000
   6.9979999999999990E-003  0.72840000000000005       0.25740000000000002             5000
   6.9990000000000000E-003  0.72840000000000005       0.25740000000000002             5000
   6.9999999999999993E-003  0.72840000000000005       0.25740000000000002             5000
   7.0009999999999994E-003  0.72840000000000005       0.25740000000000002             5000
   7.0019999999999987E-003  0.72840000000000005       0.25740000000000002             5000
   7.0029999999999997E-003  0.72840000000000005       0.25740000000000002             5000
   7.0039999999999998E-003  0.72840000000000005       0.25740000000000002             5000
   7.0049999999999991E-003  0.72840000000000005       0.25740000000000002             5000
   7.0060000000000001E-003  0.72840000000000005       0.25740000000000002             5000
   7.0069999999999993E-003  0.72840000000000005       0.25740000000000002             5000
   7.0079999999999995E-003  0.72840000000000005       0.25740000000000002             5000
   7.0089999999999987E-003  0.72840000000000005       0.25740000000000002             5000
   7.0099999999999997E-003  0.72840000000000005       0.25740000000000002             5000
   7.0109999999999999E-003  0.72840000000000005       0.25740000000000002             5000
   7.0119999999999991E-003  0.72840000000000005       0.25740000000000002             5000
   7.0130000000000001E-003  0.72840000000000005       0.25740000000000002             5000
   7.0139999999999994E-003  0.72840000000000005       0.25740000000000002             5000
   7.0149999999999995E-003  0.72840000000000005       0.25740000000000002             5000
   7.0159999999999988E-003  0.72840000000000005       0.25740000000000002             5000
   7.0169999999999998E-003  0.72840000000000005       0.25740000000000002             5000
   7.0179999999999991E-003  0.72840000000000005       0.25740000000000002             5000
   7.0189999999999992E-003  0.72840000000000005       0.25740000000000002             5000
   7.0200000000000002E-003  0.72840000000000005       0.25740000000000002             5000
   7.0209999999999995E-003  0.72840000000000005       0.25740000000000002             5000
   7.0219999999999996E-003  0.72840000000000005       0.25740000000000002             5000
   7.0229999999999989E-003  0.72840000000000005       0.25740000000000002             5000
   7.0239999999999999E-003  0.72840000000000005       0.25740000000000002             5000
   7.0249999999999991E-003  0.72840000000000005       0.25740000000000002             5000
   7.0259999999999993E-003  0.72840000000000005       0.25740000000000002             5000
   7.0270000000000003E-003  0.72840000000000005       0.25740000000000002             5000
   7.0279999999999995E-003  0.72840000000000005       0.25740000000000002             5000
   7.0289999999999997E-003  0.72840000000000005       0.25740000000000002             5000
   7.0299999999999989E-003  0.72840000000000005       0.25740000000000002             5000
   7.0309999999999999E-003  0.72840000000000005       0.25740000000000002             5000
   7.0319999999999992E-003  0.72840000000000005       0.25740000000000002             5000
   7.0329999999999993E-003  0.72840000000000005       0.25740000000000002             5000
   7.0339999999999986E-003  0.72840000000000005       0.25740000000000002             5000
   7.0349999999999996E-003  0.72840000000000005       0.25740000000000002             5000
   7.0359999999999997E-003  0.72840000000000005       0.25740000000000002             5000
   7.0369999999999990E-003  0.72840000000000005       0.25740000000000002             5000
   7.0380000000000000E-003  0.72840000000000005       0.25740000000000002             5000
   7.0389999999999993E-003  0.72840000000000005       0.25740000000000002             5000
   7.0399999999999994E-003  0.72840000000000005       0.25740000000000002             5000
   7.0409999999999986E-003  0.72840000000000005       0.25740000000000002             5000
   7.0419999999999996E-003  0.72840000000000005       0.25740000000000002             5000
   7.0429999999999998E-003  0.72840000000000005       0.25740000000000002             5000
   7.0439999999999990E-003  0.72840000000000005       0.25740000000000002             5000
   7.0450000000000000E-003  0.72840000000000005       0.25740000000000002             5000
   7.0459999999999993E-003  0.72840000000000005       0.25740000000000002             5000
   7.0469999999999994E-003  0.72840000000000005       0.25740000000000002             5000
   7.0479999999999987E-003  0.72840000000000005       0.25740000000000002             5000
   7.0489999999999997E-003  0.72840000000000005       0.25740000000000002             5000
   7.0499999999999998E-003  0.72840000000000005       0.25740000000000002             5000
   7.0509999999999991E-003  0.72840000000000005       0.25740000000000002             5000
   7.0520000000000001E-003  0.72840000000000005       0.25740000000000002             5000
   7.0529999999999994E-003  0.72840000000000005       0.25740000000000002             5000
   7.0539999999999995E-003  0.72840000000000005       0.25740000000000002             5000
   7.0549999999999988E-003  0.72840000000000005       0.25740000000000002             5000
   7.0559999999999998E-003  0.72840000000000005       0.25740000000000002             5000
   7.0569999999999990E-003  0.72840000000000005       0.25740000000000002             5000
   7.0579999999999992E-003  0.72840000000000005       0.25740000000000002             5000
   7.0590000000000002E-003  0.72840000000000005       0.25740000000000002             5000
   7.0599999999999994E-003  0.72840000000000005       0.25740000000000002             5000
   7.0609999999999996E-003  0.72840000000000005       0.25740000000000002             5000
   7.0619999999999988E-003  0.72840000000000005       0.25740000000000002             5000
   7.0629999999999998E-003  0.72840000000000005       0.25740000000000002             5000
   7.0639999999999991E-003  0.72840000000000005       0.25740000000000002             5000
   7.0649999999999992E-003  0.72840000000000005       0.25740000000000002             5000
   7.0660000000000002E-003  0.72840000000000005       0.25740000000000002             5000
   7.0669999999999995E-003  0.72840000000000005       0.25740000000000002             5000
   7.0679999999999996E-003  0.72840000000000005       0.25740000000000002             5000
   7.0689999999999989E-003  0.72840000000000005       0.25740000000000002             5000
   7.0699999999999999E-003  0.72840000000000005       0.25740000000000002             5000
   7.0709999999999992E-003  0.72840000000000005       0.25740000000000002             5000
   7.0719999999999993E-003  0.72840000000000005       0.25740000000000002             5000
   7.0729999999999986E-003  0.72840000000000005       0.25740000000000002             5000
   7.0739999999999996E-003  0.72840000000000005       0.25740000000000002             5000
   7.0750000000000006E-003  0.72840000000000005       0.25740000000000002             5000
   7.0759999999999990E-003  0.72840000000000005       0.25740000000000002             5000
   7.0770000000000000E-003  0.72840000000000005       0.25740000000000002             5000
   7.0779999999999992E-003  0.72840000000000005       0.25740000000000002             5000
   7.0789999999999994E-003  0.72840000000000005       0.25740000000000002             5000
   7.0799999999999986E-003  0.72840000000000005       0.25740000000000002             5000
   7.0809999999999996E-003  0.72840000000000005       0.25740000000000002             5000
   7.0820000000000006E-003  0.72840000000000005       0.25740000000000002             5000
   7.0829999999999990E-003  0.72840000000000005       0.25740000000000002             5000
   7.0840000000000000E-003  0.72840000000000005       0.25740000000000002             5000
   7.0849999999999993E-003  0.72840000000000005       0.25740000000000002             5000
   7.0860000000000003E-003  0.72840000000000005       0.25740000000000002             5000
   7.0869999999999987E-003  0.72840000000000005       0.25740000000000002             5000
   7.0879999999999997E-003  0.72840000000000005       0.25740000000000002             5000
   7.0889999999999989E-003  0.72840000000000005       0.25740000000000002             5000
   7.0899999999999991E-003  0.72840000000000005       0.25740000000000002             5000
   7.0910000000000001E-003  0.72840000000000005       0.25740000000000002             5000
   7.0919999999999993E-003  0.72840000000000005       0.25740000000000002             5000
   7.0930000000000003E-003  0.72840000000000005       0.25740000000000002             5000
   7.0939999999999987E-003  0.72840000000000005       0.25740000000000002             5000
   7.0949999999999997E-003  0.72840000000000005       0.25740000000000002             5000
   7.0959999999999990E-003  0.72840000000000005       0.25740000000000002             5000
   7.0969999999999991E-003  0.72840000000000005       0.25740000000000002             5000
   7.0980000000000001E-003  0.72840000000000005       0.25740000000000002             5000
   7.0989999999999994E-003  0.72840000000000005       0.25740000000000002             5000
   7.1000000000000004E-003  0.72840000000000005       0.25740000000000002             5000
   7.1009999999999988E-003  0.72840000000000005       0.25740000000000002             5000
   7.1019999999999998E-003  0.72840000000000005       0.25740000000000002             5000
   7.1029999999999991E-003  0.72840000000000005       0.25740000000000002             5000
   7.1040000000000001E-003  0.72840000000000005       0.25740000000000002             5000
   7.1050000000000002E-003  0.72840000000000005       0.25740000000000002             5000
   7.1059999999999995E-003  0.72840000000000005       0.25740000000000002             5000
   7.1070000000000005E-003  0.72840000000000005       0.25740000000000002             5000
   7.1079999999999989E-003  0.72840000000000005       0.25740000000000002             5000
   7.1089999999999999E-003  0.72840000000000005       0.25740000000000002             5000
   7.1099999999999991E-003  0.72840000000000005       0.25740000000000002             5000
   7.1110000000000001E-003  0.72840000000000005       0.25740000000000002             5000
   7.1119999999999985E-003  0.72840000000000005       0.25740000000000002             5000
   7.1129999999999995E-003  0.72840000000000005       0.25740000000000002             5000
   7.1140000000000005E-003  0.72840000000000005       0.25740000000000002             5000
   7.1149999999999989E-003  0.72840000000000005       0.25740000000000002             5000
   7.1159999999999999E-003  0.72840000000000005       0.25740000000000002             5000
   7.1169999999999992E-003  0.72840000000000005       0.25740000000000002             5000
   7.1180000000000002E-003  0.72840000000000005       0.25740000000000002             5000
   7.1189999999999986E-003  0.72840000000000005       0.25740000000000002             5000
   7.1199999999999996E-003  0.72840000000000005       0.25740000000000002             5000
   7.1210000000000006E-003  0.72840000000000005       0.25740000000000002             5000
   7.1219999999999999E-003  0.72840000000000005       0.25740000000000002             5000
   7.1230000000000000E-003  0.72840000000000005       0.25740000000000002             5000
   7.1239999999999993E-003  0.72840000000000005       0.25740000000000002             5000
   7.1250000000000003E-003  0.72840000000000005       0.25740000000000002             5000
   7.1259999999999987E-003  0.72840000000000005       0.25740000000000002             5000
   7.1269999999999997E-003  0.72840000000000005       0.25740000000000002             5000
   7.1279999999999989E-003  0.72840000000000005       0.25740000000000002             5000
   7.1289999999999999E-003  0.72840000000000005       0.25740000000000002             5000
   7.1300000000000001E-003  0.72840000000000005       0.25740000000000002             5000
   7.1309999999999993E-003  0.72840000000000005       0.25740000000000002             5000
   7.1320000000000003E-003  0.72840000000000005       0.25740000000000002             5000
   7.1329999999999996E-003  0.72840000000000005       0.25740000000000002             5000
   7.1339999999999997E-003  0.72840000000000005       0.25740000000000002             5000
   7.1349999999999990E-003  0.72840000000000005       0.25740000000000002             5000
   7.1360000000000000E-003  0.72840000000000005       0.25740000000000002             5000
   7.1370000000000001E-003  0.72840000000000005       0.25740000000000002             5000
   7.1379999999999994E-003  0.72840000000000005       0.25740000000000002             5000
   7.1390000000000004E-003  0.72840000000000005       0.25740000000000002             5000
   7.1399999999999996E-003  0.72840000000000005       0.25740000000000002             5000
   7.1409999999999998E-003  0.72840000000000005       0.25740000000000002             5000
   7.1419999999999990E-003  0.72840000000000005       0.25740000000000002             5000
   7.1430000000000000E-003  0.72840000000000005       0.25740000000000002             5000
   7.1439999999999984E-003  0.72840000000000005       0.25740000000000002             5000
   7.1449999999999994E-003  0.72840000000000005       0.25740000000000002             5000
   7.1460000000000004E-003  0.72840000000000005       0.25740000000000002             5000
   7.1469999999999997E-003  0.72840000000000005       0.25740000000000002             5000
   7.1479999999999998E-003  0.72840000000000005       0.25740000000000002             5000
   7.1489999999999991E-003  0.72840000000000005       0.25740000000000002             5000
   7.1500000000000001E-003  0.72840000000000005       0.25740000000000002             5000
   7.1509999999999994E-003  0.72840000000000005       0.25740000000000002             5000
   7.1519999999999995E-003  0.72840000000000005       0.25740000000000002             5000
   7.1530000000000005E-003  0.72840000000000005       0.25740000000000002             5000
   7.1539999999999998E-003  0.72840000000000005       0.25740000000000002             5000
   7.1549999999999999E-003  0.72840000000000005       0.25740000000000002             5000
   7.1559999999999992E-003  0.72840000000000005       0.25740000000000002             5000
   7.1570000000000002E-003  0.72840000000000005       0.25740000000000002             5000
   7.1579999999999994E-003  0.72840000000000005       0.25740000000000002             5000
   7.1589999999999996E-003  0.72840000000000005       0.25740000000000002             5000
   7.1599999999999988E-003  0.72840000000000005       0.25740000000000002             5000
   7.1609999999999998E-003  0.72840000000000005       0.25740000000000002             5000
   7.1620000000000000E-003  0.72840000000000005       0.25740000000000002             5000
   7.1629999999999992E-003  0.72840000000000005       0.25740000000000002             5000
   7.1640000000000002E-003  0.72840000000000005       0.25740000000000002             5000
   7.1649999999999995E-003  0.72840000000000005       0.25740000000000002             5000
   7.1659999999999996E-003  0.72840000000000005       0.25740000000000002             5000
   7.1669999999999989E-003  0.72840000000000005       0.25740000000000002             5000
   7.1679999999999999E-003  0.72840000000000005       0.25740000000000002             5000
   7.1690000000000000E-003  0.72840000000000005       0.25740000000000002             5000
   7.1699999999999993E-003  0.72840000000000005       0.25740000000000002             5000
   7.1710000000000003E-003  0.72840000000000005       0.25740000000000002             5000
   7.1719999999999996E-003  0.72840000000000005       0.25740000000000002             5000
   7.1729999999999997E-003  0.72840000000000005       0.25740000000000002             5000
   7.1739999999999990E-003  0.72840000000000005       0.25740000000000002             5000
   7.1750000000000000E-003  0.72840000000000005       0.25740000000000002             5000
   7.1760000000000001E-003  0.72840000000000005       0.25740000000000002             5000
   7.1769999999999994E-003  0.72840000000000005       0.25740000000000002             5000
   7.1780000000000004E-003  0.72840000000000005       0.25740000000000002             5000
   7.1789999999999996E-003  0.72840000000000005       0.25740000000000002             5000
   7.1799999999999998E-003  0.72840000000000005       0.25740000000000002             5000
   7.1809999999999990E-003  0.72840000000000005       0.25740000000000002             5000
   7.1820000000000000E-003  0.72840000000000005       0.25740000000000002             5000
   7.1829999999999993E-003  0.72840000000000005       0.25740000000000002             5000
   7.1839999999999994E-003  0.72840000000000005       0.25740000000000002             5000
   7.1850000000000004E-003  0.72840000000000005       0.25740000000000002             5000
   7.1859999999999997E-003  0.72840000000000005       0.25740000000000002             5000
   7.1869999999999998E-003  0.72840000000000005       0.25740000000000002             5000
   7.1879999999999991E-003  0.72840000000000005       0.25740000000000002             5000
   7.1890000000000001E-003  0.72840000000000005       0.25740000000000002             5000
   7.1899999999999993E-003  0.72840000000000005       0.25740000000000002             5000
   7.1909999999999995E-003  0.72840000000000005       0.25740000000000002             5000
   7.1920000000000005E-003  0.72840000000000005       0.25740000000000002             5000
   7.1929999999999997E-003  0.72840000000000005       0.25740000000000002             5000
   7.1939999999999999E-003  0.72840000000000005       0.25740000000000002             5000
   7.1949999999999991E-003  0.72840000000000005       0.25740000000000002             5000
   7.1960000000000001E-003  0.72840000000000005       0.25740000000000002             5000
   7.1969999999999994E-003  0.72840000000000005       0.25740000000000002             5000
   7.1979999999999995E-003  0.72840000000000005       0.25740000000000002             5000
   7.1989999999999988E-003  0.72840000000000005       0.25740000000000002             5000
   7.1999999999999998E-003  0.72840000000000005       0.25740000000000002             5000
   7.2009999999999999E-003  0.72840000000000005       0.25740000000000002             5000
   7.2019999999999992E-003  0.72840000000000005       0.25740000000000002             5000
   7.2030000000000002E-003  0.72840000000000005       0.25740000000000002             5000
   7.2039999999999995E-003  0.72840000000000005       0.25740000000000002             5000
   7.2049999999999996E-003  0.72840000000000005       0.25740000000000002             5000
   7.2059999999999989E-003  0.72840000000000005       0.25740000000000002             5000
   7.2069999999999999E-003  0.72840000000000005       0.25740000000000002             5000
   7.2080000000000000E-003  0.72840000000000005       0.25740000000000002             5000
   7.2089999999999993E-003  0.72840000000000005       0.25740000000000002             5000
   7.2100000000000003E-003  0.72840000000000005       0.25740000000000002             5000
   7.2109999999999995E-003  0.72840000000000005       0.25740000000000002             5000
   7.2119999999999997E-003  0.72840000000000005       0.25740000000000002             5000
   7.2129999999999989E-003  0.72840000000000005       0.25740000000000002             5000
   7.2139999999999999E-003  0.72840000000000005       0.25740000000000002             5000
   7.2149999999999992E-003  0.72840000000000005       0.25740000000000002             5000
   7.2159999999999993E-003  0.72840000000000005       0.25740000000000002             5000
   7.2170000000000003E-003  0.72840000000000005       0.25740000000000002             5000
   7.2179999999999996E-003  0.72840000000000005       0.25740000000000002             5000
   7.2189999999999997E-003  0.72840000000000005       0.25740000000000002             5000
   7.2199999999999990E-003  0.72840000000000005       0.25740000000000002             5000
   7.2210000000000000E-003  0.72840000000000005       0.25740000000000002             5000
   7.2219999999999993E-003  0.72840000000000005       0.25740000000000002             5000
   7.2229999999999994E-003  0.72840000000000005       0.25740000000000002             5000
   7.2240000000000004E-003  0.72840000000000005       0.25740000000000002             5000
   7.2249999999999997E-003  0.72840000000000005       0.25740000000000002             5000
   7.2259999999999998E-003  0.72840000000000005       0.25740000000000002             5000
   7.2269999999999990E-003  0.72840000000000005       0.25740000000000002             5000
   7.2280000000000000E-003  0.72840000000000005       0.25740000000000002             5000
   7.2289999999999993E-003  0.72840000000000005       0.25740000000000002             5000
   7.2299999999999994E-003  0.72840000000000005       0.25740000000000002             5000
   7.2309999999999987E-003  0.72840000000000005       0.25740000000000002             5000
   7.2319999999999997E-003  0.72840000000000005       0.25740000000000002             5000
   7.2329999999999998E-003  0.72840000000000005       0.25740000000000002             5000
   7.2339999999999991E-003  0.72840000000000005       0.25740000000000002             5000
   7.2350000000000001E-003  0.72840000000000005       0.25740000000000002             5000
   7.2359999999999994E-003  0.72840000000000005       0.25740000000000002             5000
   7.2369999999999995E-003  0.72840000000000005       0.25740000000000002             5000
   7.2379999999999988E-003  0.72840000000000005       0.25740000000000002             5000
   7.2389999999999998E-003  0.72840000000000005       0.25740000000000002             5000
   7.2399999999999999E-003  0.72840000000000005       0.25740000000000002             5000
   7.2409999999999992E-003  0.72840000000000005       0.25740000000000002             5000
   7.2420000000000002E-003  0.72840000000000005       0.25740000000000002             5000
   7.2429999999999994E-003  0.72840000000000005       0.25740000000000002             5000
   7.2439999999999996E-003  0.72840000000000005       0.25740000000000002             5000
   7.2449999999999988E-003  0.72840000000000005       0.25740000000000002             5000
   7.2459999999999998E-003  0.72840000000000005       0.25740000000000002             5000
   7.2470000000000000E-003  0.72840000000000005       0.25740000000000002             5000
   7.2479999999999992E-003  0.72840000000000005       0.25740000000000002             5000
   7.2490000000000002E-003  0.72840000000000005       0.25740000000000002             5000
   7.2499999999999995E-003  0.72840000000000005       0.25740000000000002             5000
   7.2509999999999996E-003  0.72840000000000005       0.25740000000000002             5000
   7.2519999999999989E-003  0.72840000000000005       0.25740000000000002             5000
   7.2529999999999999E-003  0.72840000000000005       0.25740000000000002             5000
   7.2539999999999992E-003  0.72840000000000005       0.25740000000000002             5000
   7.2549999999999993E-003  0.72840000000000005       0.25740000000000002             5000
   7.2560000000000003E-003  0.72840000000000005       0.25740000000000002             5000
   7.2569999999999996E-003  0.72840000000000005       0.25740000000000002             5000
   7.2579999999999997E-003  0.72840000000000005       0.25740000000000002             5000
   7.2589999999999990E-003  0.72840000000000005       0.25740000000000002             5000
   7.2600000000000000E-003  0.72840000000000005       0.25740000000000002             5000
   7.2609999999999992E-003  0.72840000000000005       0.25740000000000002             5000
   7.2619999999999994E-003  0.72840000000000005       0.25740000000000002             5000
   7.2630000000000004E-003  0.72840000000000005       0.25740000000000002             5000
   7.2639999999999996E-003  0.72840000000000005       0.25740000000000002             5000
   7.2649999999999998E-003  0.72840000000000005       0.25740000000000002             5000
   7.2659999999999990E-003  0.72840000000000005       0.25740000000000002             5000
   7.2670000000000000E-003  0.72840000000000005       0.25740000000000002             5000
   7.2679999999999993E-003  0.72840000000000005       0.25740000000000002             5000
   7.2689999999999994E-003  0.72840000000000005       0.25740000000000002             5000
   7.2699999999999987E-003  0.72840000000000005       0.25740000000000002             5000
   7.2709999999999997E-003  0.72840000000000005       0.25740000000000002             5000
   7.2719999999999998E-003  0.72840000000000005       0.25740000000000002             5000
   7.2729999999999991E-003  0.72840000000000005       0.25740000000000002             5000
   7.2740000000000001E-003  0.72840000000000005       0.25740000000000002             5000
   7.2749999999999993E-003  0.72840000000000005       0.25740000000000002             5000
   7.2759999999999995E-003  0.72840000000000005       0.25740000000000002             5000
   7.2769999999999987E-003  0.72840000000000005       0.25740000000000002             5000
   7.2779999999999997E-003  0.72840000000000005       0.25740000000000002             5000
   7.2789999999999999E-003  0.72840000000000005       0.25740000000000002             5000
   7.2799999999999991E-003  0.72840000000000005       0.25740000000000002             5000
   7.2810000000000001E-003  0.72840000000000005       0.25740000000000002             5000
   7.2819999999999994E-003  0.72840000000000005       0.25740000000000002             5000
   7.2829999999999995E-003  0.72840000000000005       0.25740000000000002             5000
   7.2839999999999988E-003  0.72840000000000005       0.25740000000000002             5000
   7.2849999999999998E-003  0.72840000000000005       0.25740000000000002             5000
   7.2859999999999991E-003  0.72840000000000005       0.25740000000000002             5000
   7.2869999999999992E-003  0.72840000000000005       0.25740000000000002             5000
   7.2880000000000002E-003  0.72840000000000005       0.25740000000000002             5000
   7.2889999999999995E-003  0.72840000000000005       0.25740000000000002             5000
   7.2899999999999996E-003  0.72840000000000005       0.25740000000000002             5000
   7.2909999999999989E-003  0.72840000000000005       0.25740000000000002             5000
   7.2919999999999999E-003  0.72840000000000005       0.25740000000000002             5000
   7.2929999999999991E-003  0.72840000000000005       0.25740000000000002             5000
   7.2939999999999993E-003  0.72840000000000005       0.25740000000000002             5000
   7.2950000000000003E-003  0.72840000000000005       0.25740000000000002             5000
   7.2959999999999995E-003  0.72840000000000005       0.25740000000000002             5000
   7.2969999999999997E-003  0.72840000000000005       0.25740000000000002             5000
   7.2979999999999989E-003  0.72840000000000005       0.25740000000000002             5000
   7.2989999999999999E-003  0.72840000000000005       0.25740000000000002             5000
   7.2999999999999992E-003  0.72840000000000005       0.25740000000000002             5000
   7.3009999999999993E-003  0.72840000000000005       0.25740000000000002             5000
   7.3020000000000003E-003  0.72840000000000005       0.25740000000000002             5000
   7.3029999999999996E-003  0.72840000000000005       0.25740000000000002             5000
   7.3039999999999997E-003  0.72840000000000005       0.25740000000000002             5000
   7.3049999999999990E-003  0.72840000000000005       0.25740000000000002             5000
   7.3060000000000000E-003  0.72840000000000005       0.25740000000000002             5000
   7.3069999999999993E-003  0.72840000000000005       0.25740000000000002             5000
   7.3079999999999994E-003  0.72840000000000005       0.25740000000000002             5000
   7.3089999999999987E-003  0.72840000000000005       0.25740000000000002             5000
   7.3099999999999997E-003  0.72840000000000005       0.25740000000000002             5000
   7.3109999999999998E-003  0.72840000000000005       0.25740000000000002             5000
   7.3119999999999991E-003  0.72840000000000005       0.25740000000000002             5000
   7.3130000000000001E-003  0.72840000000000005       0.25740000000000002             5000
   7.3139999999999993E-003  0.72840000000000005       0.25740000000000002             5000
   7.3149999999999995E-003  0.72840000000000005       0.25740000000000002             5000
   7.3159999999999987E-003  0.72840000000000005       0.25740000000000002             5000
   7.3169999999999997E-003  0.72840000000000005       0.25740000000000002             5000
   7.3179999999999999E-003  0.72840000000000005       0.25740000000000002             5000
   7.3189999999999991E-003  0.72840000000000005       0.25740000000000002             5000
   7.3200000000000001E-003  0.72840000000000005       0.25740000000000002             5000
   7.3209999999999994E-003  0.72840000000000005       0.25740000000000002             5000
   7.3219999999999995E-003  0.72840000000000005       0.25740000000000002             5000
   7.3229999999999988E-003  0.72840000000000005       0.25740000000000002             5000
   7.3239999999999998E-003  0.72840000000000005       0.25740000000000002             5000
   7.3249999999999990E-003  0.72840000000000005       0.25740000000000002             5000
   7.3259999999999992E-003  0.72840000000000005       0.25740000000000002             5000
   7.3270000000000002E-003  0.72840000000000005       0.25740000000000002             5000
   7.3279999999999994E-003  0.72840000000000005       0.25740000000000002             5000
   7.3289999999999996E-003  0.72840000000000005       0.25740000000000002             5000
   7.3299999999999988E-003  0.72840000000000005       0.25740000000000002             5000
   7.3309999999999998E-003  0.72840000000000005       0.25740000000000002             5000
   7.3319999999999991E-003  0.72840000000000005       0.25740000000000002             5000
   7.3329999999999992E-003  0.72840000000000005       0.25740000000000002             5000
   7.3340000000000002E-003  0.72840000000000005       0.25740000000000002             5000
   7.3349999999999995E-003  0.72840000000000005       0.25740000000000002             5000
   7.3359999999999996E-003  0.72840000000000005       0.25740000000000002             5000
   7.3369999999999989E-003  0.72840000000000005       0.25740000000000002             5000
   7.3379999999999999E-003  0.72840000000000005       0.25740000000000002             5000
   7.3389999999999992E-003  0.72840000000000005       0.25740000000000002             5000
   7.3399999999999993E-003  0.72840000000000005       0.25740000000000002             5000
   7.3409999999999986E-003  0.72840000000000005       0.25740000000000002             5000
   7.3419999999999996E-003  0.72840000000000005       0.25740000000000002             5000
   7.3429999999999997E-003  0.72840000000000005       0.25740000000000002             5000
   7.3439999999999990E-003  0.72840000000000005       0.25740000000000002             5000
   7.3450000000000000E-003  0.72840000000000005       0.25740000000000002             5000
   7.3459999999999992E-003  0.72840000000000005       0.25740000000000002             5000
   7.3469999999999994E-003  0.72840000000000005       0.25740000000000002             5000
   7.3479999999999986E-003  0.72840000000000005       0.25740000000000002             5000
   7.3489999999999996E-003  0.72840000000000005       0.25740000000000002             5000
   7.3499999999999998E-003  0.72840000000000005       0.25740000000000002             5000
   7.3509999999999990E-003  0.72840000000000005       0.25740000000000002             5000
   7.3520000000000000E-003  0.72840000000000005       0.25740000000000002             5000
   7.3529999999999993E-003  0.72840000000000005       0.25740000000000002             5000
   7.3539999999999994E-003  0.72840000000000005       0.25740000000000002             5000
   7.3549999999999987E-003  0.72840000000000005       0.25740000000000002             5000
   7.3559999999999997E-003  0.72840000000000005       0.25740000000000002             5000
   7.3569999999999990E-003  0.72840000000000005       0.25740000000000002             5000
   7.3579999999999991E-003  0.72840000000000005       0.25740000000000002             5000
   7.3590000000000001E-003  0.72840000000000005       0.25740000000000002             5000
   7.3599999999999994E-003  0.72840000000000005       0.25740000000000002             5000
   7.3609999999999995E-003  0.72840000000000005       0.25740000000000002             5000
   7.3619999999999988E-003  0.72840000000000005       0.25740000000000002             5000
   7.3629999999999998E-003  0.72840000000000005       0.25740000000000002             5000
   7.3639999999999990E-003  0.72840000000000005       0.25740000000000002             5000
   7.3649999999999992E-003  0.72840000000000005       0.25740000000000002             5000
   7.3660000000000002E-003  0.72840000000000005       0.25740000000000002             5000
   7.3669999999999994E-003  0.72840000000000005       0.25740000000000002             5000
   7.3679999999999995E-003  0.72840000000000005       0.25740000000000002             5000
   7.3689999999999988E-003  0.72840000000000005       0.25740000000000002             5000
   7.3699999999999998E-003  0.72840000000000005       0.25740000000000002             5000
   7.3709999999999991E-003  0.72840000000000005       0.25740000000000002             5000
   7.3719999999999992E-003  0.72840000000000005       0.25740000000000002             5000
   7.3730000000000002E-003  0.72840000000000005       0.25740000000000002             5000
   7.3739999999999995E-003  0.72840000000000005       0.25740000000000002             5000
   7.3750000000000005E-003  0.72840000000000005       0.25740000000000002             5000
   7.3759999999999989E-003  0.72840000000000005       0.25740000000000002             5000
   7.3769999999999999E-003  0.72840000000000005       0.25740000000000002             5000
   7.3779999999999991E-003  0.72840000000000005       0.25740000000000002             5000
   7.3789999999999993E-003  0.72840000000000005       0.25740000000000002             5000
   7.3799999999999985E-003  0.72840000000000005       0.25740000000000002             5000
   7.3809999999999995E-003  0.72840000000000005       0.25740000000000002             5000
   7.3820000000000005E-003  0.72840000000000005       0.25740000000000002             5000
   7.3829999999999989E-003  0.72840000000000005       0.25740000000000002             5000
   7.3839999999999999E-003  0.72840000000000005       0.25740000000000002             5000
   7.3849999999999992E-003  0.72840000000000005       0.25740000000000002             5000
   7.3860000000000002E-003  0.72840000000000005       0.25740000000000002             5000
   7.3869999999999986E-003  0.72840000000000005       0.25740000000000002             5000
   7.3879999999999996E-003  0.72840000000000005       0.25740000000000002             5000
   7.3890000000000006E-003  0.72840000000000005       0.25740000000000002             5000
   7.3899999999999990E-003  0.72840000000000005       0.25740000000000002             5000
   7.3910000000000000E-003  0.72840000000000005       0.25740000000000002             5000
   7.3919999999999993E-003  0.72840000000000005       0.25740000000000002             5000
   7.3930000000000003E-003  0.72840000000000005       0.25740000000000002             5000
   7.3939999999999987E-003  0.72840000000000005       0.25740000000000002             5000
   7.3949999999999997E-003  0.72840000000000005       0.25740000000000002             5000
   7.3959999999999989E-003  0.72840000000000005       0.25740000000000002             5000
   7.3969999999999991E-003  0.72840000000000005       0.25740000000000002             5000
   7.3980000000000001E-003  0.72840000000000005       0.25740000000000002             5000
   7.3989999999999993E-003  0.72840000000000005       0.25740000000000002             5000
   7.4000000000000003E-003  0.72840000000000005       0.25740000000000002             5000
   7.4009999999999987E-003  0.72840000000000005       0.25740000000000002             5000
   7.4019999999999997E-003  0.72840000000000005       0.25740000000000002             5000
   7.4029999999999990E-003  0.72840000000000005       0.25740000000000002             5000
   7.4040000000000000E-003  0.72840000000000005       0.25740000000000002             5000
   7.4050000000000001E-003  0.72840000000000005       0.25740000000000002             5000
   7.4059999999999994E-003  0.72840000000000005       0.25740000000000002             5000
   7.4070000000000004E-003  0.72840000000000005       0.25740000000000002             5000
   7.4079999999999988E-003  0.72840000000000005       0.25740000000000002             5000
   7.4089999999999998E-003  0.72840000000000005       0.25740000000000002             5000
   7.4099999999999991E-003  0.72840000000000005       0.25740000000000002             5000
   7.4110000000000001E-003  0.72840000000000005       0.25740000000000002             5000
   7.4119999999999985E-003  0.72840000000000005       0.25740000000000002             5000
   7.4129999999999995E-003  0.72840000000000005       0.25740000000000002             5000
   7.4140000000000005E-003  0.72840000000000005       0.25740000000000002             5000
   7.4149999999999988E-003  0.72840000000000005       0.25740000000000002             5000
   7.4159999999999998E-003  0.72840000000000005       0.25740000000000002             5000
   7.4169999999999991E-003  0.72840000000000005       0.25740000000000002             5000
   7.4180000000000001E-003  0.72840000000000005       0.25740000000000002             5000
   7.4189999999999985E-003  0.72840000000000005       0.25740000000000002             5000
   7.4199999999999995E-003  0.72840000000000005       0.25740000000000002             5000
   7.4210000000000005E-003  0.72840000000000005       0.25740000000000002             5000
   7.4219999999999998E-003  0.72840000000000005       0.25740000000000002             5000
   7.4229999999999999E-003  0.72840000000000005       0.25740000000000002             5000
   7.4239999999999992E-003  0.72840000000000005       0.25740000000000002             5000
   7.4250000000000002E-003  0.72840000000000005       0.25740000000000002             5000
   7.4259999999999986E-003  0.72840000000000005       0.25740000000000002             5000
   7.4269999999999996E-003  0.72840000000000005       0.25740000000000002             5000
   7.4280000000000006E-003  0.72840000000000005       0.25740000000000002             5000
   7.4289999999999998E-003  0.72840000000000005       0.25740000000000002             5000
   7.4300000000000000E-003  0.72840000000000005       0.25740000000000002             5000
   7.4309999999999992E-003  0.72840000000000005       0.25740000000000002             5000
   7.4320000000000002E-003  0.72840000000000005       0.25740000000000002             5000
   7.4329999999999995E-003  0.72840000000000005       0.25740000000000002             5000
   7.4339999999999996E-003  0.72840000000000005       0.25740000000000002             5000
   7.4349999999999989E-003  0.72840000000000005       0.25740000000000002             5000
   7.4359999999999999E-003  0.72840000000000005       0.25740000000000002             5000
   7.4370000000000000E-003  0.72840000000000005       0.25740000000000002             5000
   7.4379999999999993E-003  0.72840000000000005       0.25740000000000002             5000
   7.4390000000000003E-003  0.72840000000000005       0.25740000000000002             5000
   7.4399999999999996E-003  0.72840000000000005       0.25740000000000002             5000
   7.4409999999999997E-003  0.72840000000000005       0.25740000000000002             5000
   7.4419999999999990E-003  0.72840000000000005       0.25740000000000002             5000
   7.4430000000000000E-003  0.72840000000000005       0.25740000000000002             5000
   7.4440000000000001E-003  0.72840000000000005       0.25740000000000002             5000
   7.4449999999999994E-003  0.72840000000000005       0.25740000000000002             5000
   7.4460000000000004E-003  0.72840000000000005       0.25740000000000002             5000
   7.4469999999999996E-003  0.72840000000000005       0.25740000000000002             5000
   7.4479999999999998E-003  0.72840000000000005       0.25740000000000002             5000
   7.4489999999999990E-003  0.72840000000000005       0.25740000000000002             5000
   7.4500000000000000E-003  0.72840000000000005       0.25740000000000002             5000
   7.4509999999999993E-003  0.72840000000000005       0.25740000000000002             5000
   7.4519999999999994E-003  0.72840000000000005       0.25740000000000002             5000
   7.4530000000000004E-003  0.72840000000000005       0.25740000000000002             5000
   7.4539999999999997E-003  0.72840000000000005       0.25740000000000002             5000
   7.4549999999999998E-003  0.72840000000000005       0.25740000000000002             5000
   7.4559999999999991E-003  0.72840000000000005       0.25740000000000002             5000
   7.4570000000000001E-003  0.72840000000000005       0.25740000000000002             5000
   7.4579999999999994E-003  0.72840000000000005       0.25740000000000002             5000
   7.4589999999999995E-003  0.72840000000000005       0.25740000000000002             5000
   7.4600000000000005E-003  0.72840000000000005       0.25740000000000002             5000
   7.4609999999999998E-003  0.72840000000000005       0.25740000000000002             5000
   7.4619999999999999E-003  0.72840000000000005       0.25740000000000002             5000
   7.4629999999999991E-003  0.72840000000000005       0.25740000000000002             5000
   7.4640000000000001E-003  0.72840000000000005       0.25740000000000002             5000
   7.4649999999999994E-003  0.72840000000000005       0.25740000000000002             5000
   7.4659999999999995E-003  0.72840000000000005       0.25740000000000002             5000
   7.4669999999999988E-003  0.72840000000000005       0.25740000000000002             5000
   7.4679999999999998E-003  0.72840000000000005       0.25740000000000002             5000
   7.4689999999999999E-003  0.72840000000000005       0.25740000000000002             5000
   7.4699999999999992E-003  0.72840000000000005       0.25740000000000002             5000
   7.4710000000000002E-003  0.72840000000000005       0.25740000000000002             5000
   7.4719999999999995E-003  0.72840000000000005       0.25740000000000002             5000
   7.4729999999999996E-003  0.72840000000000005       0.25740000000000002             5000
   7.4739999999999989E-003  0.72840000000000005       0.25740000000000002             5000
   7.4749999999999999E-003  0.72840000000000005       0.25740000000000002             5000
   7.4760000000000000E-003  0.72840000000000005       0.25740000000000002             5000
   7.4769999999999993E-003  0.72840000000000005       0.25740000000000002             5000
   7.4780000000000003E-003  0.72840000000000005       0.25740000000000002             5000
   7.4789999999999995E-003  0.72840000000000005       0.25740000000000002             5000
   7.4799999999999997E-003  0.72840000000000005       0.25740000000000002             5000
   7.4809999999999989E-003  0.72840000000000005       0.25740000000000002             5000
   7.4819999999999999E-003  0.72840000000000005       0.25740000000000002             5000
   7.4829999999999992E-003  0.72840000000000005       0.25740000000000002             5000
   7.4839999999999993E-003  0.72840000000000005       0.25740000000000002             5000
   7.4850000000000003E-003  0.72840000000000005       0.25740000000000002             5000
   7.4859999999999996E-003  0.72840000000000005       0.25740000000000002             5000
   7.4869999999999997E-003  0.72840000000000005       0.25740000000000002             5000
   7.4879999999999990E-003  0.72840000000000005       0.25740000000000002             5000
   7.4890000000000000E-003  0.72840000000000005       0.25740000000000002             5000
   7.4899999999999993E-003  0.72840000000000005       0.25740000000000002             5000
   7.4909999999999994E-003  0.72840000000000005       0.25740000000000002             5000
   7.4920000000000004E-003  0.72840000000000005       0.25740000000000002             5000
   7.4929999999999997E-003  0.72840000000000005       0.25740000000000002             5000
   7.4939999999999998E-003  0.72840000000000005       0.25740000000000002             5000
   7.4949999999999991E-003  0.72840000000000005       0.25740000000000002             5000
   7.4960000000000001E-003  0.72840000000000005       0.25740000000000002             5000
   7.4969999999999993E-003  0.72840000000000005       0.25740000000000002             5000
   7.4979999999999995E-003  0.72840000000000005       0.25740000000000002             5000
   7.4990000000000005E-003  0.72840000000000005       0.25740000000000002             5000
   7.4999999999999997E-003  0.72840000000000005       0.25740000000000002             5000
   7.5009999999999999E-003  0.72840000000000005       0.25740000000000002             5000
   7.5019999999999991E-003  0.72840000000000005       0.25740000000000002             5000
   7.5030000000000001E-003  0.72840000000000005       0.25740000000000002             5000
   7.5039999999999994E-003  0.72840000000000005       0.25740000000000002             5000
   7.5049999999999995E-003  0.72840000000000005       0.25740000000000002             5000
   7.5059999999999988E-003  0.72840000000000005       0.25740000000000002             5000
   7.5069999999999998E-003  0.72840000000000005       0.25740000000000002             5000
   7.5079999999999999E-003  0.72840000000000005       0.25740000000000002             5000
   7.5089999999999992E-003  0.72840000000000005       0.25740000000000002             5000
   7.5100000000000002E-003  0.72840000000000005       0.25740000000000002             5000
   7.5109999999999994E-003  0.72840000000000005       0.25740000000000002             5000
   7.5119999999999996E-003  0.72840000000000005       0.25740000000000002             5000
   7.5129999999999988E-003  0.72840000000000005       0.25740000000000002             5000
   7.5139999999999998E-003  0.72840000000000005       0.25740000000000002             5000
   7.5150000000000000E-003  0.72840000000000005       0.25740000000000002             5000
   7.5159999999999992E-003  0.72840000000000005       0.25740000000000002             5000
   7.5170000000000002E-003  0.72840000000000005       0.25740000000000002             5000
   7.5179999999999995E-003  0.72840000000000005       0.25740000000000002             5000
   7.5189999999999996E-003  0.72840000000000005       0.25740000000000002             5000
   7.5199999999999989E-003  0.72840000000000005       0.25740000000000002             5000
   7.5209999999999999E-003  0.72840000000000005       0.25740000000000002             5000
   7.5219999999999992E-003  0.72840000000000005       0.25740000000000002             5000
   7.5229999999999993E-003  0.72840000000000005       0.25740000000000002             5000
   7.5240000000000003E-003  0.72840000000000005       0.25740000000000002             5000
   7.5249999999999996E-003  0.72840000000000005       0.25740000000000002             5000
   7.5259999999999997E-003  0.72840000000000005       0.25740000000000002             5000
   7.5269999999999990E-003  0.72840000000000005       0.25740000000000002             5000
   7.5280000000000000E-003  0.72840000000000005       0.25740000000000002             5000
   7.5289999999999992E-003  0.72840000000000005       0.25740000000000002             5000
   7.5299999999999994E-003  0.72840000000000005       0.25740000000000002             5000
   7.5310000000000004E-003  0.72840000000000005       0.25740000000000002             5000
   7.5319999999999996E-003  0.72840000000000005       0.25740000000000002             5000
   7.5329999999999998E-003  0.72840000000000005       0.25740000000000002             5000
   7.5339999999999990E-003  0.72840000000000005       0.25740000000000002             5000
   7.5350000000000000E-003  0.72840000000000005       0.25740000000000002             5000
   7.5359999999999993E-003  0.72840000000000005       0.25740000000000002             5000
   7.5369999999999994E-003  0.72840000000000005       0.25740000000000002             5000
   7.5379999999999987E-003  0.72840000000000005       0.25740000000000002             5000
   7.5389999999999997E-003  0.72840000000000005       0.25740000000000002             5000
   7.5399999999999998E-003  0.72840000000000005       0.25740000000000002             5000
   7.5409999999999991E-003  0.72840000000000005       0.25740000000000002             5000
   7.5420000000000001E-003  0.72840000000000005       0.25740000000000002             5000
   7.5429999999999994E-003  0.72840000000000005       0.25740000000000002             5000
   7.5439999999999995E-003  0.72840000000000005       0.25740000000000002             5000
   7.5449999999999988E-003  0.72840000000000005       0.25740000000000002             5000
   7.5459999999999998E-003  0.72840000000000005       0.25740000000000002             5000
   7.5469999999999999E-003  0.72840000000000005       0.25740000000000002             5000
   7.5479999999999992E-003  0.72840000000000005       0.25740000000000002             5000
   7.5490000000000002E-003  0.72840000000000005       0.25740000000000002             5000
   7.5499999999999994E-003  0.72840000000000005       0.25740000000000002             5000
   7.5509999999999996E-003  0.72840000000000005       0.25740000000000002             5000
   7.5519999999999988E-003  0.72840000000000005       0.25740000000000002             5000
   7.5529999999999998E-003  0.72840000000000005       0.25740000000000002             5000
   7.5540000000000000E-003  0.72840000000000005       0.25740000000000002             5000
   7.5549999999999992E-003  0.72840000000000005       0.25740000000000002             5000
   7.5560000000000002E-003  0.72840000000000005       0.25740000000000002             5000
   7.5569999999999995E-003  0.72840000000000005       0.25740000000000002             5000
   7.5579999999999996E-003  0.72840000000000005       0.25740000000000002             5000
   7.5589999999999989E-003  0.72840000000000005       0.25740000000000002             5000
   7.5599999999999999E-003  0.72840000000000005       0.25740000000000002             5000
   7.5609999999999991E-003  0.72840000000000005       0.25740000000000002             5000
   7.5619999999999993E-003  0.72840000000000005       0.25740000000000002             5000
   7.5630000000000003E-003  0.72840000000000005       0.25740000000000002             5000
   7.5639999999999995E-003  0.72840000000000005       0.25740000000000002             5000
   7.5649999999999997E-003  0.72840000000000005       0.25740000000000002             5000
   7.5659999999999989E-003  0.72840000000000005       0.25740000000000002             5000
   7.5669999999999999E-003  0.72840000000000005       0.25740000000000002             5000
   7.5679999999999992E-003  0.72840000000000005       0.25740000000000002             5000
   7.5689999999999993E-003  0.72840000000000005       0.25740000000000002             5000
   7.5700000000000003E-003  0.72840000000000005       0.25740000000000002             5000
   7.5709999999999996E-003  0.72840000000000005       0.25740000000000002             5000
   7.5719999999999997E-003  0.72840000000000005       0.25740000000000002             5000
   7.5729999999999990E-003  0.72840000000000005       0.25740000000000002             5000
   7.5740000000000000E-003  0.72840000000000005       0.25740000000000002             5000
   7.5749999999999993E-003  0.72840000000000005       0.25740000000000002             5000
   7.5759999999999994E-003  0.72840000000000005       0.25740000000000002             5000
   7.5769999999999987E-003  0.72840000000000005       0.25740000000000002             5000
   7.5779999999999997E-003  0.72840000000000005       0.25740000000000002             5000
   7.5789999999999998E-003  0.72840000000000005       0.25740000000000002             5000
   7.5799999999999991E-003  0.72840000000000005       0.25740000000000002             5000
   7.5810000000000001E-003  0.72840000000000005       0.25740000000000002             5000
   7.5819999999999993E-003  0.72840000000000005       0.25740000000000002             5000
   7.5829999999999995E-003  0.72840000000000005       0.25740000000000002             5000
   7.5839999999999987E-003  0.72840000000000005       0.25740000000000002             5000
   7.5849999999999997E-003  0.72840000000000005       0.25740000000000002             5000
   7.5859999999999999E-003  0.72840000000000005       0.25740000000000002             5000
   7.5869999999999991E-003  0.72840000000000005       0.25740000000000002             5000
   7.5880000000000001E-003  0.72840000000000005       0.25740000000000002             5000
   7.5889999999999994E-003  0.72840000000000005       0.25740000000000002             5000
   7.5899999999999995E-003  0.72840000000000005       0.25740000000000002             5000
   7.5909999999999988E-003  0.72840000000000005       0.25740000000000002             5000
   7.5919999999999998E-003  0.72840000000000005       0.25740000000000002             5000
   7.5929999999999991E-003  0.72840000000000005       0.25740000000000002             5000
   7.5939999999999992E-003  0.72840000000000005       0.25740000000000002             5000
   7.5950000000000002E-003  0.72840000000000005       0.25740000000000002             5000
   7.5959999999999995E-003  0.72840000000000005       0.25740000000000002             5000
   7.5969999999999996E-003  0.72840000000000005       0.25740000000000002             5000
   7.5979999999999989E-003  0.72840000000000005       0.25740000000000002             5000
   7.5989999999999999E-003  0.72840000000000005       0.25740000000000002             5000
   7.5999999999999991E-003  0.72840000000000005       0.25740000000000002             5000
   7.6009999999999993E-003  0.72840000000000005       0.25740000000000002             5000
   7.6020000000000003E-003  0.72840000000000005       0.25740000000000002             5000
   7.6029999999999995E-003  0.72840000000000005       0.25740000000000002             5000
   7.6039999999999996E-003  0.72840000000000005       0.25740000000000002             5000
   7.6049999999999989E-003  0.72840000000000005       0.25740000000000002             5000
   7.6059999999999999E-003  0.72840000000000005       0.25740000000000002             5000
   7.6069999999999992E-003  0.72840000000000005       0.25740000000000002             5000
   7.6079999999999993E-003  0.72840000000000005       0.25740000000000002             5000
   7.6089999999999986E-003  0.72840000000000005       0.25740000000000002             5000
   7.6099999999999996E-003  0.72840000000000005       0.25740000000000002             5000
   7.6109999999999997E-003  0.72840000000000005       0.25740000000000002             5000
   7.6119999999999990E-003  0.72840000000000005       0.25740000000000002             5000
   7.6130000000000000E-003  0.72840000000000005       0.25740000000000002             5000
   7.6139999999999992E-003  0.72840000000000005       0.25740000000000002             5000
   7.6149999999999994E-003  0.72840000000000005       0.25740000000000002             5000
   7.6159999999999986E-003  0.72840000000000005       0.25740000000000002             5000
   7.6169999999999996E-003  0.72840000000000005       0.25740000000000002             5000
   7.6179999999999998E-003  0.72840000000000005       0.25740000000000002             5000
   7.6189999999999990E-003  0.72840000000000005       0.25740000000000002             5000
   7.6200000000000000E-003  0.72840000000000005       0.25740000000000002             5000
   7.6209999999999993E-003  0.72840000000000005       0.25740000000000002             5000
   7.6219999999999994E-003  0.72840000000000005       0.25740000000000002             5000
   7.6229999999999987E-003  0.72840000000000005       0.25740000000000002             5000
   7.6239999999999997E-003  0.72840000000000005       0.25740000000000002             5000
   7.6249999999999998E-003  0.72840000000000005       0.25740000000000002             5000
   7.6259999999999991E-003  0.72840000000000005       0.25740000000000002             5000
   7.6270000000000001E-003  0.72840000000000005       0.25740000000000002             5000
   7.6279999999999994E-003  0.72840000000000005       0.25740000000000002             5000
   7.6289999999999995E-003  0.72840000000000005       0.25740000000000002             5000
   7.6299999999999988E-003  0.72840000000000005       0.25740000000000002             5000
   7.6309999999999998E-003  0.72840000000000005       0.25740000000000002             5000
   7.6319999999999990E-003  0.72840000000000005       0.25740000000000002             5000
   7.6329999999999992E-003  0.72840000000000005       0.25740000000000002             5000
   7.6340000000000002E-003  0.72840000000000005       0.25740000000000002             5000
   7.6349999999999994E-003  0.72840000000000005       0.25740000000000002             5000
   7.6359999999999996E-003  0.72840000000000005       0.25740000000000002             5000
   7.6369999999999988E-003  0.72840000000000005       0.25740000000000002             5000
   7.6379999999999998E-003  0.72840000000000005       0.25740000000000002             5000
   7.6389999999999991E-003  0.72840000000000005       0.25740000000000002             5000
   7.6399999999999992E-003  0.72840000000000005       0.25740000000000002             5000
   7.6410000000000002E-003  0.72840000000000005       0.25740000000000002             5000
   7.6419999999999995E-003  0.72840000000000005       0.25740000000000002             5000
   7.6429999999999996E-003  0.72840000000000005       0.25740000000000002             5000
   7.6439999999999989E-003  0.72840000000000005       0.25740000000000002             5000
   7.6449999999999999E-003  0.72840000000000005       0.25740000000000002             5000
   7.6459999999999992E-003  0.72840000000000005       0.25740000000000002             5000
   7.6469999999999993E-003  0.72840000000000005       0.25740000000000002             5000
   7.6479999999999985E-003  0.72840000000000005       0.25740000000000002             5000
   7.6489999999999995E-003  0.72840000000000005       0.25740000000000002             5000
   7.6499999999999997E-003  0.72840000000000005       0.25740000000000002             5000
   7.6509999999999989E-003  0.72840000000000005       0.25740000000000002             5000
   7.6519999999999999E-003  0.72840000000000005       0.25740000000000002             5000
   7.6529999999999992E-003  0.72840000000000005       0.25740000000000002             5000
   7.6539999999999993E-003  0.72840000000000005       0.25740000000000002             5000
   7.6549999999999986E-003  0.72840000000000005       0.25740000000000002             5000
   7.6559999999999996E-003  0.72840000000000005       0.25740000000000002             5000
   7.6570000000000006E-003  0.72840000000000005       0.25740000000000002             5000
   7.6579999999999990E-003  0.72840000000000005       0.25740000000000002             5000
   7.6590000000000000E-003  0.72840000000000005       0.25740000000000002             5000
   7.6599999999999993E-003  0.72840000000000005       0.25740000000000002             5000
   7.6609999999999994E-003  0.72840000000000005       0.25740000000000002             5000
   7.6619999999999987E-003  0.72840000000000005       0.25740000000000002             5000
   7.6629999999999997E-003  0.72840000000000005       0.25740000000000002             5000
   7.6639999999999989E-003  0.72840000000000005       0.25740000000000002             5000
   7.6649999999999991E-003  0.72840000000000005       0.25740000000000002             5000
   7.6660000000000001E-003  0.72840000000000005       0.25740000000000002             5000
   7.6669999999999993E-003  0.72840000000000005       0.25740000000000002             5000
   7.6679999999999995E-003  0.72840000000000005       0.25740000000000002             5000
   7.6689999999999987E-003  0.72840000000000005       0.25740000000000002             5000
   7.6699999999999997E-003  0.72840000000000005       0.25740000000000002             5000
   7.6709999999999990E-003  0.72840000000000005       0.25740000000000002             5000
   7.6719999999999991E-003  0.72840000000000005       0.25740000000000002             5000
   7.6730000000000001E-003  0.72840000000000005       0.25740000000000002             5000
   7.6739999999999994E-003  0.72840000000000005       0.25740000000000002             5000
   7.6750000000000004E-003  0.72840000000000005       0.25740000000000002             5000
   7.6759999999999988E-003  0.72840000000000005       0.25740000000000002             5000
   7.6769999999999998E-003  0.72840000000000005       0.25740000000000002             5000
   7.6779999999999991E-003  0.72840000000000005       0.25740000000000002             5000
   7.6789999999999992E-003  0.72840000000000005       0.25740000000000002             5000
   7.6800000000000002E-003  0.72840000000000005       0.25740000000000002             5000
   7.6809999999999995E-003  0.72840000000000005       0.25740000000000002             5000
   7.6820000000000005E-003  0.72840000000000005       0.25740000000000002             5000
   7.6829999999999989E-003  0.72840000000000005       0.25740000000000002             5000
   7.6839999999999999E-003  0.72840000000000005       0.25740000000000002             5000
   7.6849999999999991E-003  0.72840000000000005       0.25740000000000002             5000
   7.6860000000000001E-003  0.72840000000000005       0.25740000000000002             5000
   7.6869999999999985E-003  0.72840000000000005       0.25740000000000002             5000
   7.6879999999999995E-003  0.72840000000000005       0.25740000000000002             5000
   7.6890000000000005E-003  0.72840000000000005       0.25740000000000002             5000
   7.6899999999999989E-003  0.72840000000000005       0.25740000000000002             5000
   7.6909999999999999E-003  0.72840000000000005       0.25740000000000002             5000
   7.6919999999999992E-003  0.72840000000000005       0.25740000000000002             5000
   7.6930000000000002E-003  0.72840000000000005       0.25740000000000002             5000
   7.6939999999999986E-003  0.72840000000000005       0.25740000000000002             5000
   7.6949999999999996E-003  0.72840000000000005       0.25740000000000002             5000
   7.6960000000000006E-003  0.72840000000000005       0.25740000000000002             5000
   7.6969999999999990E-003  0.72840000000000005       0.25740000000000002             5000
   7.6980000000000000E-003  0.72840000000000005       0.25740000000000002             5000
   7.6989999999999992E-003  0.72840000000000005       0.25740000000000002             5000
   7.7000000000000002E-003  0.72840000000000005       0.25740000000000002             5000
   7.7009999999999986E-003  0.72840000000000005       0.25740000000000002             5000
   7.7019999999999996E-003  0.72840000000000005       0.25740000000000002             5000
   7.7029999999999989E-003  0.72840000000000005       0.25740000000000002             5000
   7.7039999999999999E-003  0.72840000000000005       0.25740000000000002             5000
   7.7050000000000000E-003  0.72840000000000005       0.25740000000000002             5000
   7.7059999999999993E-003  0.72840000000000005       0.25740000000000002             5000
   7.7070000000000003E-003  0.72840000000000005       0.25740000000000002             5000
   7.7079999999999987E-003  0.72840000000000005       0.25740000000000002             5000
   7.7089999999999997E-003  0.72840000000000005       0.25740000000000002             5000
   7.7099999999999990E-003  0.72840000000000005       0.25740000000000002             5000
   7.7110000000000000E-003  0.72840000000000005       0.25740000000000002             5000
   7.7120000000000001E-003  0.72840000000000005       0.25740000000000002             5000
   7.7129999999999994E-003  0.72840000000000005       0.25740000000000002             5000
   7.7140000000000004E-003  0.72840000000000005       0.25740000000000002             5000
   7.7149999999999988E-003  0.72840000000000005       0.25740000000000002             5000
   7.7159999999999998E-003  0.72840000000000005       0.25740000000000002             5000
   7.7169999999999990E-003  0.72840000000000005       0.25740000000000002             5000
   7.7180000000000000E-003  0.72840000000000005       0.25740000000000002             5000
   7.7189999999999984E-003  0.72840000000000005       0.25740000000000002             5000
   7.7199999999999994E-003  0.72840000000000005       0.25740000000000002             5000
   7.7210000000000004E-003  0.72840000000000005       0.25740000000000002             5000
   7.7219999999999997E-003  0.72840000000000005       0.25740000000000002             5000
   7.7229999999999998E-003  0.72840000000000005       0.25740000000000002             5000
   7.7239999999999991E-003  0.72840000000000005       0.25740000000000002             5000
   7.7250000000000001E-003  0.72840000000000005       0.25740000000000002             5000
   7.7259999999999985E-003  0.72840000000000005       0.25740000000000002             5000
   7.7269999999999995E-003  0.72840000000000005       0.25740000000000002             5000
   7.7280000000000005E-003  0.72840000000000005       0.25740000000000002             5000
   7.7289999999999998E-003  0.72840000000000005       0.25740000000000002             5000
   7.7299999999999999E-003  0.72840000000000005       0.25740000000000002             5000
   7.7309999999999992E-003  0.72840000000000005       0.25740000000000002             5000
   7.7320000000000002E-003  0.72840000000000005       0.25740000000000002             5000
   7.7329999999999994E-003  0.72840000000000005       0.25740000000000002             5000
   7.7339999999999996E-003  0.72840000000000005       0.25740000000000002             5000
   7.7349999999999988E-003  0.72840000000000005       0.25740000000000002             5000
   7.7359999999999998E-003  0.72840000000000005       0.25740000000000002             5000
   7.7370000000000000E-003  0.72840000000000005       0.25740000000000002             5000
   7.7379999999999992E-003  0.72840000000000005       0.25740000000000002             5000
   7.7390000000000002E-003  0.72840000000000005       0.25740000000000002             5000
   7.7399999999999995E-003  0.72840000000000005       0.25740000000000002             5000
   7.7409999999999996E-003  0.72840000000000005       0.25740000000000002             5000
   7.7419999999999989E-003  0.72840000000000005       0.25740000000000002             5000
   7.7429999999999999E-003  0.72840000000000005       0.25740000000000002             5000
   7.7440000000000000E-003  0.72840000000000005       0.25740000000000002             5000
   7.7449999999999993E-003  0.72840000000000005       0.25740000000000002             5000
   7.7460000000000003E-003  0.72840000000000005       0.25740000000000002             5000
   7.7469999999999995E-003  0.72840000000000005       0.25740000000000002             5000
   7.7479999999999997E-003  0.72840000000000005       0.25740000000000002             5000
   7.7489999999999989E-003  0.72840000000000005       0.25740000000000002             5000
   7.7499999999999999E-003  0.72840000000000005       0.25740000000000002             5000
   7.7510000000000001E-003  0.72840000000000005       0.25740000000000002             5000
   7.7519999999999993E-003  0.72840000000000005       0.25740000000000002             5000
   7.7530000000000003E-003  0.72840000000000005       0.25740000000000002             5000
   7.7539999999999996E-003  0.72840000000000005       0.25740000000000002             5000
   7.7549999999999997E-003  0.72840000000000005       0.25740000000000002             5000
   7.7559999999999990E-003  0.72840000000000005       0.25740000000000002             5000
   7.7570000000000000E-003  0.72840000000000005       0.25740000000000002             5000
   7.7579999999999993E-003  0.72840000000000005       0.25740000000000002             5000
   7.7589999999999994E-003  0.72840000000000005       0.25740000000000002             5000
   7.7600000000000004E-003  0.72840000000000005       0.25740000000000002             5000
   7.7609999999999997E-003  0.72840000000000005       0.25740000000000002             5000
   7.7619999999999998E-003  0.72840000000000005       0.25740000000000002             5000
   7.7629999999999991E-003  0.72840000000000005       0.25740000000000002             5000
   7.7640000000000001E-003  0.72840000000000005       0.25740000000000002             5000
   7.7649999999999993E-003  0.72840000000000005       0.25740000000000002             5000
   7.7659999999999995E-003  0.72840000000000005       0.25740000000000002             5000
   7.7670000000000005E-003  0.72840000000000005       0.25740000000000002             5000
   7.7679999999999997E-003  0.72840000000000005       0.25740000000000002             5000
   7.7689999999999999E-003  0.72840000000000005       0.25740000000000002             5000
   7.7699999999999991E-003  0.72840000000000005       0.25740000000000002             5000
   7.7710000000000001E-003  0.72840000000000005       0.25740000000000002             5000
   7.7719999999999994E-003  0.72840000000000005       0.25740000000000002             5000
   7.7729999999999995E-003  0.72840000000000005       0.25740000000000002             5000
   7.7739999999999988E-003  0.72840000000000005       0.25740000000000002             5000
   7.7749999999999998E-003  0.72840000000000005       0.25740000000000002             5000
   7.7759999999999999E-003  0.72840000000000005       0.25740000000000002             5000
   7.7769999999999992E-003  0.72840000000000005       0.25740000000000002             5000
   7.7780000000000002E-003  0.72840000000000005       0.25740000000000002             5000
   7.7789999999999995E-003  0.72840000000000005       0.25740000000000002             5000
   7.7799999999999996E-003  0.72840000000000005       0.25740000000000002             5000
   7.7809999999999989E-003  0.72840000000000005       0.25740000000000002             5000
   7.7819999999999999E-003  0.72840000000000005       0.25740000000000002             5000
   7.7830000000000000E-003  0.72840000000000005       0.25740000000000002             5000
   7.7839999999999993E-003  0.72840000000000005       0.25740000000000002             5000
   7.7850000000000003E-003  0.72840000000000005       0.25740000000000002             5000
   7.7859999999999995E-003  0.72840000000000005       0.25740000000000002             5000
   7.7869999999999997E-003  0.72840000000000005       0.25740000000000002             5000
   7.7879999999999989E-003  0.72840000000000005       0.25740000000000002             5000
   7.7889999999999999E-003  0.72840000000000005       0.25740000000000002             5000
   7.7899999999999992E-003  0.72840000000000005       0.25740000000000002             5000
   7.7909999999999993E-003  0.72840000000000005       0.25740000000000002             5000
   7.7920000000000003E-003  0.72840000000000005       0.25740000000000002             5000
   7.7929999999999996E-003  0.72840000000000005       0.25740000000000002             5000
   7.7939999999999997E-003  0.72840000000000005       0.25740000000000002             5000
   7.7949999999999990E-003  0.72840000000000005       0.25740000000000002             5000
   7.7960000000000000E-003  0.72840000000000005       0.25740000000000002             5000
   7.7969999999999992E-003  0.72840000000000005       0.25740000000000002             5000
   7.7979999999999994E-003  0.72840000000000005       0.25740000000000002             5000
   7.7990000000000004E-003  0.72840000000000005       0.25740000000000002             5000
   7.7999999999999996E-003  0.72840000000000005       0.25740000000000002             5000
   7.8009999999999998E-003  0.72840000000000005       0.25740000000000002             5000
   7.8019999999999990E-003  0.72840000000000005       0.25740000000000002             5000
   7.8030000000000000E-003  0.72840000000000005       0.25740000000000002             5000
   7.8039999999999993E-003  0.72840000000000005       0.25740000000000002             5000
   7.8049999999999994E-003  0.72840000000000005       0.25740000000000002             5000
   7.8059999999999987E-003  0.72840000000000005       0.25740000000000002             5000
   7.8069999999999997E-003  0.72840000000000005       0.25740000000000002             5000
   7.8079999999999998E-003  0.72840000000000005       0.25740000000000002             5000
   7.8089999999999991E-003  0.72840000000000005       0.25740000000000002             5000
   7.8100000000000001E-003  0.72840000000000005       0.25740000000000002             5000
   7.8109999999999994E-003  0.72840000000000005       0.25740000000000002             5000
   7.8119999999999995E-003  0.72840000000000005       0.25740000000000002             5000
   7.8129999999999988E-003  0.72840000000000005       0.25740000000000002             5000
   7.8139999999999998E-003  0.72840000000000005       0.25740000000000002             5000
   7.8150000000000008E-003  0.72840000000000005       0.25740000000000002             5000
   7.8160000000000000E-003  0.72840000000000005       0.25740000000000002             5000
   7.8169999999999993E-003  0.72840000000000005       0.25740000000000002             5000
   7.8179999999999986E-003  0.72840000000000005       0.25740000000000002             5000
   7.8189999999999996E-003  0.72840000000000005       0.25740000000000002             5000
   7.8199999999999988E-003  0.72840000000000005       0.25740000000000002             5000
   7.8209999999999998E-003  0.72840000000000005       0.25740000000000002             5000
   7.8220000000000008E-003  0.72840000000000005       0.25740000000000002             5000
   7.8230000000000001E-003  0.72840000000000005       0.25740000000000002             5000
   7.8239999999999994E-003  0.72840000000000005       0.25740000000000002             5000
   7.8249999999999986E-003  0.72840000000000005       0.25740000000000002             5000
   7.8259999999999996E-003  0.72840000000000005       0.25740000000000002             5000
   7.8269999999999989E-003  0.72840000000000005       0.25740000000000002             5000
   7.8279999999999999E-003  0.72840000000000005       0.25740000000000002             5000
   7.8289999999999992E-003  0.72840000000000005       0.25740000000000002             5000
   7.8300000000000002E-003  0.72840000000000005       0.25740000000000002             5000
   7.8309999999999994E-003  0.72840000000000005       0.25740000000000002             5000
   7.8319999999999987E-003  0.72840000000000005       0.25740000000000002             5000
   7.8329999999999997E-003  0.72840000000000005       0.25740000000000002             5000
   7.8339999999999990E-003  0.72840000000000005       0.25740000000000002             5000
   7.8350000000000000E-003  0.72840000000000005       0.25740000000000002             5000
   7.8359999999999992E-003  0.72840000000000005       0.25740000000000002             5000
   7.8370000000000002E-003  0.72840000000000005       0.25740000000000002             5000
   7.8379999999999995E-003  0.72840000000000005       0.25740000000000002             5000
   7.8389999999999987E-003  0.72840000000000005       0.25740000000000002             5000
   7.8399999999999997E-003  0.72840000000000005       0.25740000000000002             5000
   7.8409999999999990E-003  0.72840000000000005       0.25740000000000002             5000
   7.8420000000000000E-003  0.72840000000000005       0.25740000000000002             5000
   7.8429999999999993E-003  0.72840000000000005       0.25740000000000002             5000
   7.8440000000000003E-003  0.72840000000000005       0.25740000000000002             5000
   7.8449999999999995E-003  0.72840000000000005       0.25740000000000002             5000
   7.8459999999999988E-003  0.72840000000000005       0.25740000000000002             5000
   7.8469999999999998E-003  0.72840000000000005       0.25740000000000002             5000
   7.8479999999999991E-003  0.72840000000000005       0.25740000000000002             5000
   7.8490000000000001E-003  0.72840000000000005       0.25740000000000002             5000
   7.8499999999999993E-003  0.72840000000000005       0.25740000000000002             5000
   7.8510000000000003E-003  0.72840000000000005       0.25740000000000002             5000
   7.8519999999999996E-003  0.72840000000000005       0.25740000000000002             5000
   7.8529999999999989E-003  0.72840000000000005       0.25740000000000002             5000
   7.8539999999999999E-003  0.72840000000000005       0.25740000000000002             5000
   7.8549999999999991E-003  0.72840000000000005       0.25740000000000002             5000
   7.8560000000000001E-003  0.72840000000000005       0.25740000000000002             5000
   7.8569999999999994E-003  0.72840000000000005       0.25740000000000002             5000
   7.8580000000000004E-003  0.72840000000000005       0.25740000000000002             5000
   7.8589999999999997E-003  0.72840000000000005       0.25740000000000002             5000
   7.8599999999999989E-003  0.72840000000000005       0.25740000000000002             5000
   7.8609999999999982E-003  0.72840000000000005       0.25740000000000002             5000
   7.8619999999999992E-003  0.72840000000000005       0.25740000000000002             5000
   7.8630000000000002E-003  0.72840000000000005       0.25740000000000002             5000
   7.8639999999999995E-003  0.72840000000000005       0.25740000000000002             5000
   7.8650000000000005E-003  0.72840000000000005       0.25740000000000002             5000
   7.8659999999999997E-003  0.72840000000000005       0.25740000000000002             5000
   7.8669999999999990E-003  0.72840000000000005       0.25740000000000002             5000
   7.8679999999999983E-003  0.72840000000000005       0.25740000000000002             5000
   7.8689999999999993E-003  0.72840000000000005       0.25740000000000002             5000
   7.8700000000000003E-003  0.72840000000000005       0.25740000000000002             5000
   7.8709999999999995E-003  0.72840000000000005       0.25740000000000002             5000
   7.8720000000000005E-003  0.72840000000000005       0.25740000000000002             5000
   7.8729999999999998E-003  0.72840000000000005       0.25740000000000002             5000
   7.8739999999999991E-003  0.72840000000000005       0.25740000000000002             5000
   7.8749999999999983E-003  0.72840000000000005       0.25740000000000002             5000
   7.8759999999999993E-003  0.72840000000000005       0.25740000000000002             5000
   7.8770000000000003E-003  0.72840000000000005       0.25740000000000002             5000
   7.8779999999999996E-003  0.72840000000000005       0.25740000000000002             5000
   7.8790000000000006E-003  0.72840000000000005       0.25740000000000002             5000
   7.8799999999999999E-003  0.72840000000000005       0.25740000000000002             5000
   7.8809999999999991E-003  0.72840000000000005       0.25740000000000002             5000
   7.8819999999999984E-003  0.72840000000000005       0.25740000000000002             5000
   7.8829999999999994E-003  0.72840000000000005       0.25740000000000002             5000
   7.8839999999999986E-003  0.72840000000000005       0.25740000000000002             5000
   7.8849999999999996E-003  0.72840000000000005       0.25740000000000002             5000
   7.8860000000000006E-003  0.72840000000000005       0.25740000000000002             5000
   7.8869999999999999E-003  0.72840000000000005       0.25740000000000002             5000
   7.8879999999999992E-003  0.72840000000000005       0.25740000000000002             5000
   7.8889999999999984E-003  0.72840000000000005       0.25740000000000002             5000
   7.8899999999999994E-003  0.72840000000000005       0.25740000000000002             5000
   7.8909999999999987E-003  0.72840000000000005       0.25740000000000002             5000
   7.8919999999999997E-003  0.72840000000000005       0.25740000000000002             5000
   7.8930000000000007E-003  0.72840000000000005       0.25740000000000002             5000
   7.8940000000000000E-003  0.72840000000000005       0.25740000000000002             5000
   7.8949999999999992E-003  0.72840000000000005       0.25740000000000002             5000
   7.8959999999999985E-003  0.72840000000000005       0.25740000000000002             5000
   7.8969999999999995E-003  0.72840000000000005       0.25740000000000002             5000
   7.8979999999999988E-003  0.72840000000000005       0.25740000000000002             5000
   7.8989999999999998E-003  0.72840000000000005       0.25740000000000002             5000
   7.8999999999999990E-003  0.72840000000000005       0.25740000000000002             5000
   7.9010000000000000E-003  0.72840000000000005       0.25740000000000002             5000
   7.9019999999999993E-003  0.72840000000000005       0.25740000000000002             5000
   7.9029999999999986E-003  0.72840000000000005       0.25740000000000002             5000
   7.9039999999999996E-003  0.72840000000000005       0.25740000000000002             5000
   7.9049999999999988E-003  0.72840000000000005       0.25740000000000002             5000
   7.9059999999999998E-003  0.72840000000000005       0.25740000000000002             5000
   7.9069999999999991E-003  0.72840000000000005       0.25740000000000002             5000
   7.9080000000000001E-003  0.72840000000000005       0.25740000000000002             5000
   7.9089999999999994E-003  0.72840000000000005       0.25740000000000002             5000
   7.9099999999999986E-003  0.72840000000000005       0.25740000000000002             5000
   7.9109999999999996E-003  0.72840000000000005       0.25740000000000002             5000
   7.9119999999999989E-003  0.72840000000000005       0.25740000000000002             5000
   7.9129999999999999E-003  0.72840000000000005       0.25740000000000002             5000
   7.9139999999999992E-003  0.72840000000000005       0.25740000000000002             5000
   7.9150000000000002E-003  0.72840000000000005       0.25740000000000002             5000
   7.9159999999999994E-003  0.72840000000000005       0.25740000000000002             5000
   7.9169999999999987E-003  0.72840000000000005       0.25740000000000002             5000
   7.9179999999999997E-003  0.72840000000000005       0.25740000000000002             5000
   7.9189999999999990E-003  0.72840000000000005       0.25740000000000002             5000
   7.9200000000000000E-003  0.72840000000000005       0.25740000000000002             5000
   7.9209999999999992E-003  0.72840000000000005       0.25740000000000002             5000
   7.9220000000000002E-003  0.72840000000000005       0.25740000000000002             5000
   7.9229999999999995E-003  0.72840000000000005       0.25740000000000002             5000
   7.9239999999999988E-003  0.72840000000000005       0.25740000000000002             5000
   7.9249999999999998E-003  0.72840000000000005       0.25740000000000002             5000
   7.9259999999999990E-003  0.72840000000000005       0.25740000000000002             5000
   7.9270000000000000E-003  0.72840000000000005       0.25740000000000002             5000
   7.9279999999999993E-003  0.72840000000000005       0.25740000000000002             5000
   7.9290000000000003E-003  0.72840000000000005       0.25740000000000002             5000
   7.9299999999999995E-003  0.72840000000000005       0.25740000000000002             5000
   7.9309999999999988E-003  0.72840000000000005       0.25740000000000002             5000
   7.9319999999999981E-003  0.72840000000000005       0.25740000000000002             5000
   7.9329999999999991E-003  0.72840000000000005       0.25740000000000002             5000
   7.9340000000000001E-003  0.72840000000000005       0.25740000000000002             5000
   7.9349999999999993E-003  0.72840000000000005       0.25740000000000002             5000
   7.9360000000000003E-003  0.72840000000000005       0.25740000000000002             5000
   7.9369999999999996E-003  0.72840000000000005       0.25740000000000002             5000
   7.9379999999999989E-003  0.72840000000000005       0.25740000000000002             5000
   7.9389999999999981E-003  0.72840000000000005       0.25740000000000002             5000
   7.9399999999999991E-003  0.72840000000000005       0.25740000000000002             5000
   7.9410000000000001E-003  0.72840000000000005       0.25740000000000002             5000
   7.9419999999999994E-003  0.72840000000000005       0.25740000000000002             5000
   7.9430000000000004E-003  0.72840000000000005       0.25740000000000002             5000
   7.9439999999999997E-003  0.72840000000000005       0.25740000000000002             5000
   7.9449999999999989E-003  0.72840000000000005       0.25740000000000002             5000
   7.9459999999999982E-003  0.72840000000000005       0.25740000000000002             5000
   7.9469999999999992E-003  0.72840000000000005       0.25740000000000002             5000
   7.9480000000000002E-003  0.72840000000000005       0.25740000000000002             5000
   7.9489999999999995E-003  0.72840000000000005       0.25740000000000002             5000
   7.9500000000000005E-003  0.72840000000000005       0.25740000000000002             5000
   7.9509999999999997E-003  0.72840000000000005       0.25740000000000002             5000
   7.9519999999999990E-003  0.72840000000000005       0.25740000000000002             5000
   7.9529999999999983E-003  0.72840000000000005       0.25740000000000002             5000
   7.9539999999999993E-003  0.72840000000000005       0.25740000000000002             5000
   7.9549999999999985E-003  0.72840000000000005       0.25740000000000002             5000
   7.9559999999999995E-003  0.72840000000000005       0.25740000000000002             5000
   7.9570000000000005E-003  0.72840000000000005       0.25740000000000002             5000
   7.9579999999999998E-003  0.72840000000000005       0.25740000000000002             5000
   7.9589999999999991E-003  0.72840000000000005       0.25740000000000002             5000
   7.9599999999999983E-003  0.72840000000000005       0.25740000000000002             5000
   7.9609999999999993E-003  0.72840000000000005       0.25740000000000002             5000
   7.9619999999999986E-003  0.72840000000000005       0.25740000000000002             5000
   7.9629999999999996E-003  0.72840000000000005       0.25740000000000002             5000
   7.9640000000000006E-003  0.72840000000000005       0.25740000000000002             5000
   7.9649999999999999E-003  0.72840000000000005       0.25740000000000002             5000
   7.9660000000000009E-003  0.72840000000000005       0.25740000000000002             5000
   7.9669999999999984E-003  0.72840000000000005       0.25740000000000002             5000
   7.9679999999999994E-003  0.72840000000000005       0.25740000000000002             5000
   7.9689999999999987E-003  0.72840000000000005       0.25740000000000002             5000
   7.9699999999999997E-003  0.72840000000000005       0.25740000000000002             5000
   7.9709999999999989E-003  0.72840000000000005       0.25740000000000002             5000
   7.9719999999999999E-003  0.72840000000000005       0.25740000000000002             5000
   7.9730000000000009E-003  0.72840000000000005       0.25740000000000002             5000
   7.9739999999999985E-003  0.72840000000000005       0.25740000000000002             5000
   7.9749999999999995E-003  0.72840000000000005       0.25740000000000002             5000
   7.9759999999999987E-003  0.72840000000000005       0.25740000000000002             5000
   7.9769999999999997E-003  0.72840000000000005       0.25740000000000002             5000
   7.9779999999999990E-003  0.72840000000000005       0.25740000000000002             5000
   7.9790000000000000E-003  0.72840000000000005       0.25740000000000002             5000
   7.9800000000000010E-003  0.72840000000000005       0.25740000000000002             5000
   7.9809999999999985E-003  0.72840000000000005       0.25740000000000002             5000
   7.9819999999999995E-003  0.72840000000000005       0.25740000000000002             5000
   7.9829999999999988E-003  0.72840000000000005       0.25740000000000002             5000
   7.9839999999999998E-003  0.72840000000000005       0.25740000000000002             5000
   7.9849999999999990E-003  0.72840000000000005       0.25740000000000002             5000
   7.9860000000000000E-003  0.72840000000000005       0.25740000000000002             5000
   7.9869999999999993E-003  0.72840000000000005       0.25740000000000002             5000
   7.9879999999999986E-003  0.72840000000000005       0.25740000000000002             5000
   7.9889999999999996E-003  0.72840000000000005       0.25740000000000002             5000
   7.9899999999999988E-003  0.72840000000000005       0.25740000000000002             5000
   7.9909999999999998E-003  0.72840000000000005       0.25740000000000002             5000
   7.9919999999999991E-003  0.72840000000000005       0.25740000000000002             5000
   7.9930000000000001E-003  0.72840000000000005       0.25740000000000002             5000
   7.9939999999999994E-003  0.72840000000000005       0.25740000000000002             5000
   7.9950000000000004E-003  0.72840000000000005       0.25740000000000002             5000
   7.9959999999999996E-003  0.72840000000000005       0.25740000000000002             5000
   7.9969999999999989E-003  0.72840000000000005       0.25740000000000002             5000
   7.9979999999999999E-003  0.72840000000000005       0.25740000000000002             5000
   7.9989999999999992E-003  0.72840000000000005       0.25740000000000002             5000
   8.0000000000000002E-003  0.72840000000000005       0.25740000000000002             5000
   8.0009999999999994E-003  0.72840000000000005       0.25740000000000002             5000
   8.0020000000000004E-003  0.72840000000000005       0.25740000000000002             5000
   8.0029999999999997E-003  0.72840000000000005       0.25740000000000002             5000
   8.0039999999999990E-003  0.72840000000000005       0.25740000000000002             5000
   8.0050000000000000E-003  0.72840000000000005       0.25740000000000002             5000
   8.0059999999999992E-003  0.72840000000000005       0.25740000000000002             5000
   8.0070000000000002E-003  0.72840000000000005       0.25740000000000002             5000
   8.0079999999999995E-003  0.72840000000000005       0.25740000000000002             5000
   8.0090000000000005E-003  0.72840000000000005       0.25740000000000002             5000
   8.0099999999999980E-003  0.72840000000000005       0.25740000000000002             5000
   8.0109999999999990E-003  0.72840000000000005       0.25740000000000002             5000
   8.0120000000000000E-003  0.72840000000000005       0.25740000000000002             5000
   8.0129999999999993E-003  0.72840000000000005       0.25740000000000002             5000
   8.0140000000000003E-003  0.72840000000000005       0.25740000000000002             5000
   8.0149999999999996E-003  0.72840000000000005       0.25740000000000002             5000
   8.0160000000000006E-003  0.72840000000000005       0.25740000000000002             5000
   8.0169999999999981E-003  0.72840000000000005       0.25740000000000002             5000
   8.0179999999999991E-003  0.72840000000000005       0.25740000000000002             5000
   8.0190000000000001E-003  0.72840000000000005       0.25740000000000002             5000
   8.0199999999999994E-003  0.72840000000000005       0.25740000000000002             5000
   8.0210000000000004E-003  0.72840000000000005       0.25740000000000002             5000
   8.0219999999999996E-003  0.72840000000000005       0.25740000000000002             5000
   8.0230000000000006E-003  0.72840000000000005       0.25740000000000002             5000
   8.0239999999999999E-003  0.72840000000000005       0.25740000000000002             5000
   8.0249999999999991E-003  0.72840000000000005       0.25740000000000002             5000
   8.0259999999999984E-003  0.72840000000000005       0.25740000000000002             5000
   8.0269999999999994E-003  0.72840000000000005       0.25740000000000002             5000
   8.0280000000000004E-003  0.72840000000000005       0.25740000000000002             5000
   8.0289999999999997E-003  0.72840000000000005       0.25740000000000002             5000
   8.0300000000000007E-003  0.72840000000000005       0.25740000000000002             5000
   8.0309999999999999E-003  0.72840000000000005       0.25740000000000002             5000
   8.0319999999999992E-003  0.72840000000000005       0.25740000000000002             5000
   8.0329999999999985E-003  0.72840000000000005       0.25740000000000002             5000
   8.0339999999999995E-003  0.72840000000000005       0.25740000000000002             5000
   8.0350000000000005E-003  0.72840000000000005       0.25740000000000002             5000
   8.0359999999999997E-003  0.72840000000000005       0.25740000000000002             5000
   8.0370000000000007E-003  0.72840000000000005       0.25740000000000002             5000
   8.0380000000000000E-003  0.72840000000000005       0.25740000000000002             5000
   8.0389999999999993E-003  0.72840000000000005       0.25740000000000002             5000
   8.0399999999999985E-003  0.72840000000000005       0.25740000000000002             5000
   8.0409999999999995E-003  0.72840000000000005       0.25740000000000002             5000
   8.0419999999999988E-003  0.72840000000000005       0.25740000000000002             5000
   8.0429999999999998E-003  0.72840000000000005       0.25740000000000002             5000
   8.0440000000000008E-003  0.72840000000000005       0.25740000000000002             5000
   8.0450000000000001E-003  0.72840000000000005       0.25740000000000002             5000
   8.0459999999999993E-003  0.72840000000000005       0.25740000000000002             5000
   8.0469999999999986E-003  0.72840000000000005       0.25740000000000002             5000
   8.0479999999999996E-003  0.72840000000000005       0.25740000000000002             5000
   8.0489999999999989E-003  0.72840000000000005       0.25740000000000002             5000
   8.0499999999999999E-003  0.72840000000000005       0.25740000000000002             5000
   8.0510000000000009E-003  0.72840000000000005       0.25740000000000002             5000
   8.0520000000000001E-003  0.72840000000000005       0.25740000000000002             5000
   8.0529999999999994E-003  0.72840000000000005       0.25740000000000002             5000
   8.0539999999999987E-003  0.72840000000000005       0.25740000000000002             5000
   8.0549999999999997E-003  0.72840000000000005       0.25740000000000002             5000
   8.0559999999999989E-003  0.72840000000000005       0.25740000000000002             5000
   8.0569999999999999E-003  0.72840000000000005       0.25740000000000002             5000
   8.0579999999999992E-003  0.72840000000000005       0.25740000000000002             5000
   8.0590000000000002E-003  0.72840000000000005       0.25740000000000002             5000
   8.0599999999999995E-003  0.72840000000000005       0.25740000000000002             5000
   8.0609999999999987E-003  0.72840000000000005       0.25740000000000002             5000
   8.0619999999999997E-003  0.72840000000000005       0.25740000000000002             5000
   8.0629999999999990E-003  0.72840000000000005       0.25740000000000002             5000
   8.0640000000000000E-003  0.72840000000000005       0.25740000000000002             5000
   8.0649999999999993E-003  0.72840000000000005       0.25740000000000002             5000
   8.0660000000000003E-003  0.72840000000000005       0.25740000000000002             5000
   8.0669999999999995E-003  0.72840000000000005       0.25740000000000002             5000
   8.0679999999999988E-003  0.72840000000000005       0.25740000000000002             5000
   8.0689999999999998E-003  0.72840000000000005       0.25740000000000002             5000
   8.0699999999999990E-003  0.72840000000000005       0.25740000000000002             5000
   8.0710000000000000E-003  0.72840000000000005       0.25740000000000002             5000
   8.0719999999999993E-003  0.72840000000000005       0.25740000000000002             5000
   8.0730000000000003E-003  0.72840000000000005       0.25740000000000002             5000
   8.0739999999999996E-003  0.72840000000000005       0.25740000000000002             5000
   8.0749999999999988E-003  0.72840000000000005       0.25740000000000002             5000
   8.0759999999999998E-003  0.72840000000000005       0.25740000000000002             5000
   8.0769999999999991E-003  0.72840000000000005       0.25740000000000002             5000
   8.0780000000000001E-003  0.72840000000000005       0.25740000000000002             5000
   8.0789999999999994E-003  0.72840000000000005       0.25740000000000002             5000
   8.0800000000000004E-003  0.72840000000000005       0.25740000000000002             5000
   8.0809999999999996E-003  0.72840000000000005       0.25740000000000002             5000
   8.0819999999999989E-003  0.72840000000000005       0.25740000000000002             5000
   8.0829999999999999E-003  0.72840000000000005       0.25740000000000002             5000
   8.0839999999999992E-003  0.72840000000000005       0.25740000000000002             5000
   8.0850000000000002E-003  0.72840000000000005       0.25740000000000002             5000
   8.0859999999999994E-003  0.72840000000000005       0.25740000000000002             5000
   8.0870000000000004E-003  0.72840000000000005       0.25740000000000002             5000
   8.0879999999999997E-003  0.72840000000000005       0.25740000000000002             5000
   8.0889999999999990E-003  0.72840000000000005       0.25740000000000002             5000
   8.0900000000000000E-003  0.72840000000000005       0.25740000000000002             5000
   8.0909999999999992E-003  0.72840000000000005       0.25740000000000002             5000
   8.0920000000000002E-003  0.72840000000000005       0.25740000000000002             5000
   8.0929999999999995E-003  0.72840000000000005       0.25740000000000002             5000
   8.0940000000000005E-003  0.72840000000000005       0.25740000000000002             5000
   8.0949999999999998E-003  0.72840000000000005       0.25740000000000002             5000
   8.0959999999999990E-003  0.72840000000000005       0.25740000000000002             5000
   8.0969999999999983E-003  0.72840000000000005       0.25740000000000002             5000
   8.0979999999999993E-003  0.72840000000000005       0.25740000000000002             5000
   8.0990000000000003E-003  0.72840000000000005       0.25740000000000002             5000
   8.0999999999999996E-003  0.72840000000000005       0.25740000000000002             5000
   8.1010000000000006E-003  0.72840000000000005       0.25740000000000002             5000
   8.1019999999999998E-003  0.72840000000000005       0.25740000000000002             5000
   8.1029999999999991E-003  0.72840000000000005       0.25740000000000002             5000
   8.1039999999999984E-003  0.72840000000000005       0.25740000000000002             5000
   8.1049999999999994E-003  0.72840000000000005       0.25740000000000002             5000
   8.1060000000000004E-003  0.72840000000000005       0.25740000000000002             5000
   8.1069999999999996E-003  0.72840000000000005       0.25740000000000002             5000
   8.1080000000000006E-003  0.72840000000000005       0.25740000000000002             5000
   8.1089999999999999E-003  0.72840000000000005       0.25740000000000002             5000
   8.1099999999999992E-003  0.72840000000000005       0.25740000000000002             5000
   8.1109999999999984E-003  0.72840000000000005       0.25740000000000002             5000
   8.1119999999999994E-003  0.72840000000000005       0.25740000000000002             5000
   8.1129999999999987E-003  0.72840000000000005       0.25740000000000002             5000
   8.1139999999999997E-003  0.72840000000000005       0.25740000000000002             5000
   8.1150000000000007E-003  0.72840000000000005       0.25740000000000002             5000
   8.1160000000000000E-003  0.72840000000000005       0.25740000000000002             5000
   8.1169999999999992E-003  0.72840000000000005       0.25740000000000002             5000
   8.1179999999999985E-003  0.72840000000000005       0.25740000000000002             5000
   8.1189999999999995E-003  0.72840000000000005       0.25740000000000002             5000
   8.1199999999999987E-003  0.72840000000000005       0.25740000000000002             5000
   8.1209999999999997E-003  0.72840000000000005       0.25740000000000002             5000
   8.1220000000000007E-003  0.72840000000000005       0.25740000000000002             5000
   8.1230000000000000E-003  0.72840000000000005       0.25740000000000002             5000
   8.1239999999999993E-003  0.72840000000000005       0.25740000000000002             5000
   8.1249999999999985E-003  0.72840000000000005       0.25740000000000002             5000
   8.1259999999999995E-003  0.72840000000000005       0.25740000000000002             5000
   8.1269999999999988E-003  0.72840000000000005       0.25740000000000002             5000
   8.1279999999999998E-003  0.72840000000000005       0.25740000000000002             5000
   8.1290000000000008E-003  0.72840000000000005       0.25740000000000002             5000
   8.1300000000000001E-003  0.72840000000000005       0.25740000000000002             5000
   8.1309999999999993E-003  0.72840000000000005       0.25740000000000002             5000
   8.1319999999999986E-003  0.72840000000000005       0.25740000000000002             5000
   8.1329999999999996E-003  0.72840000000000005       0.25740000000000002             5000
   8.1339999999999989E-003  0.72840000000000005       0.25740000000000002             5000
   8.1349999999999999E-003  0.72840000000000005       0.25740000000000002             5000
   8.1359999999999991E-003  0.72840000000000005       0.25740000000000002             5000
   8.1370000000000001E-003  0.72840000000000005       0.25740000000000002             5000
   8.1379999999999994E-003  0.72840000000000005       0.25740000000000002             5000
   8.1389999999999987E-003  0.72840000000000005       0.25740000000000002             5000
   8.1399999999999997E-003  0.72840000000000005       0.25740000000000002             5000
   8.1409999999999989E-003  0.72840000000000005       0.25740000000000002             5000
   8.1419999999999999E-003  0.72840000000000005       0.25740000000000002             5000
   8.1429999999999992E-003  0.72840000000000005       0.25740000000000002             5000
   8.1440000000000002E-003  0.72840000000000005       0.25740000000000002             5000
   8.1449999999999995E-003  0.72840000000000005       0.25740000000000002             5000
   8.1459999999999987E-003  0.72840000000000005       0.25740000000000002             5000
   8.1469999999999997E-003  0.72840000000000005       0.25740000000000002             5000
   8.1479999999999990E-003  0.72840000000000005       0.25740000000000002             5000
   8.1490000000000000E-003  0.72840000000000005       0.25740000000000002             5000
   8.1499999999999993E-003  0.72840000000000005       0.25740000000000002             5000
   8.1510000000000003E-003  0.72840000000000005       0.25740000000000002             5000
   8.1519999999999995E-003  0.72840000000000005       0.25740000000000002             5000
   8.1529999999999988E-003  0.72840000000000005       0.25740000000000002             5000
   8.1539999999999998E-003  0.72840000000000005       0.25740000000000002             5000
   8.1549999999999991E-003  0.72840000000000005       0.25740000000000002             5000
   8.1560000000000001E-003  0.72840000000000005       0.25740000000000002             5000
   8.1569999999999993E-003  0.72840000000000005       0.25740000000000002             5000
   8.1580000000000003E-003  0.72840000000000005       0.25740000000000002             5000
   8.1589999999999996E-003  0.72840000000000005       0.25740000000000002             5000
   8.1599999999999989E-003  0.72840000000000005       0.25740000000000002             5000
   8.1609999999999999E-003  0.72840000000000005       0.25740000000000002             5000
   8.1619999999999991E-003  0.72840000000000005       0.25740000000000002             5000
   8.1630000000000001E-003  0.72840000000000005       0.25740000000000002             5000
   8.1639999999999994E-003  0.72840000000000005       0.25740000000000002             5000
   8.1650000000000004E-003  0.72840000000000005       0.25740000000000002             5000
   8.1659999999999996E-003  0.72840000000000005       0.25740000000000002             5000
   8.1669999999999989E-003  0.72840000000000005       0.25740000000000002             5000
   8.1679999999999982E-003  0.72840000000000005       0.25740000000000002             5000
   8.1689999999999992E-003  0.72840000000000005       0.25740000000000002             5000
   8.1700000000000002E-003  0.72840000000000005       0.25740000000000002             5000
   8.1709999999999994E-003  0.72840000000000005       0.25740000000000002             5000
   8.1720000000000004E-003  0.72840000000000005       0.25740000000000002             5000
   8.1729999999999997E-003  0.72840000000000005       0.25740000000000002             5000
   8.1739999999999990E-003  0.72840000000000005       0.25740000000000002             5000
   8.1749999999999982E-003  0.72840000000000005       0.25740000000000002             5000
   8.1759999999999992E-003  0.72840000000000005       0.25740000000000002             5000
   8.1770000000000002E-003  0.72840000000000005       0.25740000000000002             5000
   8.1779999999999995E-003  0.72840000000000005       0.25740000000000002             5000
   8.1790000000000005E-003  0.72840000000000005       0.25740000000000002             5000
   8.1799999999999998E-003  0.72840000000000005       0.25740000000000002             5000
   8.1809999999999990E-003  0.72840000000000005       0.25740000000000002             5000
   8.1819999999999983E-003  0.72840000000000005       0.25740000000000002             5000
   8.1829999999999993E-003  0.72840000000000005       0.25740000000000002             5000
   8.1839999999999986E-003  0.72840000000000005       0.25740000000000002             5000
   8.1849999999999996E-003  0.72840000000000005       0.25740000000000002             5000
   8.1860000000000006E-003  0.72840000000000005       0.25740000000000002             5000
   8.1869999999999998E-003  0.72840000000000005       0.25740000000000002             5000
   8.1879999999999991E-003  0.72840000000000005       0.25740000000000002             5000
   8.1889999999999984E-003  0.72840000000000005       0.25740000000000002             5000
   8.1899999999999994E-003  0.72840000000000005       0.25740000000000002             5000
   8.1909999999999986E-003  0.72840000000000005       0.25740000000000002             5000
   8.1919999999999996E-003  0.72840000000000005       0.25740000000000002             5000
   8.1930000000000006E-003  0.72840000000000005       0.25740000000000002             5000
   8.1939999999999999E-003  0.72840000000000005       0.25740000000000002             5000
   8.1949999999999992E-003  0.72840000000000005       0.25740000000000002             5000
   8.1959999999999984E-003  0.72840000000000005       0.25740000000000002             5000
   8.1969999999999994E-003  0.72840000000000005       0.25740000000000002             5000
   8.1979999999999987E-003  0.72840000000000005       0.25740000000000002             5000
   8.1989999999999997E-003  0.72840000000000005       0.25740000000000002             5000
   8.2000000000000007E-003  0.72840000000000005       0.25740000000000002             5000
   8.2010000000000000E-003  0.72840000000000005       0.25740000000000002             5000
   8.2019999999999992E-003  0.72840000000000005       0.25740000000000002             5000
   8.2029999999999985E-003  0.72840000000000005       0.25740000000000002             5000
   8.2039999999999995E-003  0.72840000000000005       0.25740000000000002             5000
   8.2049999999999988E-003  0.72840000000000005       0.25740000000000002             5000
   8.2059999999999998E-003  0.72840000000000005       0.25740000000000002             5000
   8.2069999999999990E-003  0.72840000000000005       0.25740000000000002             5000
   8.2080000000000000E-003  0.72840000000000005       0.25740000000000002             5000
   8.2089999999999993E-003  0.72840000000000005       0.25740000000000002             5000
   8.2099999999999985E-003  0.72840000000000005       0.25740000000000002             5000
   8.2109999999999995E-003  0.72840000000000005       0.25740000000000002             5000
   8.2119999999999988E-003  0.72840000000000005       0.25740000000000002             5000
   8.2129999999999998E-003  0.72840000000000005       0.25740000000000002             5000
   8.2139999999999991E-003  0.72840000000000005       0.25740000000000002             5000
   8.2150000000000001E-003  0.72840000000000005       0.25740000000000002             5000
   8.2159999999999993E-003  0.72840000000000005       0.25740000000000002             5000
   8.2169999999999986E-003  0.72840000000000005       0.25740000000000002             5000
   8.2179999999999996E-003  0.72840000000000005       0.25740000000000002             5000
   8.2189999999999989E-003  0.72840000000000005       0.25740000000000002             5000
   8.2199999999999999E-003  0.72840000000000005       0.25740000000000002             5000
   8.2209999999999991E-003  0.72840000000000005       0.25740000000000002             5000
   8.2220000000000001E-003  0.72840000000000005       0.25740000000000002             5000
   8.2229999999999994E-003  0.72840000000000005       0.25740000000000002             5000
   8.2239999999999987E-003  0.72840000000000005       0.25740000000000002             5000
   8.2249999999999997E-003  0.72840000000000005       0.25740000000000002             5000
   8.2259999999999989E-003  0.72840000000000005       0.25740000000000002             5000
   8.2269999999999999E-003  0.72840000000000005       0.25740000000000002             5000
   8.2279999999999992E-003  0.72840000000000005       0.25740000000000002             5000
   8.2290000000000002E-003  0.72840000000000005       0.25740000000000002             5000
   8.2299999999999995E-003  0.72840000000000005       0.25740000000000002             5000
   8.2309999999999987E-003  0.72840000000000005       0.25740000000000002             5000
   8.2319999999999997E-003  0.72840000000000005       0.25740000000000002             5000
   8.2329999999999990E-003  0.72840000000000005       0.25740000000000002             5000
   8.2340000000000000E-003  0.72840000000000005       0.25740000000000002             5000
   8.2349999999999993E-003  0.72840000000000005       0.25740000000000002             5000
   8.2360000000000003E-003  0.72840000000000005       0.25740000000000002             5000
   8.2369999999999995E-003  0.72840000000000005       0.25740000000000002             5000
   8.2379999999999988E-003  0.72840000000000005       0.25740000000000002             5000
   8.2389999999999981E-003  0.72840000000000005       0.25740000000000002             5000
   8.2399999999999991E-003  0.72840000000000005       0.25740000000000002             5000
   8.2410000000000001E-003  0.72840000000000005       0.25740000000000002             5000
   8.2419999999999993E-003  0.72840000000000005       0.25740000000000002             5000
   8.2430000000000003E-003  0.72840000000000005       0.25740000000000002             5000
   8.2439999999999996E-003  0.72840000000000005       0.25740000000000002             5000
   8.2449999999999989E-003  0.72840000000000005       0.25740000000000002             5000
   8.2459999999999981E-003  0.72840000000000005       0.25740000000000002             5000
   8.2469999999999991E-003  0.72840000000000005       0.25740000000000002             5000
   8.2480000000000001E-003  0.72840000000000005       0.25740000000000002             5000
   8.2489999999999994E-003  0.72840000000000005       0.25740000000000002             5000
   8.2500000000000004E-003  0.72840000000000005       0.25740000000000002             5000
   8.2509999999999997E-003  0.72840000000000005       0.25740000000000002             5000
   8.2519999999999989E-003  0.72840000000000005       0.25740000000000002             5000
   8.2529999999999982E-003  0.72840000000000005       0.25740000000000002             5000
   8.2539999999999992E-003  0.72840000000000005       0.25740000000000002             5000
   8.2549999999999985E-003  0.72840000000000005       0.25740000000000002             5000
   8.2559999999999995E-003  0.72840000000000005       0.25740000000000002             5000
   8.2570000000000005E-003  0.72840000000000005       0.25740000000000002             5000
   8.2579999999999997E-003  0.72840000000000005       0.25740000000000002             5000
   8.2589999999999990E-003  0.72840000000000005       0.25740000000000002             5000
   8.2599999999999982E-003  0.72840000000000005       0.25740000000000002             5000
   8.2609999999999992E-003  0.72840000000000005       0.25740000000000002             5000
   8.2619999999999985E-003  0.72840000000000005       0.25740000000000002             5000
   8.2629999999999995E-003  0.72840000000000005       0.25740000000000002             5000
   8.2640000000000005E-003  0.72840000000000005       0.25740000000000002             5000
   8.2649999999999998E-003  0.72840000000000005       0.25740000000000002             5000
   8.2660000000000008E-003  0.72840000000000005       0.25740000000000002             5000
   8.2669999999999983E-003  0.72840000000000005       0.25740000000000002             5000
   8.2679999999999993E-003  0.72840000000000005       0.25740000000000002             5000
   8.2689999999999986E-003  0.72840000000000005       0.25740000000000002             5000
   8.2699999999999996E-003  0.72840000000000005       0.25740000000000002             5000
   8.2710000000000006E-003  0.72840000000000005       0.25740000000000002             5000
   8.2719999999999998E-003  0.72840000000000005       0.25740000000000002             5000
   8.2730000000000008E-003  0.72840000000000005       0.25740000000000002             5000
   8.2739999999999984E-003  0.72840000000000005       0.25740000000000002             5000
   8.2749999999999994E-003  0.72840000000000005       0.25740000000000002             5000
   8.2759999999999986E-003  0.72840000000000005       0.25740000000000002             5000
   8.2769999999999996E-003  0.72840000000000005       0.25740000000000002             5000
   8.2779999999999989E-003  0.72840000000000005       0.25740000000000002             5000
   8.2789999999999999E-003  0.72840000000000005       0.25740000000000002             5000
   8.2800000000000009E-003  0.72840000000000005       0.25740000000000002             5000
   8.2809999999999984E-003  0.72840000000000005       0.25740000000000002             5000
   8.2819999999999994E-003  0.72840000000000005       0.25740000000000002             5000
   8.2829999999999987E-003  0.72840000000000005       0.25740000000000002             5000
   8.2839999999999997E-003  0.72840000000000005       0.25740000000000002             5000
   8.2849999999999990E-003  0.72840000000000005       0.25740000000000002             5000
   8.2860000000000000E-003  0.72840000000000005       0.25740000000000002             5000
   8.2870000000000010E-003  0.72840000000000005       0.25740000000000002             5000
   8.2879999999999985E-003  0.72840000000000005       0.25740000000000002             5000
   8.2889999999999995E-003  0.72840000000000005       0.25740000000000002             5000
   8.2899999999999988E-003  0.72840000000000005       0.25740000000000002             5000
   8.2909999999999998E-003  0.72840000000000005       0.25740000000000002             5000
   8.2919999999999990E-003  0.72840000000000005       0.25740000000000002             5000
   8.2930000000000000E-003  0.72840000000000005       0.25740000000000002             5000
   8.2939999999999993E-003  0.72840000000000005       0.25740000000000002             5000
   8.2950000000000003E-003  0.72840000000000005       0.25740000000000002             5000
   8.2959999999999996E-003  0.72840000000000005       0.25740000000000002             5000
   8.2969999999999988E-003  0.72840000000000005       0.25740000000000002             5000
   8.2979999999999998E-003  0.72840000000000005       0.25740000000000002             5000
   8.2989999999999991E-003  0.72840000000000005       0.25740000000000002             5000
   8.3000000000000001E-003  0.72840000000000005       0.25740000000000002             5000
   8.3009999999999994E-003  0.72840000000000005       0.25740000000000002             5000
   8.3020000000000004E-003  0.72840000000000005       0.25740000000000002             5000
   8.3029999999999996E-003  0.72840000000000005       0.25740000000000002             5000
   8.3039999999999989E-003  0.72840000000000005       0.25740000000000002             5000
   8.3049999999999999E-003  0.72840000000000005       0.25740000000000002             5000
   8.3059999999999991E-003  0.72840000000000005       0.25740000000000002             5000
   8.3070000000000001E-003  0.72840000000000005       0.25740000000000002             5000
   8.3079999999999994E-003  0.72840000000000005       0.25740000000000002             5000
   8.3090000000000004E-003  0.72840000000000005       0.25740000000000002             5000
   8.3099999999999979E-003  0.72840000000000005       0.25740000000000002             5000
   8.3109999999999989E-003  0.72840000000000005       0.25740000000000002             5000
   8.3119999999999999E-003  0.72840000000000005       0.25740000000000002             5000
   8.3129999999999992E-003  0.72840000000000005       0.25740000000000002             5000
   8.3140000000000002E-003  0.72840000000000005       0.25740000000000002             5000
   8.3149999999999995E-003  0.72840000000000005       0.25740000000000002             5000
   8.3160000000000005E-003  0.72840000000000005       0.25740000000000002             5000
   8.3169999999999980E-003  0.72840000000000005       0.25740000000000002             5000
   8.3179999999999990E-003  0.72840000000000005       0.25740000000000002             5000
   8.3190000000000000E-003  0.72840000000000005       0.25740000000000002             5000
   8.3199999999999993E-003  0.72840000000000005       0.25740000000000002             5000
   8.3210000000000003E-003  0.72840000000000005       0.25740000000000002             5000
   8.3219999999999995E-003  0.72840000000000005       0.25740000000000002             5000
   8.3230000000000005E-003  0.72840000000000005       0.25740000000000002             5000
   8.3239999999999998E-003  0.72840000000000005       0.25740000000000002             5000
   8.3249999999999991E-003  0.72840000000000005       0.25740000000000002             5000
   8.3260000000000001E-003  0.72840000000000005       0.25740000000000002             5000
   8.3269999999999993E-003  0.72840000000000005       0.25740000000000002             5000
   8.3280000000000003E-003  0.72840000000000005       0.25740000000000002             5000
   8.3289999999999996E-003  0.72840000000000005       0.25740000000000002             5000
   8.3300000000000006E-003  0.72840000000000005       0.25740000000000002             5000
   8.3309999999999999E-003  0.72840000000000005       0.25740000000000002             5000
   8.3319999999999991E-003  0.72840000000000005       0.25740000000000002             5000
   8.3329999999999984E-003  0.72840000000000005       0.25740000000000002             5000
   8.3339999999999994E-003  0.72840000000000005       0.25740000000000002             5000
   8.3350000000000004E-003  0.72840000000000005       0.25740000000000002             5000
   8.3359999999999997E-003  0.72840000000000005       0.25740000000000002             5000
   8.3370000000000007E-003  0.72840000000000005       0.25740000000000002             5000
   8.3379999999999999E-003  0.72840000000000005       0.25740000000000002             5000
   8.3389999999999992E-003  0.72840000000000005       0.25740000000000002             5000
   8.3399999999999985E-003  0.72840000000000005       0.25740000000000002             5000
   8.3409999999999995E-003  0.72840000000000005       0.25740000000000002             5000
   8.3420000000000005E-003  0.72840000000000005       0.25740000000000002             5000
   8.3429999999999997E-003  0.72840000000000005       0.25740000000000002             5000
   8.3440000000000007E-003  0.72840000000000005       0.25740000000000002             5000
   8.3450000000000000E-003  0.72840000000000005       0.25740000000000002             5000
   8.3459999999999993E-003  0.72840000000000005       0.25740000000000002             5000
   8.3469999999999985E-003  0.72840000000000005       0.25740000000000002             5000
   8.3479999999999995E-003  0.72840000000000005       0.25740000000000002             5000
   8.3489999999999988E-003  0.72840000000000005       0.25740000000000002             5000
   8.3499999999999998E-003  0.72840000000000005       0.25740000000000002             5000
   8.3510000000000008E-003  0.72840000000000005       0.25740000000000002             5000
   8.3520000000000000E-003  0.72840000000000005       0.25740000000000002             5000
   8.3529999999999993E-003  0.72840000000000005       0.25740000000000002             5000
   8.3539999999999986E-003  0.72840000000000005       0.25740000000000002             5000
   8.3549999999999996E-003  0.72840000000000005       0.25740000000000002             5000
   8.3559999999999988E-003  0.72840000000000005       0.25740000000000002             5000
   8.3569999999999998E-003  0.72840000000000005       0.25740000000000002             5000
   8.3580000000000008E-003  0.72840000000000005       0.25740000000000002             5000
   8.3590000000000001E-003  0.72840000000000005       0.25740000000000002             5000
   8.3599999999999994E-003  0.72840000000000005       0.25740000000000002             5000
   8.3609999999999986E-003  0.72840000000000005       0.25740000000000002             5000
   8.3619999999999996E-003  0.72840000000000005       0.25740000000000002             5000
   8.3629999999999989E-003  0.72840000000000005       0.25740000000000002             5000
   8.3639999999999999E-003  0.72840000000000005       0.25740000000000002             5000
   8.3649999999999992E-003  0.72840000000000005       0.25740000000000002             5000
   8.3660000000000002E-003  0.72840000000000005       0.25740000000000002             5000
   8.3669999999999994E-003  0.72840000000000005       0.25740000000000002             5000
   8.3679999999999987E-003  0.72840000000000005       0.25740000000000002             5000
   8.3689999999999997E-003  0.72840000000000005       0.25740000000000002             5000
   8.3699999999999990E-003  0.72840000000000005       0.25740000000000002             5000
   8.3710000000000000E-003  0.72840000000000005       0.25740000000000002             5000
   8.3719999999999992E-003  0.72840000000000005       0.25740000000000002             5000
   8.3730000000000002E-003  0.72840000000000005       0.25740000000000002             5000
   8.3739999999999995E-003  0.72840000000000005       0.25740000000000002             5000
   8.3749999999999988E-003  0.72840000000000005       0.25740000000000002             5000
   8.3759999999999998E-003  0.72840000000000005       0.25740000000000002             5000
   8.3769999999999990E-003  0.72840000000000005       0.25740000000000002             5000
   8.3780000000000000E-003  0.72840000000000005       0.25740000000000002             5000
   8.3789999999999993E-003  0.72840000000000005       0.25740000000000002             5000
   8.3800000000000003E-003  0.72840000000000005       0.25740000000000002             5000
   8.3809999999999996E-003  0.72840000000000005       0.25740000000000002             5000
   8.3819999999999988E-003  0.72840000000000005       0.25740000000000002             5000
   8.3829999999999998E-003  0.72840000000000005       0.25740000000000002             5000
   8.3839999999999991E-003  0.72840000000000005       0.25740000000000002             5000
   8.3850000000000001E-003  0.72840000000000005       0.25740000000000002             5000
   8.3859999999999994E-003  0.72840000000000005       0.25740000000000002             5000
   8.3870000000000004E-003  0.72840000000000005       0.25740000000000002             5000
   8.3879999999999996E-003  0.72840000000000005       0.25740000000000002             5000
   8.3889999999999989E-003  0.72840000000000005       0.25740000000000002             5000
   8.3899999999999999E-003  0.72840000000000005       0.25740000000000002             5000
   8.3909999999999992E-003  0.72840000000000005       0.25740000000000002             5000
   8.3920000000000002E-003  0.72840000000000005       0.25740000000000002             5000
   8.3929999999999994E-003  0.72840000000000005       0.25740000000000002             5000
   8.3940000000000004E-003  0.72840000000000005       0.25740000000000002             5000
   8.3949999999999997E-003  0.72840000000000005       0.25740000000000002             5000
   8.3959999999999990E-003  0.72840000000000005       0.25740000000000002             5000
   8.3970000000000000E-003  0.72840000000000005       0.25740000000000002             5000
   8.3979999999999992E-003  0.72840000000000005       0.25740000000000002             5000
   8.3990000000000002E-003  0.72840000000000005       0.25740000000000002             5000
   8.3999999999999995E-003  0.72840000000000005       0.25740000000000002             5000
   8.4010000000000005E-003  0.72840000000000005       0.25740000000000002             5000
   8.4019999999999997E-003  0.72840000000000005       0.25740000000000002             5000
   8.4029999999999990E-003  0.72840000000000005       0.25740000000000002             5000
   8.4039999999999983E-003  0.72840000000000005       0.25740000000000002             5000
   8.4049999999999993E-003  0.72840000000000005       0.25740000000000002             5000
   8.4060000000000003E-003  0.72840000000000005       0.25740000000000002             5000
   8.4069999999999995E-003  0.72840000000000005       0.25740000000000002             5000
   8.4080000000000005E-003  0.72840000000000005       0.25740000000000002             5000
   8.4089999999999998E-003  0.72840000000000005       0.25740000000000002             5000
   8.4099999999999991E-003  0.72840000000000005       0.25740000000000002             5000
   8.4109999999999983E-003  0.72840000000000005       0.25740000000000002             5000
   8.4119999999999993E-003  0.72840000000000005       0.25740000000000002             5000
   8.4130000000000003E-003  0.72840000000000005       0.25740000000000002             5000
   8.4139999999999996E-003  0.72840000000000005       0.25740000000000002             5000
   8.4150000000000006E-003  0.72840000000000005       0.25740000000000002             5000
   8.4159999999999999E-003  0.72840000000000005       0.25740000000000002             5000
   8.4169999999999991E-003  0.72840000000000005       0.25740000000000002             5000
   8.4179999999999984E-003  0.72840000000000005       0.25740000000000002             5000
   8.4189999999999994E-003  0.72840000000000005       0.25740000000000002             5000
   8.4199999999999987E-003  0.72840000000000005       0.25740000000000002             5000
   8.4209999999999997E-003  0.72840000000000005       0.25740000000000002             5000
   8.4220000000000007E-003  0.72840000000000005       0.25740000000000002             5000
   8.4229999999999999E-003  0.72840000000000005       0.25740000000000002             5000
   8.4239999999999992E-003  0.72840000000000005       0.25740000000000002             5000
   8.4249999999999985E-003  0.72840000000000005       0.25740000000000002             5000
   8.4259999999999995E-003  0.72840000000000005       0.25740000000000002             5000
   8.4269999999999987E-003  0.72840000000000005       0.25740000000000002             5000
   8.4279999999999997E-003  0.72840000000000005       0.25740000000000002             5000
   8.4290000000000007E-003  0.72840000000000005       0.25740000000000002             5000
   8.4300000000000000E-003  0.72840000000000005       0.25740000000000002             5000
   8.4309999999999993E-003  0.72840000000000005       0.25740000000000002             5000
   8.4319999999999985E-003  0.72840000000000005       0.25740000000000002             5000
   8.4329999999999995E-003  0.72840000000000005       0.25740000000000002             5000
   8.4339999999999988E-003  0.72840000000000005       0.25740000000000002             5000
   8.4349999999999998E-003  0.72840000000000005       0.25740000000000002             5000
   8.4359999999999991E-003  0.72840000000000005       0.25740000000000002             5000
   8.4370000000000001E-003  0.72840000000000005       0.25740000000000002             5000
   8.4379999999999993E-003  0.72840000000000005       0.25740000000000002             5000
   8.4389999999999986E-003  0.72840000000000005       0.25740000000000002             5000
   8.4399999999999996E-003  0.72840000000000005       0.25740000000000002             5000
   8.4409999999999989E-003  0.72840000000000005       0.25740000000000002             5000
   8.4419999999999999E-003  0.72840000000000005       0.25740000000000002             5000
   8.4429999999999991E-003  0.72840000000000005       0.25740000000000002             5000
   8.4440000000000001E-003  0.72840000000000005       0.25740000000000002             5000
   8.4449999999999994E-003  0.72840000000000005       0.25740000000000002             5000
   8.4459999999999986E-003  0.72840000000000005       0.25740000000000002             5000
   8.4469999999999996E-003  0.72840000000000005       0.25740000000000002             5000
   8.4479999999999989E-003  0.72840000000000005       0.25740000000000002             5000
   8.4489999999999999E-003  0.72840000000000005       0.25740000000000002             5000
   8.4499999999999992E-003  0.72840000000000005       0.25740000000000002             5000
   8.4510000000000002E-003  0.72840000000000005       0.25740000000000002             5000
   8.4519999999999994E-003  0.72840000000000005       0.25740000000000002             5000
   8.4529999999999987E-003  0.72840000000000005       0.25740000000000002             5000
   8.4539999999999997E-003  0.72840000000000005       0.25740000000000002             5000
   8.4549999999999990E-003  0.72840000000000005       0.25740000000000002             5000
   8.4560000000000000E-003  0.72840000000000005       0.25740000000000002             5000
   8.4569999999999992E-003  0.72840000000000005       0.25740000000000002             5000
   8.4580000000000002E-003  0.72840000000000005       0.25740000000000002             5000
   8.4589999999999995E-003  0.72840000000000005       0.25740000000000002             5000
   8.4599999999999988E-003  0.72840000000000005       0.25740000000000002             5000
   8.4609999999999998E-003  0.72840000000000005       0.25740000000000002             5000
   8.4619999999999990E-003  0.72840000000000005       0.25740000000000002             5000
   8.4630000000000000E-003  0.72840000000000005       0.25740000000000002             5000
   8.4639999999999993E-003  0.72840000000000005       0.25740000000000002             5000
   8.4650000000000003E-003  0.72840000000000005       0.25740000000000002             5000
   8.4659999999999996E-003  0.72840000000000005       0.25740000000000002             5000
   8.4669999999999988E-003  0.72840000000000005       0.25740000000000002             5000
   8.4679999999999998E-003  0.72840000000000005       0.25740000000000002             5000
   8.4689999999999991E-003  0.72840000000000005       0.25740000000000002             5000
   8.4700000000000001E-003  0.72840000000000005       0.25740000000000002             5000
   8.4709999999999994E-003  0.72840000000000005       0.25740000000000002             5000
   8.4720000000000004E-003  0.72840000000000005       0.25740000000000002             5000
   8.4729999999999996E-003  0.72840000000000005       0.25740000000000002             5000
   8.4739999999999989E-003  0.72840000000000005       0.25740000000000002             5000
   8.4749999999999982E-003  0.72840000000000005       0.25740000000000002             5000
   8.4759999999999992E-003  0.72840000000000005       0.25740000000000002             5000
   8.4770000000000002E-003  0.72840000000000005       0.25740000000000002             5000
   8.4779999999999994E-003  0.72840000000000005       0.25740000000000002             5000
   8.4790000000000004E-003  0.72840000000000005       0.25740000000000002             5000
   8.4799999999999997E-003  0.72840000000000005       0.25740000000000002             5000
   8.4809999999999990E-003  0.72840000000000005       0.25740000000000002             5000
   8.4819999999999982E-003  0.72840000000000005       0.25740000000000002             5000
   8.4829999999999992E-003  0.72840000000000005       0.25740000000000002             5000
   8.4840000000000002E-003  0.72840000000000005       0.25740000000000002             5000
   8.4849999999999995E-003  0.72840000000000005       0.25740000000000002             5000
   8.4860000000000005E-003  0.72840000000000005       0.25740000000000002             5000
   8.4869999999999998E-003  0.72840000000000005       0.25740000000000002             5000
   8.4879999999999990E-003  0.72840000000000005       0.25740000000000002             5000
   8.4889999999999983E-003  0.72840000000000005       0.25740000000000002             5000
   8.4899999999999993E-003  0.72840000000000005       0.25740000000000002             5000
   8.4909999999999985E-003  0.72840000000000005       0.25740000000000002             5000
   8.4919999999999995E-003  0.72840000000000005       0.25740000000000002             5000
   8.4930000000000005E-003  0.72840000000000005       0.25740000000000002             5000
   8.4939999999999998E-003  0.72840000000000005       0.25740000000000002             5000
   8.4949999999999991E-003  0.72840000000000005       0.25740000000000002             5000
   8.4959999999999983E-003  0.72840000000000005       0.25740000000000002             5000
   8.4969999999999993E-003  0.72840000000000005       0.25740000000000002             5000
   8.4979999999999986E-003  0.72840000000000005       0.25740000000000002             5000
   8.4989999999999996E-003  0.72840000000000005       0.25740000000000002             5000
   8.5000000000000006E-003  0.72840000000000005       0.25740000000000002             5000
   8.5009999999999999E-003  0.72840000000000005       0.25740000000000002             5000
   8.5019999999999991E-003  0.72840000000000005       0.25740000000000002             5000
   8.5029999999999984E-003  0.72840000000000005       0.25740000000000002             5000
   8.5039999999999994E-003  0.72840000000000005       0.25740000000000002             5000
   8.5049999999999987E-003  0.72840000000000005       0.25740000000000002             5000
   8.5059999999999997E-003  0.72840000000000005       0.25740000000000002             5000
   8.5069999999999989E-003  0.72840000000000005       0.25740000000000002             5000
   8.5079999999999999E-003  0.72840000000000005       0.25740000000000002             5000
   8.5089999999999992E-003  0.72840000000000005       0.25740000000000002             5000
   8.5099999999999985E-003  0.72840000000000005       0.25740000000000002             5000
   8.5109999999999995E-003  0.72840000000000005       0.25740000000000002             5000
   8.5119999999999987E-003  0.72840000000000005       0.25740000000000002             5000
   8.5129999999999997E-003  0.72840000000000005       0.25740000000000002             5000
   8.5139999999999990E-003  0.72840000000000005       0.25740000000000002             5000
   8.5150000000000000E-003  0.72840000000000005       0.25740000000000002             5000
   8.5159999999999993E-003  0.72840000000000005       0.25740000000000002             5000
   8.5169999999999985E-003  0.72840000000000005       0.25740000000000002             5000
   8.5179999999999995E-003  0.72840000000000005       0.25740000000000002             5000
   8.5189999999999988E-003  0.72840000000000005       0.25740000000000002             5000
   8.5199999999999998E-003  0.72840000000000005       0.25740000000000002             5000
   8.5209999999999991E-003  0.72840000000000005       0.25740000000000002             5000
   8.5220000000000001E-003  0.72840000000000005       0.25740000000000002             5000
   8.5229999999999993E-003  0.72840000000000005       0.25740000000000002             5000
   8.5239999999999986E-003  0.72840000000000005       0.25740000000000002             5000
   8.5249999999999996E-003  0.72840000000000005       0.25740000000000002             5000
   8.5259999999999989E-003  0.72840000000000005       0.25740000000000002             5000
   8.5269999999999999E-003  0.72840000000000005       0.25740000000000002             5000
   8.5279999999999991E-003  0.72840000000000005       0.25740000000000002             5000
   8.5290000000000001E-003  0.72840000000000005       0.25740000000000002             5000
   8.5299999999999994E-003  0.72840000000000005       0.25740000000000002             5000
   8.5309999999999987E-003  0.72840000000000005       0.25740000000000002             5000
   8.5319999999999997E-003  0.72840000000000005       0.25740000000000002             5000
   8.5329999999999989E-003  0.72840000000000005       0.25740000000000002             5000
   8.5339999999999999E-003  0.72840000000000005       0.25740000000000002             5000
   8.5349999999999992E-003  0.72840000000000005       0.25740000000000002             5000
   8.5360000000000002E-003  0.72840000000000005       0.25740000000000002             5000
   8.5369999999999994E-003  0.72840000000000005       0.25740000000000002             5000
   8.5379999999999987E-003  0.72840000000000005       0.25740000000000002             5000
   8.5389999999999997E-003  0.72840000000000005       0.25740000000000002             5000
   8.5399999999999990E-003  0.72840000000000005       0.25740000000000002             5000
   8.5410000000000000E-003  0.72840000000000005       0.25740000000000002             5000
   8.5419999999999992E-003  0.72840000000000005       0.25740000000000002             5000
   8.5430000000000002E-003  0.72840000000000005       0.25740000000000002             5000
   8.5439999999999995E-003  0.72840000000000005       0.25740000000000002             5000
   8.5449999999999988E-003  0.72840000000000005       0.25740000000000002             5000
   8.5459999999999980E-003  0.72840000000000005       0.25740000000000002             5000
   8.5469999999999990E-003  0.72840000000000005       0.25740000000000002             5000
   8.5480000000000000E-003  0.72840000000000005       0.25740000000000002             5000
   8.5489999999999993E-003  0.72840000000000005       0.25740000000000002             5000
   8.5500000000000003E-003  0.72840000000000005       0.25740000000000002             5000
   8.5509999999999996E-003  0.72840000000000005       0.25740000000000002             5000
   8.5519999999999988E-003  0.72840000000000005       0.25740000000000002             5000
   8.5529999999999981E-003  0.72840000000000005       0.25740000000000002             5000
   8.5539999999999991E-003  0.72840000000000005       0.25740000000000002             5000
   8.5550000000000001E-003  0.72840000000000005       0.25740000000000002             5000
   8.5559999999999994E-003  0.72840000000000005       0.25740000000000002             5000
   8.5570000000000004E-003  0.72840000000000005       0.25740000000000002             5000
   8.5579999999999996E-003  0.72840000000000005       0.25740000000000002             5000
   8.5589999999999989E-003  0.72840000000000005       0.25740000000000002             5000
   8.5599999999999982E-003  0.72840000000000005       0.25740000000000002             5000
   8.5609999999999992E-003  0.72840000000000005       0.25740000000000002             5000
   8.5619999999999984E-003  0.72840000000000005       0.25740000000000002             5000
   8.5629999999999994E-003  0.72840000000000005       0.25740000000000002             5000
   8.5640000000000004E-003  0.72840000000000005       0.25740000000000002             5000
   8.5649999999999997E-003  0.72840000000000005       0.25740000000000002             5000
   8.5660000000000007E-003  0.72840000000000005       0.25740000000000002             5000
   8.5669999999999982E-003  0.72840000000000005       0.25740000000000002             5000
   8.5679999999999992E-003  0.72840000000000005       0.25740000000000002             5000
   8.5689999999999985E-003  0.72840000000000005       0.25740000000000002             5000
   8.5699999999999995E-003  0.72840000000000005       0.25740000000000002             5000
   8.5710000000000005E-003  0.72840000000000005       0.25740000000000002             5000
   8.5719999999999998E-003  0.72840000000000005       0.25740000000000002             5000
   8.5730000000000008E-003  0.72840000000000005       0.25740000000000002             5000
   8.5739999999999983E-003  0.72840000000000005       0.25740000000000002             5000
   8.5749999999999993E-003  0.72840000000000005       0.25740000000000002             5000
   8.5759999999999986E-003  0.72840000000000005       0.25740000000000002             5000
   8.5769999999999996E-003  0.72840000000000005       0.25740000000000002             5000
   8.5780000000000006E-003  0.72840000000000005       0.25740000000000002             5000
   8.5789999999999998E-003  0.72840000000000005       0.25740000000000002             5000
   8.5800000000000008E-003  0.72840000000000005       0.25740000000000002             5000
   8.5809999999999984E-003  0.72840000000000005       0.25740000000000002             5000
   8.5819999999999994E-003  0.72840000000000005       0.25740000000000002             5000
   8.5829999999999986E-003  0.72840000000000005       0.25740000000000002             5000
   8.5839999999999996E-003  0.72840000000000005       0.25740000000000002             5000
   8.5849999999999989E-003  0.72840000000000005       0.25740000000000002             5000
   8.5859999999999999E-003  0.72840000000000005       0.25740000000000002             5000
   8.5870000000000009E-003  0.72840000000000005       0.25740000000000002             5000
   8.5879999999999984E-003  0.72840000000000005       0.25740000000000002             5000
   8.5889999999999994E-003  0.72840000000000005       0.25740000000000002             5000
   8.5899999999999987E-003  0.72840000000000005       0.25740000000000002             5000
   8.5909999999999997E-003  0.72840000000000005       0.25740000000000002             5000
   8.5919999999999989E-003  0.72840000000000005       0.25740000000000002             5000
   8.5929999999999999E-003  0.72840000000000005       0.25740000000000002             5000
   8.5940000000000009E-003  0.72840000000000005       0.25740000000000002             5000
   8.5950000000000002E-003  0.72840000000000005       0.25740000000000002             5000
   8.5959999999999995E-003  0.72840000000000005       0.25740000000000002             5000
   8.5969999999999987E-003  0.72840000000000005       0.25740000000000002             5000
   8.5979999999999997E-003  0.72840000000000005       0.25740000000000002             5000
   8.5989999999999990E-003  0.72840000000000005       0.25740000000000002             5000
   8.6000000000000000E-003  0.72840000000000005       0.25740000000000002             5000
   8.6009999999999993E-003  0.72840000000000005       0.25740000000000002             5000
   8.6020000000000003E-003  0.72840000000000005       0.25740000000000002             5000
   8.6029999999999995E-003  0.72840000000000005       0.25740000000000002             5000
   8.6039999999999988E-003  0.72840000000000005       0.25740000000000002             5000
   8.6049999999999998E-003  0.72840000000000005       0.25740000000000002             5000
   8.6059999999999991E-003  0.72840000000000005       0.25740000000000002             5000
   8.6070000000000001E-003  0.72840000000000005       0.25740000000000002             5000
   8.6079999999999993E-003  0.72840000000000005       0.25740000000000002             5000
   8.6090000000000003E-003  0.72840000000000005       0.25740000000000002             5000
   8.6099999999999996E-003  0.72840000000000005       0.25740000000000002             5000
   8.6109999999999989E-003  0.72840000000000005       0.25740000000000002             5000
   8.6119999999999999E-003  0.72840000000000005       0.25740000000000002             5000
   8.6129999999999991E-003  0.72840000000000005       0.25740000000000002             5000
   8.6140000000000001E-003  0.72840000000000005       0.25740000000000002             5000
   8.6149999999999994E-003  0.72840000000000005       0.25740000000000002             5000
   8.6160000000000004E-003  0.72840000000000005       0.25740000000000002             5000
   8.6169999999999979E-003  0.72840000000000005       0.25740000000000002             5000
   8.6179999999999989E-003  0.72840000000000005       0.25740000000000002             5000
   8.6189999999999999E-003  0.72840000000000005       0.25740000000000002             5000
   8.6199999999999992E-003  0.72840000000000005       0.25740000000000002             5000
   8.6210000000000002E-003  0.72840000000000005       0.25740000000000002             5000
   8.6219999999999995E-003  0.72840000000000005       0.25740000000000002             5000
   8.6230000000000005E-003  0.72840000000000005       0.25740000000000002             5000
   8.6239999999999980E-003  0.72840000000000005       0.25740000000000002             5000
   8.6249999999999990E-003  0.72840000000000005       0.25740000000000002             5000
   8.6260000000000000E-003  0.72840000000000005       0.25740000000000002             5000
   8.6269999999999993E-003  0.72840000000000005       0.25740000000000002             5000
   8.6280000000000003E-003  0.72840000000000005       0.25740000000000002             5000
   8.6289999999999995E-003  0.72840000000000005       0.25740000000000002             5000
   8.6300000000000005E-003  0.72840000000000005       0.25740000000000002             5000
   8.6309999999999998E-003  0.72840000000000005       0.25740000000000002             5000
   8.6319999999999990E-003  0.72840000000000005       0.25740000000000002             5000
   8.6329999999999983E-003  0.72840000000000005       0.25740000000000002             5000
   8.6339999999999993E-003  0.72840000000000005       0.25740000000000002             5000
   8.6350000000000003E-003  0.72840000000000005       0.25740000000000002             5000
   8.6359999999999996E-003  0.72840000000000005       0.25740000000000002             5000
   8.6370000000000006E-003  0.72840000000000005       0.25740000000000002             5000
   8.6379999999999998E-003  0.72840000000000005       0.25740000000000002             5000
   8.6389999999999991E-003  0.72840000000000005       0.25740000000000002             5000
   8.6399999999999984E-003  0.72840000000000005       0.25740000000000002             5000
   8.6409999999999994E-003  0.72840000000000005       0.25740000000000002             5000
   8.6420000000000004E-003  0.72840000000000005       0.25740000000000002             5000
   8.6429999999999996E-003  0.72840000000000005       0.25740000000000002             5000
   8.6440000000000006E-003  0.72840000000000005       0.25740000000000002             5000
   8.6449999999999999E-003  0.72840000000000005       0.25740000000000002             5000
   8.6459999999999992E-003  0.72840000000000005       0.25740000000000002             5000
   8.6469999999999984E-003  0.72840000000000005       0.25740000000000002             5000
   8.6479999999999994E-003  0.72840000000000005       0.25740000000000002             5000
   8.6490000000000004E-003  0.72840000000000005       0.25740000000000002             5000
   8.6499999999999997E-003  0.72840000000000005       0.25740000000000002             5000
   8.6510000000000007E-003  0.72840000000000005       0.25740000000000002             5000
   8.6520000000000000E-003  0.72840000000000005       0.25740000000000002             5000
   8.6529999999999992E-003  0.72840000000000005       0.25740000000000002             5000
   8.6539999999999985E-003  0.72840000000000005       0.25740000000000002             5000
   8.6549999999999995E-003  0.72840000000000005       0.25740000000000002             5000
   8.6559999999999988E-003  0.72840000000000005       0.25740000000000002             5000
   8.6569999999999998E-003  0.72840000000000005       0.25740000000000002             5000
   8.6580000000000008E-003  0.72840000000000005       0.25740000000000002             5000
   8.6590000000000000E-003  0.72840000000000005       0.25740000000000002             5000
   8.6599999999999993E-003  0.72840000000000005       0.25740000000000002             5000
   8.6609999999999986E-003  0.72840000000000005       0.25740000000000002             5000
   8.6619999999999996E-003  0.72840000000000005       0.25740000000000002             5000
   8.6629999999999988E-003  0.72840000000000005       0.25740000000000002             5000
   8.6639999999999998E-003  0.72840000000000005       0.25740000000000002             5000
   8.6650000000000008E-003  0.72840000000000005       0.25740000000000002             5000
   8.6660000000000001E-003  0.72840000000000005       0.25740000000000002             5000
   8.6669999999999994E-003  0.72840000000000005       0.25740000000000002             5000
   8.6679999999999986E-003  0.72840000000000005       0.25740000000000002             5000
   8.6689999999999996E-003  0.72840000000000005       0.25740000000000002             5000
   8.6699999999999989E-003  0.72840000000000005       0.25740000000000002             5000
   8.6709999999999999E-003  0.72840000000000005       0.25740000000000002             5000
   8.6719999999999992E-003  0.72840000000000005       0.25740000000000002             5000
   8.6730000000000002E-003  0.72840000000000005       0.25740000000000002             5000
   8.6739999999999994E-003  0.72840000000000005       0.25740000000000002             5000
   8.6749999999999987E-003  0.72840000000000005       0.25740000000000002             5000
   8.6759999999999997E-003  0.72840000000000005       0.25740000000000002             5000
   8.6769999999999989E-003  0.72840000000000005       0.25740000000000002             5000
   8.6779999999999999E-003  0.72840000000000005       0.25740000000000002             5000
   8.6789999999999992E-003  0.72840000000000005       0.25740000000000002             5000
   8.6800000000000002E-003  0.72840000000000005       0.25740000000000002             5000
   8.6809999999999995E-003  0.72840000000000005       0.25740000000000002             5000
   8.6819999999999987E-003  0.72840000000000005       0.25740000000000002             5000
   8.6829999999999997E-003  0.72840000000000005       0.25740000000000002             5000
   8.6839999999999990E-003  0.72840000000000005       0.25740000000000002             5000
   8.6850000000000000E-003  0.72840000000000005       0.25740000000000002             5000
   8.6859999999999993E-003  0.72840000000000005       0.25740000000000002             5000
   8.6870000000000003E-003  0.72840000000000005       0.25740000000000002             5000
   8.6879999999999995E-003  0.72840000000000005       0.25740000000000002             5000
   8.6889999999999988E-003  0.72840000000000005       0.25740000000000002             5000
   8.6899999999999998E-003  0.72840000000000005       0.25740000000000002             5000
   8.6909999999999991E-003  0.72840000000000005       0.25740000000000002             5000
   8.6920000000000001E-003  0.72840000000000005       0.25740000000000002             5000
   8.6929999999999993E-003  0.72840000000000005       0.25740000000000002             5000
   8.6940000000000003E-003  0.72840000000000005       0.25740000000000002             5000
   8.6949999999999996E-003  0.72840000000000005       0.25740000000000002             5000
   8.6959999999999989E-003  0.72840000000000005       0.25740000000000002             5000
   8.6969999999999999E-003  0.72840000000000005       0.25740000000000002             5000
   8.6979999999999991E-003  0.72840000000000005       0.25740000000000002             5000
   8.6990000000000001E-003  0.72840000000000005       0.25740000000000002             5000
   8.6999999999999994E-003  0.72840000000000005       0.25740000000000002             5000
   8.7010000000000004E-003  0.72840000000000005       0.25740000000000002             5000
   8.7019999999999997E-003  0.72840000000000005       0.25740000000000002             5000
   8.7029999999999989E-003  0.72840000000000005       0.25740000000000002             5000
   8.7039999999999982E-003  0.72840000000000005       0.25740000000000002             5000
   8.7049999999999992E-003  0.72840000000000005       0.25740000000000002             5000
   8.7060000000000002E-003  0.72840000000000005       0.25740000000000002             5000
   8.7069999999999995E-003  0.72840000000000005       0.25740000000000002             5000
   8.7080000000000005E-003  0.72840000000000005       0.25740000000000002             5000
   8.7089999999999997E-003  0.72840000000000005       0.25740000000000002             5000
   8.7099999999999990E-003  0.72840000000000005       0.25740000000000002             5000
   8.7109999999999983E-003  0.72840000000000005       0.25740000000000002             5000
   8.7119999999999993E-003  0.72840000000000005       0.25740000000000002             5000
   8.7130000000000003E-003  0.72840000000000005       0.25740000000000002             5000
   8.7139999999999995E-003  0.72840000000000005       0.25740000000000002             5000
   8.7150000000000005E-003  0.72840000000000005       0.25740000000000002             5000
   8.7159999999999998E-003  0.72840000000000005       0.25740000000000002             5000
   8.7169999999999991E-003  0.72840000000000005       0.25740000000000002             5000
   8.7179999999999983E-003  0.72840000000000005       0.25740000000000002             5000
   8.7189999999999993E-003  0.72840000000000005       0.25740000000000002             5000
   8.7200000000000003E-003  0.72840000000000005       0.25740000000000002             5000
   8.7209999999999996E-003  0.72840000000000005       0.25740000000000002             5000
   8.7220000000000006E-003  0.72840000000000005       0.25740000000000002             5000
   8.7229999999999999E-003  0.72840000000000005       0.25740000000000002             5000
   8.7239999999999991E-003  0.72840000000000005       0.25740000000000002             5000
   8.7249999999999984E-003  0.72840000000000005       0.25740000000000002             5000
   8.7259999999999994E-003  0.72840000000000005       0.25740000000000002             5000
   8.7269999999999986E-003  0.72840000000000005       0.25740000000000002             5000
   8.7279999999999996E-003  0.72840000000000005       0.25740000000000002             5000
   8.7290000000000006E-003  0.72840000000000005       0.25740000000000002             5000
   8.7299999999999999E-003  0.72840000000000005       0.25740000000000002             5000
   8.7309999999999992E-003  0.72840000000000005       0.25740000000000002             5000
   8.7319999999999984E-003  0.72840000000000005       0.25740000000000002             5000
   8.7329999999999994E-003  0.72840000000000005       0.25740000000000002             5000
   8.7339999999999987E-003  0.72840000000000005       0.25740000000000002             5000
   8.7349999999999997E-003  0.72840000000000005       0.25740000000000002             5000
   8.7360000000000007E-003  0.72840000000000005       0.25740000000000002             5000
   8.7370000000000000E-003  0.72840000000000005       0.25740000000000002             5000
   8.7379999999999992E-003  0.72840000000000005       0.25740000000000002             5000
   8.7389999999999985E-003  0.72840000000000005       0.25740000000000002             5000
   8.7399999999999995E-003  0.72840000000000005       0.25740000000000002             5000
   8.7409999999999988E-003  0.72840000000000005       0.25740000000000002             5000
   8.7419999999999998E-003  0.72840000000000005       0.25740000000000002             5000
   8.7429999999999990E-003  0.72840000000000005       0.25740000000000002             5000
   8.7440000000000000E-003  0.72840000000000005       0.25740000000000002             5000
   8.7449999999999993E-003  0.72840000000000005       0.25740000000000002             5000
   8.7459999999999986E-003  0.72840000000000005       0.25740000000000002             5000
   8.7469999999999996E-003  0.72840000000000005       0.25740000000000002             5000
   8.7479999999999988E-003  0.72840000000000005       0.25740000000000002             5000
   8.7489999999999998E-003  0.72840000000000005       0.25740000000000002             5000
   8.7499999999999991E-003  0.72840000000000005       0.25740000000000002             5000
   8.7510000000000001E-003  0.72840000000000005       0.25740000000000002             5000
   8.7519999999999994E-003  0.72840000000000005       0.25740000000000002             5000
   8.7529999999999986E-003  0.72840000000000005       0.25740000000000002             5000
   8.7539999999999996E-003  0.72840000000000005       0.25740000000000002             5000
   8.7549999999999989E-003  0.72840000000000005       0.25740000000000002             5000
   8.7559999999999999E-003  0.72840000000000005       0.25740000000000002             5000
   8.7569999999999992E-003  0.72840000000000005       0.25740000000000002             5000
   8.7580000000000002E-003  0.72840000000000005       0.25740000000000002             5000
   8.7589999999999994E-003  0.72840000000000005       0.25740000000000002             5000
   8.7599999999999987E-003  0.72840000000000005       0.25740000000000002             5000
   8.7609999999999997E-003  0.72840000000000005       0.25740000000000002             5000
   8.7619999999999990E-003  0.72840000000000005       0.25740000000000002             5000
   8.7630000000000000E-003  0.72840000000000005       0.25740000000000002             5000
   8.7639999999999992E-003  0.72840000000000005       0.25740000000000002             5000
   8.7650000000000002E-003  0.72840000000000005       0.25740000000000002             5000
   8.7659999999999995E-003  0.72840000000000005       0.25740000000000002             5000
   8.7669999999999988E-003  0.72840000000000005       0.25740000000000002             5000
   8.7679999999999998E-003  0.72840000000000005       0.25740000000000002             5000
   8.7689999999999990E-003  0.72840000000000005       0.25740000000000002             5000
   8.7700000000000000E-003  0.72840000000000005       0.25740000000000002             5000
   8.7709999999999993E-003  0.72840000000000005       0.25740000000000002             5000
   8.7720000000000003E-003  0.72840000000000005       0.25740000000000002             5000
   8.7729999999999995E-003  0.72840000000000005       0.25740000000000002             5000
   8.7739999999999988E-003  0.72840000000000005       0.25740000000000002             5000
   8.7749999999999998E-003  0.72840000000000005       0.25740000000000002             5000
   8.7759999999999991E-003  0.72840000000000005       0.25740000000000002             5000
   8.7770000000000001E-003  0.72840000000000005       0.25740000000000002             5000
   8.7779999999999993E-003  0.72840000000000005       0.25740000000000002             5000
   8.7790000000000003E-003  0.72840000000000005       0.25740000000000002             5000
   8.7799999999999996E-003  0.72840000000000005       0.25740000000000002             5000
   8.7809999999999989E-003  0.72840000000000005       0.25740000000000002             5000
   8.7819999999999981E-003  0.72840000000000005       0.25740000000000002             5000
   8.7829999999999991E-003  0.72840000000000005       0.25740000000000002             5000
   8.7840000000000001E-003  0.72840000000000005       0.25740000000000002             5000
   8.7849999999999994E-003  0.72840000000000005       0.25740000000000002             5000
   8.7860000000000004E-003  0.72840000000000005       0.25740000000000002             5000
   8.7869999999999997E-003  0.72840000000000005       0.25740000000000002             5000
   8.7879999999999989E-003  0.72840000000000005       0.25740000000000002             5000
   8.7889999999999982E-003  0.72840000000000005       0.25740000000000002             5000
   8.7899999999999992E-003  0.72840000000000005       0.25740000000000002             5000
   8.7910000000000002E-003  0.72840000000000005       0.25740000000000002             5000
   8.7919999999999995E-003  0.72840000000000005       0.25740000000000002             5000
   8.7930000000000005E-003  0.72840000000000005       0.25740000000000002             5000
   8.7939999999999997E-003  0.72840000000000005       0.25740000000000002             5000
   8.7949999999999990E-003  0.72840000000000005       0.25740000000000002             5000
   8.7959999999999983E-003  0.72840000000000005       0.25740000000000002             5000
   8.7969999999999993E-003  0.72840000000000005       0.25740000000000002             5000
   8.7979999999999985E-003  0.72840000000000005       0.25740000000000002             5000
   8.7989999999999995E-003  0.72840000000000005       0.25740000000000002             5000
   8.8000000000000005E-003  0.72840000000000005       0.25740000000000002             5000
   8.8009999999999998E-003  0.72840000000000005       0.25740000000000002             5000
   8.8019999999999991E-003  0.72840000000000005       0.25740000000000002             5000
   8.8029999999999983E-003  0.72840000000000005       0.25740000000000002             5000
   8.8039999999999993E-003  0.72840000000000005       0.25740000000000002             5000
   8.8049999999999986E-003  0.72840000000000005       0.25740000000000002             5000
   8.8059999999999996E-003  0.72840000000000005       0.25740000000000002             5000
   8.8070000000000006E-003  0.72840000000000005       0.25740000000000002             5000
   8.8079999999999999E-003  0.72840000000000005       0.25740000000000002             5000
   8.8089999999999991E-003  0.72840000000000005       0.25740000000000002             5000
   8.8099999999999984E-003  0.72840000000000005       0.25740000000000002             5000
   8.8109999999999994E-003  0.72840000000000005       0.25740000000000002             5000
   8.8119999999999987E-003  0.72840000000000005       0.25740000000000002             5000
   8.8129999999999997E-003  0.72840000000000005       0.25740000000000002             5000
   8.8139999999999989E-003  0.72840000000000005       0.25740000000000002             5000
   8.8149999999999999E-003  0.72840000000000005       0.25740000000000002             5000
   8.8159999999999992E-003  0.72840000000000005       0.25740000000000002             5000
   8.8169999999999984E-003  0.72840000000000005       0.25740000000000002             5000
   8.8179999999999994E-003  0.72840000000000005       0.25740000000000002             5000
   8.8189999999999987E-003  0.72840000000000005       0.25740000000000002             5000
   8.8199999999999997E-003  0.72840000000000005       0.25740000000000002             5000
   8.8209999999999990E-003  0.72840000000000005       0.25740000000000002             5000
   8.8220000000000000E-003  0.72840000000000005       0.25740000000000002             5000
   8.8229999999999992E-003  0.72840000000000005       0.25740000000000002             5000
   8.8239999999999985E-003  0.72840000000000005       0.25740000000000002             5000
   8.8249999999999995E-003  0.72840000000000005       0.25740000000000002             5000
   8.8259999999999988E-003  0.72840000000000005       0.25740000000000002             5000
   8.8269999999999998E-003  0.72840000000000005       0.25740000000000002             5000
   8.8279999999999990E-003  0.72840000000000005       0.25740000000000002             5000
   8.8290000000000000E-003  0.72840000000000005       0.25740000000000002             5000
   8.8299999999999993E-003  0.72840000000000005       0.25740000000000002             5000
   8.8309999999999986E-003  0.72840000000000005       0.25740000000000002             5000
   8.8319999999999996E-003  0.72840000000000005       0.25740000000000002             5000
   8.8329999999999988E-003  0.72840000000000005       0.25740000000000002             5000
   8.8339999999999998E-003  0.72840000000000005       0.25740000000000002             5000
   8.8349999999999991E-003  0.72840000000000005       0.25740000000000002             5000
   8.8360000000000001E-003  0.72840000000000005       0.25740000000000002             5000
   8.8369999999999994E-003  0.72840000000000005       0.25740000000000002             5000
   8.8379999999999986E-003  0.72840000000000005       0.25740000000000002             5000
   8.8389999999999996E-003  0.72840000000000005       0.25740000000000002             5000
   8.8399999999999989E-003  0.72840000000000005       0.25740000000000002             5000
   8.8409999999999999E-003  0.72840000000000005       0.25740000000000002             5000
   8.8419999999999992E-003  0.72840000000000005       0.25740000000000002             5000
   8.8430000000000002E-003  0.72840000000000005       0.25740000000000002             5000
   8.8439999999999994E-003  0.72840000000000005       0.25740000000000002             5000
   8.8449999999999987E-003  0.72840000000000005       0.25740000000000002             5000
   8.8459999999999997E-003  0.72840000000000005       0.25740000000000002             5000
   8.8469999999999990E-003  0.72840000000000005       0.25740000000000002             5000
   8.8480000000000000E-003  0.72840000000000005       0.25740000000000002             5000
   8.8489999999999992E-003  0.72840000000000005       0.25740000000000002             5000
   8.8500000000000002E-003  0.72840000000000005       0.25740000000000002             5000
   8.8509999999999995E-003  0.72840000000000005       0.25740000000000002             5000
   8.8519999999999988E-003  0.72840000000000005       0.25740000000000002             5000
   8.8529999999999980E-003  0.72840000000000005       0.25740000000000002             5000
   8.8539999999999990E-003  0.72840000000000005       0.25740000000000002             5000
   8.8550000000000000E-003  0.72840000000000005       0.25740000000000002             5000
   8.8559999999999993E-003  0.72840000000000005       0.25740000000000002             5000
   8.8570000000000003E-003  0.72840000000000005       0.25740000000000002             5000
   8.8579999999999996E-003  0.72840000000000005       0.25740000000000002             5000
   8.8589999999999988E-003  0.72840000000000005       0.25740000000000002             5000
   8.8599999999999981E-003  0.72840000000000005       0.25740000000000002             5000
   8.8609999999999991E-003  0.72840000000000005       0.25740000000000002             5000
   8.8620000000000001E-003  0.72840000000000005       0.25740000000000002             5000
   8.8629999999999994E-003  0.72840000000000005       0.25740000000000002             5000
   8.8640000000000004E-003  0.72840000000000005       0.25740000000000002             5000
   8.8649999999999996E-003  0.72840000000000005       0.25740000000000002             5000
   8.8660000000000006E-003  0.72840000000000005       0.25740000000000002             5000
   8.8669999999999981E-003  0.72840000000000005       0.25740000000000002             5000
   8.8679999999999991E-003  0.72840000000000005       0.25740000000000002             5000
   8.8689999999999984E-003  0.72840000000000005       0.25740000000000002             5000
   8.8699999999999994E-003  0.72840000000000005       0.25740000000000002             5000
   8.8710000000000004E-003  0.72840000000000005       0.25740000000000002             5000
   8.8719999999999997E-003  0.72840000000000005       0.25740000000000002             5000
   8.8730000000000007E-003  0.72840000000000005       0.25740000000000002             5000
   8.8739999999999982E-003  0.72840000000000005       0.25740000000000002             5000
   8.8749999999999992E-003  0.72840000000000005       0.25740000000000002             5000
   8.8759999999999985E-003  0.72840000000000005       0.25740000000000002             5000
   8.8769999999999995E-003  0.72840000000000005       0.25740000000000002             5000
   8.8780000000000005E-003  0.72840000000000005       0.25740000000000002             5000
   8.8789999999999997E-003  0.72840000000000005       0.25740000000000002             5000
   8.8800000000000007E-003  0.72840000000000005       0.25740000000000002             5000
   8.8809999999999983E-003  0.72840000000000005       0.25740000000000002             5000
   8.8819999999999993E-003  0.72840000000000005       0.25740000000000002             5000
   8.8829999999999985E-003  0.72840000000000005       0.25740000000000002             5000
   8.8839999999999995E-003  0.72840000000000005       0.25740000000000002             5000
   8.8849999999999988E-003  0.72840000000000005       0.25740000000000002             5000
   8.8859999999999998E-003  0.72840000000000005       0.25740000000000002             5000
   8.8870000000000008E-003  0.72840000000000005       0.25740000000000002             5000
   8.8879999999999983E-003  0.72840000000000005       0.25740000000000002             5000
   8.8889999999999993E-003  0.72840000000000005       0.25740000000000002             5000
   8.8899999999999986E-003  0.72840000000000005       0.25740000000000002             5000
   8.8909999999999996E-003  0.72840000000000005       0.25740000000000002             5000
   8.8919999999999989E-003  0.72840000000000005       0.25740000000000002             5000
   8.8929999999999999E-003  0.72840000000000005       0.25740000000000002             5000
   8.8940000000000009E-003  0.72840000000000005       0.25740000000000002             5000
   8.8950000000000001E-003  0.72840000000000005       0.25740000000000002             5000
   8.8959999999999994E-003  0.72840000000000005       0.25740000000000002             5000
   8.8969999999999987E-003  0.72840000000000005       0.25740000000000002             5000
   8.8979999999999997E-003  0.72840000000000005       0.25740000000000002             5000
   8.8989999999999989E-003  0.72840000000000005       0.25740000000000002             5000
   8.8999999999999999E-003  0.72840000000000005       0.25740000000000002             5000
   8.9010000000000009E-003  0.72840000000000005       0.25740000000000002             5000
   8.9020000000000002E-003  0.72840000000000005       0.25740000000000002             5000
   8.9029999999999995E-003  0.72840000000000005       0.25740000000000002             5000
   8.9039999999999987E-003  0.72840000000000005       0.25740000000000002             5000
   8.9049999999999997E-003  0.72840000000000005       0.25740000000000002             5000
   8.9059999999999990E-003  0.72840000000000005       0.25740000000000002             5000
   8.9070000000000000E-003  0.72840000000000005       0.25740000000000002             5000
   8.9079999999999993E-003  0.72840000000000005       0.25740000000000002             5000
   8.9090000000000003E-003  0.72840000000000005       0.25740000000000002             5000
   8.9099999999999995E-003  0.72840000000000005       0.25740000000000002             5000
   8.9109999999999988E-003  0.72840000000000005       0.25740000000000002             5000
   8.9119999999999998E-003  0.72840000000000005       0.25740000000000002             5000
   8.9129999999999990E-003  0.72840000000000005       0.25740000000000002             5000
   8.9140000000000000E-003  0.72840000000000005       0.25740000000000002             5000
   8.9149999999999993E-003  0.72840000000000005       0.25740000000000002             5000
   8.9160000000000003E-003  0.72840000000000005       0.25740000000000002             5000
   8.9169999999999996E-003  0.72840000000000005       0.25740000000000002             5000
   8.9179999999999988E-003  0.72840000000000005       0.25740000000000002             5000
   8.9189999999999998E-003  0.72840000000000005       0.25740000000000002             5000
   8.9199999999999991E-003  0.72840000000000005       0.25740000000000002             5000
   8.9210000000000001E-003  0.72840000000000005       0.25740000000000002             5000
   8.9219999999999994E-003  0.72840000000000005       0.25740000000000002             5000
   8.9230000000000004E-003  0.72840000000000005       0.25740000000000002             5000
   8.9239999999999979E-003  0.72840000000000005       0.25740000000000002             5000
   8.9249999999999989E-003  0.72840000000000005       0.25740000000000002             5000
   8.9259999999999999E-003  0.72840000000000005       0.25740000000000002             5000
   8.9269999999999992E-003  0.72840000000000005       0.25740000000000002             5000
   8.9280000000000002E-003  0.72840000000000005       0.25740000000000002             5000
   8.9289999999999994E-003  0.72840000000000005       0.25740000000000002             5000
   8.9300000000000004E-003  0.72840000000000005       0.25740000000000002             5000
   8.9309999999999997E-003  0.72840000000000005       0.25740000000000002             5000
   8.9319999999999990E-003  0.72840000000000005       0.25740000000000002             5000
   8.9330000000000000E-003  0.72840000000000005       0.25740000000000002             5000
   8.9339999999999992E-003  0.72840000000000005       0.25740000000000002             5000
   8.9350000000000002E-003  0.72840000000000005       0.25740000000000002             5000
   8.9359999999999995E-003  0.72840000000000005       0.25740000000000002             5000
   8.9370000000000005E-003  0.72840000000000005       0.25740000000000002             5000
   8.9379999999999998E-003  0.72840000000000005       0.25740000000000002             5000
   8.9389999999999990E-003  0.72840000000000005       0.25740000000000002             5000
   8.9399999999999983E-003  0.72840000000000005       0.25740000000000002             5000
   8.9409999999999993E-003  0.72840000000000005       0.25740000000000002             5000
   8.9420000000000003E-003  0.72840000000000005       0.25740000000000002             5000
   8.9429999999999996E-003  0.72840000000000005       0.25740000000000002             5000
   8.9440000000000006E-003  0.72840000000000005       0.25740000000000002             5000
   8.9449999999999998E-003  0.72840000000000005       0.25740000000000002             5000
   8.9459999999999991E-003  0.72840000000000005       0.25740000000000002             5000
   8.9469999999999984E-003  0.72840000000000005       0.25740000000000002             5000
   8.9479999999999994E-003  0.72840000000000005       0.25740000000000002             5000
   8.9490000000000004E-003  0.72840000000000005       0.25740000000000002             5000
   8.9499999999999996E-003  0.72840000000000005       0.25740000000000002             5000
   8.9510000000000006E-003  0.72840000000000005       0.25740000000000002             5000
   8.9519999999999999E-003  0.72840000000000005       0.25740000000000002             5000
   8.9529999999999992E-003  0.72840000000000005       0.25740000000000002             5000
   8.9539999999999984E-003  0.72840000000000005       0.25740000000000002             5000
   8.9549999999999994E-003  0.72840000000000005       0.25740000000000002             5000
   8.9559999999999987E-003  0.72840000000000005       0.25740000000000002             5000
   8.9569999999999997E-003  0.72840000000000005       0.25740000000000002             5000
   8.9580000000000007E-003  0.72840000000000005       0.25740000000000002             5000
   8.9589999999999999E-003  0.72840000000000005       0.25740000000000002             5000
   8.9599999999999992E-003  0.72840000000000005       0.25740000000000002             5000
   8.9609999999999985E-003  0.72840000000000005       0.25740000000000002             5000
   8.9619999999999995E-003  0.72840000000000005       0.25740000000000002             5000
   8.9629999999999987E-003  0.72840000000000005       0.25740000000000002             5000
   8.9639999999999997E-003  0.72840000000000005       0.25740000000000002             5000
   8.9650000000000007E-003  0.72840000000000005       0.25740000000000002             5000
   8.9660000000000000E-003  0.72840000000000005       0.25740000000000002             5000
   8.9669999999999993E-003  0.72840000000000005       0.25740000000000002             5000
   8.9679999999999985E-003  0.72840000000000005       0.25740000000000002             5000
   8.9689999999999995E-003  0.72840000000000005       0.25740000000000002             5000
   8.9699999999999988E-003  0.72840000000000005       0.25740000000000002             5000
   8.9709999999999998E-003  0.72840000000000005       0.25740000000000002             5000
   8.9720000000000008E-003  0.72840000000000005       0.25740000000000002             5000
   8.9730000000000001E-003  0.72840000000000005       0.25740000000000002             5000
   8.9739999999999993E-003  0.72840000000000005       0.25740000000000002             5000
   8.9749999999999986E-003  0.72840000000000005       0.25740000000000002             5000
   8.9759999999999996E-003  0.72840000000000005       0.25740000000000002             5000
   8.9769999999999989E-003  0.72840000000000005       0.25740000000000002             5000
   8.9779999999999999E-003  0.72840000000000005       0.25740000000000002             5000
   8.9789999999999991E-003  0.72840000000000005       0.25740000000000002             5000
   8.9800000000000001E-003  0.72840000000000005       0.25740000000000002             5000
   8.9809999999999994E-003  0.72840000000000005       0.25740000000000002             5000
   8.9819999999999987E-003  0.72840000000000005       0.25740000000000002             5000
   8.9829999999999997E-003  0.72840000000000005       0.25740000000000002             5000
   8.9839999999999989E-003  0.72840000000000005       0.25740000000000002             5000
   8.9849999999999999E-003  0.72840000000000005       0.25740000000000002             5000
   8.9859999999999992E-003  0.72840000000000005       0.25740000000000002             5000
   8.9870000000000002E-003  0.72840000000000005       0.25740000000000002             5000
   8.9879999999999995E-003  0.72840000000000005       0.25740000000000002             5000
   8.9889999999999987E-003  0.72840000000000005       0.25740000000000002             5000
   8.9899999999999997E-003  0.72840000000000005       0.25740000000000002             5000
   8.9909999999999990E-003  0.72840000000000005       0.25740000000000002             5000
   8.9920000000000000E-003  0.72840000000000005       0.25740000000000002             5000
   8.9929999999999993E-003  0.72840000000000005       0.25740000000000002             5000
   8.9940000000000003E-003  0.72840000000000005       0.25740000000000002             5000
   8.9949999999999995E-003  0.72840000000000005       0.25740000000000002             5000
   8.9959999999999988E-003  0.72840000000000005       0.25740000000000002             5000
   8.9969999999999998E-003  0.72840000000000005       0.25740000000000002             5000
   8.9979999999999991E-003  0.72840000000000005       0.25740000000000002             5000
   8.9990000000000001E-003  0.72840000000000005       0.25740000000000002             5000
   8.9999999999999993E-003  0.72840000000000005       0.25740000000000002             5000
   9.0010000000000003E-003  0.72840000000000005       0.25740000000000002             5000
   9.0019999999999996E-003  0.72840000000000005       0.25740000000000002             5000
   9.0029999999999989E-003  0.72840000000000005       0.25740000000000002             5000
   9.0039999999999999E-003  0.72840000000000005       0.25740000000000002             5000
   9.0049999999999991E-003  0.72840000000000005       0.25740000000000002             5000
   9.0060000000000001E-003  0.72840000000000005       0.25740000000000002             5000
   9.0069999999999994E-003  0.72840000000000005       0.25740000000000002             5000
   9.0080000000000004E-003  0.72840000000000005       0.25740000000000002             5000
   9.0089999999999996E-003  0.72840000000000005       0.25740000000000002             5000
   9.0099999999999989E-003  0.72840000000000005       0.25740000000000002             5000
   9.0109999999999982E-003  0.72840000000000005       0.25740000000000002             5000
   9.0119999999999992E-003  0.72840000000000005       0.25740000000000002             5000
   9.0130000000000002E-003  0.72840000000000005       0.25740000000000002             5000
   9.0139999999999994E-003  0.72840000000000005       0.25740000000000002             5000
   9.0150000000000004E-003  0.72840000000000005       0.25740000000000002             5000
   9.0159999999999997E-003  0.72840000000000005       0.25740000000000002             5000
   9.0169999999999990E-003  0.72840000000000005       0.25740000000000002             5000
   9.0179999999999982E-003  0.72840000000000005       0.25740000000000002             5000
   9.0189999999999992E-003  0.72840000000000005       0.25740000000000002             5000
   9.0200000000000002E-003  0.72840000000000005       0.25740000000000002             5000
   9.0209999999999995E-003  0.72840000000000005       0.25740000000000002             5000
   9.0220000000000005E-003  0.72840000000000005       0.25740000000000002             5000
   9.0229999999999998E-003  0.72840000000000005       0.25740000000000002             5000
   9.0239999999999990E-003  0.72840000000000005       0.25740000000000002             5000
   9.0249999999999983E-003  0.72840000000000005       0.25740000000000002             5000
   9.0259999999999993E-003  0.72840000000000005       0.25740000000000002             5000
   9.0270000000000003E-003  0.72840000000000005       0.25740000000000002             5000
   9.0279999999999996E-003  0.72840000000000005       0.25740000000000002             5000
   9.0290000000000006E-003  0.72840000000000005       0.25740000000000002             5000
   9.0299999999999998E-003  0.72840000000000005       0.25740000000000002             5000
   9.0309999999999991E-003  0.72840000000000005       0.25740000000000002             5000
   9.0319999999999984E-003  0.72840000000000005       0.25740000000000002             5000
   9.0329999999999994E-003  0.72840000000000005       0.25740000000000002             5000
   9.0339999999999986E-003  0.72840000000000005       0.25740000000000002             5000
   9.0349999999999996E-003  0.72840000000000005       0.25740000000000002             5000
   9.0360000000000006E-003  0.72840000000000005       0.25740000000000002             5000
   9.0369999999999999E-003  0.72840000000000005       0.25740000000000002             5000
   9.0379999999999992E-003  0.72840000000000005       0.25740000000000002             5000
   9.0389999999999984E-003  0.72840000000000005       0.25740000000000002             5000
   9.0399999999999994E-003  0.72840000000000005       0.25740000000000002             5000
   9.0409999999999987E-003  0.72840000000000005       0.25740000000000002             5000
   9.0419999999999997E-003  0.72840000000000005       0.25740000000000002             5000
   9.0430000000000007E-003  0.72840000000000005       0.25740000000000002             5000
   9.0440000000000000E-003  0.72840000000000005       0.25740000000000002             5000
   9.0449999999999992E-003  0.72840000000000005       0.25740000000000002             5000
   9.0459999999999985E-003  0.72840000000000005       0.25740000000000002             5000
   9.0469999999999995E-003  0.72840000000000005       0.25740000000000002             5000
   9.0479999999999988E-003  0.72840000000000005       0.25740000000000002             5000
   9.0489999999999998E-003  0.72840000000000005       0.25740000000000002             5000
   9.0499999999999990E-003  0.72840000000000005       0.25740000000000002             5000
   9.0510000000000000E-003  0.72840000000000005       0.25740000000000002             5000
   9.0519999999999993E-003  0.72840000000000005       0.25740000000000002             5000
   9.0529999999999985E-003  0.72840000000000005       0.25740000000000002             5000
   9.0539999999999995E-003  0.72840000000000005       0.25740000000000002             5000
   9.0549999999999988E-003  0.72840000000000005       0.25740000000000002             5000
   9.0559999999999998E-003  0.72840000000000005       0.25740000000000002             5000
   9.0569999999999991E-003  0.72840000000000005       0.25740000000000002             5000
   9.0580000000000001E-003  0.72840000000000005       0.25740000000000002             5000
   9.0589999999999993E-003  0.72840000000000005       0.25740000000000002             5000
   9.0599999999999986E-003  0.72840000000000005       0.25740000000000002             5000
   9.0609999999999996E-003  0.72840000000000005       0.25740000000000002             5000
   9.0619999999999989E-003  0.72840000000000005       0.25740000000000002             5000
   9.0629999999999999E-003  0.72840000000000005       0.25740000000000002             5000
   9.0639999999999991E-003  0.72840000000000005       0.25740000000000002             5000
   9.0650000000000001E-003  0.72840000000000005       0.25740000000000002             5000
   9.0659999999999994E-003  0.72840000000000005       0.25740000000000002             5000
   9.0669999999999987E-003  0.72840000000000005       0.25740000000000002             5000
   9.0679999999999997E-003  0.72840000000000005       0.25740000000000002             5000
   9.0689999999999989E-003  0.72840000000000005       0.25740000000000002             5000
   9.0699999999999999E-003  0.72840000000000005       0.25740000000000002             5000
   9.0709999999999992E-003  0.72840000000000005       0.25740000000000002             5000
   9.0720000000000002E-003  0.72840000000000005       0.25740000000000002             5000
   9.0729999999999995E-003  0.72840000000000005       0.25740000000000002             5000
   9.0739999999999987E-003  0.72840000000000005       0.25740000000000002             5000
   9.0749999999999997E-003  0.72840000000000005       0.25740000000000002             5000
   9.0759999999999990E-003  0.72840000000000005       0.25740000000000002             5000
   9.0770000000000000E-003  0.72840000000000005       0.25740000000000002             5000
   9.0779999999999993E-003  0.72840000000000005       0.25740000000000002             5000
   9.0790000000000003E-003  0.72840000000000005       0.25740000000000002             5000
   9.0799999999999995E-003  0.72840000000000005       0.25740000000000002             5000
   9.0809999999999988E-003  0.72840000000000005       0.25740000000000002             5000
   9.0819999999999981E-003  0.72840000000000005       0.25740000000000002             5000
   9.0829999999999991E-003  0.72840000000000005       0.25740000000000002             5000
   9.0840000000000001E-003  0.72840000000000005       0.25740000000000002             5000
   9.0849999999999993E-003  0.72840000000000005       0.25740000000000002             5000
   9.0860000000000003E-003  0.72840000000000005       0.25740000000000002             5000
   9.0869999999999996E-003  0.72840000000000005       0.25740000000000002             5000
   9.0879999999999989E-003  0.72840000000000005       0.25740000000000002             5000
   9.0889999999999981E-003  0.72840000000000005       0.25740000000000002             5000
   9.0899999999999991E-003  0.72840000000000005       0.25740000000000002             5000
   9.0910000000000001E-003  0.72840000000000005       0.25740000000000002             5000
   9.0919999999999994E-003  0.72840000000000005       0.25740000000000002             5000
   9.0930000000000004E-003  0.72840000000000005       0.25740000000000002             5000
   9.0939999999999997E-003  0.72840000000000005       0.25740000000000002             5000
   9.0949999999999989E-003  0.72840000000000005       0.25740000000000002             5000
   9.0959999999999982E-003  0.72840000000000005       0.25740000000000002             5000
   9.0969999999999992E-003  0.72840000000000005       0.25740000000000002             5000
   9.0980000000000002E-003  0.72840000000000005       0.25740000000000002             5000
   9.0989999999999994E-003  0.72840000000000005       0.25740000000000002             5000
   9.1000000000000004E-003  0.72840000000000005       0.25740000000000002             5000
   9.1009999999999997E-003  0.72840000000000005       0.25740000000000002             5000
   9.1019999999999990E-003  0.72840000000000005       0.25740000000000002             5000
   9.1029999999999982E-003  0.72840000000000005       0.25740000000000002             5000
   9.1039999999999992E-003  0.72840000000000005       0.25740000000000002             5000
   9.1049999999999985E-003  0.72840000000000005       0.25740000000000002             5000
   9.1059999999999995E-003  0.72840000000000005       0.25740000000000002             5000
   9.1070000000000005E-003  0.72840000000000005       0.25740000000000002             5000
   9.1079999999999998E-003  0.72840000000000005       0.25740000000000002             5000
   9.1089999999999990E-003  0.72840000000000005       0.25740000000000002             5000
   9.1099999999999983E-003  0.72840000000000005       0.25740000000000002             5000
   9.1109999999999993E-003  0.72840000000000005       0.25740000000000002             5000
   9.1119999999999986E-003  0.72840000000000005       0.25740000000000002             5000
   9.1129999999999996E-003  0.72840000000000005       0.25740000000000002             5000
   9.1140000000000006E-003  0.72840000000000005       0.25740000000000002             5000
   9.1149999999999998E-003  0.72840000000000005       0.25740000000000002             5000
   9.1159999999999991E-003  0.72840000000000005       0.25740000000000002             5000
   9.1169999999999984E-003  0.72840000000000005       0.25740000000000002             5000
   9.1179999999999994E-003  0.72840000000000005       0.25740000000000002             5000
   9.1189999999999986E-003  0.72840000000000005       0.25740000000000002             5000
   9.1199999999999996E-003  0.72840000000000005       0.25740000000000002             5000
   9.1209999999999989E-003  0.72840000000000005       0.25740000000000002             5000
   9.1219999999999999E-003  0.72840000000000005       0.25740000000000002             5000
   9.1229999999999992E-003  0.72840000000000005       0.25740000000000002             5000
   9.1239999999999984E-003  0.72840000000000005       0.25740000000000002             5000
   9.1249999999999994E-003  0.72840000000000005       0.25740000000000002             5000
   9.1259999999999987E-003  0.72840000000000005       0.25740000000000002             5000
   9.1269999999999997E-003  0.72840000000000005       0.25740000000000002             5000
   9.1279999999999990E-003  0.72840000000000005       0.25740000000000002             5000
   9.1290000000000000E-003  0.72840000000000005       0.25740000000000002             5000
   9.1299999999999992E-003  0.72840000000000005       0.25740000000000002             5000
   9.1309999999999985E-003  0.72840000000000005       0.25740000000000002             5000
   9.1319999999999995E-003  0.72840000000000005       0.25740000000000002             5000
   9.1329999999999988E-003  0.72840000000000005       0.25740000000000002             5000
   9.1339999999999998E-003  0.72840000000000005       0.25740000000000002             5000
   9.1349999999999990E-003  0.72840000000000005       0.25740000000000002             5000
   9.1360000000000000E-003  0.72840000000000005       0.25740000000000002             5000
   9.1369999999999993E-003  0.72840000000000005       0.25740000000000002             5000
   9.1379999999999986E-003  0.72840000000000005       0.25740000000000002             5000
   9.1389999999999996E-003  0.72840000000000005       0.25740000000000002             5000
   9.1399999999999988E-003  0.72840000000000005       0.25740000000000002             5000
   9.1409999999999998E-003  0.72840000000000005       0.25740000000000002             5000
   9.1419999999999991E-003  0.72840000000000005       0.25740000000000002             5000
   9.1430000000000001E-003  0.72840000000000005       0.25740000000000002             5000
   9.1439999999999994E-003  0.72840000000000005       0.25740000000000002             5000
   9.1449999999999986E-003  0.72840000000000005       0.25740000000000002             5000
   9.1459999999999996E-003  0.72840000000000005       0.25740000000000002             5000
   9.1469999999999989E-003  0.72840000000000005       0.25740000000000002             5000
   9.1479999999999999E-003  0.72840000000000005       0.25740000000000002             5000
   9.1489999999999991E-003  0.72840000000000005       0.25740000000000002             5000
   9.1500000000000001E-003  0.72840000000000005       0.25740000000000002             5000
   9.1509999999999994E-003  0.72840000000000005       0.25740000000000002             5000
   9.1519999999999987E-003  0.72840000000000005       0.25740000000000002             5000
   9.1529999999999997E-003  0.72840000000000005       0.25740000000000002             5000
   9.1539999999999989E-003  0.72840000000000005       0.25740000000000002             5000
   9.1549999999999999E-003  0.72840000000000005       0.25740000000000002             5000
   9.1559999999999992E-003  0.72840000000000005       0.25740000000000002             5000
   9.1570000000000002E-003  0.72840000000000005       0.25740000000000002             5000
   9.1579999999999995E-003  0.72840000000000005       0.25740000000000002             5000
   9.1589999999999987E-003  0.72840000000000005       0.25740000000000002             5000
   9.1599999999999980E-003  0.72840000000000005       0.25740000000000002             5000
   9.1609999999999990E-003  0.72840000000000005       0.25740000000000002             5000
   9.1620000000000000E-003  0.72840000000000005       0.25740000000000002             5000
   9.1629999999999993E-003  0.72840000000000005       0.25740000000000002             5000
   9.1640000000000003E-003  0.72840000000000005       0.25740000000000002             5000
   9.1649999999999995E-003  0.72840000000000005       0.25740000000000002             5000
   9.1660000000000005E-003  0.72840000000000005       0.25740000000000002             5000
   9.1669999999999981E-003  0.72840000000000005       0.25740000000000002             5000
   9.1679999999999991E-003  0.72840000000000005       0.25740000000000002             5000
   9.1690000000000001E-003  0.72840000000000005       0.25740000000000002             5000
   9.1699999999999993E-003  0.72840000000000005       0.25740000000000002             5000
   9.1710000000000003E-003  0.72840000000000005       0.25740000000000002             5000
   9.1719999999999996E-003  0.72840000000000005       0.25740000000000002             5000
   9.1730000000000006E-003  0.72840000000000005       0.25740000000000002             5000
   9.1739999999999981E-003  0.72840000000000005       0.25740000000000002             5000
   9.1749999999999991E-003  0.72840000000000005       0.25740000000000002             5000
   9.1759999999999984E-003  0.72840000000000005       0.25740000000000002             5000
   9.1769999999999994E-003  0.72840000000000005       0.25740000000000002             5000
   9.1780000000000004E-003  0.72840000000000005       0.25740000000000002             5000
   9.1789999999999997E-003  0.72840000000000005       0.25740000000000002             5000
   9.1800000000000007E-003  0.72840000000000005       0.25740000000000002             5000
   9.1809999999999982E-003  0.72840000000000005       0.25740000000000002             5000
   9.1819999999999992E-003  0.72840000000000005       0.25740000000000002             5000
   9.1829999999999985E-003  0.72840000000000005       0.25740000000000002             5000
   9.1839999999999995E-003  0.72840000000000005       0.25740000000000002             5000
   9.1850000000000005E-003  0.72840000000000005       0.25740000000000002             5000
   9.1859999999999997E-003  0.72840000000000005       0.25740000000000002             5000
   9.1870000000000007E-003  0.72840000000000005       0.25740000000000002             5000
   9.1879999999999983E-003  0.72840000000000005       0.25740000000000002             5000
   9.1889999999999993E-003  0.72840000000000005       0.25740000000000002             5000
   9.1899999999999985E-003  0.72840000000000005       0.25740000000000002             5000
   9.1909999999999995E-003  0.72840000000000005       0.25740000000000002             5000
   9.1919999999999988E-003  0.72840000000000005       0.25740000000000002             5000
   9.1929999999999998E-003  0.72840000000000005       0.25740000000000002             5000
   9.1940000000000008E-003  0.72840000000000005       0.25740000000000002             5000
   9.1950000000000000E-003  0.72840000000000005       0.25740000000000002             5000
   9.1959999999999993E-003  0.72840000000000005       0.25740000000000002             5000
   9.1969999999999986E-003  0.72840000000000005       0.25740000000000002             5000
   9.1979999999999996E-003  0.72840000000000005       0.25740000000000002             5000
   9.1989999999999988E-003  0.72840000000000005       0.25740000000000002             5000
   9.1999999999999998E-003  0.72840000000000005       0.25740000000000002             5000
   9.2010000000000008E-003  0.72840000000000005       0.25740000000000002             5000
   9.2020000000000001E-003  0.72840000000000005       0.25740000000000002             5000
   9.2029999999999994E-003  0.72840000000000005       0.25740000000000002             5000
   9.2039999999999986E-003  0.72840000000000005       0.25740000000000002             5000
   9.2049999999999996E-003  0.72840000000000005       0.25740000000000002             5000
   9.2059999999999989E-003  0.72840000000000005       0.25740000000000002             5000
   9.2069999999999999E-003  0.72840000000000005       0.25740000000000002             5000
   9.2079999999999992E-003  0.72840000000000005       0.25740000000000002             5000
   9.2090000000000002E-003  0.72840000000000005       0.25740000000000002             5000
   9.2099999999999994E-003  0.72840000000000005       0.25740000000000002             5000
   9.2109999999999987E-003  0.72840000000000005       0.25740000000000002             5000
   9.2119999999999997E-003  0.72840000000000005       0.25740000000000002             5000
   9.2129999999999990E-003  0.72840000000000005       0.25740000000000002             5000
   9.2140000000000000E-003  0.72840000000000005       0.25740000000000002             5000
   9.2149999999999992E-003  0.72840000000000005       0.25740000000000002             5000
   9.2160000000000002E-003  0.72840000000000005       0.25740000000000002             5000
   9.2169999999999995E-003  0.72840000000000005       0.25740000000000002             5000
   9.2179999999999988E-003  0.72840000000000005       0.25740000000000002             5000
   9.2189999999999998E-003  0.72840000000000005       0.25740000000000002             5000
   9.2199999999999990E-003  0.72840000000000005       0.25740000000000002             5000
   9.2210000000000000E-003  0.72840000000000005       0.25740000000000002             5000
   9.2219999999999993E-003  0.72840000000000005       0.25740000000000002             5000
   9.2230000000000003E-003  0.72840000000000005       0.25740000000000002             5000
   9.2239999999999996E-003  0.72840000000000005       0.25740000000000002             5000
   9.2249999999999988E-003  0.72840000000000005       0.25740000000000002             5000
   9.2259999999999998E-003  0.72840000000000005       0.25740000000000002             5000
   9.2269999999999991E-003  0.72840000000000005       0.25740000000000002             5000
   9.2280000000000001E-003  0.72840000000000005       0.25740000000000002             5000
   9.2289999999999994E-003  0.72840000000000005       0.25740000000000002             5000
   9.2300000000000004E-003  0.72840000000000005       0.25740000000000002             5000
   9.2309999999999996E-003  0.72840000000000005       0.25740000000000002             5000
   9.2319999999999989E-003  0.72840000000000005       0.25740000000000002             5000
   9.2329999999999999E-003  0.72840000000000005       0.25740000000000002             5000
   9.2339999999999992E-003  0.72840000000000005       0.25740000000000002             5000
   9.2350000000000002E-003  0.72840000000000005       0.25740000000000002             5000
   9.2359999999999994E-003  0.72840000000000005       0.25740000000000002             5000
   9.2370000000000004E-003  0.72840000000000005       0.25740000000000002             5000
   9.2379999999999997E-003  0.72840000000000005       0.25740000000000002             5000
   9.2389999999999989E-003  0.72840000000000005       0.25740000000000002             5000
   9.2399999999999999E-003  0.72840000000000005       0.25740000000000002             5000
   9.2409999999999992E-003  0.72840000000000005       0.25740000000000002             5000
   9.2420000000000002E-003  0.72840000000000005       0.25740000000000002             5000
   9.2429999999999995E-003  0.72840000000000005       0.25740000000000002             5000
   9.2440000000000005E-003  0.72840000000000005       0.25740000000000002             5000
   9.2449999999999997E-003  0.72840000000000005       0.25740000000000002             5000
   9.2459999999999990E-003  0.72840000000000005       0.25740000000000002             5000
   9.2469999999999983E-003  0.72840000000000005       0.25740000000000002             5000
   9.2479999999999993E-003  0.72840000000000005       0.25740000000000002             5000
   9.2490000000000003E-003  0.72840000000000005       0.25740000000000002             5000
   9.2499999999999995E-003  0.72840000000000005       0.25740000000000002             5000
   9.2510000000000005E-003  0.72840000000000005       0.25740000000000002             5000
   9.2519999999999998E-003  0.72840000000000005       0.25740000000000002             5000
   9.2529999999999991E-003  0.72840000000000005       0.25740000000000002             5000
   9.2539999999999983E-003  0.72840000000000005       0.25740000000000002             5000
   9.2549999999999993E-003  0.72840000000000005       0.25740000000000002             5000
   9.2560000000000003E-003  0.72840000000000005       0.25740000000000002             5000
   9.2569999999999996E-003  0.72840000000000005       0.25740000000000002             5000
   9.2580000000000006E-003  0.72840000000000005       0.25740000000000002             5000
   9.2589999999999999E-003  0.72840000000000005       0.25740000000000002             5000
   9.2599999999999991E-003  0.72840000000000005       0.25740000000000002             5000
   9.2609999999999984E-003  0.72840000000000005       0.25740000000000002             5000
   9.2619999999999994E-003  0.72840000000000005       0.25740000000000002             5000
   9.2629999999999987E-003  0.72840000000000005       0.25740000000000002             5000
   9.2639999999999997E-003  0.72840000000000005       0.25740000000000002             5000
   9.2650000000000007E-003  0.72840000000000005       0.25740000000000002             5000
   9.2659999999999999E-003  0.72840000000000005       0.25740000000000002             5000
   9.2669999999999992E-003  0.72840000000000005       0.25740000000000002             5000
   9.2679999999999985E-003  0.72840000000000005       0.25740000000000002             5000
   9.2689999999999995E-003  0.72840000000000005       0.25740000000000002             5000
   9.2699999999999987E-003  0.72840000000000005       0.25740000000000002             5000
   9.2709999999999997E-003  0.72840000000000005       0.25740000000000002             5000
   9.2720000000000007E-003  0.72840000000000005       0.25740000000000002             5000
   9.2730000000000000E-003  0.72840000000000005       0.25740000000000002             5000
   9.2739999999999993E-003  0.72840000000000005       0.25740000000000002             5000
   9.2749999999999985E-003  0.72840000000000005       0.25740000000000002             5000
   9.2759999999999995E-003  0.72840000000000005       0.25740000000000002             5000
   9.2769999999999988E-003  0.72840000000000005       0.25740000000000002             5000
   9.2779999999999998E-003  0.72840000000000005       0.25740000000000002             5000
   9.2789999999999991E-003  0.72840000000000005       0.25740000000000002             5000
   9.2800000000000001E-003  0.72840000000000005       0.25740000000000002             5000
   9.2809999999999993E-003  0.72840000000000005       0.25740000000000002             5000
   9.2819999999999986E-003  0.72840000000000005       0.25740000000000002             5000
   9.2829999999999996E-003  0.72840000000000005       0.25740000000000002             5000
   9.2839999999999989E-003  0.72840000000000005       0.25740000000000002             5000
   9.2849999999999999E-003  0.72840000000000005       0.25740000000000002             5000
   9.2859999999999991E-003  0.72840000000000005       0.25740000000000002             5000
   9.2870000000000001E-003  0.72840000000000005       0.25740000000000002             5000
   9.2879999999999994E-003  0.72840000000000005       0.25740000000000002             5000
   9.2889999999999986E-003  0.72840000000000005       0.25740000000000002             5000
   9.2899999999999996E-003  0.72840000000000005       0.25740000000000002             5000
   9.2909999999999989E-003  0.72840000000000005       0.25740000000000002             5000
   9.2919999999999999E-003  0.72840000000000005       0.25740000000000002             5000
   9.2929999999999992E-003  0.72840000000000005       0.25740000000000002             5000
   9.2940000000000002E-003  0.72840000000000005       0.25740000000000002             5000
   9.2949999999999994E-003  0.72840000000000005       0.25740000000000002             5000
   9.2959999999999987E-003  0.72840000000000005       0.25740000000000002             5000
   9.2969999999999997E-003  0.72840000000000005       0.25740000000000002             5000
   9.2979999999999990E-003  0.72840000000000005       0.25740000000000002             5000
   9.2990000000000000E-003  0.72840000000000005       0.25740000000000002             5000
   9.2999999999999992E-003  0.72840000000000005       0.25740000000000002             5000
   9.3010000000000002E-003  0.72840000000000005       0.25740000000000002             5000
   9.3019999999999995E-003  0.72840000000000005       0.25740000000000002             5000
   9.3029999999999988E-003  0.72840000000000005       0.25740000000000002             5000
   9.3039999999999998E-003  0.72840000000000005       0.25740000000000002             5000
   9.3049999999999990E-003  0.72840000000000005       0.25740000000000002             5000
   9.3060000000000000E-003  0.72840000000000005       0.25740000000000002             5000
   9.3069999999999993E-003  0.72840000000000005       0.25740000000000002             5000
   9.3080000000000003E-003  0.72840000000000005       0.25740000000000002             5000
   9.3089999999999996E-003  0.72840000000000005       0.25740000000000002             5000
   9.3099999999999988E-003  0.72840000000000005       0.25740000000000002             5000
   9.3109999999999998E-003  0.72840000000000005       0.25740000000000002             5000
   9.3119999999999991E-003  0.72840000000000005       0.25740000000000002             5000
   9.3130000000000001E-003  0.72840000000000005       0.25740000000000002             5000
   9.3139999999999994E-003  0.72840000000000005       0.25740000000000002             5000
   9.3150000000000004E-003  0.72840000000000005       0.25740000000000002             5000
   9.3159999999999996E-003  0.72840000000000005       0.25740000000000002             5000
   9.3169999999999989E-003  0.72840000000000005       0.25740000000000002             5000
   9.3179999999999982E-003  0.72840000000000005       0.25740000000000002             5000
   9.3189999999999992E-003  0.72840000000000005       0.25740000000000002             5000
   9.3200000000000002E-003  0.72840000000000005       0.25740000000000002             5000
   9.3209999999999994E-003  0.72840000000000005       0.25740000000000002             5000
   9.3220000000000004E-003  0.72840000000000005       0.25740000000000002             5000
   9.3229999999999997E-003  0.72840000000000005       0.25740000000000002             5000
   9.3239999999999990E-003  0.72840000000000005       0.25740000000000002             5000
   9.3249999999999982E-003  0.72840000000000005       0.25740000000000002             5000
   9.3259999999999992E-003  0.72840000000000005       0.25740000000000002             5000
   9.3270000000000002E-003  0.72840000000000005       0.25740000000000002             5000
   9.3279999999999995E-003  0.72840000000000005       0.25740000000000002             5000
   9.3290000000000005E-003  0.72840000000000005       0.25740000000000002             5000
   9.3299999999999998E-003  0.72840000000000005       0.25740000000000002             5000
   9.3309999999999990E-003  0.72840000000000005       0.25740000000000002             5000
   9.3319999999999983E-003  0.72840000000000005       0.25740000000000002             5000
   9.3329999999999993E-003  0.72840000000000005       0.25740000000000002             5000
   9.3339999999999985E-003  0.72840000000000005       0.25740000000000002             5000
   9.3349999999999995E-003  0.72840000000000005       0.25740000000000002             5000
   9.3360000000000005E-003  0.72840000000000005       0.25740000000000002             5000
   9.3369999999999998E-003  0.72840000000000005       0.25740000000000002             5000
   9.3379999999999991E-003  0.72840000000000005       0.25740000000000002             5000
   9.3389999999999983E-003  0.72840000000000005       0.25740000000000002             5000
   9.3399999999999993E-003  0.72840000000000005       0.25740000000000002             5000
   9.3409999999999986E-003  0.72840000000000005       0.25740000000000002             5000
   9.3419999999999996E-003  0.72840000000000005       0.25740000000000002             5000
   9.3430000000000006E-003  0.72840000000000005       0.25740000000000002             5000
   9.3439999999999999E-003  0.72840000000000005       0.25740000000000002             5000
   9.3449999999999991E-003  0.72840000000000005       0.25740000000000002             5000
   9.3459999999999984E-003  0.72840000000000005       0.25740000000000002             5000
   9.3469999999999994E-003  0.72840000000000005       0.25740000000000002             5000
   9.3479999999999987E-003  0.72840000000000005       0.25740000000000002             5000
   9.3489999999999997E-003  0.72840000000000005       0.25740000000000002             5000
   9.3500000000000007E-003  0.72840000000000005       0.25740000000000002             5000
   9.3509999999999999E-003  0.72840000000000005       0.25740000000000002             5000
   9.3519999999999992E-003  0.72840000000000005       0.25740000000000002             5000
   9.3529999999999985E-003  0.72840000000000005       0.25740000000000002             5000
   9.3539999999999995E-003  0.72840000000000005       0.25740000000000002             5000
   9.3549999999999987E-003  0.72840000000000005       0.25740000000000002             5000
   9.3559999999999997E-003  0.72840000000000005       0.25740000000000002             5000
   9.3569999999999990E-003  0.72840000000000005       0.25740000000000002             5000
   9.3580000000000000E-003  0.72840000000000005       0.25740000000000002             5000
   9.3589999999999993E-003  0.72840000000000005       0.25740000000000002             5000
   9.3599999999999985E-003  0.72840000000000005       0.25740000000000002             5000
   9.3609999999999995E-003  0.72840000000000005       0.25740000000000002             5000
   9.3619999999999988E-003  0.72840000000000005       0.25740000000000002             5000
   9.3629999999999998E-003  0.72840000000000005       0.25740000000000002             5000
   9.3639999999999991E-003  0.72840000000000005       0.25740000000000002             5000
   9.3650000000000001E-003  0.72840000000000005       0.25740000000000002             5000
   9.3659999999999993E-003  0.72840000000000005       0.25740000000000002             5000
   9.3669999999999986E-003  0.72840000000000005       0.25740000000000002             5000
   9.3679999999999996E-003  0.72840000000000005       0.25740000000000002             5000
   9.3689999999999989E-003  0.72840000000000005       0.25740000000000002             5000
   9.3699999999999999E-003  0.72840000000000005       0.25740000000000002             5000
   9.3709999999999991E-003  0.72840000000000005       0.25740000000000002             5000
   9.3720000000000001E-003  0.72840000000000005       0.25740000000000002             5000
   9.3729999999999994E-003  0.72840000000000005       0.25740000000000002             5000
   9.3739999999999987E-003  0.72840000000000005       0.25740000000000002             5000
   9.3749999999999997E-003  0.72840000000000005       0.25740000000000002             5000
   9.3759999999999989E-003  0.72840000000000005       0.25740000000000002             5000
   9.3769999999999999E-003  0.72840000000000005       0.25740000000000002             5000
   9.3779999999999992E-003  0.72840000000000005       0.25740000000000002             5000
   9.3790000000000002E-003  0.72840000000000005       0.25740000000000002             5000
   9.3799999999999994E-003  0.72840000000000005       0.25740000000000002             5000
   9.3809999999999987E-003  0.72840000000000005       0.25740000000000002             5000
   9.3819999999999997E-003  0.72840000000000005       0.25740000000000002             5000
   9.3829999999999990E-003  0.72840000000000005       0.25740000000000002             5000
   9.3840000000000000E-003  0.72840000000000005       0.25740000000000002             5000
   9.3849999999999992E-003  0.72840000000000005       0.25740000000000002             5000
   9.3860000000000002E-003  0.72840000000000005       0.25740000000000002             5000
   9.3869999999999995E-003  0.72840000000000005       0.25740000000000002             5000
   9.3879999999999988E-003  0.72840000000000005       0.25740000000000002             5000
   9.3889999999999980E-003  0.72840000000000005       0.25740000000000002             5000
   9.3899999999999990E-003  0.72840000000000005       0.25740000000000002             5000
   9.3910000000000000E-003  0.72840000000000005       0.25740000000000002             5000
   9.3919999999999993E-003  0.72840000000000005       0.25740000000000002             5000
   9.3930000000000003E-003  0.72840000000000005       0.25740000000000002             5000
   9.3939999999999996E-003  0.72840000000000005       0.25740000000000002             5000
   9.3949999999999988E-003  0.72840000000000005       0.25740000000000002             5000
   9.3959999999999981E-003  0.72840000000000005       0.25740000000000002             5000
   9.3969999999999991E-003  0.72840000000000005       0.25740000000000002             5000
   9.3980000000000001E-003  0.72840000000000005       0.25740000000000002             5000
   9.3989999999999994E-003  0.72840000000000005       0.25740000000000002             5000
   9.4000000000000004E-003  0.72840000000000005       0.25740000000000002             5000
   9.4009999999999996E-003  0.72840000000000005       0.25740000000000002             5000
   9.4019999999999989E-003  0.72840000000000005       0.25740000000000002             5000
   9.4029999999999982E-003  0.72840000000000005       0.25740000000000002             5000
   9.4039999999999992E-003  0.72840000000000005       0.25740000000000002             5000
   9.4049999999999984E-003  0.72840000000000005       0.25740000000000002             5000
   9.4059999999999994E-003  0.72840000000000005       0.25740000000000002             5000
   9.4070000000000004E-003  0.72840000000000005       0.25740000000000002             5000
   9.4079999999999997E-003  0.72840000000000005       0.25740000000000002             5000
   9.4089999999999990E-003  0.72840000000000005       0.25740000000000002             5000
   9.4099999999999982E-003  0.72840000000000005       0.25740000000000002             5000
   9.4109999999999992E-003  0.72840000000000005       0.25740000000000002             5000
   9.4119999999999985E-003  0.72840000000000005       0.25740000000000002             5000
   9.4129999999999995E-003  0.72840000000000005       0.25740000000000002             5000
   9.4140000000000005E-003  0.72840000000000005       0.25740000000000002             5000
   9.4149999999999998E-003  0.72840000000000005       0.25740000000000002             5000
   9.4159999999999990E-003  0.72840000000000005       0.25740000000000002             5000
   9.4169999999999983E-003  0.72840000000000005       0.25740000000000002             5000
   9.4179999999999993E-003  0.72840000000000005       0.25740000000000002             5000
   9.4189999999999986E-003  0.72840000000000005       0.25740000000000002             5000
   9.4199999999999996E-003  0.72840000000000005       0.25740000000000002             5000
   9.4210000000000006E-003  0.72840000000000005       0.25740000000000002             5000
   9.4219999999999998E-003  0.72840000000000005       0.25740000000000002             5000
   9.4229999999999991E-003  0.72840000000000005       0.25740000000000002             5000
   9.4239999999999984E-003  0.72840000000000005       0.25740000000000002             5000
   9.4249999999999994E-003  0.72840000000000005       0.25740000000000002             5000
   9.4259999999999986E-003  0.72840000000000005       0.25740000000000002             5000
   9.4269999999999996E-003  0.72840000000000005       0.25740000000000002             5000
   9.4279999999999989E-003  0.72840000000000005       0.25740000000000002             5000
   9.4289999999999999E-003  0.72840000000000005       0.25740000000000002             5000
   9.4299999999999991E-003  0.72840000000000005       0.25740000000000002             5000
   9.4309999999999984E-003  0.72840000000000005       0.25740000000000002             5000
   9.4319999999999994E-003  0.72840000000000005       0.25740000000000002             5000
   9.4329999999999987E-003  0.72840000000000005       0.25740000000000002             5000
   9.4339999999999997E-003  0.72840000000000005       0.25740000000000002             5000
   9.4349999999999989E-003  0.72840000000000005       0.25740000000000002             5000
   9.4359999999999999E-003  0.72840000000000005       0.25740000000000002             5000
   9.4370000000000009E-003  0.72840000000000005       0.25740000000000002             5000
   9.4379999999999985E-003  0.72840000000000005       0.25740000000000002             5000
   9.4389999999999995E-003  0.72840000000000005       0.25740000000000002             5000
   9.4399999999999987E-003  0.72840000000000005       0.25740000000000002             5000
   9.4409999999999997E-003  0.72840000000000005       0.25740000000000002             5000
   9.4419999999999990E-003  0.72840000000000005       0.25740000000000002             5000
   9.4430000000000000E-003  0.72840000000000005       0.25740000000000002             5000
   9.4439999999999993E-003  0.72840000000000005       0.25740000000000002             5000
   9.4449999999999985E-003  0.72840000000000005       0.25740000000000002             5000
   9.4459999999999995E-003  0.72840000000000005       0.25740000000000002             5000
   9.4469999999999988E-003  0.72840000000000005       0.25740000000000002             5000
   9.4479999999999998E-003  0.72840000000000005       0.25740000000000002             5000
   9.4489999999999991E-003  0.72840000000000005       0.25740000000000002             5000
   9.4500000000000001E-003  0.72840000000000005       0.25740000000000002             5000
   9.4509999999999993E-003  0.72840000000000005       0.25740000000000002             5000
   9.4519999999999986E-003  0.72840000000000005       0.25740000000000002             5000
   9.4529999999999996E-003  0.72840000000000005       0.25740000000000002             5000
   9.4539999999999989E-003  0.72840000000000005       0.25740000000000002             5000
   9.4549999999999999E-003  0.72840000000000005       0.25740000000000002             5000
   9.4559999999999991E-003  0.72840000000000005       0.25740000000000002             5000
   9.4570000000000001E-003  0.72840000000000005       0.25740000000000002             5000
   9.4579999999999994E-003  0.72840000000000005       0.25740000000000002             5000
   9.4589999999999987E-003  0.72840000000000005       0.25740000000000002             5000
   9.4599999999999979E-003  0.72840000000000005       0.25740000000000002             5000
   9.4609999999999989E-003  0.72840000000000005       0.25740000000000002             5000
   9.4619999999999999E-003  0.72840000000000005       0.25740000000000002             5000
   9.4629999999999992E-003  0.72840000000000005       0.25740000000000002             5000
   9.4640000000000002E-003  0.72840000000000005       0.25740000000000002             5000
   9.4649999999999995E-003  0.72840000000000005       0.25740000000000002             5000
   9.4660000000000005E-003  0.72840000000000005       0.25740000000000002             5000
   9.4669999999999980E-003  0.72840000000000005       0.25740000000000002             5000
   9.4679999999999990E-003  0.72840000000000005       0.25740000000000002             5000
   9.4690000000000000E-003  0.72840000000000005       0.25740000000000002             5000
   9.4699999999999993E-003  0.72840000000000005       0.25740000000000002             5000
   9.4710000000000003E-003  0.72840000000000005       0.25740000000000002             5000
   9.4719999999999995E-003  0.72840000000000005       0.25740000000000002             5000
   9.4730000000000005E-003  0.72840000000000005       0.25740000000000002             5000
   9.4739999999999980E-003  0.72840000000000005       0.25740000000000002             5000
   9.4749999999999990E-003  0.72840000000000005       0.25740000000000002             5000
   9.4760000000000000E-003  0.72840000000000005       0.25740000000000002             5000
   9.4769999999999993E-003  0.72840000000000005       0.25740000000000002             5000
   9.4780000000000003E-003  0.72840000000000005       0.25740000000000002             5000
   9.4789999999999996E-003  0.72840000000000005       0.25740000000000002             5000
   9.4800000000000006E-003  0.72840000000000005       0.25740000000000002             5000
   9.4809999999999981E-003  0.72840000000000005       0.25740000000000002             5000
   9.4819999999999991E-003  0.72840000000000005       0.25740000000000002             5000
   9.4829999999999984E-003  0.72840000000000005       0.25740000000000002             5000
   9.4839999999999994E-003  0.72840000000000005       0.25740000000000002             5000
   9.4850000000000004E-003  0.72840000000000005       0.25740000000000002             5000
   9.4859999999999996E-003  0.72840000000000005       0.25740000000000002             5000
   9.4870000000000006E-003  0.72840000000000005       0.25740000000000002             5000
   9.4879999999999982E-003  0.72840000000000005       0.25740000000000002             5000
   9.4889999999999992E-003  0.72840000000000005       0.25740000000000002             5000
   9.4899999999999984E-003  0.72840000000000005       0.25740000000000002             5000
   9.4909999999999994E-003  0.72840000000000005       0.25740000000000002             5000
   9.4920000000000004E-003  0.72840000000000005       0.25740000000000002             5000
   9.4929999999999997E-003  0.72840000000000005       0.25740000000000002             5000
   9.4940000000000007E-003  0.72840000000000005       0.25740000000000002             5000
   9.4950000000000000E-003  0.72840000000000005       0.25740000000000002             5000
   9.4959999999999992E-003  0.72840000000000005       0.25740000000000002             5000
   9.4969999999999985E-003  0.72840000000000005       0.25740000000000002             5000
   9.4979999999999995E-003  0.72840000000000005       0.25740000000000002             5000
   9.4989999999999988E-003  0.72840000000000005       0.25740000000000002             5000
   9.4999999999999998E-003  0.72840000000000005       0.25740000000000002             5000
   9.5010000000000008E-003  0.72840000000000005       0.25740000000000002             5000
   9.5020000000000000E-003  0.72840000000000005       0.25740000000000002             5000
   9.5029999999999993E-003  0.72840000000000005       0.25740000000000002             5000
   9.5039999999999986E-003  0.72840000000000005       0.25740000000000002             5000
   9.5049999999999996E-003  0.72840000000000005       0.25740000000000002             5000
   9.5059999999999988E-003  0.72840000000000005       0.25740000000000002             5000
   9.5069999999999998E-003  0.72840000000000005       0.25740000000000002             5000
   9.5080000000000008E-003  0.72840000000000005       0.25740000000000002             5000
   9.5090000000000001E-003  0.72840000000000005       0.25740000000000002             5000
   9.5099999999999994E-003  0.72840000000000005       0.25740000000000002             5000
   9.5109999999999986E-003  0.72840000000000005       0.25740000000000002             5000
   9.5119999999999996E-003  0.72840000000000005       0.25740000000000002             5000
   9.5129999999999989E-003  0.72840000000000005       0.25740000000000002             5000
   9.5139999999999999E-003  0.72840000000000005       0.25740000000000002             5000
   9.5149999999999992E-003  0.72840000000000005       0.25740000000000002             5000
   9.5160000000000002E-003  0.72840000000000005       0.25740000000000002             5000
   9.5169999999999994E-003  0.72840000000000005       0.25740000000000002             5000
   9.5179999999999987E-003  0.72840000000000005       0.25740000000000002             5000
   9.5189999999999997E-003  0.72840000000000005       0.25740000000000002             5000
   9.5199999999999989E-003  0.72840000000000005       0.25740000000000002             5000
   9.5209999999999999E-003  0.72840000000000005       0.25740000000000002             5000
   9.5219999999999992E-003  0.72840000000000005       0.25740000000000002             5000
   9.5230000000000002E-003  0.72840000000000005       0.25740000000000002             5000
   9.5239999999999995E-003  0.72840000000000005       0.25740000000000002             5000
   9.5249999999999987E-003  0.72840000000000005       0.25740000000000002             5000
   9.5259999999999997E-003  0.72840000000000005       0.25740000000000002             5000
   9.5269999999999990E-003  0.72840000000000005       0.25740000000000002             5000
   9.5280000000000000E-003  0.72840000000000005       0.25740000000000002             5000
   9.5289999999999993E-003  0.72840000000000005       0.25740000000000002             5000
   9.5300000000000003E-003  0.72840000000000005       0.25740000000000002             5000
   9.5309999999999995E-003  0.72840000000000005       0.25740000000000002             5000
   9.5319999999999988E-003  0.72840000000000005       0.25740000000000002             5000
   9.5329999999999998E-003  0.72840000000000005       0.25740000000000002             5000
   9.5339999999999991E-003  0.72840000000000005       0.25740000000000002             5000
   9.5350000000000001E-003  0.72840000000000005       0.25740000000000002             5000
   9.5359999999999993E-003  0.72840000000000005       0.25740000000000002             5000
   9.5370000000000003E-003  0.72840000000000005       0.25740000000000002             5000
   9.5379999999999996E-003  0.72840000000000005       0.25740000000000002             5000
   9.5389999999999989E-003  0.72840000000000005       0.25740000000000002             5000
   9.5399999999999999E-003  0.72840000000000005       0.25740000000000002             5000
   9.5409999999999991E-003  0.72840000000000005       0.25740000000000002             5000
   9.5420000000000001E-003  0.72840000000000005       0.25740000000000002             5000
   9.5429999999999994E-003  0.72840000000000005       0.25740000000000002             5000
   9.5440000000000004E-003  0.72840000000000005       0.25740000000000002             5000
   9.5449999999999997E-003  0.72840000000000005       0.25740000000000002             5000
   9.5459999999999989E-003  0.72840000000000005       0.25740000000000002             5000
   9.5469999999999999E-003  0.72840000000000005       0.25740000000000002             5000
   9.5479999999999992E-003  0.72840000000000005       0.25740000000000002             5000
   9.5490000000000002E-003  0.72840000000000005       0.25740000000000002             5000
   9.5499999999999995E-003  0.72840000000000005       0.25740000000000002             5000
   9.5510000000000005E-003  0.72840000000000005       0.25740000000000002             5000
   9.5519999999999997E-003  0.72840000000000005       0.25740000000000002             5000
   9.5529999999999990E-003  0.72840000000000005       0.25740000000000002             5000
   9.5539999999999983E-003  0.72840000000000005       0.25740000000000002             5000
   9.5549999999999993E-003  0.72840000000000005       0.25740000000000002             5000
   9.5560000000000003E-003  0.72840000000000005       0.25740000000000002             5000
   9.5569999999999995E-003  0.72840000000000005       0.25740000000000002             5000
   9.5580000000000005E-003  0.72840000000000005       0.25740000000000002             5000
   9.5589999999999998E-003  0.72840000000000005       0.25740000000000002             5000
   9.5599999999999991E-003  0.72840000000000005       0.25740000000000002             5000
   9.5609999999999983E-003  0.72840000000000005       0.25740000000000002             5000
   9.5619999999999993E-003  0.72840000000000005       0.25740000000000002             5000
   9.5630000000000003E-003  0.72840000000000005       0.25740000000000002             5000
   9.5639999999999996E-003  0.72840000000000005       0.25740000000000002             5000
   9.5650000000000006E-003  0.72840000000000005       0.25740000000000002             5000
   9.5659999999999999E-003  0.72840000000000005       0.25740000000000002             5000
   9.5669999999999991E-003  0.72840000000000005       0.25740000000000002             5000
   9.5679999999999984E-003  0.72840000000000005       0.25740000000000002             5000
   9.5689999999999994E-003  0.72840000000000005       0.25740000000000002             5000
   9.5699999999999986E-003  0.72840000000000005       0.25740000000000002             5000
   9.5709999999999996E-003  0.72840000000000005       0.25740000000000002             5000
   9.5720000000000006E-003  0.72840000000000005       0.25740000000000002             5000
   9.5729999999999999E-003  0.72840000000000005       0.25740000000000002             5000
   9.5739999999999992E-003  0.72840000000000005       0.25740000000000002             5000
   9.5749999999999984E-003  0.72840000000000005       0.25740000000000002             5000
   9.5759999999999994E-003  0.72840000000000005       0.25740000000000002             5000
   9.5769999999999987E-003  0.72840000000000005       0.25740000000000002             5000
   9.5779999999999997E-003  0.72840000000000005       0.25740000000000002             5000
   9.5790000000000007E-003  0.72840000000000005       0.25740000000000002             5000
   9.5800000000000000E-003  0.72840000000000005       0.25740000000000002             5000
   9.5809999999999992E-003  0.72840000000000005       0.25740000000000002             5000
   9.5819999999999985E-003  0.72840000000000005       0.25740000000000002             5000
   9.5829999999999995E-003  0.72840000000000005       0.25740000000000002             5000
   9.5839999999999988E-003  0.72840000000000005       0.25740000000000002             5000
   9.5849999999999998E-003  0.72840000000000005       0.25740000000000002             5000
   9.5859999999999990E-003  0.72840000000000005       0.25740000000000002             5000
   9.5870000000000000E-003  0.72840000000000005       0.25740000000000002             5000
   9.5879999999999993E-003  0.72840000000000005       0.25740000000000002             5000
   9.5889999999999986E-003  0.72840000000000005       0.25740000000000002             5000
   9.5899999999999996E-003  0.72840000000000005       0.25740000000000002             5000
   9.5909999999999988E-003  0.72840000000000005       0.25740000000000002             5000
   9.5919999999999998E-003  0.72840000000000005       0.25740000000000002             5000
   9.5929999999999991E-003  0.72840000000000005       0.25740000000000002             5000
   9.5940000000000001E-003  0.72840000000000005       0.25740000000000002             5000
   9.5949999999999994E-003  0.72840000000000005       0.25740000000000002             5000
   9.5959999999999986E-003  0.72840000000000005       0.25740000000000002             5000
   9.5969999999999996E-003  0.72840000000000005       0.25740000000000002             5000
   9.5979999999999989E-003  0.72840000000000005       0.25740000000000002             5000
   9.5989999999999999E-003  0.72840000000000005       0.25740000000000002             5000
   9.5999999999999992E-003  0.72840000000000005       0.25740000000000002             5000
   9.6010000000000002E-003  0.72840000000000005       0.25740000000000002             5000
   9.6019999999999994E-003  0.72840000000000005       0.25740000000000002             5000
   9.6029999999999987E-003  0.72840000000000005       0.25740000000000002             5000
   9.6039999999999997E-003  0.72840000000000005       0.25740000000000002             5000
   9.6049999999999990E-003  0.72840000000000005       0.25740000000000002             5000
   9.6060000000000000E-003  0.72840000000000005       0.25740000000000002             5000
   9.6069999999999992E-003  0.72840000000000005       0.25740000000000002             5000
   9.6080000000000002E-003  0.72840000000000005       0.25740000000000002             5000
   9.6089999999999995E-003  0.72840000000000005       0.25740000000000002             5000
   9.6099999999999988E-003  0.72840000000000005       0.25740000000000002             5000
   9.6109999999999998E-003  0.72840000000000005       0.25740000000000002             5000
   9.6119999999999990E-003  0.72840000000000005       0.25740000000000002             5000
   9.6130000000000000E-003  0.72840000000000005       0.25740000000000002             5000
   9.6139999999999993E-003  0.72840000000000005       0.25740000000000002             5000
   9.6150000000000003E-003  0.72840000000000005       0.25740000000000002             5000
   9.6159999999999995E-003  0.72840000000000005       0.25740000000000002             5000
   9.6169999999999988E-003  0.72840000000000005       0.25740000000000002             5000
   9.6179999999999998E-003  0.72840000000000005       0.25740000000000002             5000
   9.6189999999999991E-003  0.72840000000000005       0.25740000000000002             5000
   9.6200000000000001E-003  0.72840000000000005       0.25740000000000002             5000
   9.6209999999999993E-003  0.72840000000000005       0.25740000000000002             5000
   9.6220000000000003E-003  0.72840000000000005       0.25740000000000002             5000
   9.6229999999999996E-003  0.72840000000000005       0.25740000000000002             5000
   9.6239999999999989E-003  0.72840000000000005       0.25740000000000002             5000
   9.6249999999999981E-003  0.72840000000000005       0.25740000000000002             5000
   9.6259999999999991E-003  0.72840000000000005       0.25740000000000002             5000
   9.6270000000000001E-003  0.72840000000000005       0.25740000000000002             5000
   9.6279999999999994E-003  0.72840000000000005       0.25740000000000002             5000
   9.6290000000000004E-003  0.72840000000000005       0.25740000000000002             5000
   9.6299999999999997E-003  0.72840000000000005       0.25740000000000002             5000
   9.6309999999999989E-003  0.72840000000000005       0.25740000000000002             5000
   9.6319999999999982E-003  0.72840000000000005       0.25740000000000002             5000
   9.6329999999999992E-003  0.72840000000000005       0.25740000000000002             5000
   9.6340000000000002E-003  0.72840000000000005       0.25740000000000002             5000
   9.6349999999999995E-003  0.72840000000000005       0.25740000000000002             5000
   9.6360000000000005E-003  0.72840000000000005       0.25740000000000002             5000
   9.6369999999999997E-003  0.72840000000000005       0.25740000000000002             5000
   9.6379999999999990E-003  0.72840000000000005       0.25740000000000002             5000
   9.6389999999999983E-003  0.72840000000000005       0.25740000000000002             5000
   9.6399999999999993E-003  0.72840000000000005       0.25740000000000002             5000
   9.6409999999999985E-003  0.72840000000000005       0.25740000000000002             5000
   9.6419999999999995E-003  0.72840000000000005       0.25740000000000002             5000
   9.6430000000000005E-003  0.72840000000000005       0.25740000000000002             5000
   9.6439999999999998E-003  0.72840000000000005       0.25740000000000002             5000
   9.6449999999999991E-003  0.72840000000000005       0.25740000000000002             5000
   9.6459999999999983E-003  0.72840000000000005       0.25740000000000002             5000
   9.6469999999999993E-003  0.72840000000000005       0.25740000000000002             5000
   9.6479999999999986E-003  0.72840000000000005       0.25740000000000002             5000
   9.6489999999999996E-003  0.72840000000000005       0.25740000000000002             5000
   9.6500000000000006E-003  0.72840000000000005       0.25740000000000002             5000
   9.6509999999999999E-003  0.72840000000000005       0.25740000000000002             5000
   9.6519999999999991E-003  0.72840000000000005       0.25740000000000002             5000
   9.6529999999999984E-003  0.72840000000000005       0.25740000000000002             5000
   9.6539999999999994E-003  0.72840000000000005       0.25740000000000002             5000
   9.6549999999999987E-003  0.72840000000000005       0.25740000000000002             5000
   9.6559999999999997E-003  0.72840000000000005       0.25740000000000002             5000
   9.6569999999999989E-003  0.72840000000000005       0.25740000000000002             5000
   9.6579999999999999E-003  0.72840000000000005       0.25740000000000002             5000
   9.6589999999999992E-003  0.72840000000000005       0.25740000000000002             5000
   9.6599999999999984E-003  0.72840000000000005       0.25740000000000002             5000
   9.6609999999999994E-003  0.72840000000000005       0.25740000000000002             5000
   9.6619999999999987E-003  0.72840000000000005       0.25740000000000002             5000
   9.6629999999999997E-003  0.72840000000000005       0.25740000000000002             5000
   9.6639999999999990E-003  0.72840000000000005       0.25740000000000002             5000
   9.6650000000000000E-003  0.72840000000000005       0.25740000000000002             5000
   9.6659999999999992E-003  0.72840000000000005       0.25740000000000002             5000
   9.6669999999999985E-003  0.72840000000000005       0.25740000000000002             5000
   9.6679999999999995E-003  0.72840000000000005       0.25740000000000002             5000
   9.6689999999999988E-003  0.72840000000000005       0.25740000000000002             5000
   9.6699999999999998E-003  0.72840000000000005       0.25740000000000002             5000
   9.6709999999999990E-003  0.72840000000000005       0.25740000000000002             5000
   9.6720000000000000E-003  0.72840000000000005       0.25740000000000002             5000
   9.6729999999999993E-003  0.72840000000000005       0.25740000000000002             5000
   9.6739999999999986E-003  0.72840000000000005       0.25740000000000002             5000
   9.6749999999999996E-003  0.72840000000000005       0.25740000000000002             5000
   9.6759999999999988E-003  0.72840000000000005       0.25740000000000002             5000
   9.6769999999999998E-003  0.72840000000000005       0.25740000000000002             5000
   9.6779999999999991E-003  0.72840000000000005       0.25740000000000002             5000
   9.6790000000000001E-003  0.72840000000000005       0.25740000000000002             5000
   9.6799999999999994E-003  0.72840000000000005       0.25740000000000002             5000
   9.6809999999999986E-003  0.72840000000000005       0.25740000000000002             5000
   9.6819999999999996E-003  0.72840000000000005       0.25740000000000002             5000
   9.6829999999999989E-003  0.72840000000000005       0.25740000000000002             5000
   9.6839999999999999E-003  0.72840000000000005       0.25740000000000002             5000
   9.6849999999999992E-003  0.72840000000000005       0.25740000000000002             5000
   9.6860000000000002E-003  0.72840000000000005       0.25740000000000002             5000
   9.6869999999999994E-003  0.72840000000000005       0.25740000000000002             5000
   9.6879999999999987E-003  0.72840000000000005       0.25740000000000002             5000
   9.6889999999999997E-003  0.72840000000000005       0.25740000000000002             5000
   9.6899999999999990E-003  0.72840000000000005       0.25740000000000002             5000
   9.6910000000000000E-003  0.72840000000000005       0.25740000000000002             5000
   9.6919999999999992E-003  0.72840000000000005       0.25740000000000002             5000
   9.6930000000000002E-003  0.72840000000000005       0.25740000000000002             5000
   9.6939999999999995E-003  0.72840000000000005       0.25740000000000002             5000
   9.6949999999999988E-003  0.72840000000000005       0.25740000000000002             5000
   9.6959999999999980E-003  0.72840000000000005       0.25740000000000002             5000
   9.6969999999999990E-003  0.72840000000000005       0.25740000000000002             5000
   9.6980000000000000E-003  0.72840000000000005       0.25740000000000002             5000
   9.6989999999999993E-003  0.72840000000000005       0.25740000000000002             5000
   9.7000000000000003E-003  0.72840000000000005       0.25740000000000002             5000
   9.7009999999999996E-003  0.72840000000000005       0.25740000000000002             5000
   9.7019999999999988E-003  0.72840000000000005       0.25740000000000002             5000
   9.7029999999999981E-003  0.72840000000000005       0.25740000000000002             5000
   9.7039999999999991E-003  0.72840000000000005       0.25740000000000002             5000
   9.7050000000000001E-003  0.72840000000000005       0.25740000000000002             5000
   9.7059999999999994E-003  0.72840000000000005       0.25740000000000002             5000
   9.7070000000000004E-003  0.72840000000000005       0.25740000000000002             5000
   9.7079999999999996E-003  0.72840000000000005       0.25740000000000002             5000
   9.7089999999999989E-003  0.72840000000000005       0.25740000000000002             5000
   9.7099999999999981E-003  0.72840000000000005       0.25740000000000002             5000
   9.7109999999999991E-003  0.72840000000000005       0.25740000000000002             5000
   9.7119999999999984E-003  0.72840000000000005       0.25740000000000002             5000
   9.7129999999999994E-003  0.72840000000000005       0.25740000000000002             5000
   9.7140000000000004E-003  0.72840000000000005       0.25740000000000002             5000
   9.7149999999999997E-003  0.72840000000000005       0.25740000000000002             5000
   9.7159999999999989E-003  0.72840000000000005       0.25740000000000002             5000
   9.7169999999999982E-003  0.72840000000000005       0.25740000000000002             5000
   9.7179999999999992E-003  0.72840000000000005       0.25740000000000002             5000
   9.7189999999999985E-003  0.72840000000000005       0.25740000000000002             5000
   9.7199999999999995E-003  0.72840000000000005       0.25740000000000002             5000
   9.7210000000000005E-003  0.72840000000000005       0.25740000000000002             5000
   9.7219999999999997E-003  0.72840000000000005       0.25740000000000002             5000
   9.7229999999999990E-003  0.72840000000000005       0.25740000000000002             5000
   9.7239999999999983E-003  0.72840000000000005       0.25740000000000002             5000
   9.7249999999999993E-003  0.72840000000000005       0.25740000000000002             5000
   9.7259999999999985E-003  0.72840000000000005       0.25740000000000002             5000
   9.7269999999999995E-003  0.72840000000000005       0.25740000000000002             5000
   9.7280000000000005E-003  0.72840000000000005       0.25740000000000002             5000
   9.7289999999999998E-003  0.72840000000000005       0.25740000000000002             5000
   9.7299999999999991E-003  0.72840000000000005       0.25740000000000002             5000
   9.7309999999999983E-003  0.72840000000000005       0.25740000000000002             5000
   9.7319999999999993E-003  0.72840000000000005       0.25740000000000002             5000
   9.7329999999999986E-003  0.72840000000000005       0.25740000000000002             5000
   9.7339999999999996E-003  0.72840000000000005       0.25740000000000002             5000
   9.7349999999999989E-003  0.72840000000000005       0.25740000000000002             5000
   9.7359999999999999E-003  0.72840000000000005       0.25740000000000002             5000
   9.7370000000000009E-003  0.72840000000000005       0.25740000000000002             5000
   9.7379999999999984E-003  0.72840000000000005       0.25740000000000002             5000
   9.7389999999999994E-003  0.72840000000000005       0.25740000000000002             5000
   9.7399999999999987E-003  0.72840000000000005       0.25740000000000002             5000
   9.7409999999999997E-003  0.72840000000000005       0.25740000000000002             5000
   9.7419999999999989E-003  0.72840000000000005       0.25740000000000002             5000
   9.7429999999999999E-003  0.72840000000000005       0.25740000000000002             5000
   9.7440000000000009E-003  0.72840000000000005       0.25740000000000002             5000
   9.7449999999999985E-003  0.72840000000000005       0.25740000000000002             5000
   9.7459999999999995E-003  0.72840000000000005       0.25740000000000002             5000
   9.7469999999999987E-003  0.72840000000000005       0.25740000000000002             5000
   9.7479999999999997E-003  0.72840000000000005       0.25740000000000002             5000
   9.7489999999999990E-003  0.72840000000000005       0.25740000000000002             5000
   9.7500000000000000E-003  0.72840000000000005       0.25740000000000002             5000
   9.7509999999999993E-003  0.72840000000000005       0.25740000000000002             5000
   9.7519999999999985E-003  0.72840000000000005       0.25740000000000002             5000
   9.7529999999999995E-003  0.72840000000000005       0.25740000000000002             5000
   9.7539999999999988E-003  0.72840000000000005       0.25740000000000002             5000
   9.7549999999999998E-003  0.72840000000000005       0.25740000000000002             5000
   9.7559999999999990E-003  0.72840000000000005       0.25740000000000002             5000
   9.7570000000000000E-003  0.72840000000000005       0.25740000000000002             5000
   9.7579999999999993E-003  0.72840000000000005       0.25740000000000002             5000
   9.7589999999999986E-003  0.72840000000000005       0.25740000000000002             5000
   9.7599999999999996E-003  0.72840000000000005       0.25740000000000002             5000
   9.7609999999999988E-003  0.72840000000000005       0.25740000000000002             5000
   9.7619999999999998E-003  0.72840000000000005       0.25740000000000002             5000
   9.7629999999999991E-003  0.72840000000000005       0.25740000000000002             5000
   9.7640000000000001E-003  0.72840000000000005       0.25740000000000002             5000
   9.7649999999999994E-003  0.72840000000000005       0.25740000000000002             5000
   9.7660000000000004E-003  0.72840000000000005       0.25740000000000002             5000
   9.7669999999999979E-003  0.72840000000000005       0.25740000000000002             5000
   9.7679999999999989E-003  0.72840000000000005       0.25740000000000002             5000
   9.7689999999999999E-003  0.72840000000000005       0.25740000000000002             5000
   9.7699999999999992E-003  0.72840000000000005       0.25740000000000002             5000
   9.7710000000000002E-003  0.72840000000000005       0.25740000000000002             5000
   9.7719999999999994E-003  0.72840000000000005       0.25740000000000002             5000
   9.7730000000000004E-003  0.72840000000000005       0.25740000000000002             5000
   9.7739999999999980E-003  0.72840000000000005       0.25740000000000002             5000
   9.7749999999999990E-003  0.72840000000000005       0.25740000000000002             5000
   9.7760000000000000E-003  0.72840000000000005       0.25740000000000002             5000
   9.7769999999999992E-003  0.72840000000000005       0.25740000000000002             5000
   9.7780000000000002E-003  0.72840000000000005       0.25740000000000002             5000
   9.7789999999999995E-003  0.72840000000000005       0.25740000000000002             5000
   9.7800000000000005E-003  0.72840000000000005       0.25740000000000002             5000
   9.7809999999999980E-003  0.72840000000000005       0.25740000000000002             5000
   9.7819999999999990E-003  0.72840000000000005       0.25740000000000002             5000
   9.7829999999999983E-003  0.72840000000000005       0.25740000000000002             5000
   9.7839999999999993E-003  0.72840000000000005       0.25740000000000002             5000
   9.7850000000000003E-003  0.72840000000000005       0.25740000000000002             5000
   9.7859999999999996E-003  0.72840000000000005       0.25740000000000002             5000
   9.7870000000000006E-003  0.72840000000000005       0.25740000000000002             5000
   9.7879999999999981E-003  0.72840000000000005       0.25740000000000002             5000
   9.7889999999999991E-003  0.72840000000000005       0.25740000000000002             5000
   9.7899999999999984E-003  0.72840000000000005       0.25740000000000002             5000
   9.7909999999999994E-003  0.72840000000000005       0.25740000000000002             5000
   9.7920000000000004E-003  0.72840000000000005       0.25740000000000002             5000
   9.7929999999999996E-003  0.72840000000000005       0.25740000000000002             5000
   9.7940000000000006E-003  0.72840000000000005       0.25740000000000002             5000
   9.7949999999999999E-003  0.72840000000000005       0.25740000000000002             5000
   9.7959999999999992E-003  0.72840000000000005       0.25740000000000002             5000
   9.7969999999999984E-003  0.72840000000000005       0.25740000000000002             5000
   9.7979999999999994E-003  0.72840000000000005       0.25740000000000002             5000
   9.7990000000000004E-003  0.72840000000000005       0.25740000000000002             5000
   9.7999999999999997E-003  0.72840000000000005       0.25740000000000002             5000
   9.8010000000000007E-003  0.72840000000000005       0.25740000000000002             5000
   9.8019999999999999E-003  0.72840000000000005       0.25740000000000002             5000
   9.8029999999999992E-003  0.72840000000000005       0.25740000000000002             5000
   9.8039999999999985E-003  0.72840000000000005       0.25740000000000002             5000
   9.8049999999999995E-003  0.72840000000000005       0.25740000000000002             5000
   9.8059999999999987E-003  0.72840000000000005       0.25740000000000002             5000
   9.8069999999999997E-003  0.72840000000000005       0.25740000000000002             5000
   9.8080000000000007E-003  0.72840000000000005       0.25740000000000002             5000
   9.8090000000000000E-003  0.72840000000000005       0.25740000000000002             5000
   9.8099999999999993E-003  0.72840000000000005       0.25740000000000002             5000
   9.8109999999999985E-003  0.72840000000000005       0.25740000000000002             5000
   9.8119999999999995E-003  0.72840000000000005       0.25740000000000002             5000
   9.8129999999999988E-003  0.72840000000000005       0.25740000000000002             5000
   9.8139999999999998E-003  0.72840000000000005       0.25740000000000002             5000
   9.8150000000000008E-003  0.72840000000000005       0.25740000000000002             5000
   9.8160000000000001E-003  0.72840000000000005       0.25740000000000002             5000
   9.8169999999999993E-003  0.72840000000000005       0.25740000000000002             5000
   9.8179999999999986E-003  0.72840000000000005       0.25740000000000002             5000
   9.8189999999999996E-003  0.72840000000000005       0.25740000000000002             5000
   9.8199999999999989E-003  0.72840000000000005       0.25740000000000002             5000
   9.8209999999999999E-003  0.72840000000000005       0.25740000000000002             5000
   9.8219999999999991E-003  0.72840000000000005       0.25740000000000002             5000
   9.8230000000000001E-003  0.72840000000000005       0.25740000000000002             5000
   9.8239999999999994E-003  0.72840000000000005       0.25740000000000002             5000
   9.8249999999999987E-003  0.72840000000000005       0.25740000000000002             5000
   9.8259999999999997E-003  0.72840000000000005       0.25740000000000002             5000
   9.8269999999999989E-003  0.72840000000000005       0.25740000000000002             5000
   9.8279999999999999E-003  0.72840000000000005       0.25740000000000002             5000
   9.8289999999999992E-003  0.72840000000000005       0.25740000000000002             5000
   9.8300000000000002E-003  0.72840000000000005       0.25740000000000002             5000
   9.8309999999999995E-003  0.72840000000000005       0.25740000000000002             5000
   9.8319999999999987E-003  0.72840000000000005       0.25740000000000002             5000
   9.8329999999999997E-003  0.72840000000000005       0.25740000000000002             5000
   9.8339999999999990E-003  0.72840000000000005       0.25740000000000002             5000
   9.8350000000000000E-003  0.72840000000000005       0.25740000000000002             5000
   9.8359999999999993E-003  0.72840000000000005       0.25740000000000002             5000
   9.8370000000000003E-003  0.72840000000000005       0.25740000000000002             5000
   9.8379999999999995E-003  0.72840000000000005       0.25740000000000002             5000
   9.8389999999999988E-003  0.72840000000000005       0.25740000000000002             5000
   9.8399999999999998E-003  0.72840000000000005       0.25740000000000002             5000
   9.8409999999999991E-003  0.72840000000000005       0.25740000000000002             5000
   9.8420000000000001E-003  0.72840000000000005       0.25740000000000002             5000
   9.8429999999999993E-003  0.72840000000000005       0.25740000000000002             5000
   9.8440000000000003E-003  0.72840000000000005       0.25740000000000002             5000
   9.8449999999999996E-003  0.72840000000000005       0.25740000000000002             5000
   9.8459999999999989E-003  0.72840000000000005       0.25740000000000002             5000
   9.8469999999999999E-003  0.72840000000000005       0.25740000000000002             5000
   9.8479999999999991E-003  0.72840000000000005       0.25740000000000002             5000
   9.8490000000000001E-003  0.72840000000000005       0.25740000000000002             5000
   9.8499999999999994E-003  0.72840000000000005       0.25740000000000002             5000
   9.8510000000000004E-003  0.72840000000000005       0.25740000000000002             5000
   9.8519999999999996E-003  0.72840000000000005       0.25740000000000002             5000
   9.8529999999999989E-003  0.72840000000000005       0.25740000000000002             5000
   9.8539999999999982E-003  0.72840000000000005       0.25740000000000002             5000
   9.8549999999999992E-003  0.72840000000000005       0.25740000000000002             5000
   9.8560000000000002E-003  0.72840000000000005       0.25740000000000002             5000
   9.8569999999999994E-003  0.72840000000000005       0.25740000000000002             5000
   9.8580000000000004E-003  0.72840000000000005       0.25740000000000002             5000
   9.8589999999999997E-003  0.72840000000000005       0.25740000000000002             5000
   9.8599999999999990E-003  0.72840000000000005       0.25740000000000002             5000
   9.8609999999999982E-003  0.72840000000000005       0.25740000000000002             5000
   9.8619999999999992E-003  0.72840000000000005       0.25740000000000002             5000
   9.8630000000000002E-003  0.72840000000000005       0.25740000000000002             5000
   9.8639999999999995E-003  0.72840000000000005       0.25740000000000002             5000
   9.8650000000000005E-003  0.72840000000000005       0.25740000000000002             5000
   9.8659999999999998E-003  0.72840000000000005       0.25740000000000002             5000
   9.8669999999999990E-003  0.72840000000000005       0.25740000000000002             5000
   9.8679999999999983E-003  0.72840000000000005       0.25740000000000002             5000
   9.8689999999999993E-003  0.72840000000000005       0.25740000000000002             5000
   9.8700000000000003E-003  0.72840000000000005       0.25740000000000002             5000
   9.8709999999999996E-003  0.72840000000000005       0.25740000000000002             5000
   9.8720000000000006E-003  0.72840000000000005       0.25740000000000002             5000
   9.8729999999999998E-003  0.72840000000000005       0.25740000000000002             5000
   9.8739999999999991E-003  0.72840000000000005       0.25740000000000002             5000
   9.8749999999999984E-003  0.72840000000000005       0.25740000000000002             5000
   9.8759999999999994E-003  0.72840000000000005       0.25740000000000002             5000
   9.8769999999999986E-003  0.72840000000000005       0.25740000000000002             5000
   9.8779999999999996E-003  0.72840000000000005       0.25740000000000002             5000
   9.8790000000000006E-003  0.72840000000000005       0.25740000000000002             5000
   9.8799999999999999E-003  0.72840000000000005       0.25740000000000002             5000
   9.8809999999999992E-003  0.72840000000000005       0.25740000000000002             5000
   9.8819999999999984E-003  0.72840000000000005       0.25740000000000002             5000
   9.8829999999999994E-003  0.72840000000000005       0.25740000000000002             5000
   9.8839999999999987E-003  0.72840000000000005       0.25740000000000002             5000
   9.8849999999999997E-003  0.72840000000000005       0.25740000000000002             5000
   9.8860000000000007E-003  0.72840000000000005       0.25740000000000002             5000
   9.8870000000000000E-003  0.72840000000000005       0.25740000000000002             5000
   9.8879999999999992E-003  0.72840000000000005       0.25740000000000002             5000
   9.8889999999999985E-003  0.72840000000000005       0.25740000000000002             5000
   9.8899999999999995E-003  0.72840000000000005       0.25740000000000002             5000
   9.8909999999999988E-003  0.72840000000000005       0.25740000000000002             5000
   9.8919999999999998E-003  0.72840000000000005       0.25740000000000002             5000
   9.8929999999999990E-003  0.72840000000000005       0.25740000000000002             5000
   9.8940000000000000E-003  0.72840000000000005       0.25740000000000002             5000
   9.8949999999999993E-003  0.72840000000000005       0.25740000000000002             5000
   9.8959999999999985E-003  0.72840000000000005       0.25740000000000002             5000
   9.8969999999999995E-003  0.72840000000000005       0.25740000000000002             5000
   9.8979999999999988E-003  0.72840000000000005       0.25740000000000002             5000
   9.8989999999999998E-003  0.72840000000000005       0.25740000000000002             5000
   9.8999999999999991E-003  0.72840000000000005       0.25740000000000002             5000
   9.9010000000000001E-003  0.72840000000000005       0.25740000000000002             5000
   9.9019999999999993E-003  0.72840000000000005       0.25740000000000002             5000
   9.9029999999999986E-003  0.72840000000000005       0.25740000000000002             5000
   9.9039999999999996E-003  0.72840000000000005       0.25740000000000002             5000
   9.9049999999999989E-003  0.72840000000000005       0.25740000000000002             5000
   9.9059999999999999E-003  0.72840000000000005       0.25740000000000002             5000
   9.9069999999999991E-003  0.72840000000000005       0.25740000000000002             5000
   9.9080000000000001E-003  0.72840000000000005       0.25740000000000002             5000
   9.9089999999999994E-003  0.72840000000000005       0.25740000000000002             5000
   9.9099999999999987E-003  0.72840000000000005       0.25740000000000002             5000
   9.9109999999999997E-003  0.72840000000000005       0.25740000000000002             5000
   9.9119999999999989E-003  0.72840000000000005       0.25740000000000002             5000
   9.9129999999999999E-003  0.72840000000000005       0.25740000000000002             5000
   9.9139999999999992E-003  0.72840000000000005       0.25740000000000002             5000
   9.9150000000000002E-003  0.72840000000000005       0.25740000000000002             5000
   9.9159999999999995E-003  0.72840000000000005       0.25740000000000002             5000
   9.9169999999999987E-003  0.72840000000000005       0.25740000000000002             5000
   9.9179999999999997E-003  0.72840000000000005       0.25740000000000002             5000
   9.9189999999999990E-003  0.72840000000000005       0.25740000000000002             5000
   9.9200000000000000E-003  0.72840000000000005       0.25740000000000002             5000
   9.9209999999999993E-003  0.72840000000000005       0.25740000000000002             5000
   9.9220000000000003E-003  0.72840000000000005       0.25740000000000002             5000
   9.9229999999999995E-003  0.72840000000000005       0.25740000000000002             5000
   9.9239999999999988E-003  0.72840000000000005       0.25740000000000002             5000
   9.9249999999999998E-003  0.72840000000000005       0.25740000000000002             5000
   9.9259999999999991E-003  0.72840000000000005       0.25740000000000002             5000
   9.9270000000000001E-003  0.72840000000000005       0.25740000000000002             5000
   9.9279999999999993E-003  0.72840000000000005       0.25740000000000002             5000
   9.9290000000000003E-003  0.72840000000000005       0.25740000000000002             5000
   9.9299999999999996E-003  0.72840000000000005       0.25740000000000002             5000
   9.9309999999999989E-003  0.72840000000000005       0.25740000000000002             5000
   9.9319999999999981E-003  0.72840000000000005       0.25740000000000002             5000
   9.9329999999999991E-003  0.72840000000000005       0.25740000000000002             5000
   9.9340000000000001E-003  0.72840000000000005       0.25740000000000002             5000
   9.9349999999999994E-003  0.72840000000000005       0.25740000000000002             5000
   9.9360000000000004E-003  0.72840000000000005       0.25740000000000002             5000
   9.9369999999999997E-003  0.72840000000000005       0.25740000000000002             5000
   9.9379999999999989E-003  0.72840000000000005       0.25740000000000002             5000
   9.9389999999999982E-003  0.72840000000000005       0.25740000000000002             5000
   9.9399999999999992E-003  0.72840000000000005       0.25740000000000002             5000
   9.9410000000000002E-003  0.72840000000000005       0.25740000000000002             5000
   9.9419999999999994E-003  0.72840000000000005       0.25740000000000002             5000
   9.9430000000000004E-003  0.72840000000000005       0.25740000000000002             5000
   9.9439999999999997E-003  0.72840000000000005       0.25740000000000002             5000
   9.9449999999999990E-003  0.72840000000000005       0.25740000000000002             5000
   9.9459999999999982E-003  0.72840000000000005       0.25740000000000002             5000
   9.9469999999999992E-003  0.72840000000000005       0.25740000000000002             5000
   9.9479999999999985E-003  0.72840000000000005       0.25740000000000002             5000
   9.9489999999999995E-003  0.72840000000000005       0.25740000000000002             5000
   9.9500000000000005E-003  0.72840000000000005       0.25740000000000002             5000
   9.9509999999999998E-003  0.72840000000000005       0.25740000000000002             5000
   9.9519999999999990E-003  0.72840000000000005       0.25740000000000002             5000
   9.9529999999999983E-003  0.72840000000000005       0.25740000000000002             5000
   9.9539999999999993E-003  0.72840000000000005       0.25740000000000002             5000
   9.9549999999999986E-003  0.72840000000000005       0.25740000000000002             5000
   9.9559999999999996E-003  0.72840000000000005       0.25740000000000002             5000
   9.9570000000000006E-003  0.72840000000000005       0.25740000000000002             5000
   9.9579999999999998E-003  0.72840000000000005       0.25740000000000002             5000
   9.9589999999999991E-003  0.72840000000000005       0.25740000000000002             5000
   9.9599999999999984E-003  0.72840000000000005       0.25740000000000002             5000
   9.9609999999999994E-003  0.72840000000000005       0.25740000000000002             5000
   9.9619999999999986E-003  0.72840000000000005       0.25740000000000002             5000
   9.9629999999999996E-003  0.72840000000000005       0.25740000000000002             5000
   9.9639999999999989E-003  0.72840000000000005       0.25740000000000002             5000
   9.9649999999999999E-003  0.72840000000000005       0.25740000000000002             5000
   9.9659999999999992E-003  0.72840000000000005       0.25740000000000002             5000
   9.9669999999999984E-003  0.72840000000000005       0.25740000000000002             5000
   9.9679999999999994E-003  0.72840000000000005       0.25740000000000002             5000
   9.9689999999999987E-003  0.72840000000000005       0.25740000000000002             5000
   9.9699999999999997E-003  0.72840000000000005       0.25740000000000002             5000
   9.9709999999999990E-003  0.72840000000000005       0.25740000000000002             5000
   9.9720000000000000E-003  0.72840000000000005       0.25740000000000002             5000
   9.9729999999999992E-003  0.72840000000000005       0.25740000000000002             5000
   9.9739999999999985E-003  0.72840000000000005       0.25740000000000002             5000
   9.9749999999999995E-003  0.72840000000000005       0.25740000000000002             5000
   9.9759999999999988E-003  0.72840000000000005       0.25740000000000002             5000
   9.9769999999999998E-003  0.72840000000000005       0.25740000000000002             5000
   9.9779999999999990E-003  0.72840000000000005       0.25740000000000002             5000
   9.9790000000000000E-003  0.72840000000000005       0.25740000000000002             5000
   9.9799999999999993E-003  0.72840000000000005       0.25740000000000002             5000
   9.9809999999999986E-003  0.72840000000000005       0.25740000000000002             5000
   9.9819999999999996E-003  0.72840000000000005       0.25740000000000002             5000
   9.9829999999999988E-003  0.72840000000000005       0.25740000000000002             5000
   9.9839999999999998E-003  0.72840000000000005       0.25740000000000002             5000
   9.9849999999999991E-003  0.72840000000000005       0.25740000000000002             5000
   9.9860000000000001E-003  0.72840000000000005       0.25740000000000002             5000
   9.9869999999999994E-003  0.72840000000000005       0.25740000000000002             5000
   9.9879999999999986E-003  0.72840000000000005       0.25740000000000002             5000
   9.9889999999999996E-003  0.72840000000000005       0.25740000000000002             5000
   9.9899999999999989E-003  0.72840000000000005       0.25740000000000002             5000
   9.9909999999999999E-003  0.72840000000000005       0.25740000000000002             5000
   9.9919999999999991E-003  0.72840000000000005       0.25740000000000002             5000
   9.9930000000000001E-003  0.72840000000000005       0.25740000000000002             5000
   9.9939999999999994E-003  0.72840000000000005       0.25740000000000002             5000
   9.9949999999999987E-003  0.72840000000000005       0.25740000000000002             5000
   9.9959999999999997E-003  0.72840000000000005       0.25740000000000002             5000
   9.9969999999999989E-003  0.72840000000000005       0.25740000000000002             5000
   9.9979999999999999E-003  0.72840000000000005       0.25740000000000002             5000
   9.9989999999999992E-003  0.72840000000000005       0.25740000000000002             5000
   1.0000000000000000E-002  0.72840000000000005       0.25740000000000002             5000
