   0.0000000000000000       0.50000000000000000        1.7592918860102842        2.9530970943744057        1.0000000000000000        0.0000000000000000     
   1.0000000000000001E-007  0.50231562070122404        1.7610435177874570        2.9529642262742701       0.99998729393410857       -8.3579456262237537E-003
   2.0000000000000002E-007  0.50463791322835372        1.7634426095198423        2.9522821052127153       0.99999606099389571       -1.6734781142093143E-002
   2.9999999999999999E-007  0.50696383473120044        1.7664949159757730        2.9510488885720476        1.0000047728487682       -2.5115608406579289E-002
   4.0000000000000003E-007  0.50929030155753563        1.7702060437869689        2.9492629015637872        1.0000133484041698       -3.3485365399819327E-002
   5.0000000000000008E-007  0.51161416853643116        1.7745814499785388        2.9469226243455875        1.0000217050216273       -4.1828793775193170E-002
   5.9999999999999997E-007  0.51393220950449414        1.7796264577514349        2.9440266752031028        1.0000297585595517       -5.0130417481949574E-002
   7.0000000000000007E-007  0.51624109997836753        1.7853462989663083        2.9405737894182238        1.0000374236797609       -5.8374538765800281E-002
   8.0000000000000007E-007  0.51853740298579842        1.7917461932385836        2.9365627931893719        1.0000446145191988       -6.6545259238432075E-002
   9.0000000000000007E-007  0.52081755913365535        1.7988314746816330        2.9319925718136477        1.0000512457767692       -7.4626531479353081E-002
   1.0000000000000002E-006  0.52307788198189009        1.8066077789903439        2.9268620311565101        1.0000572343368650       -8.2602250510761713E-002
   1.1000000000000001E-006  0.52531455970629259        1.8150813033246898        2.9211700510495353        1.0000625013544542       -9.0456391584881016E-002
   1.1999999999999999E-006  0.52752366370238435        1.8242591492557412        2.9149154294971300        1.0000669748252002       -9.8173192727267780E-002
   1.3000000000000000E-006  0.52970116418472024        1.8341497550159633        2.9080968165754904        1.0000705923740263      -0.10573738126209524     
   1.4000000000000001E-006  0.53184295189360908        1.8447634162776156        2.9007126379835406        1.0000733040640288      -0.11313442470832355     
   1.5000000000000000E-006  0.53394486367888216        1.8561128847955566        2.8927610096520509        1.0000750746305536      -0.12035077892823534     
   1.6000000000000001E-006  0.53600270810322215        1.8682140206780513        2.8842396476663432        1.0000758847160167      -0.12737408913976439     
   1.7000000000000000E-006  0.53801228550514579        1.8810864568396166        2.8751457816441435        1.0000757304502341      -0.13419328428150246     
   1.8000000000000001E-006  0.53996939560945811        1.8947542130781285        2.8654760848600409        1.0000746209319931      -0.14079849969080310     
   1.9000000000000000E-006  0.54186982543347284        1.9092461726259047        2.8552266403449922        1.0000725735571181      -0.14718076668946825     
   2.0000000000000003E-006  0.54370931166042868        1.9245963072457817        2.8443929678945068        1.0000696077033300      -0.15333143248306397     
   2.1000000000000002E-006  0.54548347549763165        1.9408435110661584        2.8329701407730097        1.0000657381170559      -0.15924132448766967     
   2.2000000000000001E-006  0.54718773445491298        1.9580308834504909        2.8209530204693181        1.0000609702553194      -0.16489975070181739     
   2.3000000000000000E-006  0.54881720372491538        1.9762042977935541        2.8083366303645367        1.0000553004640074      -0.17029352447458559     
   2.3999999999999999E-006  0.55036660992614839        1.9954101220261520        2.7951166725319352        1.0000487235525779      -0.17540629135543975     
   2.5000000000000002E-006  0.55183025248459727        2.0156920340727691        2.7812901667272745        1.0000412485049863      -0.18021846975440717     
   2.6000000000000001E-006  0.55320205630355213        2.0370870162161565        2.7668561611817619        1.0000329200003242      -0.18470805139711272     
   2.7000000000000004E-006  0.55447575370113855        2.0596208218294634        2.7518164386751893        1.0000238400240760      -0.18885232814493694     
   2.8000000000000003E-006  0.55564520514406179        2.0833034743381229        2.7361761281864743        1.0000141815691215      -0.19263034441368679     
   2.9000000000000002E-006  0.55670481666560001        2.1081256357660392        2.7199441409400045        1.0000041868881877      -0.19602559356218774     
   3.0000000000000001E-006  0.55764995459029920        2.1340568840704059        2.7031333853382873       0.99999414547042975      -0.19902826300401630     
   3.1000000000000004E-006  0.55847722630549079        2.1610469458646171        2.6857607785083748       0.99998435191323076      -0.20163624747336967     
   3.2000000000000003E-006  0.55918450931960506        2.1890306278731977        2.6678471529550718       0.99997505167818390      -0.20385429819949596     
   3.3000000000000002E-006  0.55977067361833310        2.2179365365712043        2.6494172258758351       0.99996639108889396      -0.20569115988480133     
   3.4000000000000001E-006  0.56023503775998429        2.2476987590796358        2.6304998158559485       0.99995838911598434      -0.20715526266666517     
   3.5000000000000004E-006  0.56057672723638829        2.2782696808930889        2.6111284376957835       0.99995093832981607      -0.20825004763080374     
   3.6000000000000003E-006  0.56079420788893353        2.3096312722442667        2.5913422795905845       0.99994384379666712      -0.20897036442122771     
   3.7000000000000002E-006  0.56088524852348831        2.3418018428741783        2.5711873666318326       0.99993690395162993      -0.20930161823648483     
   3.8000000000000000E-006  0.56084739905383074        2.3748357726382392        2.5507174968632098       0.99993001589228103      -0.20922291581756039     
   3.9000000000000008E-006  0.56067882972925909        2.4088151253874299        2.5299944356396051       0.99992325850807884      -0.20871391075044174     
   4.0000000000000007E-006  0.56037917766989842        2.4438340382293475        2.5090869959467117       0.99991689917540216      -0.20776299857509317     
   4.1000000000000006E-006  0.55994999376179000        2.4799787058745237        2.4880690209155745       0.99991130161626729      -0.20637326276972451     
   4.2000000000000004E-006  0.55939456325172066        2.5173068161005077        2.4670167581295712       0.99990675805732609      -0.20456299667262323     
   4.3000000000000003E-006  0.55871720687411497        2.5558298145447185        2.4460064298238375       0.99990332990507969      -0.20235979620959021     
   4.4000000000000002E-006  0.55792241585889191        2.5954997160974531        2.4251127178831910       0.99990079436666168      -0.19979060031235546     
   4.5000000000000001E-006  0.55701421211147928        2.6362005776613384        2.4044083974713999       0.99989873995978173      -0.19687246518934412     
   4.6000000000000000E-006  0.55599594819382236        2.6777443525363309        2.3839647308924894       0.99989676284653795      -0.19360877009793376     
   4.6999999999999999E-006  0.55487051417116517        2.7198717484246608        2.3638518510495206       0.99989464870103528      -0.18999258958192269     
   4.7999999999999998E-006  0.55364076808095197        2.7622597647605480        2.3441384642608289       0.99989243463369781      -0.18601480761255393     
   4.9000000000000005E-006  0.55230998743975934        2.8045374458912935        2.3248907109655526       0.99989032538250811      -0.18167192338178939     
   5.0000000000000004E-006  0.55088218226466712        2.8463094022622442        2.3061705882696373       0.99988855084425121      -0.17696945788921564     
   5.1000000000000003E-006  0.54936219911431128        2.8871839237822159        2.2880345157278583       0.99988726933125394      -0.17192098571798350     
   5.2000000000000002E-006  0.54775561329307343        2.9268006519504870        2.2705324255952881       0.99988654183360182      -0.16654486935039686     
   5.3000000000000009E-006  0.54606847540293346        2.9648527655454142        2.2537074435947324       0.99988636524345742      -0.16086114059501225     
   5.4000000000000008E-006  0.54430700640057295        3.0011004194246018        2.2375959949224273       0.99988671961557907      -0.15488983325349337     
   5.5000000000000007E-006  0.54247732466313425        3.0353746618336928        2.2222281289843577       0.99988759630388402      -0.14865059607862749     
   5.6000000000000006E-006  0.54058525643908450        3.0675732565529215        2.2076279420248626       0.99988900178321272      -0.14216275907281190     
   5.7000000000000005E-006  0.53863624332058901        3.0976510874622125        2.1938140697853967       0.99989094860077998      -0.13544523797986013     
   5.8000000000000004E-006  0.53663533364212590        3.1256080365535759        2.1808002592322340       0.99989344645047462      -0.12851616360952930     
   5.9000000000000003E-006  0.53458722727441632        3.1514766999697428        2.1685960142042813       0.99989649914793921      -0.12139246356585802     
   6.0000000000000002E-006  0.53249634150202396        3.1753114578940784        2.1572072792718671       0.99990010669216556      -0.11408966822932631     
   6.1000000000000000E-006  0.53036687467521926        3.1971796091638947        2.1466371090434690       0.99990426738114468      -0.10662203533210145     
   6.2000000000000008E-006  0.52820285804383293        3.2171546804379263        2.1368862802948629       0.99990897840716586       -9.9002881247222799E-002
   6.3000000000000007E-006  0.52600819225326045        3.2353116864703648        2.1279538211507592       0.99991423515921940       -9.1245032542945637E-002
   6.4000000000000006E-006  0.52378666888801328        3.2517239704513732        2.1198374477543362       0.99992002876754327       -8.3361276413006336E-002
   6.5000000000000004E-006  0.52154198114828298        3.2664612225561833        2.1125339149189992       0.99992634312779671       -7.5364697604009864E-002
   6.6000000000000003E-006  0.51927772808790862        3.2795883197602200        2.1060392958008549       0.99993315263187477       -6.7268864991229416E-002
   6.7000000000000002E-006  0.51699741597204241        3.2911647032390818        2.1003492068302800       0.99994042104123548       -5.9087879319571580E-002
   6.8000000000000001E-006  0.51470445936450104        3.3012440863794867        2.0954589915800517       0.99994810153162383       -5.0836319731709941E-002
   6.9000000000000009E-006  0.51240218368359391        3.3098743530808652        2.0913638733073401       0.99995613765519253       -4.2529131988501875E-002
   7.0000000000000007E-006  0.51009383021309485        3.3170975588084182        2.0880590819734208       0.99996446485467438       -3.4181497321239956E-002
   7.1000000000000006E-006  0.50778256396033050        3.3229499834322449        2.0855399587872170       0.99997301222235502       -2.5808706484298304E-002
   7.2000000000000005E-006  0.50547148425913724        3.3274622112119361        2.0838020395045782       0.99998170429425648       -1.7426054643546414E-002
   7.3000000000000004E-006  0.50316363770470951        3.3306592271217696        2.0828411168132988       0.99999046273121939       -9.0487608119873275E-003
   7.4000000000000003E-006  0.50086203279008845        3.3325605240278025        2.0826532819194852       0.99999920784755425       -6.9190902819122441E-004
   7.5000000000000002E-006  0.49856965547964388        3.3331802216036519        2.0832349455728938        1.0000078600175095        7.6295949787978058E-003
   7.6000000000000001E-006  0.49628948489582297        3.3325272003081574        2.0845828390236214        1.0000163410028733        1.5901059643238069E-002
   7.6999999999999991E-006  0.49402450830024525        3.3306052539358340        2.0866939956253745        1.0000245752449413        2.4108043108311807E-002
   7.8000000000000016E-006  0.49177773461370949        3.3274132641527756        2.0895657138608663        1.0000324911440381        3.2236393149736121E-002
   7.9000000000000006E-006  0.48955220584549247        3.3229454006846089        2.0931955023845177        1.0000400223140029        4.0272292482475505E-002
   8.0000000000000013E-006  0.48735100600278625        3.3171913517563096        2.0975810071615628        1.0000471087502105        4.8202305572120026E-002
   8.1000000000000004E-006  0.48517726734470829        3.3101365915257772        2.1027199198806077        1.0000536978036554        5.6013418319180337E-002
   8.2000000000000011E-006  0.48303417425288131        3.3017626944388119        2.1086098655684213        1.0000597448150403        6.3693058014558435E-002
   8.3000000000000002E-006  0.48092496548822611        3.2920477116673283        2.1152482657465757        1.0000652132453736        7.1229077715109460E-002
   8.4000000000000009E-006  0.47885293615534463        3.2809666332476226        2.1226321717430765        1.0000700742060298        7.8609690913527847E-002
   8.4999999999999999E-006  0.47682144117950437        3.2684919720834911        2.1307580615879398        1.0000743053921004        8.5823349802956153E-002
   8.6000000000000007E-006  0.47483390232397704        3.2545945300864130        2.1396215936098213        1.0000778896594436        9.2858570892289244E-002
   8.7000000000000014E-006  0.47289382049721757        3.2392444402053959        2.1492173115602533        1.0000808136386596        9.9703730094088838E-002
   8.8000000000000004E-006  0.47100479411222373        3.2224126152264154        2.1595382999168828        1.0000830669528642       0.10634686428962774     
   8.9000000000000012E-006  0.46917054306654732        3.2040727708698689        2.1705757946958490        1.0000846427023995       0.11277553479580582     
   9.0000000000000002E-006  0.46739493649993635        3.1842042102127199        2.1823187639995481        1.0000855390713967       0.11897680164489063     
   9.1000000000000010E-006  0.46568201939395898        3.1627955435124928        2.1947534784274705        1.0000857611087197       0.12493729679238630     
   9.2000000000000000E-006  0.46403603074960570        3.1398494154440657        2.2078630938243511        1.0000853224027682       0.13064338023514768     
   9.3000000000000007E-006  0.46246140507213673        3.1153881035561541        2.2216272701823829        1.0000842446240621       0.13608134394925908     
   9.3999999999999998E-006  0.46096274802740805        3.0894595468376713        2.2360218415733941        1.0000825534560314       0.14123754865573723     
   9.5000000000000005E-006  0.45954477650271253        3.0621429907463487        2.2510185389319033        1.0000802717931709       0.14609842034191003     
   9.5999999999999996E-006  0.45821221344963980        3.0335531122256749        2.2665847599828104        1.0000774135354760       0.15065031944133186     
   9.7000000000000020E-006  0.45696963242319033        3.0038413677320630        2.2826833884456597        1.0000739838262842       0.15487945003401499     
   9.8000000000000010E-006  0.45582126093019454        2.9731935326720085        2.2992726951580988        1.0000699910747721       0.15877213257028991     
   9.9000000000000001E-006  0.45477077771183416        2.9418230473537399        2.3163063990711326        1.0000654706644794       0.16231579311371488     
   1.0000000000000001E-005  0.45382116815008194        2.9099607517559907        2.3337339976610938        1.0000605098769633       0.16550077570049335     
   1.0100000000000000E-005  0.45297471178680498        2.8778425881915384        2.3515014483992749        1.0000552533981517       0.16832246687222083     
   1.0200000000000001E-005  0.45223314527631397        2.8456974851592536        2.3695521659760912        1.0000498707707210       0.17078252555788845     
   1.0300000000000000E-005  0.45159796950540615        2.8137375608547566        2.3878281295309187        1.0000444894311025       0.17288786732773584     
   1.0400000000000000E-005  0.45107078822216151        2.7821519261860015        2.4062707738867775        1.0000391163993729       0.17464677812093826     
   1.0499999999999999E-005  0.45065353300926564        2.7511040609301776        2.4248213535167413        1.0000335989668856       0.17606295565995814     
   1.0600000000000002E-005  0.45034846082278374        2.7207315110104378        2.4434207137892119        1.0000276694182932       0.17713033429194713     
   1.0700000000000001E-005  0.45015790665486449        2.6911461695862124        2.4620087718592694        1.0000210645414818       0.17783184589200077     
   1.0800000000000002E-005  0.45008387622928825        2.6624339615038939        2.4805242544170842        1.0000136633397745       0.17814357497525302     
   1.0900000000000001E-005  0.45012762597646605        2.6346540197736492        2.4989051882046995        1.0000055671030319       0.17804292533534063     
   1.1000000000000001E-005  0.45028937685166703        2.6078386271157026        2.5170902893285203       0.99999707478660904       0.17751712014772120     
   1.1100000000000000E-005  0.45056825060182537        2.5819955004730049        2.5350209432581967       0.99998856608191600       0.17656807478645806     
   1.1200000000000001E-005  0.45096243138969871        2.5571132315952987        2.5526431673193701       0.99998035694678666       0.17521157558829953     
   1.1300000000000000E-005  0.45146947858984821        2.5331693379720455        2.5699089587908261       0.99997260023738865       0.17347153750062883     
   1.1400000000000001E-005  0.45208667657333085        2.5101392277342214        2.5867767132384212       0.99996527082774334       0.17137221244395867     
   1.1500000000000002E-005  0.45281131111537881        2.4880040053628911        2.6032107717882678       0.99995822523664812       0.16893162932838984     
   1.1600000000000001E-005  0.45364080503481330        2.4667554906601641        2.6191804324852797       0.99995129554193951       0.16615841679842755     
   1.1700000000000001E-005  0.45457270796216431        2.4463977506005978        2.6346588511208724       0.99994437406952041       0.16305247991816083     
   1.1800000000000001E-005  0.45560457461836512        2.4269454070341179        2.6496221703950216       0.99993745803523515       0.15960846690730712     
   1.1900000000000001E-005  0.45673378975154799        2.4084196975370302        2.6640490324597930       0.99993065017483340       0.15582025708132016     
   1.2000000000000000E-005  0.45795740343543306        2.3908435844002418        2.6779204552705473       0.99992412750439374       0.15168490341618365     
   1.2100000000000001E-005  0.45927202587785942        2.3742371270683176        2.6912199429563768       0.99991809630135453       0.14720507285173898     
   1.2200000000000000E-005  0.46067380439643324        2.3586139836883433        2.7039336662738083       0.99991274989904133       0.14238972592579885     
   1.2300000000000001E-005  0.46215847814413952        2.3439794489181369        2.7160505754141573       0.99990823998980194       0.13725333121624400     
   1.2400000000000002E-005  0.46372148794128987        2.3303300131739531        2.7275623658017119       0.99990466465463002       0.13181420327980073     
   1.2500000000000001E-005  0.46535811149155404        2.3176541373145270        2.7384632791854235       0.99990207053895019       0.12609258138581808     
   1.2600000000000001E-005  0.46706359662070651        2.3059338069780173        2.7487497688646387       0.99990046371358654       0.12010892741785047     
   1.2700000000000000E-005  0.46883327285122289        2.2951464358770961        2.7584200822140570       0.99989982342459793       0.11388270839765009     
   1.2800000000000001E-005  0.47066263091155058        2.2852667760339767        2.7674738173720881       0.99990011450152139       0.10743172847105770     
   1.2900000000000000E-005  0.47254736827178218        2.2762686124977991        2.7759115011584754       0.99990129628232394       0.10077193922159869     
   1.3000000000000001E-005  0.47448340495355035        2.2681261319458956        2.7837342196262509       0.99990332763414425        9.3917591779278498E-002
   1.3100000000000000E-005  0.47646687714329955        2.2608149393404324        2.7909433168426601       0.99990616873573657        8.6881584667301615E-002
   1.3200000000000001E-005  0.47849411688830595        2.2543127502619633        2.7975401647230687       0.99990978071745584        7.9675883396360822E-002
   1.3300000000000000E-005  0.48056162518246320        2.2485998132130538        2.8035259982245382       0.99991412414898329        7.2311924575092251E-002
   1.3400000000000000E-005  0.48266604387849771        2.2436591241360242        2.8089018055664812       0.99991915729316516        6.4800957442305740E-002
   1.3499999999999999E-005  0.48480412977641879        2.2394764921825066        2.8136682615071331       0.99992483458047621        5.7154298259702759E-002
   1.3600000000000000E-005  0.48697273246677369        2.2360405071874774        2.8178256922173386       0.99993110555802711        4.9383502291839576E-002
   1.3699999999999999E-005  0.48916877614375631        2.2333424489887972        2.8213740615914076       0.99993791438476243        4.1500459775275486E-002
   1.3800000000000002E-005  0.49138924485136365        2.2313761680276287        2.8243129708180836       0.99994519980974805        3.3517436183632308E-002
   1.3900000000000002E-005  0.49363117025125375        2.2301379590661816        2.8266416649054107       0.99995289550014432        2.5447070482138418E-002
   1.4000000000000001E-005  0.49589162094318490        2.2296264439114117        2.8283590414570949       0.99996093061735480        1.7302346443997006E-002
   1.4100000000000002E-005  0.49816769253342047        2.2298424745483505        2.8294636584286357       0.99996923052243769        9.0965485278388606E-003
   1.4200000000000001E-005  0.50045649786304436        2.2307890648650250        2.8299537386074327       0.99997771753972997        8.4320937348071081E-004
   1.4300000000000002E-005  0.50275515704585094        2.2324713568008945        2.8298271693025994       0.99998631174117658       -7.4439468404752301E-003
   1.4400000000000001E-005  0.50506078716897862        2.2348966249934028        2.8290814962654527       0.99999493174196219       -1.5751063463836958E-002
   1.4500000000000002E-005  0.50737049164022618        2.2380743225656410        2.8277139112431606        1.0000034955200436       -2.4064212902234282E-002
   1.4600000000000001E-005  0.50968134921064989        2.2420161692877643        2.8257212328738222        1.0000119212825380       -3.2369461350712406E-002
   1.4700000000000002E-005  0.51199040265322393        2.2467362816088987        2.8230998809439884        1.0000201283990209       -4.0652937053614724E-002
   1.4800000000000001E-005  0.51429464693833882        2.2522513413109326        2.8198458444293957        1.0000280384090947       -4.8900900810570351E-002
   1.4900000000000001E-005  0.51659101653857142        2.2585807957308415        2.8159546443220735        1.0000355760753086       -5.7099814756503296E-002
   1.5000000000000000E-005  0.51887637126328334        2.2657470794024182        2.8114212932032872        1.0000426703844962       -6.5236400765730340E-002
   1.5100000000000001E-005  0.52114747977476894        2.2737758414457678        2.8062402549375265        1.0000492553720284       -7.3297674358325571E-002
   1.5200000000000000E-005  0.52340099980130583        2.2826961558135004        2.8004054096677478        1.0000552705975485       -8.1270937271786484E-002
   1.5299999999999999E-005  0.52563345415363660        2.2925406831593373        2.7939100318716550        1.0000606610061462       -8.9143701685046303E-002
   1.5399999999999998E-005  0.52784120198586137        2.3033457438800906        2.7867467922740552        1.0000653760677420       -9.6903524434996252E-002
   1.5500000000000001E-005  0.53002040561676711        2.3151512525782234        2.7789077976966188        1.0000693680556316      -0.10453772662679361     
   1.5600000000000003E-005  0.53216699453833827        2.3280004565507988        2.7703846857780574        1.0000725897103522      -0.11203299589438631     
   1.5700000000000002E-005  0.53427663014718985        2.3419394183499000        2.7611687928912634        1.0000749919552416      -0.11937489139629917     
   1.5800000000000001E-005  0.53634467704879851        2.3570161901479554        2.7512514117658933        1.0000765227825750      -0.12654731780465919     
   1.5900000000000004E-005  0.53836618924320800        2.3732796532868470        2.7406241486739762        1.0000771290069757      -0.13353208943160511     
   1.6000000000000003E-005  0.54033592154151888        2.3907780494468556        2.7292793769914798        1.0000767627025109      -0.14030875883665433     
   1.6100000000000002E-005  0.54224837711011487        2.4095573183506431        2.7172107645946988        1.0000753934684568      -0.14685491259120415     
   1.6200000000000001E-005  0.54409789924626406        2.4296594814410035        2.7044138297225628        1.0000730259230575      -0.15314710690075056     
   1.6300000000000000E-005  0.54587880713674020        2.4511214572945321        2.6908864601848288        1.0000697189380074      -0.15916249905446112     
   1.6400000000000002E-005  0.54758556041717399        2.4739748194960480        2.6766293243235522        1.0000655996836647      -0.16488101207166034     
   1.6500000000000001E-005  0.54921291886616153        2.4982470376969403        2.6616461208810951        1.0000608630388343      -0.17028757305294509     
   1.6600000000000000E-005  0.55075605223776714        2.5239645902279775        2.6459436678645427        1.0000557473758862      -0.17537367217002575     
   1.6699999999999999E-005  0.55221056257850643        2.5511579318122308        2.6295319159144226        1.0000504835381483      -0.18013734209658638     
   1.6800000000000002E-005  0.55357239901975086        2.5798676503547888        2.6124240634089424        1.0000452275290905      -0.18458089509345157     
   1.6900000000000001E-005  0.55483766767337239        2.6101503733345215        2.5946369954375768        1.0000400040052380      -0.18870653542456187     
   1.7000000000000000E-005  0.55600236905933298        2.6420823249217125        2.5761922078093704        1.0000346961030213      -0.19251111899068396     
   1.7099999999999999E-005  0.55706213842723096        2.6757581963616559        2.5571171876619401        1.0000291050623538      -0.19598228111873983     
   1.7200000000000001E-005  0.55801211456065702        2.7112834236668069        2.5374469585770512        1.0000230683609341      -0.19909814855679048     
   1.7300000000000000E-005  0.55884707997879135        2.7487591639678643        2.5172253041718142        1.0000165753594579      -0.20183132538000609     
   1.7400000000000003E-005  0.55956192173634445        2.7882610177191474        2.4965051979739732        1.0000098225873446      -0.20415583487707475     
   1.7500000000000002E-005  0.56015230812249162        2.8298143723580083        2.4753481965616739        1.0000031517225456      -0.20605416295569851     
   1.7600000000000001E-005  0.56061533332088631        2.8733703955302028        2.4538229635047948       0.99999689315097406      -0.20752096269334461     
   1.7700000000000003E-005  0.56094980649559734        2.9187868379614077        2.4320034008242430       0.99999121837351446      -0.20856216806832453     
   1.7800000000000002E-005  0.56115599337751754        2.9658172017132243        2.4099668691485383       0.99998609851402265      -0.20919097106579562     
   1.7900000000000001E-005  0.56123491999977682        3.0141108716771368        2.3877927415987759       0.99998137343253357      -0.20942301385334960     
   1.8000000000000000E-005  0.56118761684532359        3.0632256411385139        2.3655613160583058       0.99997684986433177      -0.20927192871917344     
   1.8100000000000003E-005  0.56101466931815691        3.1126527293920230        2.3433530565347436       0.99997235616742419      -0.20874525964461310     
   1.8200000000000002E-005  0.56071617458418299        3.1618522298725020        2.3212481351402299       0.99996774994763571      -0.20784150328930201     
   1.8300000000000001E-005  0.56029199530286022        3.2102942247551423        2.2993261217919971       0.99996293102912026      -0.20655035209805039     
   1.8400000000000000E-005  0.55974218555245880        3.2574991702768705        2.2776654899901270       0.99995784212785654      -0.20485691979323103     
   1.8500000000000002E-005  0.55906748892309410        3.3030708891910310        2.2563426879677979       0.99995246949641303      -0.20274765596779154     
   1.8600000000000001E-005  0.55826978752370515        3.3467168734890884        2.2354307339297552       0.99994686691644441      -0.20021566803774207     
   1.8700000000000001E-005  0.55735235958045692        3.3882536870476958        2.2149974955618625       0.99994117656002091      -0.19726396424709514     
   1.8800000000000000E-005  0.55631983128901941        3.4275986037275326        2.1951039673846804       0.99993560909623802      -0.19390600963616109     
   1.8900000000000002E-005  0.55517781279121736        3.4647509624325052        2.1758029220440456       0.99993037690760478      -0.19016361424279746     
   1.9000000000000001E-005  0.55393233715366208        3.4997680457402005        2.1571382485558943       0.99992561662832657      -0.18606275527671395     
   1.9100000000000000E-005  0.55258931325634331        3.5327405560524334        2.1391451056019828       0.99992135140530880      -0.18162863994682407     
   1.9199999999999999E-005  0.55115418600939203        3.5637717772699835        2.1218507874706263       0.99991750655941003      -0.17688144734889025     
   1.9300000000000002E-005  0.54963185289107330        3.5929627234011292        2.1052760225838822       0.99991397717387898      -0.17183423137889309     
   1.9400000000000004E-005  0.54802679249963970        3.6204037961310394        2.0894363402116580       0.99991069652868692      -0.16649353710947051     
   1.9500000000000003E-005  0.54634330988978685        3.6461720282820358        2.0743432194326741       0.99990767662808056      -0.16086203505130584     
   1.9600000000000002E-005  0.54458578002149349        3.6703322221355585        2.0600048855111925       0.99990501102330487      -0.15494197075482433     
   1.9700000000000001E-005  0.54275880448608904        3.6929401453050876        2.0464267663433264       0.99990284816792308      -0.14873822116327082     
   1.9800000000000000E-005  0.54086725261055013        3.7140462310693461        2.0336117167567136       0.99990135201019725      -0.14226016906018862     
   1.9900000000000003E-005  0.53891620797324225        3.7336987418882801        2.0215601469738655       0.99990066567805602      -0.13552215962189409     
   2.0000000000000002E-005  0.53691086364443374        3.7519458890255843        2.0102701687167741       0.99990088832897395      -0.12854277139621503     
   2.0100000000000001E-005  0.53485640578882532        3.7688368320491485        1.9997378224078333       0.99990206773538415      -0.12134339898235588     
   2.0200000000000000E-005  0.53275791148262752        3.7844217523994708        1.9899573968955873       0.99990420523545143      -0.11394667250585171     
   2.0300000000000002E-005  0.53062027300291048        3.7987513079061199        1.9809218162405813       0.99990726720216694      -0.10637510226258245     
   2.0400000000000001E-005  0.52844815120364763        3.8118757734583708        1.9726230517792473       0.99991119771466208       -9.8650142651461506E-002
   2.0500000000000000E-005  0.52624595492216708        3.8238441090374780        1.9650525183966789       0.99991592908490756       -9.0791703180565883E-002
   2.0599999999999999E-005  0.52401784070947899        3.8347031127950046        1.9582014244993853       0.99992138894536664       -8.2818029919343616E-002
   2.0700000000000002E-005  0.52176772658632198        3.8444967410731854        1.9520610588575649       0.99992750407711761       -7.4745837955991989E-002
   2.0800000000000001E-005  0.51949931416292883        3.8532656208785103        1.9466230097436579       0.99993420177418879       -6.6590576297246615E-002
   2.0900000000000000E-005  0.51721611468468476        3.8610467446418046        1.9418793206365894       0.99994140981429236       -5.8366735481331498E-002
   2.0999999999999999E-005  0.51492147596574289        3.8678733178177129        1.9378225919200331       0.99994905582087945       -5.0088132814457835E-002
   2.1100000000000001E-005  0.51261860839036921        3.8737747233468656        1.9344460398860701       0.99995706657492134       -4.1768148554802480E-002
   2.1200000000000004E-005  0.51031060914591242        3.8787765667216179        1.9317435243963235       0.99996536755923993       -3.3419896164338513E-002
   2.1300000000000003E-005  0.50800048447125667        3.8829007699569775        1.9297095551608818       0.99997388285845656       -2.5056334491331850E-002
   2.1400000000000002E-005  0.50569117005830744        3.8861656886718778        1.9283392846341620       0.99998253535726167       -1.6690329048748415E-002
   2.1500000000000001E-005  0.50338554991237738        3.8885862328933949        1.9276284937282289       0.99999124719961874       -8.3346744405899398E-003
   2.1600000000000003E-005  0.50108647401328033        3.8901739772344253        1.9275735745893008       0.99999994040279927       -2.0913950813503327E-006
   2.1700000000000002E-005  0.49879677510430148        3.8909372511411471        1.9281715130201962        1.0000085375437495        8.2947903211754159E-003
   2.1800000000000001E-005  0.49651928489977032        3.8908812048500332        1.9294198717145201        1.0000169624503858        1.6543453099347905E-002
   2.1900000000000000E-005  0.49425684997513314        3.8900078511572418        1.9313167741755715        1.0000251408366745        2.4731507397659887E-002
   2.2000000000000003E-005  0.49201234759746426        3.8883160872921767        1.9338608879576324        1.0000330008235847        3.2846693292937310E-002
   2.2100000000000002E-005  0.48978870176065165        3.8858017053487686        1.9370514046444611        1.0000404732903265        4.0876858793998848E-002
   2.2200000000000001E-005  0.48758889968384062        3.8824574041152142        1.9408880127268284        1.0000474920011122        4.8809905988225051E-002
   2.2300000000000000E-005  0.48541600898092446        3.8782728199273229        1.9453708581987734        1.0000539934539008        5.6633695639996581E-002
   2.2400000000000002E-005  0.48327319557263609        3.8732345997185060        1.9505004863710267        1.0000599164673663        6.4335904198937796E-002
   2.2500000000000001E-005  0.48116374212657476        3.8673265445464926        1.9562777576090202        1.0000652015699474        7.1903835474568537E-002
   2.2600000000000000E-005  0.47909106633817083        3.8605298570563544        1.9627037291031002        1.0000697903308857        7.9324190779141088E-002
   2.2700000000000000E-005  0.47705873770933382        3.8528235296540165        1.9697794955219663        1.0000736250619258        8.6582825972817648E-002
   2.2800000000000002E-005  0.47507049062489759        3.8441849080476578        1.9775059837271132        1.0000766492745379        9.3664533104849887E-002
   2.2900000000000004E-005  0.47313023063818127        3.8345904524636438        1.9858837011039980        1.0000788096177486       0.10055291383542563     
   2.3000000000000003E-005  0.47124203014389687        3.8240166949201022        1.9949124440084367        1.0000800598585502       0.10723042373569058     
   2.3100000000000002E-005  0.46941010949612494        3.8124413508979100        2.0045909819111078        1.0000803672490957       0.11367867752384118     
   2.3200000000000001E-005  0.46763880047938433        3.7998444879850153        2.0149167425733814        1.0000797210003536       0.11987908418976355     
   2.3300000000000004E-005  0.46593249115139246        3.7862095883721789        2.0258855313250836        1.0000781414735893       0.12581382696868040     
   2.3400000000000003E-005  0.46429555459010879        3.7715242816442536        2.0374913190409170        1.0000756874618721       0.13146710627393648     
   2.3500000000000002E-005  0.46273226852398008        3.7557804940800272        2.0497261240035245        1.0000724578740179       0.13682643144740511     
   2.3600000000000001E-005  0.46124673732560506        3.7389737909357654        2.0625799890486691        1.0000685840523069       0.14188361248491255     
   2.3700000000000000E-005  0.45984283141940913        3.7211018050246829        2.0760410179026656        1.0000642105930908       0.14663502394975220     
   2.3800000000000003E-005  0.45852416039595101        3.7021618558903127        2.0900953912687039        1.0000594662496263       0.15108076296884643     
   2.3900000000000002E-005  0.45729409351645051        3.6821481440604735        2.1047272501568992        1.0000544316642705       0.15522255843466506     
   2.4000000000000001E-005  0.45615583323507986        3.6610491906649241        2.1199183327235458        1.0000491154929971       0.15906070768240771     
   2.4100000000000000E-005  0.45511253266541418        3.6388463933777988        2.1356473003306600        1.0000434522128367       0.16259081906404838     
   2.4200000000000002E-005  0.45416742657782705        3.6155145776477777        2.1518887930754143        1.0000373309102508       0.16580153392905056     
   2.4300000000000001E-005  0.45332392153173751        3.5910251715930817        2.1686123895307232        1.0000306507976957       0.16867435468934677     
   2.4400000000000000E-005  0.45258558328763893        3.5653520920084536        2.1857817522830101        1.0000233892406185       0.17118616805470446     
   2.4499999999999999E-005  0.45195598208655774        3.5384796479220575        2.2033542753681394        1.0000156526996495       0.17331419983974380     
   2.4600000000000002E-005  0.45143839796541124        3.5104110732065710        2.2212814463474642        1.0000076755483231       0.17504175285973178     
   2.4700000000000004E-005  0.45103545080468405        3.4811759834472813        2.2395098971001799       0.99999975672583530       0.17636237932996113     
   2.4800000000000003E-005  0.45074877519768020        3.4508353460281764        2.2579828527317294       0.99999215662687835       0.17728054831960433     
   2.4900000000000002E-005  0.45057887610442671        3.4194834017652931        2.2766415368068049       0.99998500620132291       0.17780842175189773     
   2.5000000000000001E-005  0.45052525044114938        3.3872469614409981        2.2954261578228738       0.99997827733352163       0.17796029601185889     
   2.5100000000000004E-005  0.45058675204762111        3.3542830948862181        2.3142763570225178       0.99997182834569842       0.17774734648562429     
   2.5200000000000003E-005  0.45076206214241238        3.3207761471266601        2.3331312894720755       0.99996549338012197       0.17717486956017664     
   2.5300000000000002E-005  0.45105006996081948        3.2869344070386055        2.3519296609337017       0.99995916218943492       0.17624256038086850     
   2.5400000000000001E-005  0.45145001114862499        3.2529859888032480        2.3706099844661859       0.99995281236676026       0.17494676504110035     
   2.5500000000000003E-005  0.45196133422355733        3.2191730517660400        2.3891111284970807       0.99994649071767494       0.17328302975306795     
   2.5600000000000002E-005  0.45258339449169777        3.1857436601173941        2.4073730588767237       0.99994027688392029       0.17124795987713523     
   2.5700000000000001E-005  0.45331512291988529        3.1529413323474591        2.4253376346397006       0.99993424902992156       0.16884027304210056     
   2.5800000000000000E-005  0.45415478143967586        3.1209933665495173        2.4429493399168423       0.99992846659281054       0.16606111916763885     
   2.5900000000000003E-005  0.45509984749637222        3.0900997881755163        2.4601558997209150       0.99992297567659405       0.16291408823092818     
   2.6000000000000002E-005  0.45614702372069654        3.0604249056141266        2.4769087925085693       0.99991782528444650       0.15940525980532436     
   2.6100000000000001E-005  0.45729235017132680        3.0320929081834467        2.4931636891632167       0.99991307953125297       0.15554335517028847     
   2.6200000000000000E-005  0.45853138978035379        3.0051879363098890        2.5088808215387712       0.99990881687212507       0.15133982411478969     
   2.6300000000000002E-005  0.45985944963658393        2.9797580120894289        2.5240252434613550       0.99990511734400866       0.14680861018333510     
   2.6400000000000001E-005  0.46127179459650319        2.9558215008203974        2.5385669258001138       0.99990204633916246       0.14196545739992336     
   2.6500000000000000E-005  0.46276381383547427        2.9333745683635764        2.5524806412039163       0.99989964407872245       0.13682684550871330     
   2.6599999999999999E-005  0.46433111682916473        2.9123983285700041        2.5657456357759987       0.99989792545495371       0.13140883799832179     
   2.6699999999999998E-005  0.46596955676024793        2.8928648341710019        2.5783451325202011       0.99989688843155711       0.12572617539348549     
   2.6800000000000001E-005  0.46767520098539117        2.8747415545116777        2.5902657421725155       0.99989652511868732       0.11979182968010223     
   2.6900000000000000E-005  0.46944427293793989        2.8579943772357748        2.6014968576700115       0.99989683073435309       0.11361701274126275     
   2.6999999999999999E-005  0.47127308838731508        2.8425894126095934        2.6120300942528636       0.99989780904738956       0.10721159871248694     
   2.7099999999999998E-005  0.47315800473490899        2.8284939500463562        2.6218588156847473       0.99989947215599362       0.10058479581445035     
   2.7200000000000000E-005  0.47509539144385321        2.8156768940712782        2.6309777584373490       0.99990183617706740        9.3745849562141645E-002
   2.7300000000000000E-005  0.47708162153650502        2.8041089391645966        2.6393827441223512       0.99990491518573921        8.6704614156016241E-002
   2.7399999999999999E-005  0.47911307914904644        2.7937626593830580        2.6470704591533347       0.99990871551732818        7.9471908429436314E-002
   2.7500000000000004E-005  0.48118617640859834        2.7846126126345645        2.6540382785468370       0.99991323168966506        7.2059647038849498E-002
   2.7600000000000003E-005  0.48329737327749550        2.7766355019119793        2.6602841145701244       0.99991844439079702        6.4480788335981809E-002
   2.7700000000000006E-005  0.48544319556090137        2.7698103985044122        2.6658062772468187       0.99992432035315670        5.6749161739914587E-002
   2.7800000000000005E-005  0.48762024811390414        2.7641190112684799        2.6706033402271019       0.99993081353671220        4.8879240573982949E-002
   2.7900000000000004E-005  0.48982522186341909        2.7595459796287316        2.6746740103669029       0.99993786709760757        4.0885912654396943E-002
   2.8000000000000003E-005  0.49205489442287897        2.7560791699244067        2.6780170027875343       0.99994541553918082        3.2784284319737088E-002
   2.8100000000000005E-005  0.49430612477117836        2.7537099594739058        2.6806309244012199       0.99995338677047652        2.4589534197757595E-002
   2.8200000000000004E-005  0.49657584284127082        2.7524334975643483        2.6825141693811787       0.99996170385610061        1.6316823609654144E-002
   2.8300000000000003E-005  0.49886103496700235        2.7522489370968652        2.6836648295925558       0.99997028641316121        7.9812573223128069E-003
   2.8400000000000003E-005  0.50115872609935253        2.7531596339699207        2.6840806223019871       0.99997905169645285       -4.0211398037235887E-004
   2.8500000000000002E-005  0.50346595961577545        2.7551733131905078        2.6837588369407674       0.99998791544157806       -8.8182597599774544E-003
   2.8600000000000004E-005  0.50577977546121777        2.7583022016224685        2.6826963022611126       0.99999679255978613       -1.7252115162617532E-002
   2.8700000000000003E-005  0.50809718732725095        2.7625631276060880        2.6808893749691780        1.0000055977824500       -2.5688516447698404E-002
   2.8800000000000002E-005  0.51041515962463035        2.7679775880344910        2.6783339507841331        1.0000142463542656       -3.4112136741802343E-002
   2.8900000000000001E-005  0.51273058514435799        2.7745717846774003        2.6750254987229147        1.0000226548763123       -4.2507433466138472E-002
   2.9000000000000004E-005  0.51504026451599472        2.7823766348022301        2.6709591191673394        1.0000307423913610       -5.0858619524696280E-002
   2.9100000000000003E-005  0.51734088881241336        2.7914277639639087        2.6661296257950928        1.0000384318371882       -5.9149672204312650E-002
   2.9200000000000002E-005  0.51962902688567703        2.8017654920582045        2.6605316505139398        1.0000456519579517       -6.7364396192517897E-002
   2.9300000000000001E-005  0.52190111910011883        2.8134348318373594        2.6541597696875678        1.0000523396381398       -7.5486550398893917E-002
   2.9400000000000003E-005  0.52415347883183439        2.8264855265425322        2.6470086489920166        1.0000584426242161       -8.3500048765757007E-002
   2.9500000000000002E-005  0.52638230226387428        2.8409721563444439        2.6390732037560602        1.0000639222613739       -9.1389227075697355E-002
   2.9600000000000001E-005  0.52858368546218015        2.8569543374835873        2.6303487724450858        1.0000687558187522       -9.9139154643845928E-002
   2.9700000000000000E-005  0.53075364553353577        2.8744970157330894        2.6208313036077526        1.0000729376750044      -0.10673594103231313     
   2.9800000000000003E-005  0.53288814008348651        2.8936708083747522        2.6105175617130048        1.0000764785892515      -0.11416696667371283     
   2.9900000000000002E-005  0.53498307699625813        2.9145522680247913        2.5994053649157780        1.0000794024986734      -0.12142094734785791     
   3.0000000000000001E-005  0.53703430594612600        2.9372238227043188        2.5874938767405946        1.0000817407643641      -0.12848774261193402     
   3.0100000000000000E-005  0.53903758532010948        2.9617729904056467        2.5747839815113531        1.0000835246802318      -0.13535784717834218     
   3.0200000000000002E-005  0.54098852423890265        2.9882902899976727        2.5612787759022400        1.0000847781033269      -0.14202156965915072     
   3.0300000000000001E-005  0.54288250875983834        3.0168651141035077        2.5469842014177537        1.0000855127222177      -0.14846799871057853     
   3.0400000000000000E-005  0.54471463114228125        3.0475787645380015        2.5319098213428699        1.0000857280978206      -0.15468396124110073     
   3.0499999999999999E-005  0.54647964072189836        3.0804939892337524        2.5160697099593308        1.0000854183201215      -0.16065328238977697     
   3.0599999999999998E-005  0.54817192509079937        3.1156408512075582        2.4994833760029498        1.0000845811941041      -0.16635667392035561     
   3.0700000000000001E-005  0.54978553363722382        3.1529996786399348        2.4821766120465503        1.0000832276938583      -0.17177241960075212     
   3.0799999999999996E-005  0.55131425899329767        3.1924831543986620        2.4641821424951909        1.0000813861975997      -0.17687794777198712     
   3.0899999999999999E-005  0.55275180139272528        3.2339210283055708        2.4455399720435524        1.0000790962094941      -0.18165183588676856     
   3.1000000000000001E-005  0.55409204421399105        3.2770518818386378        2.4262974051691266        1.0000763981501195      -0.18607556352543300     
   3.1100000000000004E-005  0.55532943321878858        3.3215261945852088        2.4065087649514330        1.0000733347981769      -0.19013455458971359     
   3.1200000000000006E-005  0.55645936322512513        3.3669230957600753        2.3862348348357605        1.0000699764283998      -0.19381872499152777     
   3.1300000000000002E-005  0.55747838964497975        3.4127795938735805        2.3655419875412744        1.0000664546312237      -0.19712318715234442     
   3.1400000000000004E-005  0.55838410385423676        3.4586271077361515        2.3445009623931647        1.0000629533006546      -0.20004898175727603     
   3.1500000000000007E-005  0.55917467319456438        3.5040277406645348        2.3231854153205442        1.0000596260412020      -0.20260233902936442     
   3.1600000000000002E-005  0.55984823240733361        3.5486033711969336        2.3016705974103400        1.0000564585725973      -0.20479081994250506     
   3.1700000000000005E-005  0.56040237397197179        3.5920537876466523        2.2800326384290410        1.0000531732468212      -0.20661607096763765     
   3.1800000000000007E-005  0.56083397348294206        3.6341640624252003        2.2583485932245839        1.0000493098344767      -0.20806738298430261     
   3.1900000000000003E-005  0.56113946639619372        3.6748038475734304        2.2366967687427097        1.0000444555898478      -0.20912131705372158     
   3.2000000000000005E-005  0.56131550607622804        3.7139209536255282        2.2151564732746039        1.0000384792027175      -0.20974915180229889     
   3.2100000000000001E-005  0.56135975969476937        3.7515298753252115        2.1938065645480727        1.0000316066436121      -0.20992862117163924     
   3.2200000000000003E-005  0.56127151983999413        3.7876950655200283        2.1727228940679622        1.0000242869105203      -0.20965332516983815     
   3.2300000000000006E-005  0.56105187258054912        3.8225097701930122        2.1519754426394857        1.0000169458509494      -0.20893468042193400     
   3.2400000000000001E-005  0.56070335455832077        3.8560732389039414        2.1316261445108378        1.0000097850405179      -0.20779590006627541     
   3.2500000000000004E-005  0.56022925424897319        3.8884704855012249        2.1117280313225986        1.0000027366964916      -0.20626192564954557     
   3.2600000000000000E-005  0.55963286234057330        3.9197584885136436        2.0923256761264812       0.99999556311247995      -0.20435074470929296     
   3.2700000000000002E-005  0.55891699046342758        3.9499608367819561        2.0734564225690466       0.99998801098144408      -0.20206945619172423     
   3.2800000000000004E-005  0.55808390450144396        3.9790704710767728        2.0551517529863603       0.99997994170266613      -0.19941561409815822     
   3.2900000000000000E-005  0.55713561970199410        4.0070583379357849        2.0374383147616100       0.99997138963069065      -0.19638216552651030     
   3.3000000000000003E-005  0.55607439427968952        4.0338848599368813        2.0203384340126589       0.99996254114137595      -0.19296320643693116     
   3.3100000000000005E-005  0.55490322114392521        4.0595111841657276        2.0038702269266464       0.99995366891778348      -0.18915823413256938     
   3.3200000000000001E-005  0.55362613395274085        4.0839079905159679        1.9880475481511903       0.99994506275328010      -0.18497399802853598     
   3.3300000000000003E-005  0.55224823242638732        4.1070608066982608        1.9728799947003017       0.99993697997467845      -0.18042423966076351     
   3.3399999999999999E-005  0.55077545523266258        4.1289718374397513        1.9583730911712238       0.99992961898367672      -0.17552806779130581     
   3.3500000000000001E-005  0.54921421443397234        4.1496590072272888        1.9445286880370276       0.99992311215305341      -0.17030771370821818     
   3.3600000000000004E-005  0.54757101814911902        4.1691532003744287        1.9313455367847729       0.99991753304188136      -0.16478628799644493     
   3.3699999999999999E-005  0.54585216967397288        4.1874946554567920        1.9188199686927578       0.99991291180571651      -0.15898598139044204     
   3.3800000000000002E-005  0.54406358048019576        4.2047292683371058        1.9069465944761008       0.99990925258424224      -0.15292694178297395     
   3.3900000000000004E-005  0.54221069547048761        4.2209052960753368        1.8957189533833736       0.99990654794173306      -0.14662684410715973     
   3.4000000000000000E-005  0.54029850739985452        4.2360707116688721        1.8851300636318917       0.99990478793351789      -0.14010101399678568     
   3.4100000000000002E-005  0.53833162862139117        4.2502712772701194        1.8751728516993802       0.99990396387583358      -0.13336290134827930     
   3.4199999999999998E-005  0.53631438689467748        4.2635492888598749        1.8658404591065345       0.99990406819313715      -0.12642470932812100     
   3.4300000000000000E-005  0.53425091830539118        4.2759428875909160        1.8571264391646112       0.99990509198697974      -0.11929802765117339     
   3.4400000000000003E-005  0.53214524074629788        4.2874858142342216        1.8490248633292599       0.99990702178257818      -0.11199437109745967     
   3.4499999999999998E-005  0.53000130165517512        4.2982074861101447        1.8415303588731053       0.99990983651772303      -0.10452557308682112     
   3.4600000000000001E-005  0.52782300127877069        4.3081332898432727        1.8346380983328840       0.99991350543468072       -9.6904023855584567E-002
   3.4699999999999996E-005  0.52561419697423617        4.3172850018622331        1.8283437581183128       0.99991798712406987       -8.9142769223096885E-002
   3.4800000000000006E-005  0.52337869547409388        4.3256812680666918        1.8226434598497392       0.99992322962833036       -8.1255501262417762E-002
   3.4900000000000008E-005  0.52112023957300235        4.3333380923315463        1.8175337043054078       0.99992917145603033       -7.3256478020934254E-002
   3.5000000000000004E-005  0.51884249432653051        4.3402692995125456        1.8130113046099214       0.99993574310366806       -6.5160403062389446E-002
   3.5100000000000006E-005  0.51654903614173941        4.3464869518388092        1.8090733227222298       0.99994286886299311       -5.6982296153051670E-002
   3.5200000000000002E-005  0.51424334666447313        4.3520017079563864        1.8057170114698522       0.99995046858645997       -4.8737368909072001E-002
   3.5300000000000004E-005  0.51192881213135122        4.3568231214029032        1.8029397631353565       0.99995845931505101       -4.0440921921089647E-002
   3.5400000000000007E-005  0.50960872805166857        4.3609598805978056        1.8007390647414738       0.99996675658143142       -3.2108265340649519E-002
   3.5500000000000002E-005  0.50728630855628254        4.3644199951325620        1.7991124599765973       0.99997527542635434       -2.3754663261610732E-002
   3.5600000000000005E-005  0.50496469948267930        4.3672109338880531        1.7980575173397761       0.99998393109981887       -1.5395301216744924E-002
   3.5700000000000007E-005  0.50264699416608705        4.3693397212293039        1.7975718040979092       0.99999263950649486       -7.0452710841272899E-003
   3.5800000000000003E-005  0.50033625088420219        4.3708129981720463        1.7976528657675290        1.0000013174709093        1.2804321355570989E-003
   3.5900000000000005E-005  0.49803551094494458        4.3716370533979756        1.7982982108834999        1.0000098828915203        9.5669070791443468E-003
   3.6000000000000001E-005  0.49574781646747157        4.3718178271747936        1.7995053008975361        1.0000182548602081        1.7799341928108545E-002
   3.6100000000000003E-005  0.49347622696291926        4.3713608896027321        1.8012715451598726        1.0000263538246714        2.5963015128201771E-002
   3.6200000000000006E-005  0.49122383387175422        4.3702713931042743        1.8035943010557327        1.0000341018662287        3.4043306346904646E-002
   3.6300000000000001E-005  0.48899377226867213        4.3685539978287595        1.8064708794736659        1.0000414231544872        4.2025722505152831E-002
   3.6400000000000004E-005  0.48678922902375321        4.3662127677579869        1.8098985558585545        1.0000482446255188        4.9895942960166743E-002
   3.6500000000000000E-005  0.48461344683836016        4.3632510348489104        1.8138745871554294        1.0000544969153344        5.7639887357773867E-002
   3.6600000000000002E-005  0.48246972378957331        4.3596712286454027        1.8183962349695204        1.0000601155376734        6.5243808107492168E-002
   3.6700000000000004E-005  0.48036140834400437        4.3554746696061066        1.8234607949792365        1.0000650422192146        7.2694402744119604E-002
   3.6800000000000000E-005  0.47829189027756364        4.3506613260426130        1.8290656321291328        1.0000692263441118        7.9978941564530920E-002
   3.6900000000000002E-005  0.47626458858373960        4.3452295365292057        1.8352082205070954        1.0000726262513560        8.7085399047362816E-002
   3.7000000000000005E-005  0.47428293818384237        4.3391757037133809        1.8418861852836579        1.0000752102174542        9.4002567216737012E-002
   3.7100000000000001E-005  0.47235037815754410        4.3324939710741459        1.8490973424920099        1.0000769568096926       0.10072012908656323     
   3.7200000000000003E-005  0.47047034494774198        4.3251759020187421        1.8568397299248567        1.0000778543863114       0.10722865791457045     
   3.7299999999999999E-005  0.46864627454327423        4.3172101905166791        1.8651116197458248        1.0000778995151176       0.11351951182646793     
   3.7400000000000001E-005  0.46688161747832790        4.3085824451800860        1.8739115004453930        1.0000770943611994       0.11958459433893316     
   3.7500000000000003E-005  0.46517986937724398        4.2992751035763419        1.8832380134149567        1.0000754432451573       0.12541596643623498     
   3.7599999999999999E-005  0.46354461726524659        4.2892675498837356        1.8930898283145010        1.0000729490427973       0.13100532154839606     
   3.7700000000000002E-005  0.46197959772137398        4.2785365242846014        1.9034654427787634        1.0000696104354891       0.13634337012137476     
   3.7800000000000004E-005  0.46048875738132461        4.2670569222340591        1.9143628969296032        1.0000654212964741       0.14141922523419029     
   3.7900000000000000E-005  0.45907630010441258        4.2548030787163791        1.9257794024555546        1.0000603735413014       0.14621992426916836     
   3.8000000000000002E-005  0.45774669999016326        4.2417506071987860        1.9377108996944616        1.0000544643288680       0.15073024978323865     
   3.8099999999999998E-005  0.45650465790095585        4.2278788043246101        1.9501515727596159        1.0000477074768357       0.15493300809296390     
   3.8200000000000000E-005  0.45535498407856756        4.2131735312993275        1.9630933690347430        1.0000401473812830       0.15880986965248672     
   3.8300000000000003E-005  0.45430240288959395        4.1976303415840599        1.9765255803347515        1.0000318720648786       0.16234276578795531     
   3.8399999999999998E-005  0.45335129700163368        4.1812574578982984        1.9904345432240560        1.0000230207112941       0.16551568406834657     
   3.8500000000000007E-005  0.45250543326667758        4.1640780487351661        2.0048035006045413        1.0000137809994496       0.16831653625204729     
   3.8600000000000003E-005  0.45176773345754156        4.1461311719842469        2.0196126345875243        1.0000043735458262       0.17073865116222384     
   3.8700000000000006E-005  0.45114015901222737        4.1274708041817139        2.0348392368070947       0.99999502423872033       0.17278142409590577     
   3.8800000000000008E-005  0.45062376251297870        4.1081626036605368        2.0504579376837615       0.99998592982597934       0.17444977830387978     
   3.8900000000000004E-005  0.45021891763596983        4.0882784681647104        2.0664408850319238       0.99997722406510958       0.17575232654586698     
   3.9000000000000006E-005  0.44992568124968174        4.0678894816096438        2.0827577559571320       0.99996895384858986       0.17669842345875464     
   3.9100000000000002E-005  0.44974418677182848        4.0470583646162641        2.0993755165085930       0.99996107434172010       0.17729467664239640     
   3.9200000000000004E-005  0.44967493941966769        4.0258328921440976        2.1162579156955004       0.99995346955106557       0.17754181650877598     
   3.9300000000000007E-005  0.44971889798309789        4.0042417644643349        2.1333648070636184       0.99994599912269266       0.17743301880745335     
   3.9400000000000002E-005  0.44987728737765448        3.9822940342133024        2.1506515046722745       0.99993856154723237       0.17695460993348819     
   3.9500000000000005E-005  0.45015117745978900        3.9599824328228106        2.1680684531665433       0.99993115380128572       0.17608946508563919     
   3.9600000000000000E-005  0.45054095589639143        3.9372899770080383        2.1855614716182696       0.99992390087725425       0.17482240035702876     
   3.9700000000000003E-005  0.45104588037964316        3.9141983676452248        2.2030726929568871       0.99991703626277506       0.17314586818911801     
   3.9800000000000005E-005  0.45166388496476023        3.8906962671174909        2.2205420986947479       0.99991083396883962       0.17106383756860585     
   3.9900000000000001E-005  0.45239172402933375        3.8667857941803954        2.2379093272971500       0.99990551540852557       0.16859216653614331     
   4.0000000000000003E-005  0.45322540098933101        3.8424864374713521        2.2551153150033620       0.99990117145248270       0.16575505241527935     
   4.0100000000000006E-005  0.45416071473326414        3.8178366607386858        2.2721033816970482       0.99989773514468072       0.16257877835343440     
   4.0200000000000001E-005  0.45519372143294717        3.7928942132317811        2.2888195877580313       0.99989501679365922       0.15908511917378798     
   4.0300000000000004E-005  0.45632096600369682        3.7677362100580680        2.3052124675410894       0.99989278420531136       0.15528690190390107     
   4.0399999999999999E-005  0.45753944803004970        3.7424594609026736        2.3212324659139760       0.99989085092862784       0.15118723278599924     
   4.0500000000000002E-005  0.45884639237252745        3.7171807113712076        2.3368314690919352       0.99988913557744696       0.14678231028455646     
   4.0600000000000004E-005  0.46023895054922026        3.6920359094721484        2.3519627167636710       0.99988767290334224       0.14206633929037185     
   4.0700000000000000E-005  0.46171395379895969        3.6671776282206219        2.3665811743983980       0.99988658121706719       0.13703646523878879     
   4.0800000000000002E-005  0.46326779036142118        3.6427703106773022        2.3806442385226259       0.99988600701776809       0.13169598696059928     
   4.0900000000000005E-005  0.46489641512664936        3.6189837503887983        2.3941125275733137       0.99988607505988447       0.12605511594456303     
   4.1000000000000000E-005  0.46659545326674801        3.5959857898786711        2.4069505214953404       0.99988686119284254       0.12012973379489800     
   4.1100000000000003E-005  0.46836034765681034        3.5739354026290586        2.4191269074556345       0.99988838847937000       0.11393908949663249     
   4.1199999999999999E-005  0.47018650449350718        3.5529771297896002        2.4306146004148488       0.99989064011872730       0.10750342521758287     
   4.1300000000000001E-005  0.47206940927449220        3.5332374170627237        2.4413904966036690       0.99989357816748992       0.10084220863077212     
   4.1400000000000003E-005  0.47400470345673207        3.5148229484785647        2.4514350597771735       0.99989715948733060        9.3973209186593173E-002
   4.1499999999999999E-005  0.47598822441037048        3.4978207306101714        2.4607318386675394       0.99990134506490647        8.6912313139271113E-002
   4.1600000000000002E-005  0.47801601723962406        3.4822994949315875        2.4692669881459230       0.99990610284477532        7.9673814779125537E-002
   4.1700000000000004E-005  0.48008432814104574        3.4683119450549320        2.4770288348679346       0.99991140619132657        7.2270911985456418E-002
   4.1800000000000000E-005  0.48218958742950374        3.4558974290008830        2.4840075021393617       0.99991723044610259        6.4716206648475716E-002
   4.1900000000000002E-005  0.48432838797652139        3.4450847137455076        2.4901945926246332       0.99992354940312278        5.7022101613278850E-002
   4.1999999999999998E-005  0.48649746260785787        3.4358946418523622        2.4955829205412474       0.99993033263708819        4.9201061355622841E-002
   4.2100000000000007E-005  0.48869366231910194        3.4283425393284248        2.5001662839669816       0.99993754400206192        4.1265749958712718E-002
   4.2200000000000003E-005  0.49091393603572325        3.4224403115943307        2.5039392700016827       0.99994514113142918        3.3229078118835742E-002
   4.2300000000000005E-005  0.49315531202331264        3.4181982076621571        2.5068970883586794       0.99995307568917680        2.5104194839553205E-002
   4.2400000000000007E-005  0.49541488076423446        3.4156262550133776        2.5090354315143695       0.99996129408766621        1.6904451818404876E-002
   4.2500000000000003E-005  0.49768977900106720        3.4147353765512687        2.5103503612419513       0.99996973847340731        8.6433591011745407E-003
   4.2600000000000005E-005  0.49997717463370472        3.4155382002020684        2.5108382223408245       0.99997834785247564        3.3454237625075712E-004
   4.2700000000000008E-005  0.50227425216300581        3.4180495657051817        2.5104955847979009       0.99998705928733134       -8.0082940695678784E-003
   4.2800000000000004E-005  0.50457819837801121        3.4222867237586909        2.5093192156937998       0.99999580913496522       -1.6371398663419034E-002
   4.2900000000000006E-005  0.50688618795928142        3.4282692116374367        2.5073060820750217        1.0000045343138095       -2.4741000036901738E-002
   4.3000000000000002E-005  0.50919536860355996        3.4360183778610138        2.5044533858518272        1.0000131735907294       -3.3103333377800637E-002
   4.3100000000000004E-005  0.51150284516989653        3.4455565177768164        2.5007586316001431        1.0000216688729302       -4.1444668191564865E-002
   4.3200000000000007E-005  0.51380566223517310        3.4569055741595642        2.4962197280106442        1.0000299664651018       -4.9751338620926767E-002
   4.3300000000000002E-005  0.51610078439726770        3.4700853545020864        2.4908351237745059        1.0000380182157846       -5.8009774009783542E-002
   4.3400000000000005E-005  0.51838507367631959        3.4851112181756077        2.4846039790664078        1.0000457824379623       -6.6206521387505227E-002
   4.3500000000000000E-005  0.52065526340788959        3.5019912040077505        2.4775263748178631        1.0000532243521225       -7.4328242012074761E-002
   4.3600000000000003E-005  0.52290792817246656        3.5207226075419387        2.4696035640500629        1.0000603157314796       -8.2361652349348211E-002
   4.3700000000000005E-005  0.52513944952925073        3.5412880820178096        2.4608382722982789        1.0000670333716941       -9.0293372456250437E-002
   4.3800000000000001E-005  0.52734597765356128        3.5636514337652829        2.4512350572171488        1.0000733562123363       -9.8109645100004181E-002
   4.3900000000000003E-005  0.52952338972132940        3.5877534121174324        2.4408007387087656        1.0000792613405987      -0.10579591217873265     
   4.4000000000000006E-005  0.53166724779346686        3.6135079429483095        2.4295449075146505        1.0000847199271947      -0.11333628894590193     
   4.4100000000000001E-005  0.53377276320771916        3.6407993892166846        2.4174805086683167        1.0000896950448410      -0.12071305552877627     
   4.4200000000000004E-005  0.53583478178916200        3.6694814916496603        2.4046244744165985        1.0000941437871362      -0.12790636932892080     
   4.4299999999999999E-005  0.53784781273990856        3.6993786169527039        2.3909983510041228        1.0000980256156162      -0.13489444703139034     
   4.4400000000000002E-005  0.53980612803665129        3.7302897508779500        2.3766288320785112        1.0001013168492738      -0.14165442848175064     
   4.4500000000000004E-005  0.54170394892776175        3.7619953163287416        2.3615480916963723        1.0001040279097364      -0.14816397639321902     
   4.4600000000000000E-005  0.54353570383341121        3.7942664484857498        2.3457938175043669        1.0001062165895025      -0.15440340574124437     
   4.4700000000000002E-005  0.54529629200059071        3.8268759351889146        2.3294088901341929        1.0001079893062395      -0.16035785039589151     
   4.4800000000000005E-005  0.54698124610929655        3.8596097714983704        2.3124407392627968        1.0001094811602573      -0.16601870259444967     
   4.4900000000000000E-005  0.54858667567971631        3.8922782561276597        2.2949405227276336        1.0001108125861946      -0.17138338632529007     
   4.5000000000000003E-005  0.55010893844110764        3.9247256487058451        2.2769623637925598        1.0001120351084549      -0.17645299006742196     
   4.5099999999999998E-005  0.55154411565702799        3.9568375175828892        2.2585628889038949        1.0001130834844754      -0.18122794642760884     
   4.5200000000000001E-005  0.55288749720690700        3.9885449532002699        2.2398012088015609        1.0001137580603880      -0.18570284791785832     
   4.5300000000000003E-005  0.55413333986213731        4.0198248126505804        2.2207392809330426        1.0001137581702908      -0.18986232073805931     
   4.5399999999999999E-005  0.55527508651661972        4.0506952548993542        2.2014423421733551        1.0001127692529479      -0.19368016759528453     
   4.5500000000000001E-005  0.55630604496082658        4.0812062177261872        2.1819789336466280        1.0001105774805692      -0.19712312712087243     
   4.5600000000000004E-005  0.55722031113697057        4.1114253260228457        2.1624200874244583        1.0001071593576907      -0.20015860372955796     
   4.5700000000000000E-005  0.55801357826565501        4.1414209159414899        2.1428375452826751        1.0001026983395347      -0.20276353644278830     
   4.5800000000000009E-005  0.55868348122285827        4.1712449667301694        2.1233013041169468        1.0000975127427427      -0.20493061178030589     
   4.5900000000000004E-005  0.55922932905496769        4.2009191621170299        2.1038771142881258        1.0000919203154259      -0.20666889659834245     
   4.6000000000000007E-005  0.55965137324948078        4.2304266921480309        2.0846246231592982        1.0000860977205208      -0.20799834278417559     
   4.6100000000000002E-005  0.55994994717877244        4.2597110073163043        2.0655966129359307        1.0000800027155992      -0.20894045011572324     
   4.6200000000000005E-005  0.56012480813075782        4.2886811793921531        2.0468393464085746        1.0000733957948327      -0.20950911845455211     
   4.6300000000000007E-005  0.56017488166697404        4.3172223141062505        2.0283936314745472        1.0000659466121011      -0.20970535747897676     
   4.6400000000000003E-005  0.56009845071368114        4.3452088013390879        2.0102960327896495        1.0000573739303056      -0.20951750143332004     
   4.6500000000000005E-005  0.55989369450721360        4.3725180231936296        1.9925797409554105        1.0000475602356813      -0.20892617181365775     
   4.6600000000000008E-005  0.55955937049592419        4.3990423595520225        1.9752748633236608        1.0000366033780892      -0.20791164181918106     
   4.6700000000000003E-005  0.55909540128090240        4.4246978686396430        1.9584081824739854        1.0000247919269878      -0.20646078647908581     
   4.6800000000000006E-005  0.55850319940813653        4.4494287890861886        1.9420026320799153        1.0000125230486703      -0.20457136964025813     
   4.6900000000000002E-005  0.55778568119115146        4.4732078608594508        1.9260768073255035        1.0000002009534024      -0.20225271131531450     
   4.7000000000000004E-005  0.55694702262776752        4.4960332010620263        1.9106447649614837       0.99998815629962490      -0.19952319048737319     
   4.7100000000000006E-005  0.55599226596844908        4.5179229280503526        1.8957162268880234       0.99997660970750468      -0.19640602305562899     
   4.7200000000000002E-005  0.55492689111233384        4.5389088227996703        1.8812971538059211       0.99996567864000119      -0.19292494409487870     
   4.7300000000000005E-005  0.55375643895642890        4.5590301191640092        1.8673905560040975       0.99995541142980970      -0.18910100848858977     
   4.7400000000000000E-005  0.55248624391935952        4.5783281655932333        1.8539973770055367       0.99994582711529700      -0.18495100057408453     
   4.7500000000000003E-005  0.55112130160923556        4.5968423363457740        1.8411173114261226       0.99993694668039756      -0.18048732533309048     
   4.7600000000000005E-005  0.54966626121973849        4.6146072748002176        1.8287494710666172       0.99992880988778998      -0.17571892043282625     
   4.7700000000000001E-005  0.54812550554290929        4.6316513568654401        1.8168928667281374       0.99992147853361069      -0.17065265380562897     
   4.7800000000000003E-005  0.54650327245371533        4.6479961600152899        1.8055467134893881       0.99991503018881667      -0.16529475800278490     
   4.7900000000000006E-005  0.54480377759864762        4.6636566883898940        1.7947105904374558       0.99990954725359171      -0.15965200905258253     
   4.8000000000000001E-005  0.54303131139244809        4.6786421104472264        1.7843844943054201       0.99990510542139210      -0.15373251590542159     
   4.8100000000000004E-005  0.54119029754041736        4.6929567944225719        1.7745688247518503       0.99990176430141919      -0.14754611190580275     
   4.8199999999999999E-005  0.53928531141825775        4.7066014663026241        1.7652643317800785       0.99989956147852865      -0.14110441789442291     
   4.8300000000000002E-005  0.53732106384857869        4.7195743578340608        1.7564720467441204       0.99989851010263486      -0.13442067925340617     
   4.8400000000000004E-005  0.53530235958437611        4.7318722537113427        1.7481932101361048       0.99989859938598080      -0.12750947788617892     
   4.8500000000000000E-005  0.53323404090945348        4.7434913823989424        1.7404292029081629       0.99989979707092458      -0.12038639946408859     
   4.8600000000000002E-005  0.53112092630794006        4.7544281223707809        1.7331814837598292       0.99990205294678136      -0.11306770962646194     
   4.8700000000000005E-005  0.52896775253420558        4.7646795186601620        1.7264515325285688       0.99990530272822808      -0.10557006915933015     
   4.8800000000000000E-005  0.52677912598802124        4.7742436215296049        1.7202407989172845       0.99990947185780721       -9.7910300145080051E-002
   4.8900000000000003E-005  0.52455948663370944        4.7831196702876593        1.7145506556021972       0.99991447889049756       -9.0105204295145666E-002
   4.8999999999999998E-005  0.52231308533303922        4.7913081514350120        1.7093823549685068       0.99992023839116861       -8.2171431579682264E-002
   4.9100000000000001E-005  0.52004397375601541        4.7988107620924296        1.7047369890109461       0.99992666329006996       -7.4125390723194448E-002
   4.9200000000000003E-005  0.51775600494739626        4.8056303084522201        1.7006154520837111       0.99993366665907046       -6.5983196773220551E-002
   4.9299999999999999E-005  0.51545284227675703        4.8117705653030631        1.6970184064652358       0.99994116300415159       -5.7760646842976195E-002
   4.9400000000000008E-005  0.51313797445048170        4.8172361180200118        1.6939462507118395       0.99994906909091730       -4.9473219266833901E-002
   4.9500000000000004E-005  0.51081473463323646        4.8220322032104956        1.6913990909019971       0.99995730438994568       -4.1136088585303605E-002
   4.9600000000000006E-005  0.50848632209902345        4.8261645593416693        1.6893767149108667       0.99996579121819840       -3.2764152424043513E-002
   4.9700000000000009E-005  0.50615582525799308        4.8296392942437603        1.6878785698095720       0.99997445463410506       -2.4372066055462393E-002
   4.9800000000000004E-005  0.50382624528529896        4.8324627727316658        1.6869037424989253       0.99998322215651625       -1.5974281241890882E-002
   4.9900000000000007E-005  0.50150051985092314        4.8346415267115423        1.6864509437065132       0.99999202337204762       -7.5850871914425405E-003
   5.0000000000000002E-005  0.49918154667448023        4.8361821882226499        1.6865184953968355        1.0000007894694092        7.8134775230317153E-004
   5.0100000000000005E-005  0.49687220675944116        4.8370914443710955        1.6871043215624204        1.0000094527383683        9.1109346227622560E-003
   5.0200000000000007E-005  0.49457538720789701        4.8373760128511538        1.6882059423075095        1.0000179460689544        1.7389623294351435E-002
   5.0300000000000003E-005  0.49229400350104124        4.8370426368061068        1.6898204710903535        1.0000262024853444        2.5603363733413837E-002
   5.0400000000000005E-005  0.49003102106153990        4.8360980978817061        1.6919446149637609        1.0000341547505243        3.3738070213449670E-002
   5.0500000000000008E-005  0.48778947579776888        4.8345492462906900        1.6945746776551398        1.0000417350818200        4.1779590215879389E-002
   5.0600000000000003E-005  0.48557249317093221        4.8324030464100840        1.6977065653642840        1.0000488750225613        4.9713680410587588E-002
   5.0700000000000006E-005  0.48338330512897471        4.8296666358236191        1.7013357952300141        1.0000555055184457        5.7525992733377551E-002
   5.0800000000000002E-005  0.48122526404165161        4.8263473948042357        1.7054575065041464        1.0000615572470946        6.5202073865523319E-002
   5.0900000000000004E-005  0.47910185257891058        4.8224530220348347        1.7100664745984440        1.0000669612557742        7.2727382211997871E-002
   5.1000000000000006E-005  0.47701668828361271        4.8179916114303678        1.7151571283615865        1.0000716499419833        8.0087326586890287E-002
   5.1100000000000002E-005  0.47497352151335848        4.8129717230730229        1.7207235709448629        1.0000755583703278        8.7267328032067382E-002
   5.1200000000000004E-005  0.47297622549705914        4.8074024377012021        1.7267596046417761        1.0000786259549144        9.4252909089276179E-002
   5.1300000000000000E-005  0.47102877743405847        4.8012933827348521        1.7332587600319422        1.0000807983717297       0.10102980866751786     
   5.1400000000000003E-005  0.46913523015461850        4.7946547165732589        1.7402143295080996        1.0000820297252155       0.10758412256122393     
   5.1500000000000005E-005  0.46729967464688665        4.7874970570958135        1.7476194049755436        1.0000822847037012       0.11390246317290961     
   5.1600000000000001E-005  0.46552619498337755        4.7798313405704622        1.7554669189584033        1.0000815406642796       0.11997213377028686     
   5.1700000000000003E-005  0.46381881859840318        4.7716685989916838        1.7637496876477374        1.0000797893931124       0.12578130463882373     
   5.1800000000000005E-005  0.46218146646098762        4.7630196473356445        1.7724604536182151        1.0000770383012749       0.13131917953165120     
   5.1900000000000001E-005  0.46061790910794476        4.7538946778126459        1.7815919248398182        1.0000733108874613       0.13657613510397007     
   5.2000000000000004E-005  0.45913173538261992        4.7443027660845756        1.7911368053643770        1.0000686462238737       0.14154381178520606     
   5.2099999999999999E-005  0.45772634061672762        4.7342513049075077        1.8010878115373345        1.0000630972771267       0.14621513092988636     
   5.2200000000000002E-005  0.45640493945603278        4.7237453940471026        1.8114376657639046        1.0000567279963504       0.15058420928363192     
   5.2300000000000004E-005  0.45517060528471676        4.7127872318003936        1.8221790578763319        1.0000496092627731       0.15464614228475473     
   5.2400000000000000E-005  0.45402633322576419        4.7013755731435234        1.8333045623654556        1.0000418140491067       0.15839663539312943     
   5.2500000000000002E-005  0.45297511744599167        4.6895053419450834        1.8448064987458916        1.0000334125162900       0.16183148178944598     
   5.2600000000000005E-005  0.45202002701957200        4.6771675076906396        1.8566767232055870        1.0000244682008184       0.16494591956943783     
   5.2700000000000000E-005  0.45116425950086148        4.6643493567327168        1.8689063437826525        1.0000150367604750       0.16773395120794268     
   5.2800000000000003E-005  0.45041114949604716        4.6510352974109850        1.8814853599306149        1.0000051687869493       0.17018776568543684     
   5.2899999999999998E-005  0.44976411259024129        4.6372083268415656        1.8944022410640606       0.99999491758664860       0.17229745142225728     
   5.3000000000000001E-005  0.44922651394938595        4.6228522424334182        1.9076434763925918       0.99998435150986398       0.17405119992628570     
   5.3100000000000003E-005  0.44880146550010347        4.6079545920334386        1.9211931465940346       0.99997356839925378       0.17543614795075357     
   5.3199999999999999E-005  0.44849157398950684        4.5925102200145105        1.9350325805717215       0.99996270762310835       0.17643987399329031     
   5.3300000000000001E-005  0.44829868138203383        4.5765250950314282        1.9491401604475731       0.99995195392032510       0.17705236514314474     
   5.3399999999999997E-005  0.44822365350953652        4.5600199315077834        1.9634913193559735       0.99994152810906833       0.17726805492345660     
   5.3499999999999999E-005  0.44826627520112960        4.5430329937557916        1.9780587387467334       0.99993166293920899       0.17708737838191679     
   5.3600000000000002E-005  0.44842529458532032        4.5256214589345420        1.9928127010357395       0.99992256744788910       0.17651727756870506     
   5.3699999999999997E-005  0.44869862595095150        4.5078608513194691        2.0077215034580198       0.99991438861656423       0.17557027232196315     
   5.3800000000000000E-005  0.44908367754132472        4.4898423438215209        2.0227518084297098       0.99990718251184152       0.17426207882018355     
   5.3900000000000002E-005  0.44957773218940966        4.4716680939480051        2.0378688109452696       0.99990090578451329       0.17260821300321694     
   5.3999999999999998E-005  0.45017828872443155        4.4534451513048365        2.0530361512903199       0.99989543318305740       0.17062041541545001     
   5.4100000000000000E-005  0.45088327874492912        4.4352787469824593        2.0682155839557277       0.99989059823875670       0.16830392099843364     
   5.4199999999999996E-005  0.45169110513501382        4.4172658967545422        2.0833665075192926       0.99988624588136443       0.16565646075801790     
   5.4299999999999998E-005  0.45260049570021638        4.3994902072876325        2.0984455338085719       0.99988228149555525       0.16266944382254192     
   5.4400000000000001E-005  0.45361021383667710        4.3820185855466844        2.1134062990129863       0.99987870085834296       0.15933113714593669     
   5.4499999999999997E-005  0.45471870450631147        4.3649002474623551        2.1281996782928596       0.99987559109765434       0.15563102404296592     
   5.4599999999999999E-005  0.45592376866157475        4.3481680431667726        2.1427744658823742       0.99987310276351127       0.15156412546985026     
   5.4700000000000001E-005  0.45722234975063869        4.3318417277765286        2.1570784551076545       0.99987140284091114       0.14713406032239024     
   5.4799999999999997E-005  0.45861048513720415        4.3159324978955800        2.1710597404677863       0.99987062515208203       0.14235402417150636     
   5.4900000000000006E-005  0.46008342933820068        4.3004479699197526        2.1846680061609169       0.99987083439395730       0.13724553277031759     
   5.5000000000000009E-005  0.46163590881571337        4.2853968333377148        2.1978555798904171       0.99987201358273259       0.13183544728114480     
   5.5100000000000011E-005  0.46326243670537148        4.2707926320753193        2.2105781069127768       0.99987407531492589       0.12615222993281514     
   5.5200000000000007E-005  0.46495761048033951        4.2566564128742810        2.2227948053598974       0.99987688942112696       0.12022245526978302     
   5.5300000000000009E-005  0.46671633433944304        4.2430182306786843        2.2344683628156603       0.99988031581595815       0.11406835686958997     
   5.5400000000000012E-005  0.46853393970648927        4.2299176555608557        2.2455645977460246       0.99988423234815926       0.10770676446353034     
   5.5500000000000007E-005  0.47040620810969652        4.2174034792009572        2.2560520270414610       0.99988855160421553       0.10114935759643803     
   5.5600000000000010E-005  0.47232932155661966        4.2055328069915747        2.2659014594190525       0.99989322542675885        9.4403864109583513E-002
   5.5700000000000005E-005  0.47429977338889145        4.1943696877588481        2.2750856903975785       0.99989823954490153        8.7475711307211795E-002
   5.5800000000000008E-005  0.47631426973783714        4.1839834063803982        2.2835793260805777       0.99990360249844468        8.0369675108592789E-002
   5.5900000000000010E-005  0.47836964283066707        4.1744465542513742        2.2913587238923858       0.99990933310545982        7.3091210384790190E-002
   5.6000000000000006E-005  0.48046278704508094        4.1658329924446660        2.2984020154460745       0.99991544964900514        6.5647313724259498E-002
   5.6100000000000008E-005  0.48259061979649376        4.1582158211082696        2.3046891701327499       0.99992196234295727        5.8046914143583185E-002
   5.6200000000000011E-005  0.48475006352270011        4.1516654577258612        2.3102020635223735       0.99992886942119530        5.0300886378632344E-002
   5.6300000000000006E-005  0.48693804225450393        4.1462479046863328        2.3149245263296763       0.99993615622409882        4.2421812608563536E-002
   5.6400000000000009E-005  0.48915148599757502        4.1420232567266089        2.3188423633647415       0.99994379628385988        3.4423629718579193E-002
   5.6500000000000005E-005  0.49138733728166262        4.1390444670908506        2.3219433427825886       0.99995175342592191        2.6321255396882515E-002
   5.6600000000000007E-005  0.49364255604508961        4.1373563614242093        2.3242171638164386       0.99995998415807275        1.8130267152473449E-002
   5.6700000000000009E-005  0.49591412075631858        4.1369948681997526        2.3256554151787676       0.99996843982891981        9.8666611613158553E-003
   5.6800000000000005E-005  0.49819902512835557        4.1379864258755017        2.3262515366796381       0.99997706840798029        1.5466952530926938E-003
   5.6900000000000007E-005  0.50049427080612141        4.1403475279830770        2.3260007953632416       0.99998581585730928       -6.8131944040548007E-003
   5.7000000000000003E-005  0.50279685705675414        4.1440843774245923        2.3249002846186118       0.99999462720645216       -1.5196426636853763E-002
   5.7100000000000006E-005  0.50510376885947550        4.1491926378149264        2.3229489510309551        1.0000034475123516       -2.3586287380873466E-002
   5.7200000000000008E-005  0.50741196495491570        4.1556572902020079        2.3201476496428244        1.0000122229182093       -3.1965952327494218E-002
   5.7300000000000004E-005  0.50971836741766541        4.1634526258141662        2.3164992238580426        1.0000209020445179       -4.0318554389873133E-002
   5.7400000000000006E-005  0.51201985415323570        4.1725424272303693        2.3120086017070456        1.0000294379030528       -4.8627328116360585E-002
   5.7500000000000009E-005  0.51431325532490446        4.1828804089654614        2.3066828962621027        1.0000377904664957       -5.6875856749675338E-002
   5.7600000000000004E-005  0.51659535396776501        4.1944110019289127        2.3005314945240398        1.0000459299010533       -6.5048442942682985E-002
   5.7700000000000007E-005  0.51886288983941176        4.2070705661634022        2.2935661182961518        1.0000538399848711       -7.3130582931795932E-002
   5.7800000000000002E-005  0.52111256374435000        4.2207891016381556        2.2858008439744286        1.0000615211106019       -8.1109495712978666E-002
   5.7900000000000005E-005  0.52334103726872638        4.2354924954017754        2.2772520763413424        1.0000689913463794       -8.8974591531286645E-002
   5.8000000000000007E-005  0.52554492038463363        4.2511052895712194        2.2679384865697041        1.0000762840588580       -9.6717715460991546E-002
   5.8100000000000003E-005  0.52772073762133365        4.2675538825130959        2.2578809440189449        1.0000834403800318      -0.10433295492794177     
   5.8200000000000005E-005  0.52986486376970776        4.2847699887810551        2.2471024915876536        1.0000904956181502      -0.11181581504524635     
   5.8300000000000008E-005  0.53197342421330851        4.3026940903189352        2.2356284276331455        1.0000974604776989      -0.11916165330789771     
   5.8400000000000003E-005  0.53404216441320385        4.3212785226759607        2.2234865537797863        1.0001043004335135      -0.12636345382802605     
   5.8500000000000006E-005  0.53606630780674669        4.3404897675431782        2.2107076185804360        1.0001109193248652      -0.13340928973696309     
   5.8600000000000001E-005  0.53804043836373894        4.3603094828696252        2.1973259290128651        1.0001171550696664      -0.14028010436229169     
   5.8700000000000004E-005  0.53995845643094076        4.3807338176245096        2.1833800227602636        1.0001227948629021      -0.14694863045558745     
   5.8800000000000006E-005  0.54181365685402105        4.4017706657659978        2.1689132157764406        1.0001276125838174      -0.15338021802117652     
   5.8900000000000002E-005  0.54359896165216093        4.4234347494556019        2.1539737968110533        1.0001314222528681      -0.15953593636034280     
   5.9000000000000004E-005  0.54530730139153050        4.4457407941826679        2.1386146687570697        1.0001341314361578      -0.16537758910761846     
   5.9100000000000000E-005  0.54693208359253320        4.4686955229186989        2.1228923494019307        1.0001357731973917      -0.17087347139964432     
   5.9200000000000002E-005  0.54846763040338076        4.4922896300734969        2.1068654178421014        1.0001364990393666      -0.17600317362398030     
   5.9300000000000005E-005  0.54990944095222216        4.5164911291119463        2.0905926664772196        1.0001365291593884      -0.18075982318868211     
   5.9400000000000000E-005  0.55125416678193073        4.5412413693556202        2.0741313201794291        1.0001360738034908      -0.18514889326948847     
   5.9500000000000003E-005  0.55249928394240877        4.5664545653184359        2.0575356711704194        1.0001352505769348      -0.18918377985076337     
   5.9600000000000005E-005  0.55364256136825218        4.5920209975843829        2.0408563532723529        1.0001340273245338      -0.19287938739124383     
   5.9700000000000001E-005  0.55468149948933232        4.6178133602474736        2.0241402862211015        1.0001322126010874      -0.19624561568251833     
   5.9800000000000003E-005  0.55561290959928900        4.6436952335573878        2.0074311276186956        1.0001294996937338      -0.19928267811971334     
   5.9899999999999999E-005  0.55643275401935055        4.6695304221348941        1.9907699440147799        1.0001255493061489      -0.20197955520714891     
   6.0000000000000002E-005  0.55713630320147045        4.6951918840284179        1.9741957958093543        1.0001200814845472      -0.20431580658666168     
   6.0100000000000004E-005  0.55771857911184042        4.7205691293879575        1.9577460184673012        1.0001129470435854      -0.20626591178378323     
   6.0200000000000000E-005  0.55817496278267420        4.7455732632143910        1.9414561256885712        1.0001041604116088      -0.20780470000861337     
   6.0300000000000002E-005  0.55850178604275325        4.7701392526631654        1.9253593996445963        1.0000938898206979      -0.20891233574489182     
   6.0400000000000004E-005  0.55869673754885063        4.7942254561195439        1.9094863247658265        1.0000824139288347      -0.20957767655766854     
   6.0500000000000000E-005  0.55875899324244604        4.8178108466823462        1.8938640492066317        1.0000700608690607      -0.20979939246723786     
   6.0600000000000003E-005  0.55868909033797420        4.8408906181797837        1.8785160307984194        1.0000571475511963      -0.20958486469351981     
   6.0699999999999998E-005  0.55848864147536526        4.8634709552601034        1.8634619619114539        1.0000439357198307      -0.20894744527373435     
   6.0800000000000001E-005  0.55815999583120002        4.8855637094977817        1.8487179908560230        1.0000306144028506      -0.20790302871023589     
   6.0900000000000003E-005  0.55770592739519054        4.9071815996277239        1.8342971876510226        1.0000173075539844      -0.20646690990968689     
   6.0999999999999999E-005  0.55712940066521677        4.9283343756842353        1.8202101592297995        1.0000040974738451      -0.20465160619768874     
   6.1099999999999994E-005  0.55643343597482187        4.9490261917430969        1.8064657100379191       0.99999105257207488      -0.20246589834407908     
   6.1199999999999997E-005  0.55562106996667959        4.9692542495431864        1.7930714604373132       0.99997825085864167      -0.19991499355288428     
   6.1299999999999999E-005  0.55469538524389383        4.9890086203835322        1.7800343639608409       0.99996579440683964      -0.19700150448545695     
   6.1400000000000002E-005  0.55365957363734575        5.0082730375819065        1.7673610942373430       0.99995381347410572      -0.19372686364085129     
   6.1500000000000004E-005  0.55251700206588028        5.0270263787781175        1.7550582976096178       0.99994246110601925      -0.19009280480734203     
   6.1599999999999993E-005  0.55127126361515766        5.0452445276520717        1.7431327262257728       0.99993190077359162      -0.18610261183753568     
   6.1699999999999995E-005  0.54992621026939692        5.0629023162961477        1.7315912781342282       0.99992229074585737      -0.18176194281352367     
   6.1799999999999998E-005  0.54848596966343410        5.0799752974088177        1.7204409757399424       0.99991376931702947      -0.17707916824428582     
   6.1900000000000000E-005  0.54695494755665341        5.0964411698384069        1.7096889123044674       0.99990644390718442      -0.17206527730848645     
   6.2000000000000003E-005  0.54533781577223017        5.1122807670784400        1.6993421898839407       0.99990038549289806      -0.16673347700871957     
   6.2100000000000005E-005  0.54363948472103918        5.1274785975267063        1.6894078636551491       0.99989562824943778      -0.16109863394506369     
   6.2200000000000008E-005  0.54186506081596009        5.1420229850943349        1.6798928993312554       0.99989217317549350      -0.15517669251700289     
   6.2300000000000010E-005  0.54001979130792799        5.1559058943534382        1.6708041439204369       0.99988999402736156      -0.14898416428881656     
   6.2400000000000012E-005  0.53810900113938798        5.1691225372194243        1.6621483061375566       0.99988904397032596      -0.14253773806115386     
   6.2500000000000015E-005  0.53613802743760008        5.1816708538313918        1.6539319412532090       0.99988926179897519      -0.13585402133578153     
   6.2600000000000004E-005  0.53411215706349724        5.1935509450427793        1.6461614353953842       0.99989057708692619      -0.12894939792503990     
   6.2700000000000006E-005  0.53203657146715688        5.2047645139412797        1.6388429855415345       0.99989291405892111      -0.12183997427547333     
   6.2800000000000009E-005  0.52991630140410351        5.2153143575711312        1.6319825732070230       0.99989619428857324      -0.11454158470222291     
   6.2900000000000011E-005  0.52775619237268978        5.2252039361622291        1.6255859314891727       0.99990033847192616      -0.10706982927794675     
   6.3000000000000013E-005  0.52556088099767950        5.2344370350910960        1.6196585063257305       0.99990526752002618       -9.9440122699146330E-002
   6.3100000000000002E-005  0.52333478215401019        5.2430175247195541        1.6142054136043817       0.99991090320319997       -9.1667739354644201E-002
   6.3200000000000005E-005  0.52108208592155747        5.2509492146643888        1.6092313941502423       0.99991716858369861       -8.3767845991556400E-002
   6.3300000000000007E-005  0.51880676290778394        5.2582357922870084        1.6047407685501374       0.99992398831293905       -7.5755519309556665E-002
   6.3400000000000010E-005  0.51651257613331869        5.2648808307890747        1.6007373935579761       0.99993128890375005       -6.7645750207627586E-002
   6.3500000000000012E-005  0.51420309768798655        5.2708878496550104        1.5972246213428507       0.99993899893602811       -5.9453438805240871E-002
   6.3600000000000014E-005  0.51188172849300695        5.2762604098059755        1.5942052625123608       0.99994704922137390       -5.1193383965034173E-002
   6.3700000000000003E-005  0.50955171981644065        5.2810022267456818        1.5916815534069995       0.99995537288296465       -4.2880273140178352E-002
   6.3800000000000006E-005  0.50721619555702446        5.2851172872457459        1.5896551279207891       0.99996390533189994       -3.4528674096593708E-002
   6.3900000000000008E-005  0.50487817461037654        5.2886099583049671        1.5881269939943696       0.99997258415532508       -2.6153030864463224E-002
   6.4000000000000011E-005  0.50254059293717745        5.2914850788184564        1.5870975147027067       0.99998134889728263       -1.7767665377264392E-002
   6.4100000000000013E-005  0.50020632516294394        5.2937480264033496        1.5865663937710694       0.99999014075088855       -9.3867842323803029E-003
   6.4200000000000002E-005  0.49787820567040375        5.2954047556640909        1.5865326654312628       0.99999890219636223       -1.0244896337412942E-003
   6.4300000000000004E-005  0.49555904923120636        5.2964618064477076        1.5869946885267785        1.0000075766096095        7.3052065021232265E-003
   6.4400000000000007E-005  0.49325167126669844        5.2969262822022189        1.5879501447517321        1.0000161078658587        1.5588366453819072E-002
   6.4500000000000009E-005  0.49095890783501789        5.2968057998578280        1.5893960408787851        1.0000244399615246        2.3811109697525614E-002
   6.4600000000000012E-005  0.48868363541833648        5.2961084138664036        1.5913287147950423        1.0000325166752366        3.1959595894391096E-002
   6.4700000000000001E-005  0.48642879052791749        5.2948425182490872        1.5937438451262713        1.0000402812867581        4.0020008566980153E-002
   6.4800000000000003E-005  0.48419738904863935        5.2930167317257313        1.5966364641913220        1.0000476763702504        4.7978539998062841E-002
   6.4900000000000005E-005  0.48199254509955602        5.2906397721668377        1.6000009739965979        1.0000546436798747        5.5821377989383136E-002
   6.5000000000000008E-005  0.47981748899345222        5.2877203275535543        1.6038311649819885        1.0000611241480108        6.3534695748686087E-002
   6.5100000000000010E-005  0.47767558363273627        5.2842669309662060        1.6081202372190999        1.0000670580048276        7.1104645907020078E-002
   6.5199999999999999E-005  0.47557033837064699        5.2802878470086432        1.6128608237167938        1.0000723850368212        7.8517359487376967E-002
   6.5300000000000002E-005  0.47350541907893479        5.2757909787646948        1.6180450156033988        1.0000770450283758        8.5758952219236781E-002
   6.5400000000000004E-005  0.47148465292821645        5.2707838046511144        1.6236643890393061        1.0000809783779856        9.2815539487701229E-002
   6.5500000000000006E-005  0.46951202615298543        5.2652733544682286        1.6297100336594939        1.0000841269098963        9.9673260058749907E-002
   6.5600000000000009E-005  0.46759167317686162        5.2592662333749933        1.6361725823764379        1.0000864348929717       0.10631831023542374     
   6.5700000000000011E-005  0.46572785566684788        5.2527687020520109        1.6430422423085884        1.0000878502347315       0.11273698713377776     
   6.5800000000000000E-005  0.46392493077705754        5.2457868195062316        1.6503088265081953        1.0000883258839774       0.11891574164218081     
   6.5900000000000003E-005  0.46218730871484187        5.2383266524549352        1.6579617860516371        1.0000878213855648       0.12484123966916982     
   6.6000000000000005E-005  0.46051940104707662        5.2303945506139460        1.6659902419534434        1.0000863046052990       0.13050043356816429     
   6.6100000000000007E-005  0.45892556249200300        5.2219974805456690        1.6743830162625324        1.0000837536164413       0.13588064514133960     
   6.6200000000000010E-005  0.45741003023968707        5.2131434018744320        1.6831286617237826        1.0000801586882138       0.14096966504186306     
   6.6299999999999999E-005  0.45597686577718388        5.2038416591822818        1.6922154894599455        1.0000755243460169       0.14575587468286605     
   6.6400000000000001E-005  0.45462990449245277        5.1941033523232631        1.7016315942707732        1.0000698713675382       0.15022839544279271     
   6.6500000000000004E-005  0.45337271782964639        5.1839416395730229        1.7113648772263879        1.0000632384685231       0.15437726544921201     
   6.6600000000000006E-005  0.45220859142303188        5.1733719242577143        1.7214030650901364        1.0000556833586514       0.15819363615520132     
   6.6700000000000009E-005  0.45114052057419368        5.1624118787078102        1.7317337255584078        1.0000472827732942       0.16166996880278944     
   6.6799999999999997E-005  0.45017122196089726        5.1510812711226990        1.7423442762195107        1.0000381310972832       0.16480019740932483     
   6.6900000000000000E-005  0.44930315805756948        5.1394015804684337        1.7532219834043237        1.0000283373439907       0.16757981465116481     
   6.7000000000000002E-005  0.44853856884694177        5.1273954098860397        1.7643539449886607        1.0000180205659104       0.17000583525916813     
   6.7100000000000005E-005  0.44787950442440616        5.1150857377031924        1.7757270491863775        1.0000073041191726       0.17207660066462754     
   6.7200000000000007E-005  0.44732785213689547        5.1024950721394937        1.7873279000349394       0.99999630967813069       0.17379141261654676     
   6.7299999999999996E-005  0.44688535251989558        5.0896445972033266        1.7991427006262715       0.99998515213348282       0.17515002067543728     
   6.7399999999999998E-005  0.44655359948326634        5.0765534109294315        1.8111570877557983       0.99997393652840194       0.17615202902921986     
   6.7500000000000001E-005  0.44633402170225961        5.0632379616538383        1.8233559169230931       0.99996275788864197       0.17679632540161166     
   6.7600000000000003E-005  0.44622784388369024        5.0497117836978802        1.8357230043012671       0.99995170421055324       0.17708065664115552     
   6.7700000000000006E-005  0.44623602848933330        5.0359856206238831        1.8482408415683782       0.99994086210793842       0.17700147465062818     
   6.7800000000000008E-005  0.44635920080840952        5.0220680010923155        1.8608903089218070       0.99993032382779035       0.17655414874657527     
   6.7899999999999997E-005  0.44659756304932119        5.0079662974748285        1.8736504191624888       0.99992019364026530       0.17573358114696039     
   6.7999999999999999E-005  0.44695080618994137        4.9936882484403853        1.8864981288017253       0.99991059131031190       0.17453517968111676     
   6.8100000000000002E-005  0.44741803128065477        4.9792438635054346        1.8994082487803725       0.99990165071902548       0.17295605104637482     
   6.8200000000000004E-005  0.44799769392607602        4.9646475558126930        1.9123534764713874       0.99989351257674075       0.17099619869879792     
   6.8300000000000007E-005  0.44868758587324437        4.9499202815966816        1.9253045529024668       0.99988631175200271       0.16865946735684867     
   6.8399999999999996E-005  0.44948486483734601        4.9350914183528900        1.9382305275727136       0.99988016135620794       0.16595399103592701     
   6.8499999999999998E-005  0.45038613726757948        4.9202001069482435        1.9510990926390301       0.99987513711283815       0.16289198227901591     
   6.8600000000000000E-005  0.45138758932243528        4.9052958273114307        1.9638769341781861       0.99987126593391618       0.15948883295955099     
   6.8700000000000003E-005  0.45248515076775003        4.8904380710895872        1.9765300452063765       0.99986852200082710       0.15576165431115330     
   6.8800000000000005E-005  0.45367466790681849        4.8756951000207254        1.9890239552433111       0.99986683187565983       0.15172752302585776     
   6.8899999999999994E-005  0.45495205810501727        4.8611419088230816        2.0013238527588584       0.99986608784218567       0.14740178037819940     
   6.8999999999999997E-005  0.45631342148194942        4.8468576184361201        2.0133946046765021       0.99986616654802185       0.14279672666354506     
   6.9099999999999999E-005  0.45775509429772598        4.8329225897765156        2.0252007041389097       0.99986694876476612       0.13792096540295951     
   6.9200000000000002E-005  0.45927364114656555        4.8194155638223695        2.0367061969065317       0.99986833599346348       0.13277950345618475     
   6.9300000000000004E-005  0.46086579581393955        4.8064111060303389        2.0478746431566899       0.99987026070873564       0.12737454570054163     
   6.9399999999999993E-005  0.46252837022639659        4.7939775729322376        2.0586691638735513       0.99987268888352487       0.12170678170560488     
   6.9500000000000009E-005  0.46425815527332215        4.7821757387167674        2.0690526021976767       0.99987561537717784       0.11577688058307245     
   6.9600000000000011E-005  0.46605183582401838        4.7710581310751312        2.0789878052694304       0.99987905429019275       0.10958689891452626     
   6.9700000000000014E-005  0.46790593601495184        4.7606690396403710        2.0884380075378357       0.99988302721691835       0.10314136110794926     
   6.9800000000000016E-005  0.46981680204941023        4.7510450876749655        2.0973672779370180       0.99988755228787329        9.6447870320729059E-002
   6.9900000000000005E-005  0.47178062089388983        4.7422162075580134        2.1057409842735146       0.99989263617327095        8.9517221608461497E-002
   7.0000000000000007E-005  0.47379346643862780        4.7342068388274940        2.1135262293309220       0.99989827006781540        8.2363087198172605E-002
   7.0100000000000010E-005  0.47585136106195847        4.7270371744256803        2.1206922226034002       0.99990442948725622        7.5001405910770008E-002
   7.0200000000000012E-005  0.47795034021642352        4.7207243109813071        2.1272105657572529       0.99991107693778003        6.7449633254801605E-002
   7.0300000000000015E-005  0.48008650985568097        4.7152832034868624        2.1330554449035422       0.99991816622909724        5.9725993202158503E-002
   7.0400000000000004E-005  0.48225609009559611        4.7107273731681092        2.1382037357559165       0.99992564701766440        5.1848832990858795E-002
   7.0500000000000006E-005  0.48445544223082837        4.7070693608331826        2.1426350366308071       0.99993346879005507        4.3836143883197093E-002
   7.0600000000000008E-005  0.48668107927256737        4.7043209522443332        2.1463316487875383       0.99994158369145003        3.5705259301254184E-002
   7.0700000000000011E-005  0.48892966218526568        4.7024932237017980        2.1492785243233783       0.99994994815685034        2.7472720348336910E-002
   7.0800000000000013E-005  0.49119798492971350        4.7015964667728030        2.1514632001206810       0.99995852344463865        1.9154277056991544E-002
   7.0900000000000002E-005  0.49348295143970194        4.7016400524987905        2.1528757330049277       0.99996727536395436        1.0764989636676639E-002
   7.1000000000000005E-005  0.49578154723195167        4.7026322899795119        2.1535086477251970       0.99997617346227696        2.3193985212447044E-003
   7.1100000000000007E-005  0.49809080764762781        4.7045803235690089        2.1533569060591651       0.99998518988387142       -6.1682611431265015E-003
   7.1200000000000009E-005  0.50040778406263808        4.7074900992840600        2.1524179025431613       0.99999429803106343       -1.4683817030413869E-002
   7.1300000000000012E-005  0.50272950892710810        4.7113664151280750        2.1506914900266620        1.0000034710924197       -2.3212899618746410E-002
   7.1400000000000014E-005  0.50505296027783619        4.7162130525343633        2.1481800362020826        1.0000126804725114       -3.1740672950854677E-002
   7.1500000000000003E-005  0.50737502644673382        4.7220329675917307        2.1448885100647779        1.0000218941826922       -4.0251567440840699E-002
   7.1600000000000006E-005  0.50969247206054602        4.7288285019706420        2.1408245944868765        1.0000310753306572       -4.8729033844440717E-002
   7.1700000000000008E-005  0.51200190706785298        4.7366015557273480        2.1359988174288538        1.0000401809635704       -5.7155348804992429E-002
   7.1800000000000011E-005  0.51429976129931998        4.7453536494965221        2.1304246895772434        1.0000491616738831       -6.5511516625740659E-002
   7.1900000000000013E-005  0.51658226778054050        4.7550857960958188        2.1241188304387566        1.0000579624700892       -7.3777325054208254E-002
   7.2000000000000002E-005  0.51884545852972075        4.7657981037450181        2.1171010592897033        1.0000665253128747       -8.1931609711479891E-002
   7.2100000000000004E-005  0.52108517622996353        4.7774890519605338        2.1093944231314592        1.0000747936094396       -8.9952774959874221E-002
   7.2200000000000007E-005  0.52329710397184370        4.7901544168038255        2.1010251328580596        1.0000827182271692       -9.7819574067180406E-002
   7.2300000000000009E-005  0.52547681261060186        4.8037858761777050        2.0920223837162664        1.0000902640128719      -0.10551209924256463     
   7.2400000000000012E-005  0.52761982151259235        4.8183693920743291        2.0824180481733485        1.0000974149923736      -0.11301284849232431     
   7.2500000000000000E-005  0.52972166394779430        4.8338835342575077        2.0722462483675894        1.0001041758485172      -0.12030766538087187     
   7.2600000000000003E-005  0.53177794433007808        4.8502979630224150        2.0615428389014352        1.0001105675890418      -0.12738630281995544     
   7.2700000000000005E-005  0.53378437255599254        4.8675723110691820        2.0503448534249884        1.0001166163705071      -0.13424237381646556     
   7.2800000000000008E-005  0.53573676244961033        4.8856556847911996        2.0386899832144767        1.0001223363947072      -0.14087254170838609     
   7.2900000000000010E-005  0.53763098799919684        4.9044869425744091        2.0266161560912539        1.0001277100987314      -0.14727496452859620     
   7.2999999999999999E-005  0.53946290221213133        4.9239958120918423        2.0141612660518495        1.0001326707671732      -0.15344721064071959     
   7.3100000000000001E-005  0.54122823334257164        4.9441047983075581        2.0013630694210232        1.0001370935411984      -0.15938405744820580     
   7.3200000000000004E-005  0.54292248014340894        4.9647317312702697        1.9882592194239102        1.0001407996130989      -0.16507570242148534     
   7.3300000000000006E-005  0.54454083117259977        4.9857927231288919        1.9748873704870862        1.0001435751387660      -0.17050689217063153     
   7.3400000000000009E-005  0.54607813133627447        5.0072052524294799        1.9612852600734447        1.0001452018597004      -0.17565728861661176     
   7.3500000000000011E-005  0.54752891148118421        5.0288910705505687        1.9474906792493436        1.0001454919635082      -0.18050307309946401     
   7.3600000000000000E-005  0.54888748578582469        5.0507786301992210        1.9335412750066718        1.0001443173582365      -0.18501943141545574     
   7.3700000000000002E-005  0.55014810906257405        5.0728047741881701        1.9194741787281728        1.0001416246499297      -0.18918329014195898     
   7.3800000000000005E-005  0.55130517376489530        5.0949154992615968        1.9053255095818520        1.0001374318671123      -0.19297559479410975     
   7.3900000000000007E-005  0.55235341766005974        5.1170657228398353        1.8911298407236299        1.0001318094637239      -0.19638257315671487     
   7.4000000000000010E-005  0.55328811144136958        5.1392181173993938        1.8769197271972533        1.0001248538419860      -0.19939576353264243     
   7.4099999999999999E-005  0.55410520081693415        5.1613412142342510        1.8627253755708717        1.0001166636322392      -0.20201097754155475     
   7.4200000000000001E-005  0.55480138757296515        5.1834070867788666        1.8485744959095929        1.0001073269200740      -0.20422667087906426     
   7.4300000000000004E-005  0.55537414780118333        5.2053889796378883        1.8344923312164350        1.0000969225118514      -0.20604231288789568     
   7.4400000000000006E-005  0.55582169586204322        5.2272592428434130        1.8205018226531460        1.0000855325484523      -0.20745725444941618     
   7.4500000000000008E-005  0.55614290919765574        5.2489878639273799        1.8066238501674552        1.0000732595416109      -0.20847034702754835     
   7.4599999999999997E-005  0.55633723315516392        5.2705417764356524        1.7928774901677136        1.0000602395338727      -0.20908026212161396     
   7.4700000000000000E-005  0.55640458602309795        5.2918849819285709        1.7792802503042582        1.0000466453377101      -0.20928621603250411     
   7.4800000000000002E-005  0.55634528105674352        5.3129793784654495        1.7658482669663702        1.0000326783620908      -0.20908870668517521     
   7.4900000000000005E-005  0.55615997355192315        5.3337860761592939        1.7525964734063884        1.0000185523394294      -0.20848993847239133     
   7.5000000000000007E-005  0.55584963100380103        5.3542669247050343        1.7395387582513127        1.0000044748487882      -0.20749378798074303     
   7.5099999999999996E-005  0.55541552068682609        5.3743859846230357        1.7266881340860645       0.99999063230913998      -0.20610535557197510     
   7.5199999999999998E-005  0.55485921276639194        5.3941107320717929        1.7140569266389112       0.99997718194161578      -0.20433028456508687     
   7.5300000000000001E-005  0.55418259866113129        5.4134128718279468        1.7016569824776748       0.99996425160456670      -0.20217408438622197     
   7.5400000000000003E-005  0.55338792145446358        5.4322687194481620        1.6894998816897036       0.99995194604856419      -0.19964167633346949     
   7.5500000000000006E-005  0.55247781075153424        5.4506591851244970        1.6775971348105281       0.99994035642772328      -0.19673730123866584     
   7.5600000000000008E-005  0.55145531188101182        5.4685694373058578        1.6659603419670872       0.99992956934028154      -0.19346481546213334     
   7.5699999999999997E-005  0.55032390021329236        5.4859883419749496        1.6546012968251238       0.99991967227731804      -0.18982828935885102     
   7.5799999999999999E-005  0.54908747527786206        5.5029077709254084        1.6435320269594442       0.99991075400928475      -0.18583274415586892     
   7.5900000000000002E-005  0.54775033433243381        5.5193218577068288        1.6327647728600736       0.99990290030798035      -0.18148484244833460     
   7.6000000000000004E-005  0.54631712948294475        5.5352262608947536        1.6223119171554570       0.99989618669795888      -0.17679337611279977     
   7.6100000000000007E-005  0.54479281540155933        5.5506174767930458        1.6121858817863868       0.99989067070683713      -0.17176946038607005     
   7.6199999999999995E-005  0.54318259076489761        5.5654922300338923        1.6023990127664955       0.99988638598987689      -0.16642642554994527     
   7.6299999999999998E-005  0.54149183309927906        5.5798469615979389        1.5929634697677502       0.99988333964384124      -0.16077946729106388     
   7.6400000000000000E-005  0.53972602826474414        5.5936774277731995        1.5838911325219340       0.99988151288962646      -0.15484515240474775     
   7.6500000000000003E-005  0.53789069782401688        5.6069784182529538        1.5751935299143363       0.99988086446427460      -0.14864088137841280     
   7.6600000000000005E-005  0.53599132897109447        5.6197435961462849        1.5668817920973099       0.99988133564673254      -0.14218439212605272     
   7.6699999999999994E-005  0.53403331197457804        5.6319654559974124        1.5589666219054852       0.99988285578571412      -0.13549335991643055     
   7.6799999999999997E-005  0.53202188910817794        5.6436353887795443        1.5514582795565741       0.99988534742359436      -0.12858511832274042     
   7.6900000000000013E-005  0.52996211724606523        5.6547438366552987        1.5443665740021280       0.99988873047489368      -0.12147650085649084     
   7.7000000000000015E-005  0.52785884437793296        5.6652805163595623        1.5377008549305782       0.99989292523743134      -0.11418378505132215     
   7.7100000000000004E-005  0.52571669873188887        5.6752346888693159        1.5314700008263018       0.99989785421803268      -0.10672271255527997     
   7.7200000000000006E-005  0.52354008818340969        5.6845954541588659        1.5256824002625300       0.99990344306920387       -9.9108558446531117E-002
   7.7300000000000009E-005  0.52133320732421073        5.6933520526943333        1.5203459253049623       0.99990962085293666       -9.1356221973227306E-002
   7.7400000000000011E-005  0.51910004969189982        5.7014941592100756        1.5154678972626625       0.99991631986632412       -8.3480321915486683E-002
   7.7500000000000014E-005  0.51684442310659617        5.7090121578205020        1.5110550461840493       0.99992347535288773       -7.5495280928026223E-002
   7.7600000000000016E-005  0.51456996661649890        5.7158973913932911        1.5071134659386962       0.99993102510904086       -6.7415393798792994E-002
   7.7700000000000005E-005  0.51228016800657983        5.7221423805935565        1.5036485671897963       0.99993890919527118       -5.9254875265730790E-002
   7.7800000000000007E-005  0.50997838128124051        5.7277410107313953        1.5006650303683584       0.99994706968675329       -5.1027891459747565E-002
   7.7900000000000010E-005  0.50766784392518283        5.7326886859824571        1.4981667606984321       0.99995545048975998       -4.2748574910954365E-002
   7.8000000000000012E-005  0.50535169389347001        5.7369824525482063        1.4961568470537188       0.99996399720889062       -3.4431029250972960E-002
   7.8100000000000015E-005  0.50303298635243654        5.7406210933335142        1.4946375260633904       0.99997265700736659       -2.6089326729049130E-002
   7.8200000000000003E-005  0.50071471022445024        5.7436051955449878        1.4936101525455083       0.99998137844282187       -1.7737501174952465E-002
   7.8300000000000006E-005  0.49839980457225602        5.7459371926161431        1.4930751770281578       0.99999011126426729       -9.3895391039189348E-003
   7.8400000000000008E-005  0.49609117482845949        5.7476213818898829        1.4930321308452110       0.99999880616754322       -1.0593705338170947E-003
   7.8500000000000011E-005  0.49379170884384366        5.7486639191856330        1.4934796190575892        1.0000074145194708        7.2391397480142004E-003
   7.8600000000000013E-005  0.49150429270092250        5.7490727909334929        1.4944153212388596        1.0000158880686127        1.5492200196084270E-002
   7.8700000000000002E-005  0.48923182622349171        5.7488577640331195        1.4958359999625106        1.0000241786635475        2.3686099713372329E-002
   7.8800000000000004E-005  0.48697723811235433        5.7480303130598971        1.4977375166303648        1.0000322379987077        3.1807213947468792E-002
   7.8900000000000007E-005  0.48474350064967064        5.7466035239705953        1.5001148540830795        1.0000400174038440        3.9842010367179798E-002
   7.9000000000000009E-005  0.48253364393192733        5.7445919731379540        1.5029621452329220        1.0000474676865716        4.7777051454558621E-002
   7.9100000000000012E-005  0.48035076960291373        5.7420115804325187        1.5062727067523949        1.0000545390283055        5.5598994787909167E-002
   7.9200000000000001E-005  0.47819806405076853        5.7388794351401380        1.5100390766224461        1.0000611809209876        6.3294588005602795E-002
   7.9300000000000003E-005  0.47607881099252947        5.7352135937316504        1.5142530541040389        1.0000673421377044        7.0850656459844480E-002
   7.9400000000000006E-005  0.47399640326449155        5.7310328508861064        1.5189057406704578        1.0000729707424920        7.8254082448697082E-002
   7.9500000000000008E-005  0.47195435345857778        5.7263564870961430        1.5239875803152150        1.0000780140964438        8.5491772578244404E-002
   7.9600000000000010E-005  0.46995630281265560        5.7212039971088426        1.5294883975236810        1.0000824189277044        9.2550613273128662E-002
   7.9700000000000013E-005  0.46800602746324488        5.7155948052143843        1.5353974314591139        1.0000861314425167        9.9417417488544282E-002
   7.9800000000000002E-005  0.46610744083112082        5.7095479757190182        1.5417033650392373        1.0000890975986292       0.10607886416384298     
   7.9900000000000004E-005  0.46426459064977282        5.7030819286875598        1.5483943482724090        1.0000912636158334       0.11252144284019677     
   8.0000000000000007E-005  0.46248164893603427        5.6962141727827769        1.5554580158356561        1.0000925768971969       0.11873141263282241     
   8.0100000000000009E-005  0.46076289326917225        5.6889610680013627        1.5628814999619955        1.0000929874352484       0.12469479484045479     
   8.0200000000000011E-005  0.45911267803682859        5.6813376314659321        1.5706514406982559        1.0000924498872374       0.13039741585928724     
   8.0300000000000000E-005  0.45753539501431206        5.6733573989957060        1.5787539967077602        1.0000909262319722       0.13582501785009216     
   8.0400000000000003E-005  0.45603542365061678        5.6650323540170859        1.5871748605558760        1.0000883889602616       0.14096344922954090     
   8.0500000000000005E-005  0.45461707274742869        5.6563729334755912        1.5958992827443010        1.0000848244705225       0.14579893518771717     
   8.0600000000000008E-005  0.45328451663074981        5.6473881179236889        1.6049121082967435        1.0000802361974104       0.15031841534961379     
   8.0700000000000010E-005  0.45204173032219919        5.6380856097336594        1.6141978283243530        1.0000746469507280       0.15450991885310111     
   8.0799999999999999E-005  0.45089242920576600        5.6284720994006232        1.6237406467274238        1.0000680999016163       0.15836293168125221     
   8.0900000000000001E-005  0.44984001883043478        5.6185536151953261        1.6335245591805654        1.0000606577970776       0.16186870158372646     
   8.1000000000000004E-005  0.44888755969412791        5.6083359462548046        1.6435334382799827        1.0000524002988500       0.16502042533491448     
   8.1100000000000006E-005  0.44803775006515639        5.5978251235682706        1.6537511157414704        1.0000434197303987       0.16781327404401689     
   8.1200000000000009E-005  0.44729292735176163        5.5870279375333718        1.6641614505692004        1.0000338158944717       0.17024423471780700     
   8.1300000000000011E-005  0.44665508560792466        5.5759524655196673        1.6747483717152896        1.0000236909158766       0.17231177734328459     
   8.1400000000000000E-005  0.44612590405693986        5.5646085787457453        1.6854958853469293        1.0000131451646248       0.17401539115279013     
   8.1500000000000002E-005  0.44570677960878613        5.5530083954365654        1.6963880404400331        1.0000022751061288       0.17535506283011396     
   8.1600000000000005E-005  0.44539885569878801        5.5411666470931751        1.7074088515371462       0.99999117353780254       0.17633078686437323     
   8.1700000000000007E-005  0.44520304061509108        5.5291009272321379        1.7185421834216223       0.99997993205925706       0.17694219874059874     
   8.1800000000000010E-005  0.44512001074160773        5.5168317979244845        1.7297716079935508       0.99996864500322524       0.17718840147245682     
   8.1899999999999999E-005  0.44515019730394939        5.5043827385956368        1.7410802476989917       0.99995741364605650       0.17706802077516648     
   8.2000000000000001E-005  0.44529375855317621        5.4917799339143292        1.7524506216641516       0.99994634930615245       0.17657947974252322     
   8.2100000000000003E-005  0.44555054216390721        5.4790519129747501        1.7638645096918253       0.99993557410313139       0.17572143780176200     
   8.2200000000000006E-005  0.44592004428362236        5.4662290689038233        1.7753028456113300       0.99992521867366357       0.17449330360556725     
   8.2300000000000008E-005  0.44640137196154239        5.4533431047129657        1.7867456458448678       0.99991541685089980       0.17289571418474761     
   8.2399999999999997E-005  0.44699321464918912        5.4404264649202103        1.7981719726659371       0.99990629818905008       0.17093088044520671     
   8.2500000000000000E-005  0.44769382863760593        5.4275118201219934        1.8095599262094157       0.99989797982685946       0.16860273377238694     
   8.2600000000000002E-005  0.44850103632207144        5.4146316709545186        1.8208866562060089       0.99989055935039428       0.16591685689070818     
   8.2700000000000004E-005  0.44941224040669087        5.4018181271266830        1.8321283843760023       0.99988411006493449       0.16288023434022550     
   8.2800000000000007E-005  0.45042445190266067        5.3891028963617886        1.8432604313530787       0.99987867941110442       0.15950089884378871     
   8.2899999999999996E-005  0.45153432999722565        5.3765174890691068        1.8542572469150640       0.99987429042779741       0.15578756865116297     
   8.2999999999999998E-005  0.45273823122312468        5.3640936111255364        1.8650924475496375       0.99987094540936372       0.15174936225519023     
   8.3100000000000001E-005  0.45403226497240468        5.3518636848844832        1.8757388692272357       0.99986863049753405       0.14739564422592794     
   8.3200000000000003E-005  0.45541235233130989        5.3398614138963802        1.8861686444537724       0.99986732000985845       0.14273601211685349     
   8.3300000000000005E-005  0.45687428538060287        5.3281222947744808        1.8963533109752186       0.99986697968136096       0.13778039344606380     
   8.3400000000000008E-005  0.45841378442337993        5.3166839834625055        1.9062639554164076       0.99986756855688819       0.13253919393300281     
   8.3499999999999997E-005  0.46002655090181932        5.3055864433268543        1.9158713899140603       0.99986903979604425       0.12702343135061300     
   8.3599999999999999E-005  0.46170831404631468        5.2948718357134839        1.9251463549590959       0.99987134097707797       0.12124480263025092     
   8.3700000000000002E-005  0.46345486957745724        5.2845841528909263        1.9340597384333171       0.99987441451430947       0.11521565865230654     
   8.3800000000000004E-005  0.46526210924159989        5.2747686305912085        1.9425827997512093       0.99987819860021465       0.10894889024820695     
   8.3900000000000006E-005  0.46712604065854502        5.2654710055694753        1.9506873890294960       0.99988262879703838       0.10245775277785438     
   8.3999999999999995E-005  0.46904279779728697        5.2567366984116477        1.9583461537270173       0.99988764011728415        9.5755669056972997E-002
   8.4099999999999998E-005  0.47100864320523289        5.2486100023877027        1.9655327283853674       0.99989316924610616        8.8856050118479898E-002
   8.4200000000000014E-005  0.47301996374370803        5.2411333478450057        1.9722219061446620       0.99989915653146666        8.1772163769244996E-002
   8.4300000000000016E-005  0.47507326188655602        5.2343466928903046        1.9783897929258614       0.99990554745775728        7.4517064226274743E-002
   8.4400000000000005E-005  0.47716514458397874        5.2282870692015528        1.9840139464417930       0.99991229343749244        6.7103581442257018E-002
   8.4500000000000008E-005  0.47929231133341932        5.2229882908759722        1.9890735024655264       0.99991935198844251        5.9544358872294333E-002
   8.4600000000000010E-005  0.48145154257364098        5.2184808171256991        1.9935492904553955       0.99992668635865845        5.1851919878306299E-002
   8.4700000000000012E-005  0.48363968892162201        5.2147917464148081        1.9974239398314275       0.99993426484286241        4.4038745979799100E-002
   8.4800000000000015E-005  0.48585366130772817        5.2119449123235908        2.0006819775063511       0.99994205991843454        3.6117350291366229E-002
   8.4900000000000004E-005  0.48809042171096978        5.2099610467946063        2.0033099164961810       0.99995004739455029        2.8100336550654803E-002
   8.5000000000000006E-005  0.49034697406409949        5.2088579768811236        2.0052963351947342       0.99995820563382842        2.0000439903967351E-002
   8.5100000000000009E-005  0.49262035488232664        5.2086508239887648        2.0066319467568015       0.99996651489189514        1.1830548418674550E-002
   8.5200000000000011E-005  0.49490762327821858        5.2093521787682091        2.0073096580790653       0.99997495677468562        3.6037088273051534E-003
   8.5300000000000013E-005  0.49720585019291857        5.2109722295452974        2.0073246180211193       0.99998351378126171       -4.6668785486545872E-003
   8.5400000000000016E-005  0.49951210683722902        5.2135188275173263        2.0066742546623919       0.99999216888599918       -1.2967870242270030E-002
   8.5500000000000005E-005  0.50182345246314619        5.2169974779128214        2.0053583015297889        1.0000009051048788       -2.1285789883150850E-002
   8.5600000000000007E-005  0.50413692165291402        5.2214112528143328        2.0033788128404342        1.0000097049874042       -2.9607032979232704E-002
   8.5700000000000010E-005  0.50644951130781679        5.2267606284702266        2.0007401678616881        1.0000185499798648       -3.7917861766137345E-002
   8.5800000000000012E-005  0.50875816744825453        5.2330432576998556        1.9974490644741185        1.0000274196179457       -4.6204386894551669E-002
   8.5900000000000014E-005  0.51105977181749507        5.2402536960906829        1.9935145019182419        1.0000362905268809       -5.4452534307799484E-002
   8.6000000000000003E-005  0.51335112813845729        5.2483831084722752        1.9889477524660342        1.0000451352523145       -6.2647998251510836E-002
   8.6100000000000006E-005  0.51562894776610835        5.2574189878556155        1.9837623211493767        1.0000539210109103       -7.0776186271775787E-002
   8.6200000000000008E-005  0.51788983444989145        5.2673449223907607        1.9779738919939007        1.0000626084484827       -7.8822163089002265E-002
   8.6300000000000011E-005  0.52013026800500783        5.2781404482672594        1.9716002584800638        1.0000711506223237       -8.6770606651429272E-002
   8.6400000000000013E-005  0.52234658700741921        5.2897810218272125        1.9646612349194941        1.0000794923440424       -9.4605791309104806E-002
   8.6500000000000002E-005  0.52453497106360525        5.3022381352031331        1.9571785448401402        1.0000875701145662      -0.10231161287824811     
   8.6600000000000004E-005  0.52669142383277845        5.3154795849340717        1.9491756822523689        1.0000953126593888      -0.10987166521222673     
   8.6700000000000007E-005  0.52881175852209228        5.3294698848782573        1.9406777425824275        1.0001026420377424      -0.11726936883138922     
   8.6800000000000009E-005  0.53089158793579916        5.3441707951218076        1.9317112221177648        1.0001094750779478      -0.12448813837763739     
   8.6900000000000012E-005  0.53292632113014005        5.3595419207261203        1.9223037880461207        1.0001157247817682      -0.13151156245215806     
   8.7000000000000001E-005  0.53491116812824024        5.3755413214134808        1.9124840252211468        1.0001213013413854      -0.13832355844830199     
   8.7100000000000003E-005  0.53684115309704350        5.3921260683695547        1.9022811697741489        1.0001261125736300      -0.14490846348268685     
   8.7200000000000005E-005  0.53871113505197066        5.4092526892221100        1.8917248424636375        1.0001300639281687      -0.15125103485007102     
   8.7300000000000008E-005  0.54051583396717739        5.4268774571792973        1.8808447952162279        1.0001330586007089      -0.15733635816476024     
   8.7400000000000010E-005  0.54224986098108707        5.4449565053771893        1.8696706822737204        1.0001349985168702      -0.16314969097916990     
   8.7500000000000013E-005  0.54390775331226693        5.4634457796374516        1.8582318629527363        1.0001357871002536      -0.16867629931609446     
   8.7600000000000002E-005  0.54548401581927597        5.4823008768344206        1.8465572371001755        1.0001353344722992      -0.17390136570312070     
   8.7700000000000004E-005  0.54697317243135490        5.5014768461430901        1.8346751085385122        1.0001335650155752      -0.17881004449130763     
   8.7800000000000006E-005  0.54836983080906776        5.5209280459315151        1.8226130679169747        1.0001304262945343      -0.18338770767089821     
   8.7900000000000009E-005  0.54966876165104994        5.5406081443223671        1.8103978858451215        1.0001258975952829      -0.18762037157332406     
   8.8000000000000011E-005  0.55086499009576617        5.5604703260395922        1.7980554102349811        1.0001199959897196      -0.19149523613502492     
   8.8100000000000000E-005  0.55195389172636700        5.5804677265878837        1.7856104675700402        1.0001127782213408      -0.19500122343304591     
   8.8200000000000003E-005  0.55293128184456530        5.6005540667202158        1.7730867742824243        1.0001043376626271      -0.19812938968540328     
   8.8300000000000005E-005  0.55379348639546300        5.6206844173379729        1.7605068695741937        1.0000947966867491      -0.20087310354741247     
   8.8400000000000007E-005  0.55453738689272869        5.6408160012631772        1.7478920833927700        1.0000842959672767      -0.20322792991537286     
   8.8500000000000010E-005  0.55516043584049035        5.6609089329836637        1.7352625519277494        1.0000729832400104      -0.20519122871452122     
   8.8599999999999999E-005  0.55566064028490625        5.6809268098605274        1.7226372876495213        1.0000610043418543      -0.20676155813865346     
   8.8700000000000001E-005  0.55603651575467083        5.7008370959324131        1.7100343023795277        1.0000484983410718      -0.20793802702601621     
   8.8800000000000004E-005  0.55628701966580185        5.7206112727253231        1.6974707727022078        1.0000355970783517      -0.20871974940752427     
   8.8900000000000006E-005  0.55641148008168684        5.7402247620158242        1.6849632299711599        1.0000224279152627      -0.20910551593825358     
   8.9000000000000008E-005  0.55640953990806519        5.7596566480337357        1.6725277541465149        1.0000091177371562      -0.20909373076770096     
   8.9100000000000011E-005  0.55628113519913214        5.7788892393764817        1.6601801520186859       0.99999579628847579      -0.20868259482553961     
   8.9200000000000000E-005  0.55602651742302622        5.7979075156636810        1.6479361050472623       0.99998259768113495      -0.20787046922130883     
   8.9300000000000002E-005  0.55564631599408953        5.8166985037100050        1.6358112782844569       0.99996965982131614      -0.20665633363129679     
   8.9400000000000005E-005  0.55514162367272346        5.8352506246608717        1.6238213878095353       0.99995712222966771      -0.20504026314858823     
   8.9500000000000007E-005  0.55451407814673659        5.8535530497215689        1.6119822286954264       0.99994512280880876      -0.20302386491564081     
   8.9600000000000009E-005  0.55376591674324671        5.8715950977840512        1.6003096688208118       0.99993379366500568      -0.20061062481153977     
   8.9699999999999998E-005  0.55289999426670522        5.8893657017393517        1.5888196165448631       0.99992325628587708      -0.19780611570770840     
   8.9800000000000001E-005  0.55191976225011186        5.9068529621893617        1.5775279721037168       0.99991361681524149      -0.19461803854086293     
   8.9900000000000003E-005  0.55082921420998809        5.9240437991529760        1.5664505729920088       0.99990496218601010      -0.19105609377745772     
   9.0000000000000006E-005  0.54963280545961601        5.9409237053653428        1.5556031425492323       0.99989735775699684      -0.18713170906034485     
   9.0100000000000008E-005  0.54833535766427577        5.9574765996940346        1.5450012486223232       0.99989084674845508      -0.18285767026500954     
   9.0199999999999997E-005  0.54694195823953906        5.9736847756468006        1.5346602761061554       0.99988545142282237      -0.17824771384222532     
   9.0299999999999999E-005  0.54545786342821778        5.9895289374289780        1.5245954139086415       0.99988117558438394      -0.17331613633007517     
   9.0400000000000002E-005  0.54388841176464131        6.0049883148030272        1.5148216540582786       0.99987800786645631      -0.16807746623027872     
   9.0500000000000004E-005  0.54223895213650231        6.0200408468547932        1.5053537985276562       0.99987592517411938      -0.16254622583245965     
   9.0600000000000007E-005  0.54051478798934816        6.0346634230099427        1.4962064682484131       0.99987489579556665      -0.15673679243352698     
   9.0699999999999996E-005  0.53872113711638103        6.0488321680338215        1.4873941085816749       0.99987488183167916      -0.15066335130246333     
   9.0799999999999998E-005  0.53686310561352479        6.0625227563223536        1.4789309862471269       0.99987584081154723      -0.14433991985513411     
   9.0900000000000000E-005  0.53494567300978679        6.0757107395898950        1.4708311739658830       0.99987772658595730      -0.13778041770261001     
   9.1000000000000003E-005  0.53297368478670049        6.0883718729870413        1.4631085206334233       0.99988048968272569      -0.13099875690882848     
   9.1100000000000005E-005  0.53095184897759928        6.1004824274462397        1.4557766065097406       0.99988407737292639      -0.12400893019636577     
   9.1200000000000008E-005  0.52888473449525397        6.1120194789961158        1.4488486843554713       0.99988843367511127      -0.11682508030979369     
   9.1299999999999997E-005  0.52677676987645916        6.1229611689496819        1.4423376085598210       0.99989349947779516      -0.10946154119751966     
   9.1399999999999999E-005  0.52463224202259340        6.1332869317603951        1.4362557550239066       0.99989921292045680      -0.10193284883715099     
   9.1500000000000015E-005  0.52245529515642108        6.1429776897612056        1.4306149348763997       0.99990551003899053       -9.4253723980347787E-002
   9.1600000000000017E-005  0.52024993052759005        6.1520160160189370        1.4254263050688596       0.99991232563976806       -8.6439034606083959E-002
   9.1700000000000006E-005  0.51802000747957944        6.1603862677107575        1.4207002786911325       0.99991959432474531       -7.8503745317982265E-002
   9.1800000000000009E-005  0.51576924638360555        6.1680746933339892        1.4164464374130392       0.99992725151978923       -7.0462863269589324E-002
   9.1900000000000011E-005  0.51350123375640178        6.1750695171595318        1.4126734481256482       0.99993523443169541       -6.2331386068590573E-002
   9.2000000000000014E-005  0.51121942967366907        6.1813610043166589        1.4093889853827737       0.99994348281229894       -5.4124258425977879E-002
   9.2100000000000016E-005  0.50892717741592597        6.1869415093799409        1.4065996609718376       0.99995193947927719       -4.5856338300729611E-002
   9.2200000000000005E-005  0.50662771514439109        6.1918055114194415        1.4043109616969653       0.99996055058335820       -3.7542375057236704E-002
   9.2300000000000007E-005  0.50432418931941936        6.1959496397080853        1.4025271963231247       0.99996926561293609       -2.9196998603017447E-002
   9.2400000000000010E-005  0.50201966952634858        6.1993726906369790        1.4012514523040676       0.99997803714364253       -2.0834717620554687E-002
   9.2500000000000012E-005  0.49971716435501451        6.2020756345175432        1.4004855626666159       0.99998682037667519       -1.2469925469935314E-002
   9.2600000000000015E-005  0.49741963797470840        6.2040616122673962        1.4002300833822809       0.99999557252031834       -4.1169115882889332E-003
   9.2700000000000004E-005  0.49513002705051296        6.2053359220425417        1.4004842814486647        1.0000042520714838        4.2101238341620429E-003
   9.2800000000000006E-005  0.49285125765589022        6.2059059958358151        1.4012461337739210        1.0000128180541308        1.2497053927940751E-002
   9.2900000000000008E-005  0.49058626184798920        6.2057813660425341        1.4025123368208889        1.0000212292701014        2.0729809860313579E-002
   9.3000000000000011E-005  0.48833799358484009        6.2049736219467739        1.4042783268272185        1.0000294436154604        2.8894367980849694E-002
   9.3100000000000013E-005  0.48610944367743508        6.2034963559617280        1.4065383102761380        1.0000374175117241        3.6976741083184737E-002
   9.3200000000000016E-005  0.48390365348545056        6.2013650992465408        1.4092853041514195        1.0000451054963635        4.4962975360639118E-002
   9.3300000000000005E-005  0.48172372708431299        6.1985972460212428        1.4125111853727830        1.0000524600104708        5.2839154509634230E-002
   9.3400000000000007E-005  0.47957284165565889        6.1952119654800484        1.4162067486692504        1.0000594314086149        6.0591412036631910E-002
   9.3500000000000009E-005  0.47745425588668855        6.1912300992333602        1.4203617719402881        1.0000659681941289        6.8205951763738948E-002
   9.3600000000000012E-005  0.47537131621111767        6.1866740418629087        1.4249650879787985        1.0000720174905786        7.5669076412601288E-002
   9.3700000000000014E-005  0.47332746078294174        6.1815676040369567        1.4300046614259301        1.0000775257275314        8.2967223221438777E-002
   9.3800000000000003E-005  0.47132622113903927        6.1759358568828766        1.4354676695009245        1.0000824394733299        9.0087002470932098E-002
   9.3900000000000006E-005  0.46937122158209255        6.1698049556427232        1.4413405847596428        1.0000867063787231        9.7015236313215389E-002
   9.4000000000000008E-005  0.46746617639011806        6.1632019407700307        1.4476092578947486        1.0000902761090353       0.10373899206986960     
   9.4100000000000010E-005  0.46561488500724585        6.1561545153133013        1.4542589982938310        1.0000931012423651       0.11024560514925132     
   9.4200000000000013E-005  0.46382122538813492        6.1486907982669923        1.4612746499687435        1.0000951380297514       0.11652268697002519     
   9.4300000000000002E-005  0.46208914560661551        6.1408390548104412        1.4686406604095195        1.0000963470395445       0.12255811528004476     
   9.4400000000000004E-005  0.46042265370885999        6.1326274061026282        1.4763411401613185        1.0000966936709645       0.12834000716435376     
   9.4500000000000007E-005  0.45882580555792851        6.1240835233319819        1.4843599113813428        1.0000961486390172       0.13385667931984802     
   9.4600000000000009E-005  0.45730269010425739        6.1152343131451357        1.4926805444099565        1.0000946885138129       0.13909660381047298     
   9.4700000000000011E-005  0.45585741117882300        6.1061056042317885        1.5012863824225107        1.0000922964392389       0.14404837227820325     
   9.4800000000000000E-005  0.45449406461781294        6.0967218475040594        1.5101605554098729        1.0000889631395529       0.14870068316761709     
   9.4900000000000003E-005  0.45321670941381992        6.0871058446713935        1.5192859859304655        1.0000846882361487       0.15304236651955802     
   9.5000000000000005E-005  0.45202933175471066        6.0772785217187275        1.5286453900689483        1.0000794818244472       0.15706245806676533     
   9.5100000000000008E-005  0.45093580134494921        6.0672587643601039        1.5382212776397215        1.0000733661631207       0.16075032816991366     
   9.5200000000000010E-005  0.44993982036488117        6.0570633314554021        1.5479959556769185        1.0000663772218981       0.16409586216638103     
   9.5300000000000013E-005  0.44904486668628274        6.0467068596658669        1.5579515386064802        1.0000585657829975       0.16708967905876551     
   9.5400000000000001E-005  0.44825413435935646        6.0362019683596575        1.5680699672084204        1.0000499978097834       0.16972336666356860     
   9.5500000000000004E-005  0.44757047560590096        6.0255594677507984        1.5783330367273942        1.0000407538863973       0.17198970533376101     
   9.5600000000000006E-005  0.44699634926663812        6.0147886660336178        1.5887224325053693        1.0000309276542210       0.17388285079284682     
   9.5700000000000009E-005  0.44653378058548870        6.0038977636876814        1.5992197696535451        1.0000206233758002       0.17539845071133980     
   9.5800000000000011E-005  0.44618433620656461        5.9928943159749677        1.6098066319116637        1.0000099528880759       0.17653367826489016     
   9.5900000000000000E-005  0.44594911640849866        5.9817857390553648        1.6204646041675610       0.99999903232184872       0.17728717785349607     
   9.6000000000000002E-005  0.44582876411950922        5.9705798317883225        1.6311752933182118       0.99998797901221581       0.17765893172884467     
   9.6100000000000005E-005  0.44582348773461489        5.9592852846135669        1.6419203332412176       0.99997690893362667       0.17765006782022152     
   9.6200000000000007E-005  0.44593309262489900        5.9479121490717333        1.6526813713739057       0.99996593488595509       0.17726263723460892     
   9.6300000000000010E-005  0.44615701514649869        5.9364722458708243        1.6634400366101034       0.99995516547547825       0.17649939341743362     
   9.6399999999999999E-005  0.44649435302080043        5.9249794953415158        1.6741778904518951       0.99994470475724229       0.17536360209594151     
   9.6500000000000001E-005  0.44694388726743534        5.9134501604571676        1.6848763653700678       0.99993465231493128       0.17385890526765779     
   9.6600000000000003E-005  0.44750409340679526        5.9019029984770537        1.6955166958739432       0.99992510346659225       0.17198925379912078     
   9.6700000000000006E-005  0.44817314258920554        5.8903593220420305        1.7060798487222582       0.99991614929098127       0.16975891268011234     
   9.6800000000000008E-005  0.44894889585834047        5.8788429739651109        1.7165464589282544       0.99990787621190313       0.16717253270002325     
   9.6899999999999997E-005  0.44982889650184943        5.8673802225050737        1.7268967776939492       0.99990036495621704       0.16423527177734240     
   9.7000000000000000E-005  0.45081036606985908        5.8559995860338052        1.7371106371884741       0.99989368887278796       0.16095294104349503     
   9.7100000000000002E-005  0.45189020900404153        5.8447315980685790        1.7471674354678504       0.99988791179814096       0.15733214938391793     
   9.7200000000000004E-005  0.45306502921215225        5.8336085257669765        1.7570461431101307       0.99988308570743023       0.15338042096750709     
   9.7300000000000007E-005  0.45433115976839905        5.8226640572695434        1.7667253314024165       0.99987924849236431       0.14910626431698595     
   9.7400000000000009E-005  0.45568470466428718        5.8119329750524020        1.7761832204671817       0.99987642223845585       0.14451918003674286     
   9.7499999999999998E-005  0.45712158963551142        5.8014508328239165        1.7853977447172502       0.99987461229752472       0.13962960431573604     
   9.7600000000000001E-005  0.45863761784052337        5.7912536523696101        1.7943466325633972       0.99987380735064413       0.13444879540003241     
   9.7700000000000003E-005  0.46022852573042961        5.7813776535789980        1.8030074973720915       0.99987398049178167       0.12898867889518786     
   9.7800000000000006E-005  0.46189003485570179        5.7718590254990714        1.8113579371345492       0.99987509120917639       0.12326167300754115     
   9.7900000000000008E-005  0.46361789642335510        5.7627337396190024        1.8193756409727728       0.99987708802745567       0.11728051617268341     
   9.7999999999999997E-005  0.46540792677063036        5.7540373998756289        1.8270385012889314       0.99987991149291655       0.11105811585769595     
   9.8099999999999999E-005  0.46725603325903037        5.7458051184939833        1.8343247308510164       0.99988349717204095       0.10460743107213871     
   9.8200000000000002E-005  0.46915823120337147        5.7380714037342075        1.8412129843655767       0.99988777840673493        9.7941395007634602E-002
   9.8300000000000004E-005  0.47111065316718920        5.7308700455050179        1.8476824840400310       0.99989268867526426        9.1072876322541629E-002
   9.8400000000000007E-005  0.47310955225883183        5.7242339873246957        1.8537131484043794       0.99989816341220950        8.4014672203549912E-002
   9.8499999999999995E-005  0.47515130103842529        5.7181951774322810        1.8592857232904461       0.99990414134249817        7.6779525908238097E-002
   9.8599999999999998E-005  0.47723238736944285        5.7127843971744516        1.8643819134288746       0.99991056534051337        6.9380156503763460E-002
   9.8700000000000000E-005  0.47934940821351668        5.7080310694974692        1.8689845128636116       0.99991738289838683        6.1829295088882366E-002
   9.8800000000000016E-005  0.48149906199039683        5.7039630540652828        1.8730775320863531       0.99992454629324889        5.4139718263470013E-002
   9.8900000000000019E-005  0.48367813986022407        5.7006064375385526        1.8766463198334240       0.99993201252333708        4.6324277947864451E-002
   9.9000000000000008E-005  0.48588351607158997        5.6979853276433747        1.8796776775278905       0.99993974305646116        3.8395923603042573E-002
   9.9100000000000010E-005  0.48811213739865544        5.6961216588788153        1.8821599645377107       0.99994770345136397        3.0367718168093059E-002
   9.9200000000000012E-005  0.49036101166899249        5.6950350160304035        1.8840831927563699       0.99995586285509774        2.2252848811133239E-002
   9.9300000000000015E-005  0.49262719538713706        5.6947424790695260        1.8854391092151050       0.99996419340554565        1.4064633282669594E-002
   9.9400000000000017E-005  0.49490778049726963        5.6952584907086710        1.8862212656714270       0.99997266955295883        5.8165233710656189E-003
   9.9500000000000006E-005  0.49719988037161100        5.6965947461648287        1.8864250743289614       0.99998126731077297       -2.4778935075391679E-003
   9.9600000000000009E-005  0.49950061514635957        5.6987601037134104        1.8860478490017119       0.99998996344693991       -1.0804893931273183E-002
   9.9700000000000011E-005  0.50180709655285682        5.7017605143104602        1.8850888311569252       0.99999873462683520       -1.9150618810154091E-002
   9.9800000000000013E-005  0.50411641240470317        5.7055989687502153        1.8835492003728749        1.0000075565184290       -2.7501073950741414E-002
   9.9900000000000016E-005  0.50642561089895088        5.7102754613176225        1.8814320688500459        1.0000164028704697       -3.5842130278004244E-002
   1.0000000000000000E-004  0.50873168487155007        5.7157869695191197        1.8787424597373816        1.0000252445751188       -4.4159523003949736E-002
   1.0010000000000001E-004  0.51103155611675921        5.7221274500992845        1.8754872692020488        1.0000340487276316       -5.2438848837800756E-002
   1.0020000000000001E-004  0.51332205983942270        5.7292878521078396        1.8716752124050147        1.0000427776980594       -6.0665560136168674E-002
   1.0030000000000001E-004  0.51559992926815557        5.7372561484216247        1.8673167538459570        1.0000513882464233       -6.8824955583648123E-002
   1.0040000000000001E-004  0.51786178044785114        5.7460173876974618        1.8624240228040034        1.0000598307194049       -7.6902167961483747E-002
   1.0050000000000000E-004  0.52010409721634254        5.7555537682250977        1.8570107149227848        1.0000680483762812       -8.4882148162431642E-002
   1.0060000000000001E-004  0.52232321640273582        5.7658447348211297        1.8510919812425473        1.0000759769627361       -9.2749649171232310E-002
   1.0070000000000001E-004  0.52451531346388602        5.7768670993518301        1.8446843061522480        1.0000835445596803      -0.10048921124853542     
   1.0080000000000001E-004  0.52667638900019298        5.7885951851037971        1.8378053759488597        1.0000906718985356      -0.10808515411756324     
   1.0090000000000001E-004  0.52880225700868988        5.8010009948226218        1.8304739396912182        1.0000972731517574      -0.11552157937123349     
   1.0100000000000002E-004  0.53088853616990461        5.8140544022307630        1.8227096641136562        1.0001032573413320      -0.12278239035010788     
   1.0110000000000000E-004  0.53293064594291972        5.8277233669418322        1.8145329843879026        1.0001085303899169      -0.12985133286611425     
   1.0120000000000001E-004  0.53492380952654950        5.8419741733200166        1.8059649525628056        1.0001129977671770      -0.13671206187410828     
   1.0130000000000001E-004  0.53686306572585851        5.8567716946300914        1.7970270856482216        1.0001165677009336      -0.14334823731209487     
   1.0140000000000001E-004  0.53874329127706311        5.8720796844422356        1.7877412154640304        1.0001191547996611      -0.14974365028854081     
   1.0150000000000001E-004  0.54055923420029972        5.8878610971050751        1.7781293425142886        1.0001206838688566      -0.15588237870094840     
   1.0160000000000000E-004  0.54230555737958153        5.9040784375287334        1.7682134963382612        1.0001210936293001      -0.16174896715949752     
   1.0170000000000001E-004  0.54397689007823835        5.9206941370739843        1.7580156049843596        1.0001203399928209      -0.16732862046925528     
   1.0180000000000001E-004  0.54556788417747781        5.9376709457539940        1.7475573763340655        1.0001183984906417      -0.17260739324401525     
   1.0190000000000001E-004  0.54707327238205783        5.9549723240499848        1.7368601943039703        1.0001152654144729      -0.17757235002049826     
   1.0200000000000001E-004  0.54848792546679992        5.9725628131357160        1.7259450334192339        1.0001109574749507      -0.18221166765975089     
   1.0210000000000000E-004  0.54980690496723561        5.9904083598872520        1.7148323954151721        1.0001055100186502      -0.18651465795523595     
   1.0220000000000000E-004  0.55102550777928028        6.0084765743234509        1.7035422712775674        1.0000989740872972      -0.19047169891917412     
   1.0230000000000001E-004  0.55213930013233969        6.0267369021640160        1.6920941313274274        1.0000914128126015      -0.19407407869565219     
   1.0240000000000001E-004  0.55314414044885651        6.0451607025748304        1.6805069445777965        1.0000828978201519      -0.19731377237315548     
   1.0250000000000001E-004  0.55403619335075949        6.0637212297928551        1.6687992264497304        1.0000735064087189      -0.20018319201673304     
   1.0260000000000000E-004  0.55481194020308577        6.0823935258613426        1.6569891111703787        1.0000633200593809      -0.20267496224150644     
   1.0270000000000000E-004  0.55546819338634157        6.1011542385701709        1.6450944421725255        1.0000524246288449      -0.20478177855509894     
   1.0280000000000001E-004  0.55600212121972137        6.1199813834851318        1.6331328709971500        1.0000409121526190      -0.20649639972231038     
   1.0290000000000001E-004  0.55641128848745469        6.1388540715437729        1.6211219532722108        1.0000288836922102      -0.20781180639643576     
   1.0300000000000001E-004  0.55669371409668511        6.1577522239134099        1.6090792300789458        1.0000164522075379      -0.20872152491816640     
   1.0310000000000001E-004  0.55684793909074870        6.1766562926250854        1.5970222847539013        1.0000037444768828      -0.20922008235608341     
   1.0320000000000000E-004  0.55687309373957405        6.1955470011538898        1.5849687689289658       0.99999090075767794      -0.20930352053246584     
   1.0330000000000000E-004  0.55676895261369841        6.2144051132331146        1.5729363973714086       0.99997807155187413      -0.20896986776702012     
   1.0340000000000001E-004  0.55653596783423798        6.2332112318503139        1.5609429174742198       0.99996541176079456      -0.20821946718042797     
   1.0350000000000001E-004  0.55617527347291851        6.2519456253438275        1.5490060643977124       0.99995307339797201      -0.20705509033217992     
   1.0360000000000001E-004  0.55568865839100512        6.2705880750682894        1.5371435154579030       0.99994119844327667      -0.20548181392679546     
   1.0370000000000000E-004  0.55507851014640108        5.9324320380200746E-003   1.5253728568107578       0.99992991336295345      -0.20350669121281409     
   1.0380000000000000E-004  0.55434773805259763        2.4327722407497809E-002   1.5137115720072989       0.99991932620572266      -0.20113829181745951     
   1.0390000000000000E-004  0.55349968743565925        4.2566193876888647E-002   1.5021770567033317       0.99990952639879338      -0.19838620319849679     
   1.0400000000000001E-004  0.55253805820106039        6.0624449080315834E-002   1.4907866580619975       0.99990058669498094      -0.19526058260142926     
   1.0410000000000001E-004  0.55146683719674849        7.8478062775685586E-002   1.4795577324808409       0.99989256636259727      -0.19177182697512646     
   1.0420000000000000E-004  0.55029024670116733        9.6101531881669366E-002   1.4685077119633503       0.99988551457241470      -0.18793039791342450     
   1.0430000000000000E-004  0.54901270745446829       0.11346825796559568        1.4576541682442246       0.99987947291000234      -0.18374680129168489     
   1.0440000000000000E-004  0.54763881236029821       0.13055056847821067        1.4470148647624477       0.99987447639505034      -0.17923168818376523     
   1.0450000000000001E-004  0.54617330578538303       0.14731978147093194        1.4366077891400659       0.99987055289935023      -0.17439602404376470     
   1.0460000000000001E-004  0.54462106382604181       0.16374631588077460        1.4264511622086389       0.99986772130380241      -0.16925126691588352     
   1.0470000000000000E-004  0.54298707215592401       0.17979984609408639        1.4165634229738333       0.99986598909520030      -0.16380950488313276     
   1.0480000000000000E-004  0.54127639957466944       0.19544949597573780        1.4069631914870191       0.99986535017928591      -0.15808352183630034     
   1.0490000000000000E-004  0.53949416669095940       0.21066406441182739        1.3976692130014416       0.99986578357838218      -0.15208678460406727     
   1.0500000000000000E-004  0.53764551022995821       0.22541227241531381        1.3887002870059935       0.99986725332245896      -0.14583336387223056     
   1.0510000000000001E-004  0.53573554440932392       0.23966302076669521        1.3800751841457244       0.99986970953870968      -0.13933781237045717     
   1.0520000000000001E-004  0.53376932148461631       0.25338564769099392        1.3718125531509748       0.99987309051007878      -0.13261502740725567     
   1.0530000000000000E-004  0.53175179382485172       0.26655017959715011        1.3639308192267163       0.99987732533011808      -0.12568012044269103     
   1.0540000000000000E-004  0.52968778035998254       0.27912757090343376        1.3564480749735830       0.99988233676148619      -0.11854830721186924     
   1.0550000000000000E-004  0.52758194014958293       0.29108993153706475        1.3493819649460801       0.99988804400030207      -0.11123482315341264     
   1.0560000000000001E-004  0.52543875445542554       0.30241074233366305        1.3427495652778727       0.99989436519085462      -0.10375486332458016     
   1.0570000000000001E-004  0.52326251741193675       0.31306505905601778        1.3365672601759995       0.99990121959690459       -9.6123542312650814E-002
   1.0580000000000000E-004  0.52105733442520563       0.32302970536002196        1.3308506173433796       0.99990852935146612       -8.8355869429735959E-002
   1.0590000000000000E-004  0.51882712687902921       0.33228345404718063        1.3256142645625346       0.99991622083243981       -8.0466735221302224E-002
   1.0600000000000000E-004  0.51657564158948788       0.34080719495095924        1.3208717696587013       0.99992422560656546       -7.2470904544985643E-002
   1.0610000000000000E-004  0.51430646355074849       0.34858408727921208        1.3166355259420344       0.99993248102223764       -6.4383016040355734E-002
   1.0620000000000001E-004  0.51202303080227696       0.35559969392885549        1.3129166450552681       0.99994093042498233       -5.6217584028747131E-002
   1.0630000000000000E-004  0.50972865054701832       0.36184209578804349        1.3097248589321959       0.99994952308927054       -4.7989004180469974E-002
   1.0640000000000000E-004  0.50742651593857235       0.36730198459410079        1.3070684322933817       0.99995821385944417       -3.9711560850208820E-002
   1.0650000000000000E-004  0.50511972317886633       0.37197273409463882        1.3049540869861136       0.99996696259444839       -3.1399435360881495E-002
   1.0660000000000000E-004  0.50281128870027725       0.37585044939924472        1.3033869391164703       0.99997573343631918       -2.3066715878383087E-002
   1.0670000000000001E-004  0.50050416629406669       0.37893399401335959        1.3023704496915540       0.99998449395110367       -1.4727407432997800E-002
   1.0679999999999999E-004  0.49820126409121018       0.38122499513332819        1.3019063893672189       0.99999321419610243       -6.3954416248728800E-003
   1.0690000000000000E-004  0.49590546131626645       0.38272782794043536        1.3019948176937344        1.0000018657485321        1.9153141871858894E-003
   1.0700000000000000E-004  0.49361962473865834       0.38344957946907776        1.3026340770571643        1.0000104207278133        1.0191048457585858E-002
   1.0710000000000000E-004  0.49134662474591762       0.38339999253769008        1.3038208013337627        1.0000188508404593        1.8417997886088621E-002
   1.0720000000000000E-004  0.48908935096516964       0.38259139031600498        1.3055499390980967        1.0000271264737417        2.6582440633474182E-002
   1.0730000000000001E-004  0.48685072736440216       0.38103858241669375        1.3078147910477229        1.0000352158629005        3.4670690122415582E-002
   1.0739999999999999E-004  0.48463372677132754       0.37875875394623559        1.3106070611237630        1.0000430843563823        4.2669089147148724E-002
   1.0750000000000000E-004  0.48244138474840509       0.37577133965838261        1.3139169206098094        1.0000506938029785        5.0564003897397354E-002
   1.0760000000000000E-004  0.48027681274923589       0.37209788612446548        1.3177330842701438        1.0000580020848997        5.8341817358994276E-002
   1.0770000000000000E-004  0.47814321044165176       0.36776190522200558        1.3220428973544458        1.0000649628311771        6.5988922490536839E-002
   1.0780000000000000E-004  0.47604387699627104       0.36278872136279094        1.3268324320618197        1.0000715253323502        7.3491716165059146E-002
   1.0789999999999999E-004  0.47398222100514420       0.35720531552595780        1.3320865918813563        1.0000776346932470        8.0836593684488742E-002
   1.0800000000000000E-004  0.47196176852449412       0.35104016884302869        1.3377892221327681        1.0000832322974518        8.8009947645459483E-002
   1.0810000000000000E-004  0.46998616852705027       0.34432310627080032        1.3439232249781985        1.0000882565597338        9.4998173223262317E-002
   1.0820000000000000E-004  0.46805919485422937       0.33708513924480066        1.3504706770447208        1.0000926440612727       0.10178768338115515     
   1.0830000000000000E-004  0.46618474362882423       0.32935830407590672        1.3574129479670416        1.0000963310094393       0.10836493826179640     
   1.0839999999999999E-004  0.46436682505899934       0.32117549151902658        1.3647308181658544        1.0000992550700458       0.11471649158968361     
   1.0849999999999999E-004  0.46260954874112292       0.31257026213647965        1.3724045943990903        1.0001013574535047       0.12082905613350763     
   1.0860000000000000E-004  0.46091710193504154       0.30357664249214711        1.3804142216959792        1.0001025852027778       0.12668958830902868     
   1.0870000000000000E-004  0.45929372087747633       0.29422889873846891        1.3887393903872394        1.0001028934992580       0.13228538811315585     
   1.0880000000000000E-004  0.45774365596792388       0.28456128664204172        1.3973596369176098        1.0001022478121140       0.13760420853728889     
   1.0890000000000000E-004  0.45627113242816969       0.27460778006648034        1.4062544369939842        1.0001006257067868       0.14263436492590861     
   1.0899999999999999E-004  0.45488030869187279       0.26440178284607718        1.4154032894479900        1.0000980181153467       0.14736483327439892     
   1.0910000000000000E-004  0.45357523513366882       0.25397583149152680        1.4247857889509077        1.0000944299285122       0.15178532573635145     
   1.0920000000000000E-004  0.45235981565056688       0.24336129796674655        1.4343816855293186        1.0000898798636335       0.15588633275837888     
   1.0930000000000000E-004  0.45123777401803511       0.23258810288790688        1.4441709288240554        1.0000843996495790       0.15965912471561303     
   1.0940000000000000E-004  0.45021262597774969       0.22168445010035320        1.4541336953026516        1.0000780326843910       0.16309571143914753     
   1.0949999999999999E-004  0.44928765679219912       0.21067659407352224        1.4642503973150152        1.0000708324330829       0.16618876559841328     
   1.0959999999999999E-004  0.44846590275782450       0.19958865198314690        1.4745016740287176        1.0000628608879880       0.16893152425701802     
   1.0970000000000000E-004  0.44775013431073418       0.18844247247298895        1.4848683657984405        1.0000541873878031       0.17131768986562659     
   1.0980000000000001E-004  0.44714283813280975       0.17725757280504784        1.4953314752441571        1.0000448880048158       0.17334135611519086     
   1.0990000000000002E-004  0.44664619606240025       0.16605115490834255        1.5058721199494893        1.0000350455518441       0.17499698373799255     
   1.1000000000000002E-004  0.44626205957361825       0.15483820836156870        1.5164714829265844        1.0000247500672348       0.17627944548623622     
   1.1010000000000002E-004  0.44599192006402893       0.14363170437764161        1.5271107674745157        1.0000140994364923       0.17718414783745182     
   1.1020000000000002E-004  0.44583687685236512       0.13244287947815891        1.5377711625535919        1.0000031997320100       0.17770722228520536     
   1.1030000000000001E-004  0.44579760595174539       0.12128160105559083        1.5484338233034403       0.99999216480666120       0.17784576331772980     
   1.1040000000000001E-004  0.44587433327840753       0.11015680021277596        1.5590798688982190       0.99998111481144347       0.17759807619783272     
   1.1050000000000002E-004  0.44606681592729597        9.9076951141951142E-002   1.5696903970092158       0.99997017357198670       0.17696389185579614     
   1.1060000000000002E-004  0.44637433441960028        8.8050571660909682E-002   1.5802465113210322       0.99995946503731370       0.17594450943511986     
   1.1070000000000002E-004  0.44679569766143024        7.7086717165071761E-002   1.5907293563887677       0.99994910926834257       0.17454283922279737     
   1.1080000000000002E-004  0.44732926086773561        6.6195440509718928E-002   1.6011201531056924       0.99993921855341195       0.17276333711218464     
   1.1090000000000001E-004  0.44797295526144271        5.5388193239870098E-002   1.6114002283375282       0.99992989422142997       0.17061184172018237     
   1.1100000000000001E-004  0.44872432716006594        4.4678148705996179E-002   1.6215510338241106       0.99992122456091226       0.16809534281758601     
   1.1110000000000002E-004  0.44958058325798089        3.4080434178085817E-002   1.6315541518712544       0.99991328397958512       0.16522172008623487     
   1.1120000000000002E-004  0.45053863867594490        2.3612266300157891E-002   1.6413912881251940       0.99990613327888445       0.16199949278881140     
   1.1130000000000002E-004  0.45159516458420801        1.3292991179722158E-002   1.6510442542822221       0.99989982070158612       0.15843761405629042     
   1.1140000000000001E-004  0.45274663288378986        3.1440363783952208E-003   1.6604949454438416       0.99989438330985447       0.15454533042931315     
   1.1150000000000001E-004  0.45398935637623838        6.2763740937826418        1.6697253177231286       0.99988984828865946       0.15033211194500215     
   1.1160000000000002E-004  0.45531952383139013        6.2666377048379891        1.6787173716097752       0.99988623389819198       0.14580764437699242     
   1.1170000000000002E-004  0.45673323020721002        6.2571468714508134        1.6874531456905237       0.99988354995889961       0.14098186572146074     
   1.1180000000000002E-004  0.45822650287383299        6.2479295641805912        1.6959147238838472       0.99988179792327847       0.13586502466822020     
   1.1190000000000001E-004  0.45979532495691755        6.2390147491837649        1.7040842577213986       0.99988097071583770       0.13046773956247024     
   1.1200000000000001E-004  0.46143565684340726        6.2304321023845199        1.7119440037037605       0.99988105256134341       0.12480104121162401     
   1.1210000000000001E-004  0.46314345659400319        6.2222117271551820        1.7194763745677759       0.99988201899689755       0.11887638950099493     
   1.1220000000000002E-004  0.46491469958325476        6.2143838822386970        1.7266640025238700       0.99988383723617646       0.11270566110974334     
   1.1230000000000002E-004  0.46674539725843006        6.2069787245831893        1.7334898121748810       0.99988646694717787       0.10630111121646982     
   1.1240000000000002E-004  0.46863161457749708        6.2000260698881862        1.7399371008373334       0.99988986139166813        9.9675316564118183E-002
   1.1250000000000001E-004  0.47056948549743272        6.1935551721015969        1.7459896241709123       0.99989396887363979        9.2841109267710428E-002
   1.1260000000000001E-004  0.47255522589337551        6.1875945218430752        1.7516316853291494       0.99989873433082455        8.5811509311420758E-002
   1.1270000000000002E-004  0.47458514342252889        6.1821716626005996        1.7568482261369418       0.99990410094357440        7.8599664128012225E-002
   1.1280000000000002E-004  0.47665564402288702        6.1773130228281623        1.7616249189941378       0.99991001163240301        7.1218799050886503E-002
   1.1290000000000002E-004  0.47876323495068324        6.1730437616384171        1.7659482583450772       0.99991641034482948        6.3682182109572216E-002
   1.1300000000000001E-004  0.48090452442947251        6.1693876256532230        1.7698056505740374       0.99992324306520142        5.6003102635447985E-002
   1.1310000000000001E-004  0.48307621813009499        6.1663668149396687        1.7731855011433455       0.99993045852672313        4.8194862666752797E-002
   1.1320000000000001E-004  0.48527511278230157        6.1640018570759656        1.7760772978103239       0.99993800860895965        4.0270778978443104E-002
   1.1330000000000002E-004  0.48749808725734795        6.1623114902519678        1.7784716887589840       0.99994584843872858        3.2244192675800219E-002
   1.1340000000000002E-004  0.48974209147385589        6.1613125543720146        1.7803605542726297       0.99995393624817053        2.4128483899399492E-002
   1.1350000000000001E-004  0.49200413345691907        6.1610198895338231        1.7817370705917759       0.99996223301605691        1.5937089617453618E-002
   1.1360000000000001E-004  0.49428126485105134        6.1614462428753143        1.7825957647428208       0.99997070192542792        7.6835226846716361E-003
   1.1370000000000001E-004  0.49657056516098980        6.1626021853573869        1.7829325592483214       0.99997930767474563       -6.1860900721523774E-004
   1.1380000000000001E-004  0.49886912497417091        6.1644960402950240        1.7827448057984887       0.99998801567703621       -8.9555838700380586E-003
   1.1390000000000002E-004  0.50117402841011571        6.1671338254472756        1.7820313071591485       0.99999679118141371       -1.7313548741493642E-002
   1.1400000000000001E-004  0.50348233504723594        6.1705192102729125        1.7807923268043200        1.0000055983524774       -2.5678501892566742E-002
   1.1410000000000001E-004  0.50579106159741538        6.1746534895888034        1.7790295859864547        1.0000143993450104       -3.4036276940669241E-002
   1.1420000000000001E-004  0.50809716363329249        6.1795355743736966        1.7767462481891974        1.0000231534140753       -4.2372527699131947E-002
   1.1430000000000001E-004  0.51039751772199549        6.1851619998812826        1.7739468911420737        1.0000318161042976       -5.0672714109379756E-002
   1.1440000000000002E-004  0.51268890437934855        6.1915269505144392        1.7706374667918197        1.0000403385705678       -5.8922089894986936E-002
   1.1450000000000002E-004  0.51496799232399681        6.1986222989720972        1.7668252497256216        1.0000486670957420       -6.7105693065117072E-002
   1.1460000000000001E-004  0.51723132457721466        6.2064376573657452        1.7625187747679205        1.0000567428405736       -7.5208340649304622E-002
   1.1470000000000001E-004  0.51947530699726896        6.2149604414437585        1.7577277648728424        1.0000645018791485       -8.3214630248070784E-002
   1.1480000000000001E-004  0.52169619979310211        6.2241759479670788        1.7524630504118637        1.0000718755939351       -9.1108952461046167E-002
   1.1490000000000001E-004  0.52389011249774253        6.2340674452164837        1.7467364809540811        1.0000787914698319       -9.8875517954955028E-002
   1.1500000000000002E-004  0.52605300271538569        6.2446162773200262        1.7405608306854261        1.0000851743299974      -0.10649840344330247     
   1.1510000000000001E-004  0.52818067868573237        6.2558019841303762        1.7339496985670309        1.0000909479795967      -0.11396162024557485     
   1.1520000000000001E-004  0.53026880537759791        6.2676024388771943        1.7269174044476820        1.0000960372113379      -0.12124920570164989     
   1.1530000000000001E-004  0.53231291348561871        6.2799940061889865        1.7194788824666563        1.0001003699830142      -0.12834533455273578     
   1.1540000000000001E-004  0.53430841044246435        9.7664154452417051E-003   1.7116495734992627        1.0001038795965469      -0.13523444151084874     
   1.1550000000000002E-004  0.53625059247068607        2.3264193645080589E-002   1.7034453189598691        1.0001065065611194      -0.14190134000013607     
   1.1560000000000000E-004  0.53813465684685025        3.7275049642257585E-002   1.6948822590445620        1.0001081998767951      -0.14833131851475320     
   1.1570000000000001E-004  0.53995571397155473        5.1771350941938188E-002   1.6859767393124081        1.0001089175421225      -0.15451019351159673     
   1.1580000000000001E-004  0.54170879942158234        6.6725080931793634E-002   1.6767452301006756        1.0001086262329375      -0.16042430164623886     
   1.1590000000000001E-004  0.54338888682035769        8.2108113498506441E-002   1.6672042633333215        1.0001073003375098      -0.16606042478927316     
   1.1600000000000001E-004  0.54499090295389541        9.7892489341242062E-002   1.6573703903970569        1.0001049207868915      -0.17140565685831299     
   1.1610000000000000E-004  0.54650974696226329       0.11405068354796732        1.6472601628439874        1.0001014742703198      -0.17644724013285079     
   1.1620000000000001E-004  0.54794031565453849       0.13055585471907794        1.6368901349869618        1.0000969534155568      -0.18117241510812165     
   1.1630000000000001E-004  0.54927753696462689       0.14738206671440146        1.6262768842313862        1.0000913583335185      -0.18556833631835806     
   1.1640000000000001E-004  0.55051641323828704       0.16450447537111756        1.6154370419335653        1.0000846995172310      -0.18962210267048185     
   1.1650000000000001E-004  0.55165207735215582       0.18189947392655448        1.6043873256624908        1.0000770015417744      -0.19332092972705367     
   1.1660000000000002E-004  0.55267986413819714       0.19954479194238850        1.5931445635895338        1.0000683067807532      -0.19665246208092044     
   1.1670000000000000E-004  0.55359539625930254       0.21741954310237688        1.5817257033972822        1.0000586781764145      -0.19960519270611315     
   1.1680000000000001E-004  0.55439467984001145       0.23550421727852289        1.5701478014811820        1.0000482002374380      -0.20216892832885250     
   1.1690000000000001E-004  0.55507420132451324       0.25378061294195842        1.5584279926327314        1.0000369778270553      -0.20433522473374227     
   1.1700000000000001E-004  0.55563101436569384       0.27223170575702405        1.5465834449513565        1.0000251327952816      -0.20609771694944773     
   1.1710000000000001E-004  0.55606280501450711       0.29084144934737921        1.5346313084452166        1.0000127990671177      -0.20745228737867605     
   1.1720000000000000E-004  0.55636792562216764       0.30959450563253821        1.5225886678922653        1.0000001170725674      -0.20839704481522950     
   1.1730000000000001E-004  0.55654539256537849       0.32847590502730739        1.5104725107420633       0.99998722853184974      -0.20893212244631146     
   1.1740000000000001E-004  0.55659484940644643       0.34747064158855689        1.4982997191509615       0.99997427237685488      -0.20905933386399006     
   1.1750000000000001E-004  0.55651650478080028       0.36656321411512316        1.4860870922877665       0.99996138218557906      -0.20878174617399450     
   1.1760000000000001E-004  0.55631106145392972       0.38573713094105155        1.4738514013491666       0.99994868516911029      -0.20810323607334799     
   1.1770000000000000E-004  0.55597965268155569       0.40497440268566187        1.4616094757868670       0.99993630263398647      -0.20702809444324635     
   1.1780000000000000E-004  0.55552379606412194       0.42425505380691853        1.4493783152398614       0.99992435158230852      -0.20556073967700925     
   1.1790000000000001E-004  0.55494536907723435       0.44355668830344719        1.4371752181349078       0.99991294676150577      -0.20370558231397912     
   1.1800000000000001E-004  0.55424660508232793       0.46285414513592649        1.4250179155091593       0.99990220227943871      -0.20146705681173074     
   1.1810000000000001E-004  0.55343010464622600       0.48211927537291999        1.4129246978472332       0.99989223194554155      -0.19884980316239603     
   1.1820000000000000E-004  0.55249885432775558       0.50132086550784560        1.4009145236793377       0.99988314787437793      -0.19585895539791706     
   1.1830000000000000E-004  0.55145624435086005       0.52042471999272166        1.3890071009734188       0.99987505728163517      -0.19250047785356503     
   1.1840000000000000E-004  0.55030607699598455       0.53939390152660049        1.3772229354432617       0.99986805780956001      -0.18878148580820495     
   1.1850000000000001E-004  0.54905255906369732       0.55818911162457763        1.3655833433871838       0.99986223203779845      -0.18471049252530716     
   1.1860000000000001E-004  0.54770027445131397       0.57676917873614020        1.3541104300335336       0.99985764205171868      -0.18029753959867936     
   1.1870000000000001E-004  0.54625413429687208       0.59509160929724469        1.3428270372103170       0.99985432503994909      -0.17555418925409949     
   1.1880000000000000E-004  0.54471930607509189       0.61311315093553986        1.3317566659555269       0.99985229068773551      -0.17049338368238265     
   1.1890000000000000E-004  0.54310112924912068       0.63079032031518079        1.3209233803152105       0.99985152072766870      -0.16512919580000343     
   1.1900000000000001E-004  0.54140502768326315       0.64807985890717745        1.3103516981797474       0.99985197074490717      -0.15947651003183663     
   1.1910000000000001E-004  0.53963642843180926       0.66493909643649562        1.3000664736259742       0.99985357400944208      -0.15355068189492563     
   1.1920000000000001E-004  0.53780069379976037       0.68132622057314585        1.2900927731835479       0.99985624673234896      -0.14736722590201523     
   1.1930000000000000E-004  0.53590307008073435       0.69720046853882511        1.2804557463936737       0.99985989394624653      -0.14094157059534748     
   1.1940000000000000E-004  0.53394865312247564       0.71252226759145820        1.2711804895104810       0.99986441520644398      -0.13428890202422025     
   1.1950000000000000E-004  0.53194236841735631       0.72725335424283877        1.2622919004863451       0.99986970948384091      -0.12742409827273032     
   1.1960000000000001E-004  0.52988896218409820       0.74135689823118245        1.2538145236636222       0.99987567887727902      -0.12036174126952180     
   1.1970000000000001E-004  0.52779299977181260       0.75479764921961490        1.2457723837911563       0.99988223105140039      -0.11311618145202017     
   1.1980000000000000E-004  0.52565886828103370       0.76754211376105452        1.2381888106916903       0.99988928055673176      -0.10570162778149528     
   1.1990000000000000E-004  0.52349078126285231       0.77955876053284623        1.2310862576262063       0.99989674931436978       -9.8132238597938584E-002
   1.2000000000000000E-004  0.52129278476521113       0.79081824451901550        1.2244861177615989       0.99990456655083304       -9.0422194494733293E-002
   1.2010000000000001E-004  0.51906876456387796       0.80129363598498848        1.2184085438900611       0.99991266845603610       -8.2585743536214409E-002
   1.2020000000000001E-004  0.51682245448155484       0.81096063827654064        1.2128722765540789       0.99992099777137455       -7.4637217323052271E-002
   1.2030000000000000E-004  0.51455744578876006       0.81979777953182431        1.2078944850565969       0.99992950336598518       -6.6591022175960968E-002
   1.2040000000000000E-004  0.51227719770176705       0.82778656691959629        1.2034906247469248       0.99993813983821900       -5.8461613655333713E-002
   1.2050000000000000E-004  0.50998504899259578       0.83491159667496362        1.1996743127047402       0.99994686709278480       -5.0263462304338431E-002
   1.2060000000000000E-004  0.50768423066047130       0.84116061906845285        1.1964572227951471       0.99995564988129537       -4.2011018322940588E-002
   1.2070000000000001E-004  0.50537787957472013       0.84652456384493657        1.1938490001584587       0.99996445727521743       -3.3718680625203425E-002
   1.2080000000000001E-004  0.50306905294461579       0.85099753581586146        1.1918571945354215       0.99997326205629433       -2.5400773127512946E-002
   1.2090000000000000E-004  0.50076074343475863       0.85457678905672729        1.1904872111753568       0.99998204001071034       -1.7071530129650708E-002
   1.2100000000000000E-004  0.49845589471106622       0.85726269000817812        1.1897422780115192       0.99999076915579166       -8.7450905320856955E-003
   1.2110000000000000E-004  0.49615741718252393       0.85905867969961669        1.1896234279245403       0.99999942892733207       -4.3549967642574918E-004
   1.2120000000000001E-004  0.49386820370809364       0.85997124279380355        1.1901294951281545        1.0000079993524198        7.8432828593721846E-003
   1.2130000000000001E-004  0.49159114505912560       0.86000988732796646        1.1912571249905399        1.0000164602289285        1.6077371391665329E-002
   1.2140000000000000E-004  0.48932914495914076       0.85918713444716222        1.1930007969093375        1.0000247903291077        2.4252940093598262E-002
   1.2150000000000000E-004  0.48708513455954094       0.85751851267224843        1.1953528601555854        1.0000329666426171        3.2356208687017288E-002
   1.2160000000000000E-004  0.48486208624434129       0.85502254688201873        1.1983035828677950        1.0000409636751213        4.0373429843143835E-002
   1.2170000000000000E-004  0.48266302668012029       0.85172072871479632        1.2018412145917579        1.0000487528221473        4.8290880467733791E-002
   1.2180000000000001E-004  0.48049104903096812       0.84763745305101335        1.2059520629048528        1.0000563018431397        5.6094859302613084E-002
   1.2190000000000000E-004  0.47834932424055276       0.84279990499137192        1.2106205846988412        1.0000635744612094        6.3771693321097708E-002
   1.2200000000000000E-004  0.47624111123957785       0.83723788328452375        1.2158294925575954        1.0000705301087454        7.1307754471172324E-002
   1.2210000000000001E-004  0.47416976587691156       0.83098355314648487        1.2215598765063922        1.0000771238527078        7.8689486959049218E-002
   1.2219999999999999E-004  0.47213874833761715       0.82407112960294260        1.2277913409822183        1.0000833064858619        8.5903442962263640E-002
   1.2229999999999999E-004  0.47015162875080102       0.81653650123622956        1.2345021560443787        1.0000890247498673        9.2936320934625935E-002
   1.2239999999999999E-004  0.46821209067630110       0.80841681418307587        1.2416694208790631        1.0000942216506379        9.9774998627002870E-002
   1.2250000000000000E-004  0.46632393212186518       0.79975004547770467        1.2492692365540348        1.0000988368108907       0.10640655003903209     
   1.2260000000000000E-004  0.46449106372170940       0.79057460074466324        1.2572768839222674        1.0001028068660005       0.11281823740198856     
   1.2270000000000000E-004  0.46271750361285691       0.78092897218484225        1.2656670018266059        1.0001060659708858       0.11899747276777387     
   1.2280000000000000E-004  0.46100736838227857       0.77085148713526763        1.2744137605781325        1.0001085465655477       0.12493175341865564     
   1.2290000000000001E-004  0.45936485916785935       0.76038016531384489        1.2834910262218540        1.0001101806705925       0.13060858596622990     
   1.2300000000000001E-004  0.45779424166819638       0.74955268557967702        1.2928725124550293        1.0001109019807051       0.13601542491798965     
   1.2310000000000001E-004  0.45629981859345803       0.73840644377105402        1.3025319190027516        1.0001106489360827       0.14113965869886264     
   1.2319999999999999E-004  0.45488589314746003       0.72697866595218930        1.3124430573444879        1.0001093687778884       0.14596867493366378     
   1.2329999999999999E-004  0.45355672265951175       0.71530653014462686        1.3225799663901214        1.0001070223001589       0.15049002580082627     
   1.2339999999999999E-004  0.45231646258272667       0.70342724718053073        1.3329170214410231        1.0001035886779044       0.15469169365947968     
   1.2349999999999999E-004  0.45116910267521199       0.69137805852987810        1.3434290391593802        1.0000990695445422       0.15856243180030610     
   1.2360000000000000E-004  0.45011839901060080       0.67919612392271489        1.3540913793197360        1.0000934914509951       0.16209213122626343     
   1.2370000000000000E-004  0.44916780702444159       0.66691829074776887        1.3648800411915130        1.0000869060274453       0.16527214844070665     
   1.2380000000000000E-004  0.44832042180597859       0.65458075726323539        1.3757717492742612        1.0000793876050182       0.16809552747986334     
   1.2390000000000000E-004  0.44757893193583415       0.64221865852430859        1.3867440207298531        1.0000710286144767       0.17055706453551281     
   1.2400000000000001E-004  0.44694559203553502       0.62986561470888081        1.3977752060519064        1.0000619335886625       0.17265319291101380     
   1.2410000000000001E-004  0.44642221686580624       0.61755328520292530        1.4088444957203634        1.0000522129209866       0.17438170218621335     
   1.2420000000000001E-004  0.44601019662452984       0.60531096907163739        1.4199318887993575        1.0000419776150116       0.17574134199178978     
   1.2429999999999999E-004  0.44571052971106107       0.59316528491156539        1.4310181241479167        1.0000313359139941       0.17673138704024641     
   1.2440000000000002E-004  0.44552386623087137       0.58113995325036250        1.4420845800097331        1.0000203921744630       0.17735124701607183     
   1.2450000000000002E-004  0.44545055346483431       0.56925569463369463        1.4531131521337199        1.0000092477700979       0.17760019471820987     
   1.2460000000000002E-004  0.44549067408164061       0.55753024773681137        1.4640861233678997       0.99999800331948296       0.17747726002200670     
   1.2470000000000002E-004  0.44564406920734839       0.54597850488515043        1.4749860383553568       0.99998676129150232       0.17698130356668068     
   1.2480000000000002E-004  0.44591034151839387       0.53461275700212774        1.4857955955703528       0.99997562800981987       0.17611125032983274     
   1.2490000000000003E-004  0.44628883779285577       0.52344303564114369        1.4964975657765769       0.99996471429713196       0.17486643442317690     
   1.2500000000000003E-004  0.44677861479328224       0.51247753602238078        1.5070747417493369       0.99995413441880465       0.17324699017097789     
   1.2510000000000003E-004  0.44737839603545521       0.50172310149211885        1.5175099196882813       0.99994400341310885       0.17125422279375699     
   1.2520000000000001E-004  0.44808652905152130       0.49118574663746095        1.5277859088395063       0.99993443324152298       0.16889090137264312     
   1.2530000000000001E-004  0.44890095279497599       0.48087119392081501        1.5378855630217749       0.99992552844014437       0.16616143588699064     
   1.2540000000000001E-004  0.44981918292018225       0.47078539762935190        1.5477918262776991       0.99991738197917934       0.16307192277579172     
   1.2550000000000001E-004  0.45083831936607116       0.46093502959271770        1.5574877847575725       0.99991007194841020       0.15963006530410195     
   1.2560000000000002E-004  0.45195507675074664       0.45132790382791388        1.5669567179490353       0.99990365947437776       0.15584499306292007     
   1.2570000000000002E-004  0.45316583446325426       0.44197332161469038        1.5761821442371902       0.99989818799367836       0.15172701563683469     
   1.2580000000000002E-004  0.45446670066324885       0.43288232423071538        1.5851478579040099       0.99989368377859855       0.14728734858077933     
   1.2590000000000002E-004  0.45585358307412094       0.42406784674151954        1.5938379568487970       0.99989015742016762       0.14253784604349742     
   1.2600000000000003E-004  0.45732225966514428       0.41554477234060094        1.6022368620255236       0.99988760591309422       0.13749076625615306     
   1.2610000000000003E-004  0.45886844357370421       0.40732989250618079        1.6103293308584457       0.99988601497192353       0.13215858561414051     
   1.2620000000000000E-004  0.46048783844163471       0.39944178309210798        1.6181004675856141       0.99988536126674588       0.12655386695193752     
   1.2630000000000001E-004  0.46217618227951002       0.39190060999799492        1.6255357335544849       0.99988561440321511       0.12068917964170213     
   1.2640000000000001E-004  0.46392927969989767       0.38472788010595504        1.6326209602270565       0.99988673856612875       0.11457706303349248     
   1.2650000000000001E-004  0.46574302362648906       0.37794615389883468        1.6393423670668072       0.99988869377744927       0.10823002202528989     
   1.2660000000000001E-004  0.46761340834312659       0.37157873569311661        1.6456865857465739       0.99989143686265725       0.10166054437741742     
   1.2670000000000002E-004  0.46953653596953537       0.36564935588154412        1.6516406913723822       0.99989492220004139        9.4881128590019848E-002
   1.2680000000000002E-004  0.47150861832343743       0.36018185722533413        1.6571922407645356       0.99989910228464851        8.7904315358859675E-002
   1.2690000000000002E-004  0.47352597575306432       0.35519989478414349        1.6623293171865985       0.99990392824570762        8.0742716905072329E-002
   1.2700000000000002E-004  0.47558503406097830       0.35072665617046450        1.6670405805412438       0.99990935028297057        7.3409040886218010E-002
   1.2710000000000003E-004  0.47768232018392204       0.34678460637113595        1.6713153216553234       0.99991531810668777        6.5916107896032097E-002
   1.2720000000000003E-004  0.47981445694277819       0.34339525912026314        1.6751435191613484       0.99992178133178278        5.8276862735661496E-002
   1.2730000000000000E-004  0.48197815689300944       0.34057897505969059        1.6785158973326946       0.99992868983964767        5.0504379960345236E-002
   1.2740000000000001E-004  0.48417021519276143       0.33835478574007993        1.6814239832720095       0.99993599407411060        4.2611865720995554E-002
   1.2750000000000001E-004  0.48638750133137393       0.33674024265229185        1.6838601619758264       0.99994364523933321        3.4612657171733785E-002
   1.2760000000000001E-004  0.48862694958328812       0.33575128950997080        1.6858177278645714       0.99995159539194511        2.6520220708232733E-002
   1.2770000000000001E-004  0.49088554812659435       0.33540215436701626        1.6872909314090516       0.99995979742086560        1.8348150157001124E-002
   1.2780000000000002E-004  0.49316032684153704       0.33570525885189806        1.6882750196878362       0.99996820490674321        1.0110165605960538E-002
   1.2790000000000002E-004  0.49544834388942599       0.33667114235820517        1.6887662698869539       0.99997677186931111        1.8201129781515784E-003
   1.2800000000000002E-004  0.49774667125315158       0.33830839951405878        1.6887620149201332       0.99998545242167391       -6.5080359076148883E-003
   1.2810000000000002E-004  0.50005237948673031       0.34062362978983707        1.6882606605191617       0.99999420035887876       -1.4860183349561707E-002
   1.2820000000000003E-004  0.50236252197100695       0.34362139869401975        1.6872616933181659        1.0000029687147087       -2.3222106645899326E-002
   1.2830000000000000E-004  0.50467411900331904       0.34730421063288475        1.6857656796338589        1.0000117093245182       -3.1579460762445187E-002
   1.2840000000000000E-004  0.50698414205729436       0.35167249415453572        1.6837742548289965        1.0000203724326517       -3.9917783676617663E-002
   1.2850000000000001E-004  0.50928949853055017       0.35672460094896774        1.6812901033406293        1.0000289063805887       -4.8222505145361354E-002
   1.2860000000000001E-004  0.51158701724655731       0.36245682061928530        1.6783169296567793        1.0000372574067737       -5.6478959424931106E-002
   1.2870000000000001E-004  0.51387343488886505       0.36886341345868257        1.6748594207139866        1.0000453695815561       -6.4672401911348293E-002
   1.2880000000000001E-004  0.51614538343488681       0.37593666321910479        1.6709232003885415        1.0000531848833762       -7.2788028811270694E-002
   1.2890000000000002E-004  0.51839937850956352       0.38366695491831315        1.6665147771670108        1.0000606433933983       -8.0810998743040735E-002
   1.2900000000000002E-004  0.52063180839891121       0.39204288327118064        1.6616414863248195        1.0000676835926616       -8.8726454415305175E-002
   1.2910000000000002E-004  0.52283892335340054       0.40105139552199542        1.6563114281372366        1.0000742427185654       -9.6519540784429064E-002
   1.2920000000000002E-004  0.52501682471533384       0.41067797159695019        1.6505334039072028        1.0000802571544181      -0.10417541629499291     
   1.2930000000000003E-004  0.52716145348865173       0.42090684315039884        1.6443168517624389        1.0000856627696832      -0.11167925348049186     
   1.2940000000000000E-004  0.52926857825646234       0.43172125105650228        1.6376717844310982        1.0000903952024076      -0.11901622413759730     
   1.2950000000000000E-004  0.53133378294574729       0.44310373835941252        1.6306087312307145        1.0000943900023240      -0.12617146687322106     
   1.2960000000000001E-004  0.53335245597043490       0.45503647256538837        1.6231386865754709        1.0000975827221410      -0.13313003538291757     
   1.2970000000000001E-004  0.53531978320652029       0.46750158758833482        1.6152730670479951        1.0000999089571032      -0.13987682937228146     
   1.2980000000000001E-004  0.53723074794163972       0.48048153203088972        1.6070236785649668        1.0001013045465861      -0.14639651721829225     
   1.2990000000000001E-004  0.53908014162894935       0.49395940695585239        1.5984026942899756        1.0001017061974948      -0.15267346458773867     
   1.3000000000000002E-004  0.54086258920979746       0.50791927355173261        1.5894226425788569        1.0001010527992271      -0.15869169190186025     
   1.3010000000000002E-004  0.54257259177735806       0.52234640954655909        1.5800964025134898        1.0000992877619106      -0.16443489068703745     
   1.3020000000000002E-004  0.54420458743366407       0.53722749340776854        1.5704372026164588        1.0000963626045003      -0.16988653154450634     
   1.3030000000000002E-004  0.54575302856217545       0.55255069793756206        1.5604586164724246        1.0000922417246307      -0.17503009224255733     
   1.3040000000000000E-004  0.54721247100627302       0.56830567922223096        1.5501745479398743        1.0000869079143770      -0.17984941968936941     
   1.3050000000000000E-004  0.54857766847279299       0.58448345216209052        1.5395991987459510        1.0000803677666859      -0.18432921351530088     
   1.3060000000000000E-004  0.54984366440875176       0.60107614902483952        1.5287470133777921        1.0000726557367570      -0.18845558435279508     
   1.3070000000000001E-004  0.55100587377433108       0.61807666308764642        1.5176326002725684        1.0000638356146665      -0.19221660567109711     
   1.3080000000000001E-004  0.55206014811195780       0.63547818469424655        1.5062706340718206        1.0000539985488142      -0.19560275548645187     
   1.3090000000000001E-004  0.55300281825936248       0.65327364226430706        1.4946757499248990        1.0000432575906399      -0.19860714594518175     
   1.3100000000000001E-004  0.55383070854863392       0.67145506675014577        1.4828624459081525        1.0000317398285945      -0.20122547160567589     
   1.3110000000000002E-004  0.55454111876970902       0.69001290530766024        1.4708450120104697        1.0000195777083223      -0.20345566086354769     
   1.3120000000000002E-004  0.55513177981436390       0.70893531762319029        1.4586375036718509        1.0000069013017423      -0.20529726958787001     
   1.3130000000000002E-004  0.55560079791636274       0.72820749668192697        1.4462537740608179       0.99999383334020409      -0.20675071032315698     
   1.3140000000000002E-004  0.55594660678728836       0.74781106465178571        1.4337075722510939       0.99998048836584530      -0.20781645536745499     
   1.3150000000000000E-004  0.55616794455225194       0.76772360407946216        1.4210127048550212       0.99996697655229894      -0.20849437701973719     
   1.3160000000000000E-004  0.55626386334491063       0.78791839030281530        1.4081832480274490       0.99995341144483529      -0.20878338164700072     
   1.3170000000000000E-004  0.55623376679073444       0.80836438814542877        1.3952337872788827       0.99993991948394589      -0.20868144633823674     
   1.3180000000000001E-004  0.55607746075183773       0.82902656032590727        1.3821796569772351       0.99992664797026132      -0.20818607806405892     
   1.3190000000000001E-004  0.55579520054040688       0.84986650034456179        1.3690371520898403       0.99991376772507368      -0.20729509831504289     
   1.3200000000000001E-004  0.55538772433553918       0.87084334962195076        1.3558236928788281       0.99990146768937260      -0.20600754152279330     
   1.3210000000000001E-004  0.55485627418136818       0.89191489583184769        1.3425579373352126       0.99988994134349773      -0.20432439299756663     
   1.3220000000000001E-004  0.55420261133674609       0.91303869359169010        1.3292598512691600       0.99987936863828386      -0.20224893543836059     
   1.3230000000000002E-004  0.55342902826755036       0.93417302027635696        1.3159507558085339       0.99986989906517343      -0.19978661984806589     
   1.3240000000000002E-004  0.55253835506698112       0.95527749228594061        1.3026533728040379       0.99986164091647267      -0.19694454937780426     
   1.3250000000000000E-004  0.55153395649986603       0.97631321616310007        1.2893918801292352       0.99985465933943074      -0.19373079842737778     
   1.3260000000000000E-004  0.55041971637222020       0.99724243156722991        1.2761919742833283       0.99984898261876964      -0.19015383714904774     
   1.3270000000000000E-004  0.54920000632647981        1.0180277029263927        1.2630809221426240       0.99984461338899866      -0.18622228247212058     
   1.3280000000000000E-004  0.54787963597534861        1.0386308072297794        1.2500875728938241       0.99984154010574078      -0.18194506887740985     
   1.3290000000000000E-004  0.54646378181729560        1.0590115271119025        1.2372422994819459       0.99983974458149505      -0.17733197237867726     
   1.3300000000000001E-004  0.54495789466601730        1.0791265781594017        1.2245768479099930       0.99983920330085962      -0.17239428467233711     
   1.3310000000000001E-004  0.54336758914626926        1.0989288748993511        1.2121240903443864       0.99983988303994342      -0.16714537154601683     
   1.3320000000000001E-004  0.54169852319468637        1.1183672802510145        1.1999176988252511       0.99984173361499984      -0.16160088227068387     
   1.3330000000000001E-004  0.53995628081809377        1.1373869023553054        1.1879917738441998       0.99984468154598183      -0.15577848665556479     
   1.3340000000000002E-004  0.53814627294948303        1.1559299158207663        1.1763804706033620       0.99984862794865637      -0.14969716480411910     
   1.3350000000000002E-004  0.53627366838067936        1.1739368105157499        1.1651176628724957       0.99985345223852129      -0.14337621173788923     
   1.3359999999999999E-004  0.53434336074937239        1.1913479197983152        1.1542366712980499       0.99985902105787539      -0.13683419788900797     
   1.3370000000000000E-004  0.53235997041067207        1.2081050575190435        1.1437700644274942       0.99986520003423829      -0.13008812610687681     
   1.3380000000000000E-004  0.53032787379908708        1.2241530944692967        1.1337495224651855       0.99987186528011229      -0.12315295154145067     
   1.3390000000000000E-004  0.52825124891783726        1.2394413268921127        1.1242057408807120       0.99987891208743584      -0.11604152714935591     
   1.3400000000000000E-004  0.52613412491473011        1.2539245278055020        1.1151683459904744       0.99988625931369146      -0.10876493332685207     
   1.3410000000000001E-004  0.52398042579177917        1.2675636187706010        1.1066657977521530       0.99989384928904534      -0.10133307234342226     
   1.3420000000000001E-004  0.52179400201467052        1.2803259482091409        1.0987252640605214       0.99990164417009586       -9.3755372564777284E-002
   1.3430000000000001E-004  0.51957864777631757        1.2921852060110774        1.0913724622099439       0.99990962029121699       -8.6041457464404558E-002
   1.3440000000000001E-004  0.51733810511581624        1.3031210376887987        1.0846314733816722       0.99991776207338479       -7.8201674261791226E-002
   1.3450000000000002E-004  0.51507605855852123        1.3131184417580499        1.0785245430311103       0.99992605673290702       -7.0247426072294478E-002
   1.3459999999999999E-004  0.51279612487311343        1.3221670406811876        1.0730718827423649       0.99993449042019911       -6.2191301822664115E-002
   1.3469999999999999E-004  0.51050184226225259        1.3302603099126777        1.0682914880509999       0.99994304607633122       -5.4047038499077257E-002
   1.3480000000000000E-004  0.50819666235861960        1.3373948346611586        1.0641989828660479       0.99995170264342592       -4.5829364304271911E-002
   1.3490000000000000E-004  0.50588394713451934        1.3435696443448624        1.0608074962335072       0.99996043533061252       -3.7553784270556501E-002
   1.3500000000000000E-004  0.50356697163644282        1.3487856547424784        1.0581275723092269       0.99996921634252856       -2.9236352050922180E-002
   1.3510000000000000E-004  0.50124893246565805        1.3530452298837776        1.0561671110403905       0.99997801580015300       -2.0893463280979400E-002
   1.3520000000000001E-004  0.49893296121932701        1.3563518620948294        1.0549313344323934       0.99998680252706929       -1.2541691169907943E-002
   1.3530000000000001E-004  0.49662214169982477        1.3587099609431679        1.0544227727076094       0.99999554460995110       -4.1976661491598200E-003
   1.3540000000000001E-004  0.49431952948946606        1.3601247394038012        1.0546412652255936        1.0000042097378790        4.1220059965652598E-003
   1.3550000000000001E-004  0.49202817240873009        1.3606021874280287        1.0555839723784555        1.0000127653836171        1.2400800141605543E-002
   1.3560000000000002E-004  0.48975113037370926        1.3601491273175208        1.0572453966301225        1.0000211789361941        2.0622319066319436E-002
   1.3569999999999999E-004  0.48749149320788676        1.3587733502651007        1.0596174130212683        1.0000294179016584        2.8770349538843921E-002
   1.3579999999999999E-004  0.48525239504889867        1.3564838375354702        1.0626893114829561        1.0000374502687339        3.6828942861247244E-002
   1.3590000000000000E-004  0.48303702415994565        1.3532910715962290        1.0664478548588452        1.0000452450833264        4.4782530039663079E-002
   1.3600000000000000E-004  0.48084862726770039        1.3492074407439176        1.0708773573088459        1.0000527732132354        5.2616074290504557E-002
   1.3610000000000000E-004  0.47869050805671742        1.3442477347992021        1.0759597877181937        1.0000600082176754        6.0315256463157024E-002
   1.3620000000000000E-004  0.47656602017659327        1.3384297196859105        1.0816749015131795        1.0000669270540785        6.7866672921402568E-002
   1.3630000000000001E-004  0.47447855604653999        1.3317747654495573        1.0880004013660887        1.0000735103717078        7.5258011775761052E-002
   1.3640000000000001E-004  0.47243153375608082        1.3243084860540639        1.0949121239556090        1.0000797419977612        8.2478170065655512E-002
   1.3650000000000001E-004  0.47042838521406266        1.3160613336790670        1.1023842454285686        1.0000856073136259        8.9517258839851552E-002
   1.3660000000000001E-004  0.46847254921292036        1.3070690779418648        1.1103894944249117        1.0000910903558073        9.6366458756058260E-002
   1.3669999999999999E-004  0.46656747283891131        1.2973730940137296        1.1188993588073468        1.0000961698105788       0.10301769863508825     
   1.3679999999999999E-004  0.46471662360826499        1.2870203852238307        1.1278842722446429        1.0001008143764416       0.10946316602996284     
   1.3689999999999999E-004  0.46292351270925436        1.2760632776220460        1.1373137698152243        1.0001049784469203       0.11569469665774108     
   1.3700000000000000E-004  0.46119172702175276        1.2645587463654486        1.1471566081763429        1.0001085992458980       0.12170313074766176     
   1.3710000000000000E-004  0.45952496468255560        1.2525673666017152        1.1573808545767270        1.0001115965944531       0.12747775699702804     
   1.3720000000000000E-004  0.45792706658297783        1.2401519231846265        1.1679539583523120        1.0001138761564037       0.13300597391724034     
   1.3730000000000000E-004  0.45640203506690474        1.2273757608402596        1.1788428260280297        1.0001153362670889       0.13827327523105598     
   1.3740000000000001E-004  0.45495403173866877        1.2143010032914852        1.1900139242211558        1.0001158775412453       0.14326361069551952     
   1.3750000000000001E-004  0.45358734881636370        1.2009868076305246        1.2014334315992816        1.0001154135936845       0.14796009581985742     
   1.3760000000000001E-004  0.45230635244646267        1.1874878385511476        1.2130674520520255        1.0001138806828458       0.15234596163424088     
   1.3770000000000001E-004  0.45111540093050523        1.1738531366988623        1.2248822876060967        1.0001112441708628       0.15640557190353335     
   1.3779999999999999E-004  0.45001874484243337        1.1601255127316366        1.2368447546483636        1.0001075004700957       0.16012531167324695     
   1.3789999999999999E-004  0.44902041873051263        1.1463415285375422        1.2489225147126517        1.0001026744182133       0.16349417924997633     
   1.3799999999999999E-004  0.44812413512940885        1.1325320427056642        1.2610843849551900        1.0000968132889010       0.16650398646090186     
   1.3810000000000000E-004  0.44733319100018193        1.1187232170519712        1.2733005950416818        1.0000899794672682       0.16914916639166674     
   1.3820000000000000E-004  0.44665039490227332        1.1049378218405428        1.2855429659639814        1.0000822440269459       0.17142627821404827     
   1.3830000000000000E-004  0.44607802060306684        1.0911966498300174        1.2977849997887927        1.0000736828654060       0.17333336002052022     
   1.3840000000000000E-004  0.44561778995190782        1.0775198548738425        1.3100018838222893        1.0000643759780674       0.17486929637142795     
   1.3850000000000001E-004  0.44527088476982618        1.0639280631174195        1.3221704245135930        1.0000544093603405       0.17603333841495650     
   1.3860000000000001E-004  0.44503798431770009        1.0504431532656699        1.3342689331791489        1.0000438781544481       0.17682485386643410     
   1.3870000000000001E-004  0.44491932196071654        1.0370886561925623        1.3462770865176550        1.0000328893614960       0.17724331206698365     
   1.3879999999999999E-004  0.44491475236174632        1.0238897750259284        1.3581757807921642        1.0000215627055908       0.17728844579206957     
   1.3889999999999999E-004  0.44502381946364666        1.0108730700724138        1.3699469915202771        1.0000100289678293       0.17696049435428490     
   1.3900000000000002E-004  0.44524581593974233       0.99806588521342832        1.3815736431725603       0.99999842598417266       0.17626042945901257     
   1.3910000000000002E-004  0.44557982675108887       0.98549561223051718        1.3930394877451937       0.99998689317869394       0.17519008865901148     
   1.3920000000000002E-004  0.44602475245602524       0.97318889672442488        1.4043289882723338       0.99997556588418723       0.17375218268449422     
   1.3930000000000002E-004  0.44657931139585094       0.96117088427986541        1.4154272035107009       0.99996457063483468       0.17195018730673672     
   1.3940000000000003E-004  0.44724202314459505       0.94946458994848282        1.4263196724608231       0.99995402225578189       0.16978816677789110     
   1.3950000000000003E-004  0.44801117817809211       0.93809045059305962        1.4369923008710515       0.99994402291961815       0.16727059329710930     
   1.3960000000000003E-004  0.44888480060274821       0.92706609158563857        1.4474312549354187       0.99993466278114018       0.16440222212040326     
   1.3970000000000001E-004  0.44986061166064906       0.91640631145226870        1.4576228691480553       0.99992602148335097       0.16118806255423490     
   1.3980000000000001E-004  0.45093600138615286       0.90612326361043749        1.4675535752879054       0.99991816969527358       0.15763345629427369     
   1.3990000000000001E-004  0.45210801431209724       0.89622679622676582        1.4772098577835633       0.99991117002263452       0.15374424505870413     
   1.4000000000000001E-004  0.45337335282661484       0.88672490091618883        1.4865782378206207       0.99990507695976893       0.14952698807868736     
   1.4010000000000002E-004  0.45472839912138563       0.87762421825446513        1.4956452851957629       0.99989993589744297       0.14498917950383258     
   1.4020000000000002E-004  0.45616925413333670       0.86893055206014758        1.5043976538460631       0.99989578154159620       0.14013941845565078     
   1.4030000000000002E-004  0.45769178985810322       0.86064935305861656        1.5128221348488309       0.99989263625487834       0.13498749833226237     
   1.4040000000000002E-004  0.45929171013738135       0.85278614298079791        1.5209057197213429       0.99989050881419961       0.12954440055533967     
   1.4050000000000003E-004  0.46096461459947141       0.84534686121461711        1.5286356671116836       0.99988939392602849       0.12382219725060620     
   1.4060000000000003E-004  0.46270606077123561       0.83833812608641267        1.5359995671898323       0.99988927264859195       0.11783388285227982     
   1.4070000000000003E-004  0.46451162027634330       0.83176741055424852        1.5429853997835099       0.99989011370182712       0.11159316300482612     
   1.4080000000000001E-004  0.46637692627922395       0.82564313717627513        1.5495815842047993       0.99989187539471436       0.10511423011198735     
   1.4090000000000001E-004  0.46829771067785203       0.81997470017556040        1.5557770203885883       0.99989450789925716        9.8411553005661026E-002
   1.4100000000000001E-004  0.47026983071306971       0.81477242400573680        1.5615611221836438       0.99989795561396477        9.1499698386513728E-002
   1.4110000000000001E-004  0.47228928564255973       0.81004746825569462        1.5669238444562659       0.99990215931260651        8.4393195082103911E-002
   1.4120000000000002E-004  0.47435222471223043       0.80581168900656053        1.5718557058713778       0.99990705798959989        7.7106443007260661E-002
   1.4130000000000002E-004  0.47645494797423721       0.80207746665778856        1.5763478092016276       0.99991259026695367        6.9653664154445294E-002
   1.4140000000000002E-004  0.47859390153220766       0.79885751019010076        1.5803918605673095       0.99991869540009115        6.2048886408533656E-002
   1.4150000000000002E-004  0.48076566867353621       0.79616464749886795        1.5839801886041160       0.99992531391006256        5.4305954083296346E-002
   1.4160000000000003E-004  0.48296695807425710       0.79401161098102691        1.5871057640118438       0.99993238788718841        4.6438553507347768E-002
   1.4170000000000003E-004  0.48519459002423621       0.79241082669933505        1.5897622194096179       0.99993986108516397        3.8460247673380743E-002
   1.4180000000000000E-004  0.48744548133940374       0.79137421410407427        1.5919438691623091       0.99994767883029156        3.0384514990476778E-002
   1.4190000000000001E-004  0.48971662941567229       0.79091300259803443        1.5936457285429284       0.99995578780959227        2.2224786724727007E-002
   1.4200000000000001E-004  0.49200509570374551       0.79103757022720433        1.5948635314604533       0.99996413578247301        1.3994481621157125E-002
   1.4210000000000001E-004  0.49430798875807963       0.79175730828293567        1.5955937459731191       0.99997267123690681        5.7070372937730110E-003
   1.4220000000000001E-004  0.49662244693853236       0.79308051434001037        1.5958335868551510       0.99998134300713348       -2.6240615286842899E-003
   1.4230000000000002E-004  0.49894562080392668       0.79501431527308952        1.5955810245919182       0.99999009986468379       -1.0985257202312578E-002
   1.4240000000000002E-004  0.50127465521944436       0.79756462107510639        1.5948347903454665       0.99999889008888332       -1.9362894558413644E-002
   1.4250000000000002E-004  0.50360667119367442       0.80073610982843135        1.5935943766425991        1.0000076610195785       -2.7743195991068732E-002
   1.4260000000000002E-004  0.50593874745858691       0.80453224390383671        1.5918600337682962        1.0000163585944004       -3.6112234795845168E-002
   1.4270000000000003E-004  0.50826790180271308       0.80895531733205406        1.5896327620734001        1.0000249268761319       -4.4455905749341010E-002
   1.4280000000000003E-004  0.51059107216514621       0.81400653423394953        1.5869143006023358        1.0000333075810539       -5.2759892598774644E-002
   1.4290000000000000E-004  0.51290509750175983       0.81968611812348957        1.5837071126108997        1.0000414396223940       -6.1009632716701616E-002
   1.4300000000000001E-004  0.51520669845359912       0.82599345194253626        1.5800143686985237        1.0000492586899772       -6.9190279675173036E-002
   1.4310000000000001E-004  0.51749245789704779       0.83292724657306305        1.5758399281800128        1.0000566969584375       -7.7286667924251179E-002
   1.4320000000000001E-004  0.51975880157912990       0.84048573222052436        1.5711883189625913        1.0000636829650347       -8.5283285070218540E-002
   1.4330000000000001E-004  0.52200197926396830       0.84866686510396061        1.5660647160980807        1.0000701417275359       -9.3164254747655800E-002
   1.4340000000000002E-004  0.52421804707970698       0.85746853907648912        1.5604749186778095        1.0000759952557654      -0.10091334163161816     
   1.4350000000000002E-004  0.52640285212078075       0.86688878810368308        1.5544253242170847        1.0000811634273230      -0.10851398339109873     
   1.4360000000000002E-004  0.52855202076090213       0.87692596190098548        1.5479228992516840        1.0000855653983731      -0.11594935837020891     
   1.4370000000000002E-004  0.53066095247928946       0.88757885442761353        1.5409751444218458        1.0000891214162257      -0.12320249215501723     
   1.4380000000000003E-004  0.53272482124541265       0.89884676376300288        1.5335900522989050        1.0000917550474901      -0.13025640379107517     
   1.4390000000000000E-004  0.53473858655710516       0.91072946308312108        1.5257760564833132        1.0000933955598812      -0.13709428408257934     
   1.4400000000000000E-004  0.53669701598958341       0.92322706631669949        1.5175419713599752        1.0000939802370339      -0.14369969311767733     
   1.4410000000000001E-004  0.53859472068375469       0.93633977813226821        1.5088969232944958        1.0000934563217769      -0.15005675447443759     
   1.4420000000000001E-004  0.54042620461666280       0.95006752556441576        1.4998502758238874        1.0000917822872621      -0.15615031911482102     
   1.4430000000000001E-004  0.54218592835537016       0.96440947693148260        1.4904115534066240        1.0000889282953154      -0.16196606986230458     
   1.4440000000000001E-004  0.54386838672961191       0.97936346216201908        1.4805903699590119        1.0000848760209109      -0.16749054418741260     
   1.4450000000000002E-004  0.54546819631095078       0.99492531896277292        1.4703963689880015        1.0000796183796852      -0.17271107302615060     
   1.4460000000000002E-004  0.54698018531434134        1.0110882040751914        1.4598391813583709        1.0000731599341754      -0.17761566075354490     
   1.4470000000000002E-004  0.54839947605742256        1.0278419272934993        1.4489284043629673        1.0000655187975005      -0.18219286013738067     
   1.4480000000000002E-004  0.54972154937611695        1.0451723863327915        1.4376736021104739        1.0000567304631061      -0.18643171460573474     
   1.4490000000000003E-004  0.55094228219679009        1.0630611989485699        1.4260843233098159        1.0000468532753444      -0.19032183742284509     
   1.4500000000000000E-004  0.55205795384943612        1.0814856381975773        1.4141701295868896        1.0000359742789511      -0.19385366773006327     
   1.4510000000000000E-004  0.55306522275259473        1.1004189689550721        1.4019406271557606        1.0000242132690409      -0.19701888225058450     
   1.4520000000000001E-004  0.55396108108306175        1.1198312504318446        1.3894054980575929        1.0000117226198115      -0.19981086668211470     
   1.4530000000000001E-004  0.55474279892769585        1.1396906077358286        1.3765745342532081       0.99999868110542234      -0.20222508604925493     
   1.4540000000000001E-004  0.55540786987157464        1.1599648918713426        1.3634576872983049       0.99998528155773303      -0.20425916736356309     
   1.4550000000000001E-004  0.55595396767779837        1.1806235548658073        1.3500651555289662       0.99997171439377908      -0.20591254567523307     
   1.4560000000000002E-004  0.55637892128216282        1.2016394836900544        1.3364075364434149       0.99995815089318207      -0.20718562496735551     
   1.4570000000000002E-004  0.55668071598819857        1.2229904835998289        1.3224960707952866       0.99994473130540873      -0.20807855558250246     
   1.4580000000000002E-004  0.55685752839402969        1.2446600977338056        1.3083429937383801       0.99993156267865069      -0.20858990044092224     
   1.4590000000000002E-004  0.55690779886943620        1.2666375034344330        1.2939619864952383       0.99991872906296997      -0.20871559935405304     
   1.4600000000000000E-004  0.55683034039281665        1.2889163337533560        1.2793686921452121       0.99990631289984588      -0.20844868211781284     
   1.4610000000000000E-004  0.55662447887536748        1.3114924182169192        1.2645812283380120       0.99989442132658057      -0.20778006782638725     
   1.4620000000000000E-004  0.55629021663359313        1.3343605991911138        1.2496206090640563       0.99988320730319424      -0.20670050402496379     
   1.4630000000000001E-004  0.55582840263680977        1.3575109305750344        1.2345109873984117       0.99987287537042591      -0.20520331714702733     
   1.4640000000000001E-004  0.55524087763758811        1.3809246839658504        1.2192796567878967       0.99986366605077093      -0.20328730105900458     
   1.4650000000000001E-004  0.55453054522563294        1.4045706653374825        1.2039567971241780       0.99985581971628235      -0.20095889286077534     
   1.4660000000000001E-004  0.55370131943071088        1.4284023638899628        1.1885750139935474       0.99984952805067406      -0.19823285757715034     
   1.4670000000000002E-004  0.55275792971482796        1.4523563949547791        1.1731687806139037       0.99984488621436263      -0.19513101835318097     
   1.4680000000000002E-004  0.55170560787697753        1.4763525575853320        1.1577739309297284       0.99984186218466531      -0.19167910384452058     
   1.4690000000000002E-004  0.55054971677786757        1.5002956315724179        1.1424273473774698       0.99984029608625302      -0.18790240251545218     
   1.4700000000000002E-004  0.54929539770817315        1.5240788258054057        1.1271669306315666       0.99983993301309126      -0.18382137372691115     
   1.4710000000000000E-004  0.54794731107103423        1.5475885904762672        1.1120318447324200       0.99984048067523645      -0.17944846535359285     
   1.4720000000000000E-004  0.54650952704093936        1.5707103309894324        1.0970629307948516       0.99984167436743565      -0.17478705368728192     
   1.4730000000000000E-004  0.54498559137106173        1.5933344169675392        1.0823031128120293       0.99984332976255330      -0.16983278021016268     
   1.4740000000000000E-004  0.54337875169780137        1.6153617795602644        1.0677976046387216       0.99984536903733012      -0.16457686023406526     
   1.4750000000000001E-004  0.54169228305261818        1.6367083781084846        1.0535937714761423       0.99984781624835928      -0.15901043083027169     
   1.4760000000000001E-004  0.53992981445870569        1.6573079369139849        1.0397405854153283       0.99985076705333309      -0.15312882393581226     
   1.4770000000000001E-004  0.53809556122171054        1.6771126152404889        1.0262877155803192       0.99985434422432640      -0.14693477376408448     
   1.4780000000000001E-004  0.53619440584956624        1.6960916278752780        1.0132843811897065       0.99985865267580998      -0.14043991489212365     
   1.4790000000000002E-004  0.53423182292304239        1.7142281835001887        1.0007781475428874       0.99986374628227126      -0.13366440415177980     
   1.4800000000000002E-004  0.53221368705567518        1.7315153651785025       0.98881384735463218       0.99986961379118278      -0.12663498518613464     
   1.4809999999999999E-004  0.53014602498456953        1.7479516791314573       0.97743276602969997       0.99987618409723034      -0.11938215730714419     
   1.4820000000000000E-004  0.52803477220825690        1.7635369377084356       0.96667215815946950       0.99988334511907162      -0.11193721088017310     
   1.4830000000000000E-004  0.52588557853207274        1.7782689630903921       0.95656508849621291       0.99989096786602838      -0.10432976296454229     
   1.4840000000000000E-004  0.52370368462123762        1.7921413690785091       0.94714053489355110       0.99989892807553438       -9.6586155042335198E-002
   1.4850000000000000E-004  0.52149387084843757        1.8051424637630120       0.93842366332461224       0.99990712083044053       -8.8728781150068103E-002
   1.4860000000000001E-004  0.51926046556349759        1.8172551557296313       0.93043618477376178       0.99991546697536282       -8.0776191739179923E-002
   1.4870000000000001E-004  0.51700739323216383        1.8284576533785870       0.92319672171621803       0.99992391267006264       -7.2743708837924942E-002
   1.4880000000000001E-004  0.51473824242405153        1.8387247133693450       0.91672113727943805       0.99993242463472642       -6.4644279981817487E-002
   1.4890000000000001E-004  0.51245633764217313        1.8480292029819747       0.91102280461092966       0.99994098358645611       -5.6489347335419701E-002
   1.4900000000000002E-004  0.51016480471345971        1.8563437753725864       0.90611281226774487       0.99994957766210157       -4.8289591609624080E-002
   1.4910000000000002E-004  0.50786662489423307        1.8636425004693482       0.90200011318506546       0.99995819719513934       -4.0055484350483388E-002
   1.4919999999999999E-004  0.50556467675885530        1.8699023404560684       0.89869162927396617       0.99996683104519579       -3.1797635428119413E-002
   1.4930000000000000E-004  0.50326176731450090        1.8751043978105830       0.89619232474117538       0.99997546466421749       -2.3526961941524340E-002
   1.4940000000000000E-004  0.50096065468598994        1.8792348972502246       0.89450525856396512       0.99998407948245238       -1.5254720200216051E-002
   1.4950000000000000E-004  0.49866406487770115        1.8822858865825545       0.89363162404417473       0.99999265331199128       -6.9924396307195638E-003
   1.4960000000000000E-004  0.49637470477156598        1.8842556574725826       0.89357078036484960        1.0000011613959461        1.2482015701954599E-003
   1.4970000000000001E-004  0.49409527308727236        1.8851488961446758       0.89432027860212226        1.0000095777853131        9.4555281563053709E-003
   1.4980000000000001E-004  0.49182847070155744        1.8849765783724433       0.89587588281580499        1.0000178767848356        1.7618021590418004E-002
   1.4990000000000001E-004  0.48957701157605071        1.8837556251173524       0.89823158528520386        1.0000260342322311        2.5724452288453676E-002
   1.5000000000000001E-004  0.48734363560148142        1.8815083367813639       0.90137961339609796        1.0000340283757807        3.3763966038723184E-002
   1.5010000000000002E-004  0.48513112487156163        1.8782616267035674       0.90531042394383665        1.0000418401032705        4.1726097932754912E-002
   1.5019999999999999E-004  0.48294232511966473        1.8740460792988394       0.91001267858757473        1.0000494522547121        4.9600683604582904E-002
   1.5029999999999999E-004  0.48078017410886542        1.8688948659943350       0.91547319193208809        1.0000568477917116        5.7377636618675260E-002
   1.5040000000000000E-004  0.47864773835913466        1.8628425617423829       0.92167684247304338        1.0000640067936748        6.5046577542165793E-002
   1.5050000000000000E-004  0.47654825836633513        1.8559239169012542       0.92860643691689437        1.0000709022982237        7.2596309097720690E-002
   1.5060000000000000E-004  0.47448520030123098        1.8481726540928971       0.93624252122472640        1.0000774957569238        8.0014177845174214E-002
   1.5070000000000000E-004  0.47246230878778311        1.8396203759720535       0.94456313982064277        1.0000837328855829        8.7285401822526476E-002
   1.5080000000000001E-004  0.47048365131274339        1.8302956882928214       0.95354355643519650        1.0000895416162621        9.4392504556958690E-002
   1.5090000000000001E-004  0.46855364084004592        1.8202236598188755       0.96315596696582606        1.0000948336797315       0.10131502890659699     
   1.5100000000000001E-004  0.46667702106973713        1.8094257524559527       0.97336925285697951        1.0000995111387097       0.10802972301819591     
   1.5110000000000001E-004  0.46485880038716698        1.7979203524054075       0.98414883808236242        1.0001034782063754       0.11451134334940080     
   1.5120000000000002E-004  0.46310412768023373        1.7857240034853064       0.99545671750269982        1.0001066568452066       0.12073411029496818     
   1.5129999999999999E-004  0.46141811615870909        1.7728533752726996        1.0072517127828988        1.0001090026457637       0.12667368328160650     
   1.5139999999999999E-004  0.45980563791593343        1.7593278868414668        1.0194899812845564        1.0001105160179873       0.13230933048034069     
   1.5150000000000000E-004  0.45827112732709419        1.7451727629784841        1.0321257564752824        1.0001112437266910       0.13762581973705551     
   1.5160000000000000E-004  0.45681843897728291        1.7304221542773472        1.0451122457293964        1.0001112678460031       0.14261452043507253     
   1.5170000000000000E-004  0.45545080046235031        1.7151218483048520        1.0584025683318230        1.0001106830012469       0.14727332582811520     
   1.5180000000000000E-004  0.45417088119558063        1.6993310763812755        1.0719505985931717        1.0001095670937434       0.15160527276991898     
   1.5190000000000001E-004  0.45298097029908868        1.6831229986773915        1.0857115957842882        1.0001079539073765       0.15561608771746188     
   1.5200000000000001E-004  0.45188322708177875        1.6665836185396588        1.0996425525256734        1.0001058163097676       0.15931120545583566     
   1.5210000000000001E-004  0.45087994464355663        1.6498091039636504        1.1137022621853856        1.0001030659028418       0.16269297604633501     
   1.5220000000000001E-004  0.44997375848168691        1.6329017375322241        1.1278511725869829        1.0000995700831381       0.16575873465937191     
   1.5229999999999999E-004  0.44916774123644265        1.6159649353909114        1.1420511379853009        1.0000951823256992       0.16850017830859038     
   1.5239999999999999E-004  0.44846535064575843        1.5990979365795459        1.1562651919444256        1.0000897775943174       0.17090414485355110     
   1.5249999999999999E-004  0.44787023410797938        1.5823908357583756        1.1704574397860388        1.0000832833770970       0.17295453002984287     
   1.5260000000000000E-004  0.44738593001863342        1.5659205920106247        1.1845931209663980        1.0000756987261805       0.17463481767967723     
   1.5270000000000000E-004  0.44701553254864934        1.5497484909374304        1.1986388359897022        1.0000670975857089       0.17593060507648464     
   1.5280000000000000E-004  0.44676139456702479        1.5339192898889129        1.2125628857383257        1.0000576173036235       0.17683157983167097     
   1.5290000000000000E-004  0.44662493051256108        1.5184619938015018        1.2263356446922873        1.0000474371215540       0.17733260743343043     
   1.5300000000000001E-004  0.44660655178231906        1.5033919610800313        1.2399298869058752        1.0000367532630825       0.17743384349271063     
   1.5310000000000001E-004  0.44670573190312085        1.4887138791638828        1.2533210007165194        1.0000257567104478       0.17714001005135263     
   1.5320000000000001E-004  0.44692116900549245        1.4744251038017753        1.2664870564232278        1.0000146177370988       0.17645912135715805     
   1.5330000000000001E-004  0.44725099726503176        1.4605189105165879        1.2794087216387515        1.0000034787401506       0.17540099603033005     
   1.5339999999999999E-004  0.44769299885510083        1.4469873258320902        1.2920690444635814       0.99999245455538843       0.17397585940671637     
   1.5349999999999999E-004  0.44824477932399298        1.4338233460621028        1.3044531410252793       0.99998163798176820       0.17219325163707128     
   1.5359999999999999E-004  0.44890388551330379        1.4210224789690544        1.3165478303135338       0.99997110774068332       0.17006134833904007     
   1.5370000000000002E-004  0.44966786127485531        1.4085836390340836        1.3283412571956832       0.99996093645868012       0.16758670309881998     
   1.5380000000000003E-004  0.45053424896927563        1.3965094860311389        1.3398225370741552       0.99995119700376989       0.16477435290681963     
   1.5390000000000003E-004  0.45150055255788168        1.3848063241198263        1.3509814458661755       0.99994196630260734       0.16162819096552009     
   1.5400000000000003E-004  0.45256418085625444        1.3734836836082236        1.3618081691310939       0.99993332643904564       0.15815150041164788     
   1.5410000000000003E-004  0.45372238816200522        1.3625536994687284        1.3722931155432290       0.99992536328282522       0.15434754793067926     
   1.5420000000000001E-004  0.45497222537349419        1.3520303866525873        1.3824267930408716       0.99991816322425575       0.15022015158951899     
   1.5430000000000001E-004  0.45631050956979591        1.3419288957798781        1.3921997410643570       0.99991180875772367       0.14577415848988087     
   1.5440000000000001E-004  0.45773381501966681        1.3322648153325503        1.4016025091499955       0.99990637369021584       0.14101578963990030     
   1.5450000000000001E-004  0.45923848461199163        1.3230535690436289        1.4106256705987572       0.99990191873243028       0.13595283236374850     
   1.5460000000000002E-004  0.46082065812016504        1.3143099396191511        1.4192598598283845       0.99989848807740223       0.13059468216122450     
   1.5470000000000002E-004  0.46247631243364867        1.3060477328184854        1.4274958230228496       0.99989610733637657       0.12495225311609258     
   1.5480000000000002E-004  0.46420130866944959        1.2982795805431326        1.4353244734758372       0.99989478297752254       0.11903778825841212     
   1.5490000000000002E-004  0.46599144156811817        1.2910168691981578        1.4427369452572529       0.99989450318631079       0.11286460700531827     
   1.5500000000000003E-004  0.46784248740514894        1.2842697709599031        1.4497246411456484       0.99989523981921591       0.10644682569538151     
   1.5510000000000003E-004  0.46975024759930739        1.2780473511940880        1.4562792728473533       0.99989695107447929        9.9799083719565626E-002
   1.5520000000000003E-004  0.47171058610685584        1.2723577249255973        1.4623928931480619       0.99989958455209615        9.2936299023058971E-002
   1.5530000000000001E-004  0.47371945949898076        1.2672082376795935        1.4680579208766078       0.99990308024721974        8.5873466806030793E-002
   1.5540000000000001E-004  0.47577293930332770        1.2626056504067655        1.4732671601671876       0.99990737328922741        7.8625510438064553E-002
   1.5550000000000001E-004  0.47786722668351350        1.2585563134795468        1.4780138157418481       0.99991239621587924        7.1207181604875242E-002
   1.5560000000000001E-004  0.47999865996476837        1.2550663195621965        1.4822915058086366       0.99991808072984578        6.3633006869979941E-002
   1.5570000000000002E-004  0.48216371573450478        1.2521416299613346        1.4860942738527203       0.99992435892225995        5.5917270611075556E-002
   1.5580000000000002E-004  0.48435900443563928        1.2497881723969071        1.4894166001159901       0.99993116403906612        4.8074025968762930E-002
   1.5590000000000002E-004  0.48658126141050434        1.2480119112726928        1.4922534132006584       0.99993843085247391        4.0117125030711999E-002
   1.5600000000000002E-004  0.48882733430320857        1.2468188937660099        1.4946001018207402       0.99994609572714244        3.2060259830250543E-002
   1.5610000000000003E-004  0.49109416768728781        1.2462152758551230        1.4964525263989856       0.99995409647446498        2.3917008098952225E-002
   1.5620000000000003E-004  0.49337878565079979        1.2462073322672103        1.4978070299965043       0.99996237206322880        1.5700879513418278E-002
   1.5630000000000000E-004  0.49567827292651434        1.2468014544183808        1.4986604479562533       0.99997086223861664        7.4253593892398637E-003
   1.5640000000000001E-004  0.49798975502509352        1.2480041402943183        1.4990101156158473       0.99997950708861294       -8.9605174585913772E-004
   1.5650000000000001E-004  0.50031037771312137        1.2498219795679750        1.4988538735029351       0.99998824658104279       -9.2498027946724074E-003
   1.5660000000000001E-004  0.50263728608785907        1.2522616361361063        1.4981900695372861       0.99999702008414348       -1.7622260152712069E-002
   1.5670000000000001E-004  0.50496760344002234        1.2553298287260279        1.4970175579059932        1.0000057658777761       -2.5999677755917223E-002
   1.5680000000000002E-004  0.50729841005912113        1.2590333083462220        1.4953356944414187        1.0000144206595609       -3.4368167238505394E-002
   1.5690000000000002E-004  0.50962672211181426        1.2633788292564647        1.4931443285063486        1.0000229190503047       -4.2713666083295250E-002
   1.5700000000000002E-004  0.51194947071842767        1.2683731079974274        1.4904437915672650        1.0000311931084493       -5.1021901763309230E-002
   1.5710000000000002E-004  0.51426348136612132        1.2740227630730843        1.4872348827764612        1.0000391718772179       -5.9278350812259815E-002
   1.5720000000000003E-004  0.51656545383376185        1.2803342272770681        1.4835188520014186        1.0000467809913300       -6.7468192803046029E-002
   1.5730000000000003E-004  0.51885194289343484        1.2873136258868945        1.4792973808865051        1.0000539423860335       -7.5576260318926211E-002
   1.5740000000000000E-004  0.52111934017956152        1.2949666144726262        1.4745725624968387        1.0000605742152391       -8.3586989294033992E-002
   1.5750000000000001E-004  0.52336385777266459        1.3032981724983994        1.4693468798392233        1.0000665910817736       -9.1484377267641470E-002
   1.5760000000000001E-004  0.52558151438385592        1.3123123529386937        1.4636231833209075        1.0000719047078317       -9.9251957938362723E-002
   1.5770000000000001E-004  0.52776812535819972        1.3220119944772684        1.4574046667770308        1.0000764252209047      -0.10687280572615394     
   1.5780000000000001E-004  0.52991929819771866        1.3323984105178743        1.4506948411354907        1.0000800631275033      -0.11432958318576697     
   1.5790000000000002E-004  0.53203043568774611        1.3434710782923860        1.4434975043172762        1.0000827321131343      -0.12160464517053901     
   1.5800000000000002E-004  0.53409674899943183        1.3552273607221776        1.4358167054731619        1.0000843525739598      -0.12868020928902751     
   1.5810000000000002E-004  0.53611328300129546        1.3676623026835886        1.4276567014377750        1.0000848557842921      -0.13553859848692787     
   1.5820000000000002E-004  0.53807495537820804        1.3807685501379048        1.4190219034538369        1.0000841883975500      -0.14216255079783360     
   1.5830000000000003E-004  0.53997660985134266        1.3945364439293080        1.4099168128294064        1.0000823168065029      -0.14853558248874141     
   1.5840000000000000E-004  0.54181308185002053        1.4089543376103482        1.4003459454717846        1.0000792308256226      -0.15464237844982218     
   1.5850000000000000E-004  0.54357927257781946        1.4240091779863748        1.3903137471772169        1.0000749460790876      -0.16046917102940905     
   1.5860000000000001E-004  0.54527022483115795        1.4396873686878262        1.3798245042644721        1.0000695044792220      -0.16600405753509356     
   1.5870000000000001E-004  0.54688119144568648        1.4559759095535512        1.3688822575774688        1.0000629723203440      -0.17123719781940949     
   1.5880000000000001E-004  0.54840768491997005        1.4728637641167017        1.3574907315939264        1.0000554358635561      -0.17616083080913381     
   1.5890000000000001E-004  0.54984549487785883        1.4903433604004812        1.3456532940176054        1.0000469947255977      -0.18076905808067428     
   1.5900000000000002E-004  0.55119066074614009        1.5084120821387197        1.3333729645204817        1.0000377537887246      -0.18505736220474869     
   1.5910000000000002E-004  0.55243939278078624        1.5270735632110002        1.3206524939498894        1.0000278147234274      -0.18902185761422644     
   1.5920000000000002E-004  0.55358794734681316        1.5463385622530597        1.3074945368204862        1.0000172685099025      -0.19265831190165392     
   1.5930000000000002E-004  0.55463248081879124        1.5662251723715217        1.2939019391746505        1.0000061907578255      -0.19596102986487848     
   1.5940000000000003E-004  0.55556892524460777        1.5867581185959150        1.2798781585163919       0.99999464210613143      -0.19892176684087301     
   1.5950000000000000E-004  0.55639293913779575        1.6079669231016771        1.2654278189637371       0.99998267637551475      -0.20152893091067431     
   1.5960000000000000E-004  0.55709998045656417        1.6298827909878906        1.2505573796397034       0.99997035853745675      -0.20376742204008635     
   1.5970000000000001E-004  0.55768552472790323        1.6525342039253070        1.2352758580509884       0.99995779130894158      -0.20561947403935890     
   1.5980000000000001E-004  0.55814541699409037        1.6759414153520842        1.2195955112932884       0.99994514337040930      -0.20706671718733077     
   1.5990000000000001E-004  0.55847631220613958        1.7001103129960171        1.2035323546972478       0.99993266611042564      -0.20809330708179569     
   1.6000000000000001E-004  0.55867611780335324        1.7250264118259313        1.1871064085003651       0.99992068563565917      -0.20868947579967090     
   1.6010000000000002E-004  0.55874430859390423        1.7506499898575623        1.1703416160200468       0.99990956298950440      -0.20885447653571565     
   1.6020000000000002E-004  0.55868197996617908        1.7769134785233476        1.1532654675049199       0.99989962608508010      -0.20859777487114242     
   1.6030000000000002E-004  0.55849156913788878        1.8037220680417558        1.1359084722950192       0.99989108981269459      -0.20793760629842822     
   1.6040000000000002E-004  0.55817629238723521        1.8309580461732278        1.1183037109517686       0.99988399064998812      -0.20689668414074849     
   1.6050000000000003E-004  0.55773946338859437        1.8584887242068682        1.1004867203534434       0.99987816594935919      -0.20549583245026001     
   1.6060000000000000E-004  0.55718390627072045        1.8861770941173788        1.0824958783239262       0.99987329875685094      -0.20374737626465222     
   1.6070000000000000E-004  0.55651163398643766        1.9138938076460636        1.0643732570204669       0.99986902513093334      -0.20165077402636289     
   1.6080000000000001E-004  0.55572387299389936        1.9415287581416507        1.0461656679139526       0.99986506825018728      -0.19919264041619056     
   1.6090000000000001E-004  0.55482144014692836        1.9690004682062643        1.0279254429919307       0.99986134335335208      -0.19635178043747106     
   1.6100000000000001E-004  0.55380538323996964        1.9962616369471942        1.0097104907789460       0.99985798672598325      -0.19310779275400103     
   1.6110000000000001E-004  0.55267768559861052        2.0232996601472468       0.99158336186255647       0.99985529557286335      -0.18945018538134831     
   1.6120000000000002E-004  0.55144177916679271        2.0501317761183930       0.97360939096225674       0.99985360456829508      -0.18538458652348436     
   1.6130000000000002E-004  0.55010267320574135        2.0767955905214794       0.95585432303784790       0.99985314953284965      -0.18093363447322480     
   1.6140000000000002E-004  0.54866666714500756        2.1033367097897369       0.93838203098684858       0.99985397527764830      -0.17613221959685710     
   1.6150000000000002E-004  0.54714077644037562        2.1297956977199064       0.92125289035955849       0.99985592305046711      -0.17101904713439256     
   1.6160000000000000E-004  0.54553207461612041        2.1561964431260652       0.90452309985922907       0.99985869751271061      -0.16562794827428481     
   1.6170000000000000E-004  0.54384714096514231        2.1825374425862361       0.88824486042790018       0.99986197410986610      -0.15998214711844710     
   1.6180000000000000E-004  0.54209174428352480        2.2087867438877105       0.87246704081413906       0.99986549679799885      -0.15409301314025309     
   1.6190000000000001E-004  0.54027080209813394        2.2348806219006097       0.85723587598596540       0.99986913202611349      -0.14796283081228909     
   1.6200000000000001E-004  0.53838856282275460        2.2607255758178528       0.84259535798219176       0.99987287063394126      -0.14158975503947760     
   1.6210000000000001E-004  0.53644890195457107        2.2862029384019245       0.82858719084567978       0.99987679195720347      -0.13497284289441369     
   1.6220000000000001E-004  0.53445561791270280        2.3111752367539466       0.81525038284103080       0.99988101284371500      -0.12811560573862979     
   1.6230000000000001E-004  0.53241264565391411        2.3354934072221756       0.80262066763017803       0.99988564285333115      -0.12102747537060732     
   1.6240000000000002E-004  0.53032415357742813        2.3590040379474324       0.79072996140154772       0.99989075719516052      -0.11372343982172531     
   1.6250000000000002E-004  0.52819453230290825        2.3815559720731940       0.77960600502176280       0.99989638838147288      -0.10622255224073422     
   1.6260000000000002E-004  0.52602831014678531        2.4030058136779680       0.76927225555310819       0.99990253156642062       -9.8546073792571034E-002
   1.6270000000000000E-004  0.52383003815804308        2.4232220956971702       0.75974801509051193       0.99990915624352616       -9.0715830964523861E-002
   1.6280000000000000E-004  0.52160418083427518        2.4420880659497897       0.75104873852091425       0.99991621803305819       -8.2753063424226281E-002
   1.6290000000000000E-004  0.51935503360056334        2.4595031907525637       0.74318644807316292       0.99992366731350935       -7.4677788780552409E-002
   1.6300000000000000E-004  0.51708667465283065        2.4753835638591024       0.73617019033986997       0.99993145420457508       -6.6508580686765212E-002
   1.6310000000000001E-004  0.51480294834148843        2.4896614544231745       0.73000648785460553       0.99993953048911544       -5.8262619841112299E-002
   1.6320000000000001E-004  0.51250747237889138        2.5022842396108267       0.72469975507680495       0.99994784958857952       -4.9955886990543368E-002
   1.6330000000000001E-004  0.51020366023183050        2.5132129559994283       0.72025266327037718       0.99995636572083901       -4.1603403752330563E-002
   1.6340000000000001E-004  0.50789475140567253        2.5224206778518123       0.71666644826395842       0.99996503284605243       -3.3219465498048710E-002
   1.6350000000000002E-004  0.50558384452262761        2.5298908952625805       0.71394116125596740       0.99997380391468860       -2.4817837410132264E-002
   1.6360000000000002E-004  0.50327393022023359        2.5356160269701533       0.71207586519907673       0.99998263048896119       -1.6411908951909627E-002
   1.6369999999999999E-004  0.50096792249005795        2.5395961639756468       0.71106878043838817       0.99999146276930428       -8.0148071856616047E-003
   1.6380000000000000E-004  0.49866868809613818        2.5418381082283208       0.71091738303447005        1.0000002499449518        3.6051919425385363E-004
   1.6390000000000000E-004  0.49637907430592282        2.5423547435952862       0.71161845833746129        1.0000089407354811        8.7012327647804973E-003
   1.6400000000000000E-004  0.49410193544746955        2.5411647530958898       0.71316811140014869        1.0000174839902178        1.6994544541081940E-002
   1.6410000000000000E-004  0.49184015888025900        2.5382926768270693       0.71556173473493545        1.0000258292117969        2.5227642392997900E-002
   1.6420000000000001E-004  0.48959669087771707        2.5337692871846471       0.71879393288761884        1.0000339268860279        3.3387598920336096E-002
   1.6430000000000001E-004  0.48737456265566093        2.5276322394496074       0.72285840256362199        1.0000417285378038        4.1461250295040171E-002
   1.6440000000000001E-004  0.48517691628492771        2.5199269346257651       0.72774776683746500        1.0000491864861933        4.9435042580046364E-002
   1.6450000000000001E-004  0.48300702941071250        2.5107075059999655       0.73345336257234706        1.0000562533762192        5.7294850372524825E-002
   1.6460000000000002E-004  0.48086833652923228        2.5000378103585259       0.73996498257605181        1.0000628817711692        6.5025793272481619E-002
   1.6470000000000002E-004  0.47876444307690808        2.4879922717444067       0.74727057860321189        1.0000690241721522        7.2612091393318257E-002
   1.6479999999999999E-004  0.47669912702245676        2.4746563953200127       0.75535593817873981        1.0000746341662261        8.0037028246393513E-002
   1.6490000000000000E-004  0.47467632168233509        2.4601267525444932       0.76420435809874865        1.0000796692741301        8.7283107078085093E-002
   1.6500000000000000E-004  0.47270007397160352        2.4445102517999917       0.77379634780316675        1.0000840959772699        9.4332484937010769E-002
   1.6510000000000000E-004  0.47077447549375750        2.4279225595102982       0.78410940432340470        1.0000878965290489       0.10116773319804241     
   1.6520000000000000E-004  0.46890357062462357        2.4104856377149986       0.79511790158843887        1.0000910759495121       0.10777288502247676     
   1.6530000000000001E-004  0.46709125598271045        2.3923245064556902       0.80679312533628700        1.0000936665622315       0.11413460347210472     
   1.6540000000000001E-004  0.46534119683137509        2.3735634923198798       0.81910345879707935        1.0000957262026573       0.12024316648627065     
   1.6550000000000001E-004  0.46365679461118980        2.3543223449806661       0.83201468263794320        1.0000973268953370       0.12609284435041687     
   1.6560000000000001E-004  0.46204123774821443        2.3347126349549967       0.84549030797617375        1.0000985339740749       0.13168129436205980     
   1.6570000000000002E-004  0.46049764948735294        2.3148347591467822       0.85949183279493724        1.0000993797722693       0.13700781839635723     
   1.6579999999999999E-004  0.45902931386541090        2.2947757040159420       0.87397881766966956        1.0000998401045593       0.14207069829226607     
   1.6589999999999999E-004  0.45763992081996235        2.2746075290401215       0.88890872632575690        1.0000998238516066       0.14686423866727941     
   1.6600000000000000E-004  0.45633374129699195        2.2543864386071313       0.90423656531902119        1.0000991841957676       0.15137645923800094     
   1.6610000000000000E-004  0.45511564044173797        2.2341523853334557       0.91991446058228754        1.0000977531686317       0.15558839981829334     
   1.6620000000000000E-004  0.45399087217092066        2.2139293772053694       0.93589138463734500        1.0000953914496138       0.15947561551058373     
   1.6630000000000000E-004  0.45296466900103671        2.1937269162321424       0.95211325708550953        1.0000920368666579       0.16301174397665691     
   1.6640000000000001E-004  0.45204172419048083        2.1735430854091824       0.96852356418980912        1.0000877322283752       0.16617323685855170     
   1.6650000000000001E-004  0.45122572341186884        2.1533695730139790       0.98506449624786230        1.0000826192656964       0.16894380811941401     
   1.6660000000000001E-004  0.45051908571285071        2.1331983808425967        1.0016784359074884        1.0000768983864188       0.17131713153125430     
   1.6670000000000001E-004  0.44992300708369459        2.1130293059902794        1.0183095091275829        1.0000707677721479       0.17329684760894695     
   1.6680000000000002E-004  0.44943779018900987        2.0928768140008405        1.0349048833974082        1.0000643641345353       0.17489385886972780     
   1.6689999999999999E-004  0.44906333981553215        2.0727748615977610        1.0514155759701094        1.0000577259707644       0.17612179783482174     
   1.6699999999999999E-004  0.44879965257591603        2.0527786141354980        1.0677966848873282        1.0000507909409488       0.17699210373669338     
   1.6710000000000000E-004  0.44864714765514735        2.0329626824219105        1.0840071220257836        1.0000434270605942       0.17751020014754601     
   1.6720000000000000E-004  0.44860675312855586        2.0134162366840584        1.1000090524104025        1.0000354861955723       0.17767382382004990     
   1.6730000000000000E-004  0.44867974614179673        1.9942359420815539        1.1157672901338314        1.0000268623923527       0.17747382591099212     
   1.6740000000000000E-004  0.44886741509047856        1.9755179889800729        1.1312488653276520        1.0000175374672842       0.17689702733899060     
   1.6750000000000001E-004  0.44917065121842442        1.9573505355505265        1.1464228816294282        1.0000076010461192       0.17593016342435064     
   1.6760000000000001E-004  0.44958958265929483        1.9398076701164673        1.1612606670716525       0.99999724066617834       0.17456373945002718     
   1.6770000000000001E-004  0.45012333925769049        1.9229456034161903        1.1757361233689521       0.99998670745817819       0.17279478180383923     
   1.6780000000000001E-004  0.45076999083059865        1.9068013170643034        1.1898261257389964       0.99997626975660514       0.17062789922641339     
   1.6789999999999999E-004  0.45152665033822481        1.8913934396979819        1.2035108256069105       0.99996616965584739       0.16807461409596017     
   1.6799999999999999E-004  0.45238969410771340        1.8767247980136705        1.2167737525254885       0.99995659421063221       0.16515140244427698     
   1.6809999999999999E-004  0.45335503313952530        1.8627859452791427        1.2296016770956415       0.99994766579012750       0.16187713783569610     
   1.6820000000000000E-004  0.45441837348094788        1.8495589953341032        1.2419842589704633       0.99993944944693225       0.15827063704046559     
   1.6830000000000003E-004  0.45557542235502119        1.8370212347297823        1.2539135469171037       0.99993197062819927       0.15434882088533886     
   1.6840000000000003E-004  0.45682202024918395        1.8251481772409708        1.2653834145658573       0.99992523547248990       0.15012572477172068     
   1.6850000000000003E-004  0.45815419982178185        1.8139159079852387        1.2763890090890162       0.99991924772414631       0.14561233511224031     
   1.6860000000000003E-004  0.45956818608887168        1.8033027059034588        1.2869262694603243       0.99991401920888612       0.14081705648488085     
   1.6870000000000003E-004  0.46106035834459497        1.7932900230893623        1.2969915455959580       0.99990957344562514       0.13574654330815109     
   1.6880000000000001E-004  0.46262719413501618        1.7838629432429833        1.3065813265858637       0.99990594379317377       0.13040664075442238     
   1.6890000000000001E-004  0.46426521181070118        1.7750102522965463        1.3156920694266634       0.99990316831815573       0.12480324248077998     
   1.6900000000000002E-004  0.46597092286627906        1.7667242443448963        1.3243201101051698       0.99990128349897123       0.11894295125171395     
   1.6910000000000002E-004  0.46774079994745948        1.7590003659222155        1.3324616354862182       0.99990031838915239       0.11283350026473152     
   1.6920000000000002E-004  0.46957126200346466        1.7518367786409517        1.3401126954221663       0.99990029024137639       0.10648394633785181     
   1.6930000000000002E-004  0.47145867498763200        1.7452338982875251        1.3472692379508144       0.99990120197094734        9.9904677243230502E-002
   1.6940000000000002E-004  0.47339936467640703        1.7391939496817432        1.3539271548425362       0.99990304135237784        9.3107288807108668E-002
   1.6950000000000003E-004  0.47538963741125839        1.7337205616273952        1.3600823289975101       0.99990578168253297        8.6104388046638738E-002
   1.6960000000000003E-004  0.47742580457873146        1.7288184149253496        1.3657306786994730       0.99990938341738356        7.8909365729876502E-002
   1.6970000000000003E-004  0.47950420721749293        1.7244929480556159        1.3708681964492615       0.99991379630412791        7.1536175241113595E-002
   1.6980000000000001E-004  0.48162123795729461        1.7207501197896171        1.3754909816325345       0.99991896173629002        6.3999136363907486E-002
   1.6990000000000001E-004  0.48377335840499563        1.7175962238691387        1.3795952674919507       0.99992481492164142        5.6312777785132738E-002
   1.7000000000000001E-004  0.48595711091238936        1.7150377488274087        1.3831774430120287       0.99993128681491250        4.8491718222354700E-002
   1.7010000000000001E-004  0.48816912437554216        1.7130812743641268        1.3862340706473386       0.99993830565172892        4.0550588513797337E-002
   1.7020000000000002E-004  0.49040611420850350        1.7117333967847745        1.3887619005905418       0.99994579807299377        3.2503985636161498E-002
   1.7030000000000002E-004  0.49266487698880201        1.7110006761560577        1.3907578820510338       0.99995368988501099        2.4366454959670266E-002
   1.7040000000000002E-004  0.49494228048446476        1.7108895983061716        1.3922191718853989       0.99996190647603433        1.6152494644706999E-002
   1.7050000000000002E-004  0.49723524985096279        1.7114065457480860        1.3931431406719650       0.99997037295838753        7.8765758320239829E-003
   1.7060000000000003E-004  0.49954075079497579        1.7125577727465071        1.3935273761690050       0.99997901410093715       -4.4682600458705089E-004
   1.7070000000000003E-004  0.50185577046800089        1.7143493810942507        1.3933696840269278       0.99998775411128993       -8.8031921969100140E-003
   1.7080000000000003E-004  0.50417729680156487        1.7167872946788183        1.3926680855913403       0.99999651632625985       -1.7177917707484502E-002
   1.7090000000000001E-004  0.50650229695388338        1.7198772325972964        1.3914208126276939        1.0000052228684428       -2.5556266434151202E-002
   1.7100000000000001E-004  0.50882769552435703        1.7236246824278325        1.3896262988101453        1.0000137943278247       -3.3923327749288822E-002
   1.7110000000000001E-004  0.51115035321801139        1.7280348773136147        1.3872831678264343        1.0000221495310611       -4.2263977381042782E-002
   1.7120000000000001E-004  0.51346704670835464        1.7331127829527198        1.3843902179523775        1.0000302054648962       -5.0562846353667638E-002
   1.7130000000000002E-004  0.51577445055033910        1.7388631039271978        1.3809464029233784        1.0000378774320551       -5.8804303190820452E-002
   1.7140000000000002E-004  0.51806912211352008        1.7452903199815619        1.3769508087222964        1.0000450795533273       -6.6972456939549702E-002
   1.7150000000000002E-004  0.52034749059241847        1.7523987638859282        1.3724026256399380        1.0000517256809367       -7.5051188341703323E-002
   1.7160000000000002E-004  0.52260585115528713        1.7601927549936356        1.3673011148267815        1.0000577308330807       -8.3024216779889609E-002
   1.7170000000000003E-004  0.52484036523688615        1.7686768035002185        1.3616455680347708        1.0000630132077188       -9.0875215780650706E-002
   1.7180000000000003E-004  0.52704706780583765        1.7778558993497224        1.3554352591232386        1.0000674967133651       -9.8587978026655435E-002
   1.7190000000000000E-004  0.52922188197150166        1.7877358969267991        1.3486693857351528        1.0000711139953646      -0.10614663694973168     
   1.7200000000000001E-004  0.53136064049674858        1.7983240011171961        1.3413469999276719        1.0000738096325619      -0.11353593174651325     
   1.7210000000000001E-004  0.53345911264723944        1.8096293517662279        1.3334669274975872        1.0000755431008108      -0.12074149941366909     
   1.7220000000000001E-004  0.53551303337416800        1.8216636914536153        1.3250276778869305        1.0000762909936172      -0.12775015361849792     
   1.7230000000000001E-004  0.53751813010975602        1.8344420856695418        1.3160273498380650        1.0000760477221513      -0.13455009535767973     
   1.7240000000000002E-004  0.53947014078413968        1.8479836444809177        1.3064635428348064        1.0000748241105197      -0.14113098540564556     
   1.7250000000000002E-004  0.54136481556629656        1.8623121708519221        1.2963332904688951        1.0000726434831997      -0.14748380135984940     
   1.7260000000000002E-004  0.54319789504083549        1.8774566333731091        1.2856330385907833        1.0000695353553111      -0.15360041409388164     
   1.7270000000000002E-004  0.54496505999475131        1.8934513321440960        1.2743586970834064        1.0000655276529060      -0.15947285522151672     
   1.7280000000000003E-004  0.54666185351670815        1.9103355993809519        1.2625057971700513        1.0000606393688449      -0.16509231412751929     
   1.7290000000000003E-004  0.54828358479537542        1.9281528578050171        1.2500697835571031        1.0000548764895192      -0.17044799827381585     
   1.7300000000000000E-004  0.54982523466295652        1.9469488639140273        1.2370464595170163        1.0000482344668808      -0.17552610008026645     
   1.7310000000000001E-004  0.55128139274446730        1.9667690075512922        1.2234325812112627        1.0000407099170932      -0.18030920669393810     
   1.7320000000000001E-004  0.55264626151792418        1.9876546440275451        1.2092265657552015        1.0000323218521470      -0.18477651539070716     
   1.7330000000000001E-004  0.55391376327508068        2.0096386147018332        1.1944292421539511        1.0000231382356657      -0.18890510769581331     
   1.7340000000000001E-004  0.55507777716407991        2.0327403601411742        1.1790445478476355        1.0000132990067103      -0.19267226285807915     
   1.7350000000000002E-004  0.55613250249763069        2.0569613168171887        1.1630800696749268        1.0000030245945537      -0.19605841849111982     
   1.7360000000000002E-004  0.55707289089283740        2.0822815502260354        1.1465473558834507       0.99999260177683480      -0.19905004768366633     
   1.7370000000000002E-004  0.55789503237538118        2.1086587161121599        1.1294619850141496       0.99998234550920073      -0.20164156681990439     
   1.7380000000000002E-004  0.55859635547991304        2.1360303435830197        1.1118434577691898       0.99997254319668805      -0.20383547575889044     
   1.7390000000000003E-004  0.55917553253009378        2.1643200080341121        1.0937150599918362       0.99996339592783456      -0.20564029347529059     
   1.7400000000000000E-004  0.55963206983557523        2.1934472082228389        1.0751038924170819       0.99995497726214522      -0.20706653687554016     
   1.7410000000000000E-004  0.55996568410711633        2.2233398133984110        1.0560412391084029       0.99994722637856071      -0.20812178592065264     
   1.7420000000000001E-004  0.56017567980422989        2.2539470168340880        1.0365633412902560       0.99993997840099602      -0.20880633170531937     
   1.7430000000000001E-004  0.56026060010604684        2.2852500543717920        1.0167124737712487       0.99993302907375059      -0.20911097382056135     
   1.7440000000000001E-004  0.56021836635556133        2.3172678181955426       0.99653802186446783       0.99992622333635561      -0.20901823268472161     
   1.7450000000000001E-004  0.56004692078923002        2.3500551850290794       0.97609710303651975       0.99991954169093289      -0.20850734141823374     
   1.7460000000000002E-004  0.55974513778379820        2.3836933929499011       0.95545428594116033       0.99991314273117571      -0.20756176603603149     
   1.7470000000000002E-004  0.55931360304093258        2.4182737744248204       0.93468020371947780       0.99990732450946818      -0.20617637919927387     
   1.7480000000000002E-004  0.55875487547372271        2.4538778817415334       0.91384927674831828       0.99990240909310291      -0.20436100940049451     
   1.7490000000000002E-004  0.55807308495005670        2.4905577768989779       0.89303714616175567       0.99989859281423965      -0.20213840810907130     
   1.7500000000000003E-004  0.55727307931347336        2.5283195738051543       0.87231856778704209       0.99989583607171650      -0.19953700604553851     
   1.7510000000000000E-004  0.55635954729226123        2.5671116557272793       0.85176629907159351       0.99989386070248676      -0.19658147048176650     
   1.7520000000000000E-004  0.55533650288484171        2.6068175400345552       0.83145101076757710       0.99989226652258123      -0.19328539490707111     
   1.7530000000000001E-004  0.55420727523195368        2.6472530955203162       0.81144174000123392       0.99989070896203802      -0.18964958615041097     
   1.7540000000000001E-004  0.55297487679772406        2.6881686082147063       0.79180616750378208       0.99988904062288286      -0.18566656912892796     
   1.7550000000000001E-004  0.55164249079894190        2.7292569922667482       0.77261018397846015       0.99988734118892753      -0.18132861924730434     
   1.7560000000000001E-004  0.55021386077191836        2.7701691196150868       0.75391669468478129       0.99988582573656071      -0.17663478063435473     
   1.7570000000000002E-004  0.54869348220039293        2.8105355584776408       0.73578409301816217       0.99988471371567278      -0.17159345565184725     
   1.7580000000000002E-004  0.54708659270884119        2.8499918179055079       0.71826494944410535       0.99988414551905813      -0.16622086171197617     
   1.7590000000000002E-004  0.54539899828692806        2.8882027501894267       0.70140525625735306       0.99988416583200979      -0.16053742125094153     
   1.7600000000000002E-004  0.54363681013942355        2.9248818980921687       0.68524426833251317       0.99988475852162817      -0.15456444546104364     
   1.7610000000000000E-004  0.54180617141207221        2.9598031724503340       0.66981476377828608       0.99988589252511495      -0.14832236760523618     
   1.7620000000000000E-004  0.53991303353122189        2.9928043639773598       0.65514350620877848       0.99988754980346484      -0.14183041844273428     
   1.7630000000000000E-004  0.53796301401068747        3.0237837320597851       0.64125176816862661       0.99988973025377625      -0.13510695179374232     
   1.7640000000000001E-004  0.53596133896751497        3.0526919026734891       0.62815587053487942       0.99989244352715778      -0.12816973620128286     
   1.7650000000000001E-004  0.53391285228636032        3.0795214695967807       0.61586774340834516       0.99989569936517841      -0.12103596218621003     
   1.7660000000000001E-004  0.53182206425302458        3.1042962729504282       0.60439551565517180       0.99989950236780467      -0.11372206717282082     
   1.7670000000000001E-004  0.52969321551666171        3.1270616614138653       0.59374411992070453       0.99990385127661707      -0.10624358529967347     
   1.7680000000000001E-004  0.52753033808758742        3.1478763919534209       0.58391588326721333       0.99990874029970989       -9.8615169491854310E-002
   1.7690000000000002E-004  0.52533730346189589        3.1668063287990478       0.57491107191822766       0.99991415958053242       -9.0850780015437935E-002
   1.7700000000000002E-004  0.52311785656424137        3.1839198037065231       0.56672837006665144       0.99992009470101062       -8.2963957567839072E-002
   1.7710000000000002E-004  0.52087563673507331        3.1992843662042532       0.55936528459796486       0.99992652552761097       -7.4968113097371045E-002
   1.7720000000000000E-004  0.51861418871553078        3.2129646153758262       0.55281847714492316       0.99993342468051838       -6.6876770794535828E-002
   1.7730000000000000E-004  0.51633696782602190        3.2250208239339369       0.54708403211732481       0.99994075630661694       -5.8703719850224101E-002
   1.7740000000000000E-004  0.51404734301647226        3.2355081137033039       0.54215767210275878       0.99994847561088862       -5.0463070962316642E-002
   1.7750000000000000E-004  0.51174860023718360        3.2444759975146713       0.53803493117397516       0.99995652917613964       -4.2169237693686655E-002
   1.7760000000000001E-004  0.50944394755740019        3.2519681544404317       0.53471129444156562       0.99996485593067275       -3.3836869122659159E-002
   1.7770000000000001E-004  0.50713652262831510        3.2580223487729203       0.53218230953388357       0.99997338853152884       -2.5480760488534999E-002
   1.7780000000000001E-004  0.50482940253543385        3.2626704380362828       0.53044367357632161       0.99998205495955605       -1.7115760399910623E-002
   1.7790000000000001E-004  0.50252561570073073        3.2659384360690247       0.52949129770906544       0.99999078014578058       -8.7566862102254981E-003
   1.7800000000000002E-004  0.50022815527517128        3.2678466102172141       0.52932135019199034       0.99999948753486945       -4.1825238705656625E-004
   1.7810000000000002E-004  0.49793999334080663        3.2684096042467754       0.52993027872404830        1.0000081005666819        7.8849885917478945E-003
   1.7820000000000002E-004  0.49566409519915894        3.2676365856434568       0.53131481240138867        1.0000165440761002        1.6138695508064509E-002
   1.7830000000000000E-004  0.49340343304839712        3.2655314199378118       0.53347194357665895        1.0000247456155307        2.4328780604757672E-002
   1.7840000000000000E-004  0.49116099843912464        3.2620928773992652       0.53639888962654159        1.0000326366904797        3.2441445839993074E-002
   1.7850000000000000E-004  0.48893981305061801        3.2573148799316289       0.54009303418250199        1.0000401538718069        4.0463211560852572E-002
   1.7860000000000000E-004  0.48674293755549058        3.2511867988483356       0.54455184668224565        1.0000472397179514        4.8380932897313662E-002
   1.7870000000000001E-004  0.48457347864385109        3.2436938179489019       0.54977277818329506        1.0000538434183450        5.6181796722293897E-002
   1.7880000000000001E-004  0.48243459464463234        3.2348173819258985       0.55575313031287654        1.0000599210666823        6.3853290992098147E-002
   1.7890000000000001E-004  0.48032950060818769        3.2245357575678781       0.56248989325709509        1.0000654355268688        7.1383140652466259E-002
   1.7900000000000001E-004  0.47826147408113168        3.2128247471812017       0.56997954828293129        1.0000703559210824        7.8759210545202865E-002
   1.7910000000000002E-004  0.47623386305491522        3.1996586116872692       0.57821783059160614        1.0000746569236671        8.5969382961799817E-002
   1.7920000000000002E-004  0.47425009753198211        3.1850112894816682       0.58719945020225006        1.0000783181653470        9.3001429690829057E-002
   1.7929999999999999E-004  0.47231370580600057        3.1688580253550871       0.59691777225103571        1.0000813242181339        9.9842912951860513E-002
   1.7940000000000000E-004  0.47042833552692859        3.1511775478954043       0.60736446352238738        1.0000836652115039       0.10648114688415651     
   1.7950000000000000E-004  0.46859777808943337        3.1319549493095682       0.61852911627743390        1.0000853377028704       0.11290321898217730     
   1.7960000000000000E-004  0.46682599370071609        3.1111853905983970       0.63039886277657087        1.0000863456770785       0.11909606028041252     
   1.7970000000000000E-004  0.46511713249033582        3.0888786520195914       0.64295799667614162        1.0000867007316765       0.12504655308934437     
   1.7980000000000001E-004  0.46347554442491945        3.0650643658792802       0.65618761411432092        1.0000864197144821       0.13074159134187216     
   1.7990000000000001E-004  0.46190576848219117        3.0397974952237767       0.67006527773792834        1.0000855195281111       0.13616800762680001     
   1.8000000000000001E-004  0.46041248881816832        3.0131633019676638       0.68456469827817779        1.0000840102151012       0.14131232607329294     
   1.8010000000000001E-004  0.45900044510393700        2.9852807736683591       0.69965542753150545        1.0000818901825195       0.14616041407050562     
   1.8020000000000002E-004  0.45767428967498319        2.9563033825582465       0.71530257447928480        1.0000791493979706       0.15069728319629508     
   1.8030000000000002E-004  0.45643839980638828        2.9264162686189650       0.73146659697768213        1.0000757853425000       0.15490744642747176     
   1.8039999999999999E-004  0.45529667910453386        2.8958295220913737       0.74810327306747004        1.0000718304432428       0.15877622895201127     
   1.8050000000000000E-004  0.45425240762816510        2.8647681158750444       0.76516398419055309        1.0000673783838292       0.16229207309768029     
   1.8060000000000000E-004  0.45330820792950011        2.8334599738884574       0.78259639870639042        1.0000625877233127       0.16544914773695965     
   1.8070000000000000E-004  0.45246616864345984        2.8021242974873317       0.80034550544019645        1.0000576440922828       0.16824883406631130     
   1.8080000000000000E-004  0.45172810594555074        2.7709622487703136       0.81835476011899100        1.0000526870093791       0.17069860667241890     
   1.8090000000000001E-004  0.45109587515959848        2.7401512818065843       0.83656698337406421        1.0000477259615892       0.17280767366511124     
   1.8100000000000001E-004  0.45057160803783242        2.7098431107404970       0.85492467974920350        1.0000426008897854       0.17458041787346210     
   1.8110000000000001E-004  0.45015776269600305        2.6801640244723970       0.87336972241971522        1.0000370296540786       0.17601077361000789     
   1.8120000000000001E-004  0.44985694567245238        2.6512157302156982       0.89184273167864891        1.0000307313048817       0.17708081735407877     
   1.8130000000000002E-004  0.44967155466136699        2.6230754662999711       0.91028272282057432        1.0000235680857237       0.17776503677537225     
   1.8139999999999999E-004  0.44960336029254022        2.5957954251401443       0.92862754182444796        1.0000156295217857       0.17803880811826314     
   1.8149999999999999E-004  0.44965316940473571        2.5694027573407379       0.94681524832130026        1.0000072106772890       0.17788728774493451     
   1.8160000000000000E-004  0.44982068179763057        2.5439017995658482       0.96478614015529496       0.99999869574637645       0.17731063672190953     
   1.8170000000000000E-004  0.45010458062347003        2.5192794330255435       0.98248480196793053       0.99999041042918169       0.17632341342037866     
   1.8180000000000000E-004  0.45050281168115752        2.4955130992673382       0.99986156074298504       0.99998251732652632       0.17494884814917822     
   1.8190000000000000E-004  0.45101294468146452        2.4725797911556775        1.0168730081905293       0.99997499573104598       0.17321088373696444     
   1.8200000000000001E-004  0.45163249382660503        2.4504638943025139        1.0334816280700172       0.99996769894008075       0.17112733548566830     
   1.8210000000000001E-004  0.45235910914495803        2.4291621643819354        1.0496548577852391       0.99996045049927385       0.16870648024216953     
   1.8220000000000001E-004  0.45319060634931047        2.4086850610952037        1.0653640166163272       0.99995313226387250       0.16594761118971543     
   1.8230000000000001E-004  0.45412485425583665        2.3890546794766454        1.0805834486142389       0.99994573310110857       0.16284448774777399     
   1.8240000000000002E-004  0.45515958056290201        2.3703002955755306        1.0952900461528150       0.99993835302592438       0.15938991816348355     
   1.8249999999999999E-004  0.45629217141190737        2.3524529020738125        1.1094631430645467       0.99993117332659720       0.15557986276990740     
   1.8259999999999999E-004  0.45751952738926999        2.3355400449016024        1.1230846496036859       0.99992441061606874       0.15141603242137222     
   1.8270000000000000E-004  0.45883800971086597        2.3195819089727809        1.1361392610030490       0.99991827214697981       0.14690666356489451     
   1.8280000000000000E-004  0.46024347926398224        2.3045891079838370        1.1486145951458231       0.99991292446299795       0.14206574909523889     
   1.8290000000000003E-004  0.46173140797804485        2.2905621687832021        1.1605011744874685       0.99990847943301975       0.13691132908545012     
   1.8300000000000003E-004  0.46329703026561136        2.2774923752885989        1.1717922321555470       0.99990499547173084       0.13146349240854338     
   1.8310000000000003E-004  0.46493550124860517        2.2653634883303120        1.1824833718865690       0.99990248829193640       0.12574259813035996     
   1.8320000000000003E-004  0.46664203478832195        2.2541538602678521        1.1925721374046443       0.99990094504890925       0.11976799726307220     
   1.8330000000000001E-004  0.46841200482140610        2.2438385612422067        1.2020575510598994       0.99990033737253281       0.11355732603004520     
   1.8340000000000001E-004  0.47024100484321735        2.2343912672275366        1.2109396716674312       0.99990063091372927       0.10712629995934841     
   1.8350000000000002E-004  0.47212486953303701        2.2257857851529543        1.2192192053695636       0.99990179084075570       0.10048886897281498     
   1.8360000000000002E-004  0.47405966778901037        2.2179971853470395        1.2268971868801388       0.99990378388319645        9.3657581281256355E-002
   1.8370000000000002E-004  0.47604167803245095        2.2110025714971364        1.2339747350587140       0.99990657797482707        8.6644026462241855E-002
   1.8380000000000002E-004  0.47806735552793200        2.2047815483631990        1.2404528775864887       0.99991014064285577        7.9459266691345190E-002
   1.8390000000000002E-004  0.48013329891699180        2.1993164564104628        1.2463324343251203       0.99991443706344241        7.2114200531561964E-002
   1.8400000000000003E-004  0.48223622035123603        2.1945924385754392        1.2516139470835586       0.99991942826750180        6.4619835834158881E-002
   1.8410000000000003E-004  0.48437292114287006        2.1905973948502098        1.2562976436247679       0.99992506992866914        5.6987472360571736E-002
   1.8420000000000003E-004  0.48654027308582809        2.1873218691546157        1.2603834252664063       0.99993131169522065        4.9228802770668240E-002
   1.8430000000000003E-004  0.48873520454404945        2.1847589017762381        1.2638708692787901       0.99993809710397263        4.1355952137662140E-002
   1.8440000000000001E-004  0.49095468997196356        2.1829038707692057        1.2667592393743372       0.99994536388883448        3.3381473016641169E-002
   1.8450000000000001E-004  0.49319574145345424        2.1817543392162335        1.2690474992695635       0.99995304457671086        2.5318312221966222E-002
   1.8460000000000001E-004  0.49545540109759056        2.1813099202836490        1.2707343258448356       0.99996106722668820        1.7179762918996914E-002
   1.8470000000000002E-004  0.49773073343503116        2.1815721684907707        1.2718181195462765       0.99996935621623184        8.9794106736107281E-003
   1.8480000000000002E-004  0.50001881730942488        2.1825445031206900        1.2722970104763283       0.99997783301765897        7.3107873323728764E-004
   1.8490000000000002E-004  0.50231673707907154        2.1842321679846215        1.2721688591780578       0.99998641694236834       -7.5512252124880219E-003
   1.8500000000000002E-004  0.50462157318639211        2.1866422306040914        1.2714312514845318       0.99999502586034317       -1.5853360953537760E-002
   1.8510000000000003E-004  0.50693039230560732        2.1897836230592933        1.2700814870396346        1.0000035769239028       -2.4161108158503492E-002
   1.8520000000000003E-004  0.50924023733334833        2.1936672260109145        1.2681165612621885        1.0000119873357523       -3.2460221820527865E-002
   1.8530000000000003E-004  0.51154811743615569        2.1983059964251339        1.2655331406852282        1.0000201752008313       -4.0736493152306250E-002
   1.8540000000000001E-004  0.51385099820856706        2.2037151377990671        1.2623275318198302        1.0000280604908793       -4.8975817168105826E-002
   1.8550000000000001E-004  0.51614579172185737        2.2099123085713792        1.2584956440313237        1.0000355661265270       -5.7164266015199063E-002
   1.8560000000000001E-004  0.51842934588404366        2.2169178611838856        1.2540329475175684        1.0000426191257810       -6.5288163600447230E-002
   1.8570000000000001E-004  0.52069843214752809        2.2247550997289540        1.2489344284654382        1.0000491517119487       -7.3334151634834713E-002
   1.8580000000000002E-004  0.52294973017592172        2.2334505376340683        1.2431945448989998        1.0000551022422022       -8.1289232514230259E-002
   1.8590000000000002E-004  0.52517980788488350        2.2430341289498319        1.2368071886687226        1.0000604157057196       -8.9140768703759199E-002
   1.8600000000000002E-004  0.52738509538566769        2.2535394373457684        1.2297656618646065        1.0000650435766036       -9.6876410268645075E-002
   1.8610000000000002E-004  0.52956185206328399        2.2650036965443974        1.2220626791230846        1.0000689427448886      -0.10448392409723357     
   1.8620000000000003E-004  0.53170612747569990        2.2774677054456784        1.2136904110804663        1.0000720735307758      -0.11195089917256582     
   1.8630000000000003E-004  0.53381371889525375        2.2909754928490695        1.2046405873987969        1.0000743969171426      -0.11926431888860506     
   1.8640000000000003E-004  0.53588013089555830        2.3055736840769541        1.1949046794571152        1.0000758717699694      -0.12641002362549258     
   1.8650000000000001E-004  0.53790054524994169        2.3213105112138006        1.1844741809388903        1.0000764533965099      -0.13337213383758509     
   1.8660000000000001E-004  0.53986981175508075        2.3382344390662535        1.1733409970275310        1.0000760953471177      -0.14013256767386448     
   1.8670000000000001E-004  0.54178247166031790        2.3563924415040169        1.1614979379783763        1.0000747565722183      -0.14667085029554403     
   1.8680000000000001E-004  0.54363282428602333        2.3758280670902963        1.1489392904380145        1.0000724152345353      -0.15296444583756988     
   1.8690000000000002E-004  0.54541504300742694        2.3965795800912773        1.1356614136998473        1.0000690882184373      -0.15898980463189824     
   1.8700000000000002E-004  0.54712333734546126        2.4186786314886124        1.1216632865253737        1.0000648518752069      -0.16472417204590448     
   1.8710000000000002E-004  0.54875214205566480        2.4421500491070827        1.1069469254494069        1.0000598556990032      -0.17014794289062052     
   1.8720000000000002E-004  0.55029629368154609        2.4670133532500333        1.0915176208221427        1.0000543183450310      -0.17524700922928915     
   1.8730000000000003E-004  0.55175113847968404        2.4932864085262736        1.0753839992933212        1.0000484976085919      -0.18001426068455154     
   1.8740000000000003E-004  0.55311252017515955        2.5209911477442475        1.0585580135575203        1.0000426331411951      -0.18444931352989077     
   1.8750000000000000E-004  0.55437663326030795        2.5501605663144655        1.0410550551839559        1.0000368738425798      -0.18855582888402911     
   1.8760000000000001E-004  0.55553977597261262        2.5808453396619644        1.0228944294219815        1.0000312199931829      -0.19233662369638918     
   1.8770000000000001E-004  0.55659807132640138        2.6131177487125292        1.0041003540454416        1.0000255196008703      -0.19578805430763907     
   1.8780000000000001E-004  0.55754724828595448        2.6470704377909868       0.98470342235255159        1.0000195440142712      -0.19889620395362576     
   1.8790000000000001E-004  0.55838259432819437        2.6828081447436709       0.96474217029756026        1.0000131268012948      -0.20163733585249435     
   1.8800000000000002E-004  0.55909918978291062        2.7204319658380083       0.94426418387281252        1.0000062893899364      -0.20398317054165138     
   1.8810000000000002E-004  0.55969244044706168        2.7600175984714692       0.92332625002897062       0.99999928387759396      -0.20590897557808180     
   1.8820000000000002E-004  0.56015875782944247        2.8015908159044756       0.90199336782778450       0.99999250247809601      -0.20740095827754568     
   1.8830000000000002E-004  0.56049612624285183        2.8451042766863868       0.88033691854922436       0.99998628771798559      -0.20845909399072465     
   1.8840000000000003E-004  0.56070425896805332        2.8904193822478170       0.85843261633958334       0.99998077152304898      -0.20909438715816758     
   1.8850000000000003E-004  0.56078419214145181        2.9372959944493786       0.83635878389867913       0.99997585136613742      -0.20932296672290315     
   1.8860000000000000E-004  0.56073747247623207        2.9853920967201510       0.81419513371735353       0.99997129730191969      -0.20916045483467391     
   1.8870000000000001E-004  0.56056536613207497        3.0342749000443749       0.79202192750806766       0.99996688097947850      -0.20861817129227739     
   1.8880000000000001E-004  0.56026849827933234        3.0834440056065286       0.76991935063176786       0.99996243473814861      -0.20770062445717075     
   1.8890000000000001E-004  0.55984700678809318        3.1323653891346463       0.74796703663481645       0.99995784493816098      -0.20640402670960728     
   1.8900000000000001E-004  0.55930098280457363        3.1805120824594937       0.72624363531876968       0.99995305378455479      -0.20471746643910710     
   1.8910000000000002E-004  0.55863097410479323        3.2274050610495255       0.70482616048130109       0.99994805167992729      -0.20262748075920556     
   1.8920000000000002E-004  0.55783843970455715        3.2726471410954829       0.68378893034978683       0.99994286875058713      -0.20012374309910522     
   1.8930000000000002E-004  0.55692607344507972        3.3159440731677279       0.66320211525474781       0.99993758578317848      -0.19720365217694780     
   1.8940000000000002E-004  0.55589790850769960        3.3571102222182247       0.64313009431956303       0.99993234355993854      -0.19387450520987110     
   1.8950000000000003E-004  0.55475914596466791        3.3960600826636700       0.62362994209072398       0.99992732224431036      -0.19015297255411906     
   1.8960000000000000E-004  0.55351573903987061        3.4327895922374534       0.60475037725374781       0.99992268872037049      -0.18606230412620200     
   1.8970000000000000E-004  0.55217386601551000        3.4673523855978718       0.58653140243700097       0.99991854104907296      -0.18162816267026280     
   1.8980000000000001E-004  0.55073947011164293        3.4998360018365045       0.56900467734208193       0.99991488880931145      -0.17687438343799225     
   1.8990000000000001E-004  0.54921800106435237        3.5303418720044739       0.55219447270445032       0.99991167004389347      -0.17181975066003499     
   1.9000000000000001E-004  0.54761438423195596        3.5589710852593814       0.53611894244527902       0.99990880629466639      -0.16647664587868463     
   1.9010000000000001E-004  0.54593315798478725        3.5858162509895131       0.52079140437782878       0.99990625671669242      -0.16085196601983517     
   1.9020000000000002E-004  0.54417869344897063        3.6109584960328469       0.50622139842432501       0.99990404622482321      -0.15494957864905942     
   1.9030000000000002E-004  0.54235540341482458        3.6344680053017271       0.49241542746184153       0.99990226342862709      -0.14877326679994748     
   1.9040000000000002E-004  0.54046787566440546        3.6564064483079957       0.47937740534067724       0.99990103675259745      -0.14232922111695570     
   1.9050000000000002E-004  0.53852090925151719        3.6768299362735721       0.46710890749687528       0.99990050241932227      -0.13562751385702670     
   1.9060000000000003E-004  0.53651946850828769        3.6957916115853102       0.45560933633759915       0.99990077625060458      -0.12868243188190950     
   1.9070000000000000E-004  0.53446858888588167        3.7133434288034035       0.44487609138691342       0.99990193604538880      -0.12151188057385233     
   1.9080000000000000E-004  0.53237327126178158        3.7295370462441895       0.43490479429745771       0.99990401590722955      -0.11413624077742925     
   1.9090000000000001E-004  0.53023839063811018        3.7444239682404294       0.42568957955090159       0.99990701003603577      -0.10657707639944566     
   1.9100000000000001E-004  0.52806863117620806        3.7580551738326875       0.41722343355059471       0.99991088173720399       -9.8855996306343022E-002
   1.9110000000000001E-004  0.52586844917413300        3.7704804726393437       0.40949855144782560       0.99991557365189154       -9.0993834419314246E-002
   1.9120000000000001E-004  0.52364205992871093        3.7817477827088108       0.40250668044239368       0.99992101656939292       -8.3010183798791506E-002
   1.9130000000000001E-004  0.52139344229604290        3.7919024616299861       0.39623942550246988       0.99992713566329217       -7.4923235616676784E-002
   1.9140000000000002E-004  0.51912635479689939        3.8009867623248486       0.39068850356496415       0.99993385417467340       -6.6749836177290106E-002
   1.9150000000000002E-004  0.51684435820762464        3.8090394385576456       0.38584594182082543       0.99994109511443463       -5.8505668212456126E-002
   1.9160000000000002E-004  0.51455084095761361        3.8160954953045199       0.38170422272109789       0.99994878169642543       -5.0205483382939280E-002
   1.9170000000000000E-004  0.51224904497700641        3.8221860617552892       0.37825638286644425       0.99995683720498596       -4.1863330566088340E-002
   1.9180000000000000E-004  0.50994209066866703        3.8273383586088805       0.37549607460177381       0.99996518468878803       -3.3492754238507963E-002
   1.9190000000000000E-004  0.50763300043275317        3.8315757302781037       0.37341759946886138       0.99997374676112660       -2.5106946127412051E-002
   1.9200000000000000E-004  0.50532472062513567        3.8349177162444175       0.37201592166632247       0.99998244561846328       -1.6718853339253922E-002
   1.9210000000000001E-004  0.50302014207883161        3.8373801408569417       0.37128666804766175       0.99999120325673763       -8.3412485357770138E-003
   1.9220000000000001E-004  0.50072211943927192        3.8389752060925364       0.37122611959676083       0.99999994185381336        1.3228771149191293E-005
   1.9230000000000001E-004  0.49843348960109374        3.8397115767343166       0.37183119756620586        1.0000085842438531        8.3320480291793134E-003
   1.9240000000000001E-004  0.49615708952595378        3.8395944526661268       0.37309944581149274        1.0000170544096383        1.6602769361972684E-002
   1.9250000000000002E-004  0.49389577369988880        3.8386256280732312       0.37502900933330652        1.0000252779249583        2.4813020645595200E-002
   1.9260000000000002E-004  0.49165243146474763        3.8368035422170195       0.37761860760481292        1.0000331822858175        3.2950460079477106E-002
   1.9270000000000002E-004  0.48943000442475787        3.8341233312368850       0.38086749988549051        1.0000406970782187        4.1002715216225449E-002
   1.9280000000000000E-004  0.48723150406699467        3.8305768953087984       0.38477543839429429        1.0000477539466561        4.8957290585236728E-002
   1.9290000000000000E-004  0.48506002961365774        3.8261530004897413       0.38934260407215748        1.0000542863841710        5.6801440463063402E-002
   1.9300000000000000E-004  0.48291878590564052        3.8208374389436184       0.39456951896231662        1.0000602294036609        6.4522009167830352E-002
   1.9310000000000000E-004  0.48081110077016820        3.8146132753606281       0.40045692884118655        1.0000655192352044        7.2105245681249694E-002
   1.9320000000000001E-004  0.47874044084678030        3.8074612090486681       0.40700565054513910        1.0000700934027154        7.9536618740438367E-002
   1.9330000000000001E-004  0.47671042423153875        3.7993600789204791       0.41421638069798167        1.0000738915045233        8.6800667853838345E-002
   1.9340000000000001E-004  0.47472482763127488        3.7902875282126374       0.42208946634209454        1.0000768572968097        9.3880946114401745E-002
   1.9350000000000001E-004  0.47278758512308533        3.7802208236805264       0.43062464399271350        1.0000789424464680       0.10076012137209055     
   1.9360000000000002E-004  0.47090277534395752        3.7691377907574655       0.43982076100566875        1.0000801122406917       0.10742030553665168     
   1.9370000000000002E-004  0.46907459427265691        3.7570177808041993       0.44967550086010982        1.0000803528613011       0.11384365962659447     
   1.9379999999999999E-004  0.46730731203160486        3.7438425343833455       0.46018513945801220        1.0000796790009363       0.12001327375636182     
   1.9390000000000000E-004  0.46560521448423847        3.7295967584742709       0.47134435933751073        1.0000781395623368       0.12591423501236843     
   1.9400000000000000E-004  0.46397253386851273        3.7142682154887989       0.48314613901636799        1.0000758183774121       0.13153468647161887     
   1.9410000000000000E-004  0.46241337708856567        3.6978471518514695       0.49558171317370076        1.0000728269333494       0.13686657626609564     
   1.9420000000000000E-004  0.46093166486706977        3.6803249941233815       0.50864056735096508        1.0000692875664987       0.14190574449515231     
   1.9430000000000001E-004  0.45953109830948857        3.6616924171022429       0.52231039561245884        1.0000653087129070       0.14665105620977556     
   1.9440000000000001E-004  0.45821516919375077        3.6419371217067944       0.53657692492500664        1.0000609580352169       0.15110250057726010     
   1.9450000000000001E-004  0.45698722356188154        3.6210419023456755       0.55142351341901774        1.0000562430444080       0.15525852922844471     
   1.9460000000000001E-004  0.45585057316189276        3.5989837587150006       0.56683047564020606        1.0000511100936951       0.15911331331234921     
   1.9470000000000002E-004  0.45480862593657889        3.5757348276790619       0.58277417813671928        1.0000454687745735       0.16265489025994831     
   1.9480000000000002E-004  0.45386498347670701        3.5512657127205465       0.59922605955072872        1.0000392384737495       0.16586509567271432     
   1.9489999999999999E-004  0.45302344752983059        3.5255513061397341       0.61615182017424530        1.0000324068769881       0.16872181080624934     
   1.9500000000000000E-004  0.45228788848019613        3.4985785137982983       0.63351105702454802        1.0000250721582622       0.17120324881638352     
   1.9510000000000000E-004  0.45166196566987482        3.4703546559935639       0.65125752576202534        1.0000174418548988       0.17329285436755007     
   1.9520000000000000E-004  0.45114875757416628        3.4409149527227889       0.66934001013285460        1.0000097793517131       0.17498287952341049     
   1.9530000000000000E-004  0.45075041796614040        3.4103276665502520       0.68770355782632697        1.0000023173666219       0.17627505000928778     
   1.9540000000000001E-004  0.45046799550467326        3.3786961546661978       0.70629071753561479       0.99999518218271755       0.17717805147773683     
   1.9550000000000001E-004  0.45030150915703776        3.3461579675998507       0.72504246805766126       0.99998836857570694       0.17770311196096425     
   1.9560000000000001E-004  0.45025026839586685        3.3128818077988917       0.74389873680173857       0.99998177627156637       0.17785976666367828     
   1.9570000000000001E-004  0.45031331398150398        3.2790633370467308       0.76279863463921604       0.99997528073188302       0.17765346067442284     
   1.9580000000000002E-004  0.45048979820588098        3.2449204430885423       0.78168064540063997       0.99996879545182404       0.17708534858466488     
   1.9589999999999999E-004  0.45077916040676957        3.2106879360977914       0.80048295883747966       0.99996229633764366       0.17615351742122429     
   1.9599999999999999E-004  0.45118105985280443        3.1766111482602710       0.81914399359909895       0.99995580855296873       0.17485452422346881     
   1.9610000000000000E-004  0.45169513608170730        3.1429378558520717       0.83760304688205056       0.99994938208491690       0.17318474282163648     
   1.9620000000000000E-004  0.45232070693722964        3.1099084333654421       0.85580098613642464       0.99994306691453327       0.17114140788900886     
   1.9630000000000000E-004  0.45305649766939088        3.0777450217380107       0.87368090870136161       0.99993690261250867       0.16872326252196670     
   1.9640000000000000E-004  0.45390045934398532        3.0466412880295159       0.89118874339981669       0.99993092790744342       0.16593106878602551     
   1.9650000000000001E-004  0.45484970650731821        3.0167546201003468       0.90827381640740701       0.99992519846481720       0.16276820592260807     
   1.9660000000000001E-004  0.45590058254717736        2.9882021805777530       0.92488940487036619       0.99991979731621805       0.15924131566718661     
   1.9670000000000001E-004  0.45704883714053551        2.9610613092458848       0.94099326048498599       0.99991482844197788       0.15536071032264309     
   1.9680000000000001E-004  0.45828987248167824        2.9353737257926440       0.95654803225285956       0.99991039618261335       0.15114018626544215     
   1.9690000000000002E-004  0.45961899707333725        2.9111522620753529       0.97152149372197927       0.99990658225464779       0.14659609068568660     
   1.9699999999999999E-004  0.46103162895191147        2.8883885902734932       0.98588650458997762       0.99990343239629187       0.14174582393904861     
   1.9709999999999999E-004  0.46252341265848385        2.8670605872569030       0.99962069746145676       0.99990095785328981       0.13660622226055680     
   1.9720000000000000E-004  0.46409024623919537        2.8471384280169474        1.0127059482066814       0.99989914884455700       0.13119232814074175     
   1.9730000000000000E-004  0.46572824140921504        2.8285890111690737        1.0251277286039862       0.99989798988961620       0.12551679802799318     
   1.9740000000000000E-004  0.46743364964857803        2.8113787641378689        1.0368744390573010       0.99989747355034542       0.11958996730337200     
   1.9750000000000003E-004  0.46920278706010687        2.7954751411082910        1.0479368048455251       0.99989760752301804       0.11342050625179625     
   1.9760000000000003E-004  0.47103197813309561        2.7808472169342071        1.0583073835640211       0.99989841369526788       0.10701636631999165     
   1.9770000000000003E-004  0.47291752618771599        2.7674657639507707        1.0679801926218808       0.99989992174119546       0.10038571753956974     
   1.9780000000000004E-004  0.47485570921288256        2.7553031173191567        1.0769504387089575       0.99990216064964155        9.3537666813911610E-002
   1.9790000000000001E-004  0.47684279461240547        2.7443330315038104        1.0852143188550740       0.99990515096701682        8.6482665033663447E-002
   1.9800000000000002E-004  0.47887506452746248        2.7345306355574177        1.0927688622911114       0.99990889939120431        7.9232608926181183E-002
   1.9810000000000002E-004  0.48094884406196275        2.7258725225720521        1.0996117891154729       0.99991339622587194        7.1800707402695188E-002
   1.9820000000000002E-004  0.48306052671554051        2.7183369624796345        1.1057413712167743       0.99991861530891002        6.4201205470833481E-002
   1.9830000000000002E-004  0.48520659359582174        2.7119042037337895        1.1111562896997040       0.99992451562994589        5.6449056292053150E-002
   1.9840000000000002E-004  0.48738362494086007        2.7065568225253642        1.1158554892289236       0.99993104387592702        4.8559607856819384E-002
   1.9850000000000003E-004  0.48958830392271074        2.7022800834061318        1.1198380334715796       0.99993813712385149        4.0548345979586495E-002
   1.9860000000000003E-004  0.49181741351189312        2.6990622857166926        1.1231029668105013       0.99994572533678183        3.2430710883237589E-002
   1.9870000000000003E-004  0.49406782758306117        2.6968950795048769        1.1256491874351704       0.99995373338358651        2.4221989551064135E-002
   1.9880000000000003E-004  0.49633649747541309        2.6957737430020590        1.1274753356230236       0.99996208257556474        1.5937272127833465E-002
   1.9890000000000001E-004  0.49862043509956233        2.6956974193644001        1.1285796998159607       0.99997069177240283        7.5914602522455642E-003
   1.9900000000000001E-004  0.50091669347824253        2.6966693137802977        1.1289601420701298       0.99997947815419674       -8.0068714871546996E-004
   1.9910000000000001E-004  0.50322234539489308        2.6986968533535318        1.1286140437328762       0.99998835777354500       -9.2244830905144175E-003
   1.9920000000000002E-004  0.50553446066498453        2.7017918118815665        1.1275382719122062       0.99999724598811046       -1.7665226625670678E-002
   1.9930000000000002E-004  0.50785008246709396        2.7059704004447394        1.1257291673386647        1.0000060578621057       -2.6108109833371172E-002
   1.9940000000000002E-004  0.51016620319572314        2.7112533233385729        1.1231825544323544        1.0000147086201765       -3.4538125093957601E-002
   1.9950000000000002E-004  0.51247974043946520        2.7176657982153518        1.1198937746117372        1.0000231142423035       -4.2939980930307077E-002
   1.9960000000000003E-004  0.51478751394713407        2.7252375411033025        1.1158577439263699        1.0000311922990976       -5.1298037402545599E-002
   1.9970000000000003E-004  0.51708622480212085        2.7340027196243781        1.1110690357766670        1.0000388631539399       -5.9596274924709994E-002
   1.9980000000000003E-004  0.51937243842837788        2.7439998798708327        1.1055219887901726        1.0000460516726313       -6.7818312317200591E-002
   1.9990000000000003E-004  0.52164257342672338        2.7552718621496695        1.0992108385765960        1.0000526895478674       -7.5947495689988070E-002
   2.0000000000000001E-004  0.52389289840857611        2.7678657326865483        1.0921298705987137        1.0000587181856488       -8.3967071473550009E-002
   2.0010000000000001E-004  0.52611953868902850        2.7818327704195518        1.0842735898807052        1.0000640920505854       -9.1860455393360602E-002
   2.0020000000000001E-004  0.52831849374423157        2.7972285564063561        1.0756369025496897        1.0000687819765210       -9.9611585527248886E-002
   2.0030000000000002E-004  0.53048566443361767        2.8141132115609508        1.0662153051697718        1.0000727777113627      -0.10720532684821117     
   2.0040000000000002E-004  0.53261688609720981        2.8325518062881017        1.0560050816432762        1.0000760887396891      -0.11462785833968889     
   2.0050000000000002E-004  0.53470795980941865        2.8526149118336441        1.0450035144942094        1.0000787423724571      -0.12186694440016534     
   2.0060000000000002E-004  0.53675467042790470        2.8743791663640792        1.0332091274423520        1.0000807785300045      -0.12891197613276381     
   2.0070000000000003E-004  0.53875277879715611        2.8979275822333452        1.0206219873908693        1.0000822415261694      -0.13575367909486052     
   2.0080000000000003E-004  0.54069797841391476        2.9233491302585630        1.0072441025792889        1.0000831703934228      -0.14238343385240540     
   2.0090000000000003E-004  0.54258581555171514        2.9507369265722829       0.99307995445865827        1.0000835906221834      -0.14879224798434795     
   2.0100000000000001E-004  0.54441158623122987        2.9801841634996382       0.97813718797191229        1.0000835107282144      -0.15496954173816627     
   2.0110000000000001E-004  0.54617024033289130        3.0117768603522279       0.96242745548520536        1.0000829257369885      -0.16090202333038800     
   2.0120000000000001E-004  0.54785633013992829        3.0455826927723386       0.94596736874249143        1.0000818264450884      -0.16657295876588488     
   2.0130000000000001E-004  0.54946402164379637        3.0816357220691941       0.92877946626024610        1.0000802119784595      -0.17196217856822690     
   2.0140000000000002E-004  0.55098717989632007        3.1199178873468032       0.91089306636517142        1.0000781000440495      -0.17704703063030949     
   2.0150000000000002E-004  0.55241952745238865        3.1603396307040068       0.89234485956945997        1.0000755312424243      -0.18180434936768816     
   2.0160000000000002E-004  0.55375486789429118        3.2027236004535755       0.87317912404521292        1.0000725625026770      -0.18621298636287578     
   2.0170000000000002E-004  0.55498738625544441        3.2467962993167383       0.85344753089142744        1.0000692557531892      -0.19025606551953053     
   2.0180000000000003E-004  0.55611201852521086        3.2921921272733083       0.83320859145792525        1.0000656752478509      -0.19392220488229472     
   2.0190000000000003E-004  0.55712479784786351        3.3384720379383221       0.81252682932235942        1.0000619039909469      -0.19720561473639284     
   2.0200000000000003E-004  0.55802298752292756        3.3851551234440311       0.79147172093381346        1.0000580667600036      -0.20010569147410487     
   2.0210000000000001E-004  0.55880483016681171        3.4317572157169707       0.77011642979620709        1.0000543140724756      -0.20262636521971367     
   2.0220000000000001E-004  0.55946894694684979        3.4778284086243065       0.74853646527255435        1.0000507441411675      -0.20477438338463422     
   2.0230000000000001E-004  0.56001366723614732        3.5229825319910848       0.72680856185039777        1.0000472745650038      -0.20655521747300329     
   2.0240000000000001E-004  0.56043660874010548        3.5669150915517331       0.70501015527292266        1.0000435766069224      -0.20796653725678835     
   2.0250000000000002E-004  0.56073470871294950        3.6094102216368320       0.68321947528909488        1.0000391922764424      -0.20899360372587647     
   2.0260000000000002E-004  0.56090471539549336        3.6503394390706152       0.66151568138916716        1.0000337788091456      -0.20961119270757383     
   2.0270000000000002E-004  0.56094395908127426        3.6896544116716488       0.63997822567509044        1.0000273156227970      -0.20979259547948928     
   2.0280000000000002E-004  0.56085109629312091        3.7273742695923762       0.61868500454050390        1.0000201240863920      -0.20952115280069430     
   2.0290000000000003E-004  0.56062652532135304        3.7635674906885406       0.59770962181974230        1.0000126847444875      -0.20879768331033716     
   2.0300000000000003E-004  0.56027230944497586        3.7983297060959345       0.57711868023348056        1.0000053817654162      -0.20763972248112636     
   2.0310000000000000E-004  0.55979165886489801        3.8317607370654354       0.55697004228621283       0.99999833434716945      -0.20607349234252303     
   2.0320000000000001E-004  0.55918820737019759        3.8639451231034609       0.53731250382428930       0.99999140007649423      -0.20412341310989876     
   2.0330000000000001E-004  0.55846537524826789        3.8949396916570187       0.51818665887801807       0.99998431108786323      -0.20180457951531500     
   2.0340000000000001E-004  0.55762606453642705        3.9247696393230083       0.49962632562861353       0.99997683574793583      -0.19912077145676640     
   2.0350000000000001E-004  0.55667274970373459        3.9534322678069405       0.48165989680170607       0.99996889109051046      -0.19606749503454265     
   2.0360000000000002E-004  0.55560784531351648        3.9809058997200779       0.46431122691249588       0.99996057446045927      -0.19263775847057296     
   2.0370000000000002E-004  0.55443416229307507        4.0071608658087694       0.44759999140773293       0.99995212103500875      -0.18882776444998953     
   2.0380000000000002E-004  0.55315528807023617        4.0321697390012403       0.43154169902919248       0.99994382565358764      -0.18464047526756860     
   2.0390000000000002E-004  0.55177577706496383        4.0559149158515098       0.41614762448203929       0.99993597058016970      -0.18008647997439176     
   2.0400000000000003E-004  0.55030110098979523        4.0783927931320232       0.40142487111717157       0.99992878232065596      -0.17518280011702059     
   2.0410000000000003E-004  0.54873739666689192        4.0996147613504288       0.38737665516127734       0.99992241734394882      -0.16995067179916307     
   2.0420000000000000E-004  0.54709111493937845        4.1196058098217545       0.37400280146244225       0.99991696711131661      -0.16441315901589504     
   2.0430000000000001E-004  0.54536868161544128        4.1384017091273666       0.36130038289795663       0.99991247300113983      -0.15859313753615428     
   2.0440000000000001E-004  0.54357624459435738        4.1560456333237319       0.34926441728690288       0.99990894399558194      -0.15251190950068275     
   2.0450000000000001E-004  0.54171953271491025        4.1725848532144472       0.33788854300034682       0.99990637241858527      -0.14618850707238829     
   2.0460000000000001E-004  0.53980381556282897        4.1880678823304933       0.32716561516057541       0.99990474501014592      -0.13963959547201574     
   2.0470000000000002E-004  0.53783393574463811        4.2025422475438550       0.31708818952614937       0.99990404861256210      -0.13287979912878531     
   2.0480000000000002E-004  0.53581438176012730        4.2160529087073630       0.30764888417498848       0.99990427133254822      -0.12592225365424400     
   2.0490000000000002E-004  0.53374937445817539        4.2286412648177265       0.29884062616637325       0.99990540078801426      -0.11877921388586946     
   2.0500000000000002E-004  0.53164294780337240        4.2403446441099693       0.29065680047031806       0.99990742111707243      -0.11146260022756584     
   2.0510000000000003E-004  0.52949901232913776        4.2511961651563457       0.28309132240434109       0.99991031002656539      -0.10398442095598599     
   2.0520000000000000E-004  0.52732139697274460        4.2612248624490352       0.27613865445056229       0.99991403661384926       -9.6357051609584063E-002
   2.0530000000000000E-004  0.52511387066485316        4.2704559845496952       0.26979378557596401       0.99991856022134706       -8.8593380779173850E-002
   2.0540000000000001E-004  0.52288014829715956        4.2789113903773455       0.26405218753132953       0.99992383031935717       -8.0706848766315439E-002
   2.0550000000000001E-004  0.52062388682855509        4.2866099866069263       0.25890975897461910       0.99992978724877613       -7.2711409479093728E-002
   2.0560000000000001E-004  0.51834867692515074        4.2935681651129887       0.25436276494710996       0.99993636347476911       -6.4621446537517141E-002
   2.0570000000000001E-004  0.51605803435516429        4.2998002129070283       0.25040777677014986       0.99994348518610865       -5.6451669063269067E-002
   2.0580000000000002E-004  0.51375539399063730        4.3053186781905044       0.24704161530723090       0.99995107388638782       -4.8217006415063768E-002
   2.0590000000000002E-004  0.51144410793941586        4.3101346843754769       0.24426129941214042       0.99995904791625312       -3.9932512833811655E-002
   2.0600000000000002E-004  0.50912744831122547        4.3142581901312713       0.24206400025376901       0.99996732373402031       -3.1613291700526749E-002
   2.0610000000000002E-004  0.50680861440132519        4.3176981971177941       0.24044700180976047       0.99997581692587190       -2.3274437838332610E-002
   2.0620000000000002E-004  0.50449074361781199        4.3204629082507449       0.23940766753081538       0.99998444296167888       -1.4930998420525437E-002
   2.0630000000000000E-004  0.50217692524826896        4.3225598414337298       0.23894341297886063       0.99999311772296529       -6.5979494979495406E-003
   2.0640000000000000E-004  0.49987021604738252        4.3239959045118308       0.23905168428106416        1.0000017578662255        1.7098171139815039E-003
   2.0650000000000000E-004  0.49757365660716835        4.3247774355502937       0.23972994227100561        1.0000102810883811        9.9775017597093004E-003
   2.0660000000000001E-004  0.49529028750628989        4.3249102111478486       0.24097565223990258        1.0000186063658725        1.8190404918073274E-002
   2.0670000000000001E-004  0.49302316429217535        4.3243994241645751       0.24278627929307278        1.0000266542385239        2.6333940438247081E-002
   2.0680000000000001E-004  0.49077537042032321        4.3232496310388022       0.24515928938222870        1.0000343472032027        3.4393658892518754E-002
   2.0690000000000001E-004  0.48855002736611297        4.3214646679308899       0.24809215614056071        1.0000416102703558        4.2355285210648866E-002
   2.0700000000000002E-004  0.48635030125479750        4.3190475343744819       0.25158237367115210        1.0000483717210509        5.0204773932836039E-002
   2.0710000000000002E-004  0.48417940555416455        4.3160002430507323       0.25562747542007591        1.0000545640748435        5.7928384178816468E-002
   2.0720000000000002E-004  0.48204059966814611        4.3123236348845602       0.26022505904891458        1.0000601252161345        6.5512771802922323E-002
   2.0730000000000000E-004  0.47993718368439320        4.3080171600343373       0.26537281673633017        1.0000649996290110        7.2945093828868393E-002
   2.0740000000000000E-004  0.47787249011810895        4.3030786272755588       0.27106856981037958        1.0000691396004717        8.0213118334307956E-002
   2.0750000000000000E-004  0.47584987417341773        4.2975039271641347       0.27731030541398177        1.0000725061684785        8.7305320985762547E-002
   2.0760000000000000E-004  0.47387270486637068        4.2912867394052778       0.28409621138606922        1.0000750696677407        9.4210950934599719E-002
   2.0770000000000001E-004  0.47194436014273083        4.2844182415315419       0.29142470362714085        1.0000768095521744       0.10092003835250399     
   2.0780000000000001E-004  0.47006822968473544        4.2768868449259205       0.29929443773447956        1.0000777133981991       0.10742331712278258     
   2.0790000000000001E-004  0.46824772911492907        4.2686779952923732       0.30770429420374323        1.0000777749417036       0.11371203585605628     
   2.0800000000000001E-004  0.46648632845477955        4.2597740882135344       0.31665332416482911        1.0000769913455783       0.11977764260564210     
   2.0810000000000002E-004  0.46478759550015342        4.2501545655709165       0.32614064128880371        1.0000753601206946       0.12561134464067902     
   2.0820000000000002E-004  0.46315525109402977        4.2397962733401364       0.33616524602462261        1.0000728764344664       0.13120357483139189     
   2.0830000000000002E-004  0.46159322813844905        4.2286741717957241       0.34672577165847751        1.0000695319012578       0.13654343270480407     
   2.0840000000000000E-004  0.46010572029864127        4.2167624890753661       0.35782014878008894        1.0000653160584034       0.14161820726056479     
   2.0850000000000000E-004  0.45869720123593866        4.2040363894677242       0.36944519587408620        1.0000602215215160       0.14641312053987424     
   2.0860000000000000E-004  0.45737239313534389        4.1904741781765793       0.38159615825767162        1.0000542531495915       0.15091144070901538     
   2.0870000000000000E-004  0.45613616693965020        4.1760599757288901       0.39426623322875970        1.0000474403442103       0.15509508491112309     
   2.0880000000000001E-004  0.45499336803608353        4.1607866650769676       0.40744613222890758        1.0000398500981431       0.15894575607385497     
   2.0890000000000001E-004  0.45394857992571475        4.1446587549287734       0.42112373604744341        1.0000315969071378       0.16244653283113486     
   2.0900000000000001E-004  0.45300586171495894        4.1276946468968152       0.43528389128324113        1.0000228450000694       0.16558367631924961     
   2.0910000000000001E-004  0.45216851602721159        4.1099276953109829       0.44990837252699317        1.0000137991447418       0.16834827496414650     
   2.0920000000000002E-004  0.45143895252602811        4.0914054717484838       0.46497599641335718        1.0000046828718887       0.17073726989187230     
   2.0930000000000002E-004  0.45081870137143293        4.0721868457297621       0.48046282844795196       0.99999570668244575       0.17275344352935756     
   2.0939999999999999E-004  0.45030859647652444        4.0523368859846443       0.49634238267675013       0.99998703147257872       0.17440409159754131     
   2.0950000000000000E-004  0.44990909592736644        4.0319201179084629       0.51258569073215599       0.99997873672312099       0.17569837385195428     
   2.0960000000000000E-004  0.44962065287931857        4.0109932106976842       0.52916112891990863       0.99997080451894516       0.17664375381865399     
   2.0970000000000000E-004  0.44944401697610503        3.9895985462209733       0.54603395239237262       0.99996313026465700       0.17724239794977645     
   2.0980000000000000E-004  0.44938035121352482        3.9677601759571139       0.56316559459828386       0.99995556457561774       0.17748875167648431     
   2.0990000000000001E-004  0.44943109653646041        3.9454833107158045       0.58051292227792539       0.99994797980137518       0.17736947813667561     
   2.1000000000000001E-004  0.44959759858749954        3.9227577309526716       0.59802773949886834       0.99994034073056337       0.17686637612436831     
   2.1010000000000001E-004  0.44988060482998177        3.8995645198965079       0.61565684571359192       0.99993274966525580       0.17596182032539012     
   2.1020000000000001E-004  0.45027980962781294        3.8758846057844885       0.63334283397558644       0.99992544021490926       0.17464509336971393     
   2.1030000000000002E-004  0.45079362578179499        3.8517071259274971       0.65102558444666725       0.99991871220056361       0.17291725318179446     
   2.1040000000000002E-004  0.45141927801112491        3.8270358737793302       0.66864414538686223       0.99991282818182969       0.17079237299099284     
   2.1049999999999999E-004  0.45215318281834782        3.8018930150654917       0.68613852130007102       0.99990791720133931       0.16829431029614392     
   2.1060000000000000E-004  0.45299146328210044        3.7763204338424252       0.70345090798366261       0.99990393092206542       0.16545006835857545     
   2.1070000000000000E-004  0.45393040539721757        3.7503798807196826       0.72052613435859614       0.99990067338550914       0.16228235171891273     
   2.1080000000000000E-004  0.45496670840016573        3.7241531196585083       0.73731139486178365       0.99989788914409261       0.15880429847315305     
   2.1090000000000000E-004  0.45609748207779932        3.6977425549166956       0.75375562900066140       0.99989536648461130       0.15501832446168184     
   2.1100000000000001E-004  0.45732004684388855        3.6712718538625690       0.76980899923089985       0.99989301048178680       0.15091914572072312     
   2.1110000000000001E-004  0.45863165274764173        3.6448854512723088       0.78542280603990533       0.99989085941209632       0.14649929728374583     
   2.1120000000000001E-004  0.46002923549767527        3.6187458666448578       0.80054993497399829       0.99988904790084654       0.14175469385099904     
   2.1130000000000001E-004  0.46150928485443804        3.5930284322871469       0.81514568167165347       0.99988774145102766       0.13668813176539374     
   2.1140000000000002E-004  0.46306783826954362        3.5679139389064325       0.82916866022130653       0.99988707919565400       0.13130994642394705     
   2.1149999999999999E-004  0.46470057033254841        3.5435803735709825       0.84258152412605147       0.99988714324078776       0.12563643410726869     
   2.1159999999999999E-004  0.46640293295236079        3.5201951284043886       0.85535134278681380       0.99988795633535787       0.11968716367099937     
   2.1170000000000000E-004  0.46817030214101540        3.4979088202505633       0.86744961179435698       0.99988949891812873       0.11348235971758756     
   2.1180000000000000E-004  0.46999810186854973        3.4768513428550811       0.87885197703673312       0.99989173167258139       0.10704109551376065     
   2.1190000000000000E-004  0.47188189151509274        3.4571302271216986       0.88953779266459154       0.99989461342674624       0.10038048247569602     
   2.1200000000000000E-004  0.47381741615473888        3.4388309852278223       0.89948962233808694       0.99989811052077016        9.3515662446478423E-002
   2.1210000000000001E-004  0.47580062621404046        3.4220189113457433       0.90869275760140988       0.99990219848966255        8.6460260220530522E-002
   2.1220000000000001E-004  0.47782767561075079        3.4067417783984126       0.91713478911475743       0.99990685908136911        7.9226979753801524E-002
   2.1230000000000001E-004  0.47989490698869769        3.3930329453325641       0.92480523855534136       0.99991207566173301        7.1828137340390688E-002
   2.1240000000000001E-004  0.48199883071494548        3.3809145123825601       0.93169524419779637       0.99991782902698123        6.4276039385495268E-002
   2.1250000000000002E-004  0.48413610203908591        3.3704002894608092       0.93779728873096957       0.99992409452246922        5.6583195530030918E-002
   2.1259999999999999E-004  0.48630349889350521        3.3614984489371427       0.94310495930481886       0.99993084060105086        4.8762401307578647E-002
   2.1269999999999999E-004  0.48849790144197258        3.3542138116548976       0.94761273347733244       0.99993802849782787        4.0826736414528601E-002
   2.1280000000000000E-004  0.49071627365342574        3.3485497657334893       0.95131578839002884       0.99994561263398996        3.2789521200764185E-002
   2.1290000000000000E-004  0.49295564671865083        3.3445098421366168       0.95420983307626206       0.99995354140975778        2.4664260691570780E-002
   2.1300000000000000E-004  0.49521310395426477        3.3420989781563968       0.95629096514581124       0.99996175818239696        1.6464592695803925E-002
   2.1310000000000000E-004  0.49748576679931045        3.3413244981104011       0.95755555358389499       0.99997020231742551        8.2042469600443445E-003
   2.1320000000000001E-004  0.49977078155541621        3.3421968330376597       0.95800014934271338       0.99997881027422175       -1.0298425842257925E-004
   2.1330000000000001E-004  0.50206530660628679        3.3447299910728017       0.95762142516139526       0.99998751672084052       -8.4432664881414297E-003
   2.1340000000000001E-004  0.50436649992288640        3.3489417782633435       0.95641614583117618       0.99999625568070893       -1.6802737180906215E-002
   2.1350000000000001E-004  0.50667150668471972        3.3548537563011962       0.95438116999929812        1.0000049617107305       -2.5167516391354935E-002
   2.1359999999999999E-004  0.50897744679393442        3.3624909093118838       0.95151348456655460        1.0000135711040021       -3.3523716250041240E-002
   2.1369999999999999E-004  0.51128140191246463        3.3718809770835332       0.94781027270723406        1.0000220231059116       -4.1857451404761048E-002
   2.1379999999999999E-004  0.51358040142474570        3.3830533986156333       0.94326901643669558        1.0000302611266827       -5.0154853066082673E-002
   2.1390000000000000E-004  0.51587140646172358        3.3960378002879263       0.93788763441293188        1.0000382339263616       -5.8402089737068556E-002
   2.1400000000000000E-004  0.51815129090499012        3.4108619540178076       0.93166465528051501        1.0000458967480428       -6.6585395840407083E-002
   2.1410000000000000E-004  0.52041681822178698        3.4275491325540752       0.92459942670981377        1.0000532122853079       -7.4691104271560838E-002
   2.1420000000000000E-004  0.52266461320204627        3.4461148091280247       0.91669236075185068        1.0000601512254843       -8.2705668455913650E-002
   2.1430000000000000E-004  0.52489112830823015        3.4665626917149446       0.90794521788785976        1.0000666919549925       -9.0615642400436403E-002
   2.1440000000000001E-004  0.52709260530665358        3.4888801600248414       0.89836143554133274        1.0000728188615582       -9.8407568986112956E-002
   2.1450000000000001E-004  0.52926503405203751        3.5130332945967826       0.88794651146948722        1.0000785188187475      -0.10606771844138901     
   2.1460000000000001E-004  0.53140411129717280        3.5389618542634320       0.87670845609216541        1.0000837759906680      -0.11358163817739650     
   2.1469999999999999E-004  0.53350520326844864        3.5665747575296116       0.86465832627077643        1.0000885662762744      -0.12093354159468310     
   2.1479999999999999E-004  0.53556331859547179        3.5957468145307221       0.85181084058546630        1.0000928541685885      -0.12810567818631219     
   2.1489999999999999E-004  0.53757310411181480        3.6263175669942811       0.83818504865043875        1.0000965956905183      -0.13507795917914070     
   2.1499999999999999E-004  0.53952888457738812        3.6580930242934144       0.82380498652598455        1.0000997500482043      -0.14182818614956677     
   2.1510000000000000E-004  0.54142477306791015        3.6908507934713217       0.80870020885629545        1.0001022992422302      -0.14833316185795037     
   2.1520000000000000E-004  0.54325487059494693        3.7243486221256603       0.79290606685468712        1.0001042693891149      -0.15457069966123829     
   2.1530000000000000E-004  0.54501354043671468        3.7583357364007011       0.77646362302303273        1.0001057428124687      -0.16052213524560816     
   2.1540000000000000E-004  0.54669568550962400        3.7925657946076043       0.75941916881686999        1.0001068510256508      -0.16617457118670095     
   2.1550000000000001E-004  0.54829690832011102        3.8268100078363592       0.74182342449740057        1.0001077411196611      -0.17152190972152745     
   2.1560000000000001E-004  0.54981342320925819        3.8608690437929560       0.72373062979089453        1.0001085189455738      -0.17656372775630597     
   2.1570000000000001E-004  0.55124167396772972        3.8945827029898190       0.70519780103356822        1.0001091925606820      -0.18130187334038969     
   2.1579999999999999E-004  0.55257776250395507        3.9278366908612945       0.68628437800544151        1.0001096376251042      -0.18573553960944647     
   2.1589999999999999E-004  0.55381693502859219        3.9605658810268380       0.66705232205326426        1.0001096056594372      -0.18985636736790601     
   2.1599999999999999E-004  0.55495341599596293        3.9927533828879458       0.64756649299792146        1.0001087843041589      -0.19364558293504663     
   2.1609999999999999E-004  0.55598076258153806        4.0244247307988807       0.62789491527625463        1.0001068978857044      -0.19707494738441511     
   2.1620000000000000E-004  0.55689267177358937        4.0556369261335004       0.60810846145442166        1.0001038127391444      -0.20011206918773689     
   2.1630000000000000E-004  0.55768393925572124        4.0864630148144681       0.58827962812648071        1.0000995956085013      -0.20272862493525204     
   2.1640000000000000E-004  0.55835117379059496        4.1169741831916387       0.56848044078428828        1.0000944892992425      -0.20490823221234419     
   2.1650000000000000E-004  0.55889295351072632        4.1472224453405033       0.54877993211559506        1.0000888118700013      -0.20665045873078153     
   2.1660000000000001E-004  0.55930935224246925        4.1772272486426232       0.52924186566068587        1.0000828229614855      -0.20796907232854245     
   2.1670000000000001E-004  0.55960107267400283        4.2069684792776219       0.50992330473929837        1.0000766131917627      -0.20888513041766860     
   2.1679999999999998E-004  0.55976858695740106        4.2363867465337002       0.49087430250293812        1.0000700663821744      -0.20941776022178465     
   2.1689999999999999E-004  0.55981161928483658        4.2653901976523265       0.47213856748591831        1.0000629129759433      -0.20957645516878398     
   2.1699999999999999E-004  0.55972910608551552        4.2938659770266288       0.45375463844244079        1.0000548488023697      -0.20935784120345802     
   2.1709999999999999E-004  0.55951957551835840        4.3216939129618694       0.43575701496165398        1.0000456664506741      -0.20874774861963832     
   2.1719999999999999E-004  0.55918177069125674        4.3487599933782164       0.41817683866741229        1.0000353444482279      -0.20772720583239140     
   2.1730000000000000E-004  0.55871529935505437        4.3749675554805325       0.40104199689265618        1.0000240664579962      -0.20627972476584439     
   2.1740000000000000E-004  0.55812110536786419        4.4002447719844184       0.38437678299150657        1.0000121716713226      -0.20439723674771657     
   2.1750000000000000E-004  0.55740164070422160        4.4245478621259249       0.36820139767489296        1.0000000645230420      -0.20208296031520978     
   2.1760000000000000E-004  0.55656073502991854        4.4478603058562900       0.35253158702030990       0.99998812095975453      -0.19935080795387841     
   2.1770000000000001E-004  0.55560325150870338        4.4701889895420397       0.33737861738741914       0.99997662512445584      -0.19622215500631160     
   2.1780000000000001E-004  0.55453465600195961        4.4915585398748483       0.32274964288548008       0.99996575001293597      -0.19272148948146337     
   2.1789999999999998E-004  0.55336061384978030        4.5120050815069170       0.30864839266798216       0.99995557549770975      -0.18887242085252695     
   2.1799999999999999E-004  0.55208668520840809        4.5315703897065696       0.29507603213266104       0.99994612609929989      -0.18469502011754024     
   2.1809999999999999E-004  0.55071814395758012        4.5502970434366965       0.28203204104541901       0.99993740957937005      -0.18020478478377797     
   2.1819999999999999E-004  0.54925991457581425        4.5682248431289789       0.26951498615127201       0.99992944410599149      -0.17541297996216559     
   2.1829999999999999E-004  0.54771660451763382        4.5853885009205992       0.25752312022741813       0.99992227003136647      -0.17032782959873549     
   2.1840000000000000E-004  0.54609259712702884        4.6018164512215716       0.24605479105714570       0.99991594880361523      -0.16495601533076759     
   2.1850000000000000E-004  0.54439216677536040        4.6175305538692779       0.23510867963250454       0.99991055401452589      -0.15930407197971705     
   2.1860000000000000E-004  0.54261958448428038        4.6325464457057155       0.22468390499465279       0.99990615956574558      -0.15337944470798523     
   2.1870000000000000E-004  0.54077919417437836        4.6468743141317983       0.21478003712990876       0.99990282864178348      -0.14719112813284982     
   2.1880000000000001E-004  0.53887545187259756        4.6605199005723623       0.20539705466248359       0.99990060561577776      -0.14074991654084451     
   2.1889999999999998E-004  0.53691292952807756        4.6734855824225345       0.19653527543431309       0.99989951162735491      -0.13406835405776696     
   2.1899999999999998E-004  0.53489629067478095        4.6857714234360781       0.18819527877114511       0.99989954357433175      -0.12716049226025913     
   2.1909999999999999E-004  0.53283024750121477        4.6973761184491369       0.18037783018452658       0.99990067570087215      -0.12004155365048022     
   2.1919999999999999E-004  0.53071950887909480        4.7082977878331214       0.17308381325686595       0.99990286280377683      -0.11272757643453574     
   2.1929999999999999E-004  0.52856872753048867        4.7185346021482797       0.16631416973585067       0.99990604420059070      -0.10523508957036760     
   2.1939999999999999E-004  0.52638245251263782        4.7280852366308110       0.16006984695555393       0.99991014778336840       -9.7580842531643022E-002
   2.1950000000000005E-004  0.52416509104110220        4.7369491689173948       0.15435175098577814       0.99991509368525511       -8.9781597869665095E-002
   2.1960000000000003E-004  0.52192088166765849        4.7451268421442361       0.14916070403587406       0.99992079743542850       -8.1853984528372295E-002
   2.1970000000000003E-004  0.51965387914132621        4.7526197199247484       0.14449740501800151       0.99992717245162155       -7.3814400903148808E-002
   2.1980000000000003E-004  0.51736794999797675        4.7594302606703387       0.14036239264348313       0.99993413192700353       -6.5678960615577972E-002
   2.1990000000000003E-004  0.51506677722334837        4.7655618369036450       0.13675601085620870       0.99994159016749551       -5.7463468093669375E-002
   2.2000000000000003E-004  0.51275387198669642        4.7710186218788593       0.13367837664521851       0.99994946346462243       -4.9183418395456181E-002
   2.2010000000000004E-004  0.51043259052205359        4.7758054616097194       0.13112935041920987       0.99995767057205820       -4.0854012370313893E-002
   2.2020000000000004E-004  0.50810615448544072        4.7799277459995011       0.12910850924441281       0.99996613288608982       -3.2490182786191424E-002
   2.2030000000000004E-004  0.50577767343304036        4.7833912882391836       0.12761512315942936       0.99997477437972804       -2.4106627617533238E-002
   2.2040000000000004E-004  0.50345016843341650        4.7862022180800352       0.12664813476930592       0.99998352136208424       -1.5717847163299523E-002
   2.2050000000000005E-004  0.50112659613000343        4.7883668937149562       0.12620614232813365       0.99999230212644818       -7.3381829970974701E-003
   2.2060000000000002E-004  0.49880987282012940        4.7898918343155046       0.12628738640436538        1.0000010465236222        1.0181425263632972E-003
   2.2070000000000002E-004  0.49650289827864602        4.7907836733736158       0.12688974012781620        1.0000096854993912        9.3369871836442974E-003
   2.2080000000000003E-004  0.49420857912685717        4.7910491322363598       0.12801070295354977        1.0000181506335026        1.7604251069249604E-002
   2.2090000000000003E-004  0.49192985154543600        4.7906950127794161       0.12964739782868093        1.0000263737167223        2.5805841008855371E-002
   2.2100000000000003E-004  0.48966970306435109        4.7897282078158856       0.13179657161869390        1.0000342864038121        3.3927638443799563E-002
   2.2110000000000003E-004  0.48743119304236820        4.7881557274200492       0.13445459864526263        1.0000418199831724        4.1955472474668812E-002
   2.2120000000000004E-004  0.48521747128158882        4.7859847387477306       0.13761748721168066        1.0000489053072232        4.9875100279969380E-002
   2.2130000000000004E-004  0.48303179402277241        4.7832226161202449       0.14128088903560157        1.0000554729275644        5.7672197456983064E-002
   2.2140000000000004E-004  0.48087753637101843        4.7798769971126625       0.14544011155954095        1.0000614534809398        6.5332361144088302E-002
   2.2150000000000004E-004  0.47875820002124148        4.7759558392266026       0.15009013321636150        1.0000667783761823        7.2841129764482815E-002
   2.2160000000000005E-004  0.47667741500993599        4.7714674709352920       0.15522562184314109        1.0000713807961286        8.0184022276163738E-002
   2.2170000000000002E-004  0.47463893425521225        4.7664206288600486       0.16084095636275714        1.0000751970332924        8.7346598572262291E-002
   2.2180000000000002E-004  0.47264661980108413        4.7608244698371767       0.16693025194921549        1.0000781681499729        9.4314545906316508E-002
   2.2190000000000003E-004  0.47070442008605023        4.7546885461538224       0.17348738872929584        1.0000802418855939       0.10107378884960187     
   2.2200000000000003E-004  0.46881633831800762        4.7480227314011270       0.18050604403589959        1.0000813747864232       0.10761062642357996     
   2.2210000000000003E-004  0.46698639304360656        4.7408370846489305       0.18797972790031439        1.0000815343881226       0.11391189015926556     
   2.2220000000000003E-004  0.46521857334740790        4.7331416416386407       0.19590182118471466        1.0000807012796413       0.11996512115564875     
   2.2230000000000004E-004  0.46351679256432127        4.7249461244610789       0.20426561509073132        1.0000788708941388       0.12575875505615719     
   2.2240000000000004E-004  0.46188484577007122        4.7162595655717130       0.21306435002765439        1.0000760546678251       0.13128230062459104     
   2.2250000000000004E-004  0.46032637727185316        4.7070898486687884       0.22229125058651722        1.0000722803235189       0.13652649099835734     
   2.2260000000000004E-004  0.45884486446306172        4.6974431781937138       0.23193955167651431        1.0000675909747301       0.14148337717250833     
   2.2270000000000005E-004  0.45744362337274486        4.6873235014423713       0.24200250865985093        1.0000620427949194       0.14614632658636170     
   2.2280000000000002E-004  0.45612583872395629        4.6767319229426949       0.25247338162410171        1.0000557011856959       0.15050988633603940     
   2.2290000000000002E-004  0.45489461724546210        4.6656661700598328       0.26334538113419970        1.0000486356748393       0.15456947464622178     
   2.2300000000000003E-004  0.45375305764995616        4.6541201912650330       0.27461156056112640        1.0000409142104225       0.15832088240513190     
   2.2310000000000003E-004  0.45270432481544892        4.6420839922493560       0.28626463966678256        1.0000325980449993       0.16175960306317178     
   2.2320000000000003E-004  0.45175171044959933        4.6295438366446486       0.29829674701108710        1.0000237388587181       0.16488006399143049     
   2.2330000000000003E-004  0.45089865916637900        4.6164829509221992       0.31069907657514889        1.0000143799367522       0.16767489856896342     
   2.2340000000000004E-004  0.45014873880769890        4.6028828673700968       0.32346146755569088        1.0000045627442631       0.17013445735651178     
   2.2350000000000004E-004  0.44950553908714425        4.5887255028060370       0.33657193482604436       0.99999433904066548       0.17224678374693586     
   2.2360000000000004E-004  0.44897249442356696        4.5739959916936428       0.35001619805675038       0.99998378669089216       0.17399824603495184     
   2.2370000000000004E-004  0.44855264484706253        4.5586861645908954       0.36377727433321710       0.99997302497466733       0.17537490274615808     
   2.2380000000000002E-004  0.44824837007319118        4.5427983936878888       0.37783520478588062       0.99996222337612062       0.17636448228752649     
   2.2390000000000002E-004  0.44806115022052639        4.5263493443103382       0.39216697318953897       0.99995159777866927       0.17695862251002095     
   2.2400000000000002E-004  0.44799141409548421        4.5093730252661306       0.40674664035060176       0.99994139041314800       0.17715481088999874     
   2.2410000000000003E-004  0.44803852559543145        4.4919224855371294       0.42154566585620940       0.99993183486013448       0.17695738359901800     
   2.2420000000000003E-004  0.44820092949757040        4.4740696085271683       0.43653333099010555       0.99992311388731625       0.17637706477516432     
   2.2430000000000003E-004  0.44847643677068533        4.4559027192583898       0.45167713346802080       0.99991532290025698       0.17542887832825316     
   2.2440000000000003E-004  0.44886258959192687        4.4375220954679175       0.46694301677122807       0.99990845219312463       0.17412875933673347     
   2.2450000000000004E-004  0.44935702101575165        4.4190338691463964       0.48229533653933271       0.99990239688523086       0.17248968278141596     
   2.2460000000000004E-004  0.44995772214386043        4.4005431185011989       0.49769654997291624       0.99989699414672328       0.17051841528644907     
   2.2470000000000004E-004  0.45066315085414488        4.3821471177538527       0.51310671821957421       0.99989207767013955       0.16821393323573891     
   2.2480000000000004E-004  0.45147215433229354        4.3639297078835817       0.52848300146273108       0.99988753308950584       0.16556813412935248     
   2.2490000000000002E-004  0.45238372238578028        4.3459575871783525       0.54377936694502860       0.99988333623320136       0.16256878874185823     
   2.2500000000000002E-004  0.45339663250559759        4.3282790202217196       0.55894669942594055       0.99987956188311533       0.15920396788329139     
   2.2510000000000002E-004  0.45450908096886922        4.3109250618703943       0.57393340596730036       0.99987636058017082       0.15546669391606915     
   2.2520000000000003E-004  0.45571840278136139        4.2939129536347984       0.58868647192957568       0.99987391185855989       0.15135847883254488     
   2.2530000000000003E-004  0.45702095937473464        4.2772509792768716       0.60315279715854664       0.99987237034855247       0.14689076228925049     
   2.2540000000000003E-004  0.45841222197235104        4.2609438713940602       0.61728056463152270       0.99987182272115938       0.14208393308080786     
   2.2550000000000003E-004  0.45988701914139357        4.2449979008350294       0.63102039373406660       0.99987226831653864       0.13696436265648509     
   2.2560000000000004E-004  0.46143987279924381        4.2294250220722791       0.64432610279328473       0.99987362664000767       0.13156042444731134     
   2.2570000000000004E-004  0.46306533317388765        4.2142457784942113       0.65715502036341489       0.99987576533495603       0.12589864700037726     
   2.2580000000000004E-004  0.46475823993790621        4.1994909639324032       0.66946789996402156       0.99987853662534754       0.12000093865753066     
   2.2590000000000002E-004  0.46651387152815854        4.1852022116467786       0.68122857218128730       0.99988181001118748       0.11388335841599320     
   2.2600000000000002E-004  0.46832798138113185        4.1714317336144298       0.69240349428127179       0.99988549313176500       0.10755640069128104     
   2.2610000000000002E-004  0.47019674661161631        4.1582414063213342       0.70296133559010521       0.99988953828921445       0.10102638433855779     
   2.2620000000000002E-004  0.47211666675425562        4.1457013508372249       0.71287268540075333       0.99989393685559935        9.4297366133335281E-002
   2.2630000000000003E-004  0.47408444910851094        4.1338881237043257       0.72210991166307481       0.99989870644153545        8.7373031236726489E-002
   2.2640000000000003E-004  0.47609690785267422        4.1228826309880624       0.73064715140774916       0.99990387606183651        8.0258179027291612E-002
   2.2650000000000003E-004  0.47815089160408603        4.1127678899311260       0.73846038674921888       0.99990947327279545        7.2959630508269174E-002
   2.2660000000000003E-004  0.48024324266490009        4.1036267733991796       0.74552755363398882       0.99991551535459922        6.5486563478083376E-002
   2.2670000000000004E-004  0.48237078328226934        4.0955398682802713       0.75182863889875817       0.99992200498830763        5.7850401388948799E-002
   2.2680000000000004E-004  0.48453032035567473        4.0885835561465544       0.75734573727001542       0.99992892964135682        5.0064423796734106E-002
   2.2690000000000004E-004  0.48671865951112575        4.0828283857792336       0.76206305774316829       0.99993626328011498        4.2143266819098836E-002
   2.2700000000000002E-004  0.48893262100030771        4.0783377650088273       0.76596688256225320       0.99994396926729223        3.4102434249303731E-002
   2.2710000000000002E-004  0.49116905231229163        4.0751669575950995       0.76904549195900462       0.99995200332719392        2.5957900195352105E-002
   2.2720000000000002E-004  0.49342483476865090        4.0733623410112241       0.77128907134844860       0.99996031612834135        1.7725827936669231E-002
   2.2730000000000002E-004  0.49569688330746553        4.0729608636869674       0.77268961847062378       0.99996885522752976        9.4224121181454221E-003
   2.2740000000000003E-004  0.49798213994853685        4.0739896372718913       0.77324086597803832       0.99997756637355073        1.0638238712926352E-003
   2.2750000000000003E-004  0.50027756218308672        4.0764656078362727       0.77293823158357977       0.99998639431631176       -7.3337668908057272E-003
   2.2760000000000003E-004  0.50258010790746976        4.0803952660998775       0.77177880434018964       0.99999528328834753       -1.5754118628868548E-002
   2.2770000000000003E-004  0.50488671867795742        4.0857743783713030       0.76976137196771011        1.0000041773443158       -2.4180822326988965E-002
   2.2780000000000003E-004  0.50719430312271119        4.0925877446848009       0.76688649035942513        1.0000130207586191       -3.2597211066933758E-002
   2.2790000000000004E-004  0.50949972235814200        4.1008090167234155       0.76315659239424471        1.0000217587002305       -4.0986305364791448E-002
   2.2800000000000001E-004  0.51179977919202113        4.1104006340224259       0.75857612870221591        1.0000303384485036       -4.9330829494580765E-002
   2.2810000000000001E-004  0.51409121267229230        4.1213139615144403       0.75315172772021333        1.0000387114457445       -5.7613341584961564E-002
   2.2820000000000002E-004  0.51637069902182919        4.1334897317940502       0.74689235713832280        1.0000468363050061       -6.5816511083575738E-002
   2.2830000000000002E-004  0.51863485894583294        4.1468589055718130       0.73980946464523201        1.0000546829367227       -7.3923573098939599E-002
   2.2840000000000002E-004  0.52088026963979450        4.1613440609463517       0.73191707340485501        1.0000622371495258       -8.1918952233835760E-002
   2.2850000000000002E-004  0.52310347747180297        4.1768613978716811       0.72323181179159279        1.0000695048917707       -8.9788992868926623E-002
   2.2860000000000003E-004  0.52530100448651995        4.1933233975720796       0.71377286755956093        1.0000765141079861       -9.7522652560172729E-002
   2.2870000000000003E-004  0.52746933903654503        4.2106421027802483       0.70356187705694262        1.0000833119522261      -0.10511193474481631     
   2.2880000000000003E-004  0.52960489910266273        4.2287328887752373       0.69262278753368134        1.0000899551446876      -0.11255177475705064     
   2.2890000000000003E-004  0.53170395790212066        4.2475184865382953       0.68098175876168898        1.0000964924431184      -0.11983911244708655     
   2.2900000000000004E-004  0.53376252734832252        4.2669329107182090       0.66866718833041050        1.0001029407657021      -0.12697101280019130     
   2.2910000000000001E-004  0.53577620739208542        4.2869248508729978       0.65570993918058917        1.0001092600498873      -0.13394195978916820     
   2.2920000000000001E-004  0.53774002790310893        4.3074600185841501       0.64214380666304616        1.0001153353203780      -0.14074081122345647     
   2.2930000000000002E-004  0.53964833032481352        4.3285219212873614       0.62800618427205390        1.0001209758734033      -0.14734825184817793     
   2.2940000000000002E-004  0.54149474908438167        4.3501105815540893       0.61333878698504407        1.0001259394043851      -0.15373576131423072     
   2.2950000000000002E-004  0.54327234569549920        4.3722388788543878       0.59818820038009912        1.0001299819752418      -0.15986696605159417     
   2.2960000000000002E-004  0.54497391545177576        4.3949264958328236       0.58260598616560433        1.0001329232153662      -0.16570165892348973     
   2.2970000000000003E-004  0.54659243430073035        4.4181919080196188       0.56664813040242135        1.0001347043122832      -0.17120182609973000     
   2.2980000000000003E-004  0.54812155843267485        4.4420433853740988       0.55037377909157248        1.0001354120915928      -0.17633805296294980     
   2.2990000000000003E-004  0.54955604275709147        4.4664704050590966       0.53384342444903399        1.0001352521295273      -0.18109420318848046     
   2.3000000000000003E-004  0.55089193196886410        4.4914370183724071       0.51711689568432451        1.0001344751363661      -0.18546865593780329     
   2.3010000000000001E-004  0.55212642635008347        4.5168784672265758       0.50025158145332138        1.0001332827004628      -0.18947156466174631     
   2.3020000000000001E-004  0.55325743440989894        4.5427017529767877       0.48330123418048265        1.0001317456967336      -0.19311897583984164     
   2.3030000000000001E-004  0.55428295228545432        4.5687900991735955       0.46631551511869801        1.0001297648325205      -0.19642565893195316     
   2.3040000000000002E-004  0.55520048551052836        4.5950105421414271       0.44934021156269771        1.0001270871109524      -0.19939882019034100     
   2.3050000000000002E-004  0.55600670849372691        4.6212234163234491       0.43241787564960349        1.0001233733918333      -0.20203449183104052     
   2.3060000000000002E-004  0.55669745741896726        4.6472923220390374       0.41558855080326834        1.0001182958826031      -0.20431751035493032     
   2.3070000000000002E-004  0.55726804453706813        4.6730932230428941       0.39889028501373147        1.0001116306784745      -0.20622482849455981     
   2.3080000000000003E-004  0.55771380768592349        4.6985215509430525       0.38235926069959353        1.0001033151328305      -0.20773085617349779     
   2.3090000000000003E-004  0.55803074723527823        4.7234965642535425       0.36602953786005582        1.0000934564476291      -0.20881307808555896     
   2.3100000000000003E-004  0.55821607319461219        4.7479626817232035       0.34993254336726559        1.0000822973521484      -0.20945640057633202     
   2.3110000000000003E-004  0.55826851429292279        4.7718880007055038       0.33409650249672651        1.0000701572852972      -0.20965533342094850     
   2.3120000000000001E-004  0.55818832793685635        4.7952606112473326       0.31854599689730562        1.0000573695090511      -0.20941385092652870     
   2.3130000000000001E-004  0.55797705746473847        4.8180835333223939       0.30330177231559596        1.0000442300117516      -0.20874336198678753     
   2.3140000000000001E-004  0.55763715765515698        4.8403691301783152       0.28838084176020201        1.0000309679945911      -0.20765957634321067     
   2.3150000000000002E-004  0.55717161739236420        4.8621337357446315       0.27379685937278730        1.0000177406893267      -0.20617917444767722     
   2.3160000000000002E-004  0.55658366154628869        4.8833930500228497       0.25956068928548565        1.0000046489104630      -0.20431708933114057     
   2.3170000000000002E-004  0.55587656289545373        4.9041586553398062       0.24568106870804837       0.99999176330462314      -0.20208488931496410     
   2.3180000000000002E-004  0.55505356336474665        4.9244358080281838       0.23216526772853543       0.99997915070150711      -0.19949035227955558     
   2.3190000000000003E-004  0.55411788401994799        4.9442224875243639       0.21901967176614290       0.99996689330100741      -0.19653801862209713     
   2.3200000000000003E-004  0.55307279112942809        4.9635095513753296       0.20625024354451577       0.99995509788902426      -0.19323036463840607     
   2.3210000000000003E-004  0.55192168221114268        4.9822817527534404       0.19386284971925541       0.99994389554143259      -0.18956922704496887     
   2.3220000000000001E-004  0.55066816234736482        5.0005193290769796       0.18186345849525012       0.99993343377336985      -0.18555716704390171     
   2.3230000000000001E-004  0.54931609398370240        5.0181998630994471       0.17025822831844889       0.99992386398010735      -0.18119855004453303     
   2.3240000000000001E-004  0.54786961696275360        5.0353001459373967       0.15905351503972459       0.99991532730177601      -0.17650021474363001     
   2.3250000000000001E-004  0.54633314458316085        5.0517978278636626       0.14825582685728467       0.99990794196089261      -0.17147170285079114     
   2.3260000000000002E-004  0.54471134321179349        5.0676727152783805       0.13787175375817615       0.99990179433613902      -0.16612510467329161     
   2.3270000000000002E-004  0.54300909998416103        5.0829076481946132       0.12790789247858317       0.99989693488789333      -0.16047463248440649     
   2.3280000000000002E-004  0.54123148058470771        5.0974889609345446       0.11837078053977104       0.99989337874721329      -0.15453605503078349     
   2.3290000000000002E-004  0.53938367845885471        5.1114065789767213       0.10926684547276068       0.99989110983457841      -0.14832611413291866     
   2.3300000000000003E-004  0.53747095764919406        5.1246538333310809       0.10060236937395442       0.99989008699258608      -0.14186201143050919     
   2.3310000000000003E-004  0.53549859274847067        5.1372270829874278        9.2383465145693705E-002  0.99989025068229098      -0.13516101368962127     
   2.3320000000000003E-004  0.53347181027242940        5.1491252288611751        8.4616059089942047E-002  0.99989152916159407      -0.12824018945385754     
   2.3330000000000001E-004  0.53139573562942755        5.1603491872905263        7.7305874581745690E-002  0.99989384353118238      -0.12111626441628308     
   2.3340000000000001E-004  0.52927534890005812        5.1709013760579001        7.0458412884912364E-002  0.99989711147211413      -0.11380556959759487     
   2.3350000000000001E-004  0.52711545123424564        5.1807852508544965        6.4078928900439591E-002  0.99990124979664285      -0.10632405250154776     
   2.3360000000000001E-004  0.52492064231006841        5.1900049163741890        5.8172401240218524E-002  0.99990617603876741       -9.8687323275695474E-002
   2.3370000000000002E-004  0.52269530820939936        5.1985648245220961        5.2743497239365986E-002  0.99991180935485346       -9.0910714791419059E-002
   2.3380000000000002E-004  0.52044361841847142        5.2064695624785600        4.7796534325883246E-002  0.99991807100917840       -8.3009341246923607E-002
   2.3390000000000002E-004  0.51816953030997737        5.2137237253627173        4.3335439444142698E-002  0.99992488458668183       -7.4998147037344809E-002
   2.3400000000000002E-004  0.51587679941391140        5.2203318626927597        3.9363708297901805E-002  0.99993217609462126       -6.6891942203136684E-002
   2.3410000000000003E-004  0.51356899417421797        5.2262984839542046        3.5884365888789807E-002  0.99993987397021755       -5.8705425067951546E-002
   2.3420000000000003E-004  0.51124951396044538        5.2316281070297990        3.2899929632156058E-002  0.99994790905613229       -5.0453193055930760E-002
   2.3430000000000000E-004  0.50892160921193286        5.2363253330549711        3.0412375949311059E-002  0.99995621453593364       -4.2149746889003761E-002
   2.3440000000000001E-004  0.50658840283107187        5.2403949331079271        2.8423110961903954E-002  0.99996472581567075       -3.3809490285781618E-002
   2.3450000000000001E-004  0.50425291213278067        5.2438419351450669        2.6932945763762706E-002  0.99997338036545769       -2.5446728334650174E-002
   2.3460000000000001E-004  0.50191807089908580        5.2466716999543301        2.5942076385362473E-002  0.99998211748810539       -1.7075667410247217E-002
   2.3470000000000001E-004  0.49958675127372992        5.2488899773571234        2.5450068411439951E-002  0.99999087802623732       -8.7104175874123512E-003
   2.3480000000000002E-004  0.49726178536271815        5.2505029380043258        2.5455846226686590E-002  0.99999960403057209       -3.6499773151237399E-004
   2.3490000000000002E-004  0.49494598650433314        5.2515171786529127        2.5957686814694687E-002   1.0000082384066722        7.9466568272336616E-003
   2.3500000000000002E-004  0.49264217023008539        5.2519397007874815        2.6953217983857095E-002   1.0000167245587572        1.6210684502933951E-002
   2.3510000000000002E-004  0.49035317495548658        5.2517778641143842        2.8439420847144944E-002   1.0000250060492784        2.4413286111299594E-002
   2.3520000000000002E-004  0.48808188241723705        5.2510393179277983        3.0412636333704127E-002   1.0000330262913617        3.2540712456791146E-002
   2.3530000000000003E-004  0.48583123780871712        5.2497319146902459        3.2868575456678435E-002   1.0000407282888975        4.0579251170329483E-002
   2.3540000000000000E-004  0.48360426945289187        5.2478636113837727        3.5802333001869018E-002   1.0000480544369397        4.8515212947154981E-002
   2.3550000000000001E-004  0.48140410768772601        5.2454423651926323        3.9208404247058064E-002   1.0000549463976931        5.6334917575181477E-002
   2.3560000000000001E-004  0.47923400243171443        5.2424760307464719        4.3080704287654342E-002   1.0000613450660707        6.4024680501431522E-002
   2.3570000000000001E-004  0.47709733864299053        5.2389722660300642        4.7412589471499712E-002   1.0000671906305563        7.1570800315556557E-002
   2.3580000000000001E-004  0.47499764859643079        5.2349384544459561        5.2196880405942912E-002   1.0000724227616633        7.8959547888398332E-002
   2.3590000000000001E-004  0.47293861968461709        5.2303816524609790        5.7425886128873033E-002   1.0000769809688881        8.6177159605065029E-002
   2.3600000000000002E-004  0.47092409626907439        5.2253085716650265        6.3091429053905759E-002   1.0000808051278833        9.3209835616200262E-002
   2.3610000000000002E-004  0.46895807402622042        5.2197256038197253        6.9184870287098132E-002   1.0000838362346300       0.10004374512187789     
   2.3620000000000002E-004  0.46704468548000422        5.2136388963491882        7.5697135052174375E-002   1.0000860174075468       0.10666504215597289     
   2.3630000000000002E-004  0.46518817575793098        5.2070544846209881        8.2618738007380704E-002   1.0000872951677846       0.11305989383933487     
   2.3640000000000000E-004  0.46339286841076571        5.1999784843478629        8.9939808402890065E-002   1.0000876210346084       0.11921452632227383     
   2.3650000000000000E-004  0.46166312204572979        5.1924173435069267        9.7650115121893880E-002   1.0000869534406776       0.12511529179805861     
   2.3660000000000000E-004  0.46000327970185306        5.1843781468547050       0.10573909185166039        1.0000852599345929       0.13074876303399804     
   2.3670000000000001E-004  0.45841761400950354        5.1758689579208976       0.11419586273364769        1.0000825196592511       0.13610186056604265     
   2.3680000000000001E-004  0.45691027208950086        5.1668991737504690       0.12300926896107714        1.0000787259361752       0.14116201672786335     
   2.3690000000000001E-004  0.45548522463251229        5.1574798579302499       0.13216789677402613        1.0000738887539085       0.14591737753697159     
   2.3700000000000001E-004  0.45414622344660038        5.1476240095539900       0.14166010702002801        1.0000680368658981       0.15035703600197131     
   2.3710000000000002E-004  0.45289677101593562        5.1373467219741009       0.15147406582360839        1.0000612191026734       0.15447128108339367     
   2.3720000000000002E-004  0.45174010433982248        5.1266651878988565       0.16159777480791379        1.0000535044657353       0.15825183479723032     
   2.3730000000000002E-004  0.45067919354103270        5.1155985178999828       0.17201909769387119        1.0000449806420404       0.16169203843593577     
   2.3740000000000002E-004  0.44971675379970194        5.1041673573769302       0.18272577797908815        1.0000357507643785       0.16478694159601537     
   2.3750000000000000E-004  0.44885526739837478        5.0923933105280916       0.19370544011256613        1.0000259285520159       0.16753324916481610     
   2.3760000000000000E-004  0.44809701132365787        5.0802982065811069       0.20494556454256244        1.0000156323260148       0.16992909304870113     
   2.3770000000000000E-004  0.44744408515902151        5.0679032690572328       0.21643342589520859        1.0000049788469929       0.17197362184032319     
   2.3780000000000001E-004  0.44689843381969269        5.0552282698809847       0.22815598419063723       0.99999407811386987       0.17366643830281026     
   2.3790000000000001E-004  0.44646185990650555        5.0422907645290103       0.24009972191710258       0.99998303028827418       0.17500695426985347     
   2.3800000000000001E-004  0.44613602097700755        5.0291055109431575       0.25225042530173014       0.99997192560727244       0.17599376865472663     
   2.3810000000000001E-004  0.44592240786186860        5.0156841739203610       0.26459291599467721       0.99996084757082382       0.17662419528850515     
   2.3820000000000002E-004  0.44582230142121626        5.0020354078696041       0.27711074888065218       0.99994987896177345       0.17689406760225646     
   2.3830000000000002E-004  0.44583670712700257        4.9881653927216902       0.28978590150409517       0.99993910944492603       0.17679792111599249     
   2.3840000000000002E-004  0.44596626982489834        4.9740788675571146       0.30259848866545602       0.99992864273526871       0.17632959717894534     
   2.3850000000000000E-004  0.44621117510242059        4.9597806612188773       0.31552653957592369       0.99991860100935670       0.17548323037821775     
   2.3860000000000000E-004  0.44657104859330166        4.9452776569693810       0.32854587255307238       0.99990912443828295       0.17425449008018901     
   2.3870000000000000E-004  0.44704486931520693        4.9305810523132383       0.34163009226780461       0.99990036456218379       0.17264186385376676     
   2.3880000000000000E-004  0.44763091612896544        4.9157086963600332       0.35475071746340919       0.99989247169431883       0.17064771995154659     
   2.3890000000000001E-004  0.44832676539869681        4.9006872245695128       0.36787742520135464       0.99988557818928570       0.16827888908474617     
   2.3900000000000001E-004  0.44912935158604511        4.8855536858398310       0.38097837560053061       0.99987978099246533       0.16554657447173293     
   2.3910000000000001E-004  0.45003509106317569        4.8703563868202426       0.39402056419903853       0.99987512759284669       0.16246552556646504     
   2.3920000000000001E-004  0.45104005508510853        4.8551547667117418       0.40697014277328319       0.99987160926930940       0.15905257334628251     
   2.3930000000000002E-004  0.45214016540409996        4.8400182479986285       0.41979265700344170       0.99986916395521275       0.15532478328946747     
   2.3940000000000002E-004  0.45333137941646079        4.8250241568301728       0.43245317035001246       0.99986768861423736       0.15129758860987924     
   2.3950000000000002E-004  0.45460983310278474        4.8102549383507363       0.44491627328084704       0.99986705855771518       0.14698328706877456     
   2.3960000000000000E-004  0.45597191911585760        4.7957949808559803       0.45714600809162770       0.99986714933881593       0.14239021041679917     
   2.3970000000000000E-004  0.45741429176588816        4.7817273975993100       0.46910576361015471       0.99986785630826946       0.13752272366516594     
   2.3980000000000000E-004  0.45893380649520399        4.7681310977562585       0.48075820453115409       0.99986910775150173       0.13238202386404929     
   2.3990000000000000E-004  0.46052741465132419        4.7550784181823911       0.49206529445899755       0.99987086944740078       0.12696753889345583     
   2.4000000000000001E-004  0.46219204179264384        4.7426334986504290       0.50298845196717934       0.99987314068827526       0.12127861467051231     
   2.4010000000000001E-004  0.46392447798359077        4.7308514788390905       0.51348885041061720       0.99987594380595091       0.11531614573364436     
   2.4020000000000001E-004  0.46572130228948189        4.7197784894498476       0.52352784236258587       0.99987931052359458       0.10908385246895246     
   2.4030000000000001E-004  0.46757885330678683        4.7094523169161242       0.53306746570818409       0.99988326871349875       0.10258901761237164     
   2.4040000000000002E-004  0.46949324614922616        4.6999035544256564       0.54207097570558460       0.99988783240578194        9.5842630428106937E-002
   2.4050000000000002E-004  0.47146042675943489        4.6911570204515094       0.55050334717004101       0.99989299653441077        8.8859009631795369E-002
   2.4059999999999999E-004  0.47347624869741950        4.6832332313233316       0.55833170147646594       0.99989873648058814        8.1655061337438911E-002
   2.4070000000000000E-004  0.47553655626609026        4.6761497502007892       0.56552563022044178       0.99990501136755428        7.4249363104759450E-002
   2.4080000000000000E-004  0.47763726020380498        4.6699222893936820       0.57205740613364298       0.99991176946668636        6.6661249460387942E-002
   2.4090000000000000E-004  0.47977439672554223        4.6645655026357247       0.57790208825710765       0.99991895399478892        5.8910030412005321E-002
   2.4100000000000000E-004  0.48194416570811621        4.6600934577909356       0.58303753957503845       0.99992650819515261        5.1014416972335483E-002
   2.4110000000000001E-004  0.48414294808267189        4.6565198218738555       0.58744438101550867       0.99993437892258941        4.2992168940087755E-002
   2.4120000000000001E-004  0.48636730536897976        4.6538578166422937       0.59110590634401250       0.99994251868048811        3.4859945946286802E-002
   2.4130000000000001E-004  0.48861396557391845        4.6521200156071050       0.59400797997177346       0.99995088626439377        2.6633317751959817E-002
   2.4140000000000001E-004  0.49087979975838292        4.6513180557857829       0.59613893514259630       0.99995944643517798        1.8326883307608260E-002
   2.4150000000000002E-004  0.49316179290723872        4.6514623320847495       0.59748948534218815       0.99996816901165975        9.9544570720440824E-003
   2.4160000000000002E-004  0.49545701167035144        4.6525617320943482       0.59805265769276905       0.99997702768152474        1.5292903292700908E-003
   2.4169999999999999E-004  0.49776257052482253        4.6546234565782392       0.59782375384321551       0.99998599872360117       -6.9356919077578913E-003
   2.4180000000000000E-004  0.50007559706903282        4.6576529565429272       0.59680034174310281       0.99999505970047498       -1.5427645024159525E-002
   2.4190000000000000E-004  0.50239319660927373        4.6616540020984623       0.59498228038564283        1.0000041880894088       -2.3933548879010547E-002
   2.4200000000000000E-004  0.50471241598824501        4.6666288812972567       0.59237177869406443        1.0000133597790255       -3.2439937538052729E-002
   2.4210000000000000E-004  0.50703020674522037        4.6725787085363493       0.58897348877150646        1.0000225473730200       -4.0932612120264791E-002
   2.4220000000000001E-004  0.50934338819129554        4.6795038020353026       0.58479463216820193        1.0000317183375034       -4.9396343167498837E-002
   2.4230000000000001E-004  0.51164861178691112        4.6874040693651153       0.57984515495208011        1.0000408331781323       -5.7814584626370298E-002
   2.4240000000000001E-004  0.51394232928909744        4.6962793205426827       0.57413790309727009        1.0000498439970220       -6.6169236982484572E-002
   2.4250000000000001E-004  0.51622076831126962        4.7061294124417401       0.56768880372818942        1.0000586940682492       -7.4440521231750795E-002
   2.4260000000000002E-004  0.51847991988572195        4.7169541224852463       0.56051703001083897        1.0000673191028338       -8.2607043310776687E-002
   2.4269999999999999E-004  0.52071554306237944        4.7287526570988749       0.55264512008388378        1.0000756508642186       -9.0646126157465159E-002
   2.4279999999999999E-004  0.52292319070445170        4.7415227297872971       0.54409901454948340        1.0000836233485850       -9.8534473957306634E-002
   2.4290000000000000E-004  0.52509825834696866        4.7552591957680512       0.53490797633498643        1.0000911810393125      -0.10624917429007964     
   2.4300000000000000E-004  0.52723605392608686        4.7699523045622918       0.52510436370394076        1.0000982875414208      -0.11376896253131026     
   2.4310000000000000E-004  0.52933188084099125        4.7855857190175772       0.51472324419062709        1.0001049320061088      -0.12107556807793297     
   2.4320000000000000E-004  0.53138112123514147        4.8021345318657307       0.50380186331427512        1.0001111302034331      -0.12815486521190403     
   2.4330000000000000E-004  0.53337930214375973        4.8195635667573047       0.49237901287627411        1.0001169176589471      -0.13499750455794107     
   2.4340000000000001E-004  0.53532212626420284        4.8378262593223678       0.48049437150504665        1.0001223340942311      -0.14159873838897832     
   2.4350000000000001E-004  0.53720545317986623        4.8568643647261531       0.46818790536477861        1.0001274012189134      -0.14795729181979378     
   2.4360000000000001E-004  0.53902522650728146        4.8766086371054769       0.45549941148435041        1.0001320988844931      -0.15407335818982895     
   2.4370000000000001E-004  0.54077735651125436        4.8969804943712880       0.44246825728824868        1.0001363464940791      -0.15994605533370798     
   2.4379999999999999E-004  0.54245758298245383        4.9178945472118354       0.42913332270054366        1.0001399964381874      -0.16557088881595955     
   2.4389999999999999E-004  0.54406135396529942        4.9392617571154140       0.41553309787712311        1.0001428440134372      -0.17093785363729086     
   2.4399999999999999E-004  0.54558375374533508        4.9609929107215969       0.40170584560641032        1.0001446541427206      -0.17603072648263068     
   2.4410000000000000E-004  0.54701950262357946        4.9830020618759292       0.38768971720251838        1.0001451995542554      -0.18082783556794318     
   2.4420000000000003E-004  0.54836303670798736        5.0052095932072653       0.37352272384931107        1.0001443004227619      -0.18530419589225958     
   2.4429999999999998E-004  0.54960865982110574        5.0275445831081012       0.35924250995670559        1.0001418539272489      -0.18943449502332810     
   2.4439999999999998E-004  0.55075074616067643        5.0499462334454623       0.34488593756051478        1.0001378448536331      -0.19319614981493308     
   2.4449999999999998E-004  0.55178396366415461        5.0723642166198140       0.33048855073748196        1.0001323348343223      -0.19657163528417357     
   2.4459999999999998E-004  0.55270348517545742        5.0947579354937442       0.31608402621357368        1.0001254355195219      -0.19954953394941616     
   2.4469999999999998E-004  0.55350515756520313        5.1170948368786284       0.30170371923604694        1.0001172766643367      -0.20212418016360348     
   2.4479999999999999E-004  0.55418560797297101        5.1393480530253388       0.28737638398242454        1.0001079806995363      -0.20429420947098065     
   2.4489999999999999E-004  0.55474228134765813        5.1614937388645146       0.27312809878693367        1.0000976515091864      -0.20606060812327692     
   2.4499999999999999E-004  0.55517341579537094        5.1835085044464808       0.25898237694654980        1.0000863789169216      -0.20742491707650168     
   2.4509999999999999E-004  0.55547796978995712        5.2053673061578856       0.24496040852606671        1.0000742541996113      -0.20838808518393934     
   2.4520000000000000E-004  0.55565551956359627        5.2270420661928192       0.23108136464245677        1.0000613885428840      -0.20895017223041307     
   2.4530000000000000E-004  0.55570614611883407        5.2485011553755587       0.21736270306894406        1.0000479259398376      -0.20911078550087708     
   2.4540000000000000E-004  0.55563033107364601        5.2697097249058924       0.20382043623695878        1.0000340451531180      -0.20886990436401923     
   2.4550000000000000E-004  0.55542887774564054        5.2906307336924510       0.19046934994455669        1.0000199500939719      -0.20822867625040378     
   2.4560000000000001E-004  0.55510286624859484        5.3112264172742414       0.17732318340906847        1.0000058526922744      -0.20718986149873603     
   2.4570000000000001E-004  0.55465364104546211        5.3314599043263851       0.16439479225393169       0.99999195463500223      -0.20575780006627958     
   2.4580000000000001E-004  0.55408282158002031        5.3512967109633180       0.15169631454714033       0.99997843383675389      -0.20393797905176386     
   2.4590000000000001E-004  0.55339232618140710        5.3707059154304790       0.13923934971088714       0.99996543843439301      -0.20173641098447706     
   2.4600000000000002E-004  0.55258440422005495        5.3896609082763565       0.12703514742463456       0.99995308810637262      -0.19915905611637999     
   2.4610000000000002E-004  0.55166167269284438        5.4081397008951697       0.11509479341380058       0.99994148058465671      -0.19621147621429694     
   2.4620000000000002E-004  0.55062715089723890        5.4261248410626468       0.10342937376503347       0.99993070020779007      -0.19289881941457207     
   2.4630000000000002E-004  0.54948428471946997        5.4436030224846270        9.2050099699299531E-002  0.99992082531316395      -0.18922613286589116     
   2.4639999999999997E-004  0.54823695233987246        5.4605644881809177        8.0968379903519641E-002  0.99991193214393870      -0.18519890848911547     
   2.4649999999999997E-004  0.54688944647455118        5.4770023205214429        7.0195835810768215E-002  0.99990409446206141      -0.18082371276480283     
   2.4659999999999998E-004  0.54544643305272345        5.4929116943227427        5.9744264125734060E-002  0.99989737953404412      -0.17610874537245194     
   2.4669999999999998E-004  0.54391289067628357        5.5082891504682134        4.9625558272814042E-002  0.99989184211295712      -0.17106420429224953     
   2.4679999999999998E-004  0.54229403799489972        5.5231319305722089        3.9851604823580904E-002  0.99988751845354729      -0.16570239408846657     
   2.4689999999999998E-004  0.54059525690986032        5.5374374000930562        3.0434171790973505E-002  0.99988442201804695      -0.16003757713375014     
   2.4699999999999999E-004  0.53882201884133096        5.5512025777093470        2.1384803444553790E-002  0.99988254188842596      -0.15408561952646962     
   2.4709999999999999E-004  0.53697981683802987        5.5644237814517936        1.2714731892603158E-002  0.99988184415216108      -0.14786351847691881     
   2.4719999999999999E-004  0.53507410366703900        5.5770963961368469        4.4348102049908550E-003  0.99988227559686349      -0.14138890450901900     
   2.4729999999999999E-004  0.53311023720169259        5.5892147608267386       -3.4445331907674084E-003  0.99988376866483319      -0.13467959340102503     
   2.4740000000000000E-004  0.53109343481980698        5.6007721684706375       -1.0913322700084375E-002  0.99988624663405445      -0.12775323480968206     
   2.4750000000000000E-004  0.52902873822193119        5.6117609636289387       -1.7962052137671478E-002  0.99988962825875316      -0.12062707642594071     
   2.4760000000000000E-004  0.52692098930902032        5.6221727190857944       -2.4581695837602693E-002  0.99989383142964794      -0.11331783890199149     
   2.4770000000000000E-004  0.52477481679406990        5.6319984695813297       -3.0763719682117458E-002  0.99989877565039109      -0.10584168199964768     
   2.4780000000000001E-004  0.52259463235918957        5.6412289809664937       -3.6500095967108452E-002  0.99990438349852395       -9.8214237753389777E-002
   2.4790000000000001E-004  0.52038463462160300        5.6498550351161114       -4.1783324310739028E-002  0.99991058127393229       -9.0450681864383806E-002
   2.4800000000000001E-004  0.51814881895720011        5.6578677145160796       -4.6606459340720836E-002  0.99991729902757887       -8.2565823278564668E-002
   2.4810000000000001E-004  0.51589099133784977        5.6652586740164441       -5.0963144497098496E-002  0.99992447035186915       -7.4574193092987948E-002
   2.4820000000000002E-004  0.51361478464072252        5.6720203911902214       -5.4847650622917805E-002  0.99993203194944769       -6.6490123480742278E-002
   2.4830000000000002E-004  0.51132367626595376        5.6781463895647040       -5.8254917312076618E-002  0.99993992325446013       -5.8327809215710499E-002
   2.4840000000000002E-004  0.50902100626748537        5.6836314318200873       -6.1180595044300887E-002  0.99994808605865382       -5.0101353504384591E-002
   2.4849999999999997E-004  0.50670999553481044        5.6884716817319063       -6.3621086048984116E-002  0.99995646420540352       -4.1824795864323742E-002
   2.4859999999999997E-004  0.50439376378037182        5.6926648356167924       -6.5573582064684666E-002  0.99996500335126925       -3.3512127722046078E-002
   2.4870000000000003E-004  0.50207534723449920        5.6962102247436377       -6.7036097519734245E-002  0.99997365074136324       -2.5177298293012573E-002
   2.4880000000000003E-004  0.49975771603437158        5.6991088896801916       -6.8007496948681412E-002  0.99998235499119859       -1.6834213290791621E-002
   2.4890000000000003E-004  0.49744379131933503        5.7013636275627917       -6.8487515801598814E-002  0.99999106585614861       -8.4967296432144832E-003
   2.4900000000000004E-004  0.49513646204495410        5.7029790132506317       -6.8476774110924593E-002  0.99999973397993791       -1.7864832823749293E-004
   2.4910000000000004E-004  0.49283860151434983        5.7039613951344528       -6.7976782742279029E-002   1.0000083106259809        8.1062933518578489E-003
   2.4920000000000004E-004  0.49055308360831906        5.7043188660557362       -6.6989942192553414E-002   1.0000167474025077        1.6344429180773754E-002
   2.4930000000000004E-004  0.48828279868450125        5.7040612094090246       -6.5519534123659434E-002   1.0000249959952878        2.4522170437203648E-002
   2.4940000000000004E-004  0.48603066911169257        5.7031998201133902       -6.3569706039522514E-002   1.0000330079213462        3.2626010627760216E-002
   2.4950000000000005E-004  0.48379966440779731        5.7017475998326237       -6.1145449729307209E-002   1.0000407343140285        4.0642527733334585E-002
   2.4960000000000005E-004  0.48159281595181008        5.6997188256836377       -5.8252574312605922E-002   1.0000481257444025        4.8558382863196754E-002
   2.4970000000000005E-004  0.47941323123050245        5.6971289917615735       -5.4897674937381492E-002   1.0000551320758855        5.6360313701386798E-002
   2.4980000000000005E-004  0.47726410754627846        5.6939946229856062       -5.1088098423402124E-002   1.0000617023386884        6.4035120431702883E-002
   2.4990000000000006E-004  0.47514874503649501        5.6903330619366450       -4.6831907311730772E-002   1.0000677846368251        7.1569642539246081E-002
   2.5000000000000006E-004  0.47307055871588949        5.6861622318126912       -4.2137843753961970E-002   1.0000733260856680        7.8950725977140729E-002
   2.5010000000000006E-004  0.47103308905365954        5.6815003797928920       -3.7015294832977282E-002   1.0000782727601727        8.6165177756621691E-002
   2.5020000000000006E-004  0.46904001034406745        5.6763658064266611       -3.1474260844855967E-002   1.0000825697635651        9.3199711695911819E-002
   2.5030000000000001E-004  0.46709513583195877        5.6707765883950376       -2.5525327690364173E-002   1.0000861613810872       0.10004088928246235     
   2.5040000000000001E-004  0.46520241823842684        5.6647503040422862       -1.9179644245663072E-002   1.0000889915313325       0.10667506219259842     
   2.5050000000000002E-004  0.46336594413266541        5.6583037723287450       -1.2448904695064909E-002   1.0000910045323477       0.11308833075246005     
   2.5060000000000002E-004  0.46158992047654956        5.6514528170801395       -5.3453350813768841E-003   1.0000921464251391       0.11926653154677050     
   2.5070000000000002E-004  0.45987865188040006        5.6442120687726458        2.1183178281095061E-003   1.0000923668409309       0.12519527310653644     
   2.5080000000000002E-004  0.45823650755239548        5.6365948159462409        9.9287981821298277E-003   1.0000916215571751       0.13086003596760662     
   2.5090000000000003E-004  0.45666787780598228        5.6286129175311590        1.8072356906561324E-002   1.0000898755530812       0.13624634869085986     
   2.5100000000000003E-004  0.45517712117876785        5.6202767860733598        2.6534775859971368E-002   1.0000871063776884       0.14134004367167785     
   2.5110000000000003E-004  0.45376850458350798        5.6115954499396707        3.5301404058228666E-002   1.0000833074109137       0.14612758133651438     
   2.5120000000000003E-004  0.45244614030500385        5.6025767000495303        4.4357208619117759E-002   1.0000784904625983       0.15059641698259127     
   2.5130000000000004E-004  0.45121392471479982        5.5932273234080139        5.3686841005185872E-002   1.0000726871863594       0.15473536899847995     
   2.5140000000000004E-004  0.45007548402171038        5.5835534214226090        6.3274716316827906E-002   1.0000659488663086       0.15853493582882414     
   2.5150000000000004E-004  0.44903413197721304        5.5735608059578752        7.3105100181100058E-002   1.0000583443651985       0.16198750657160865     
   2.5160000000000004E-004  0.44809284314573217        5.5632554602423188        8.3162194713591292E-002   1.0000499564087897       0.16508741891352699     
   2.5170000000000005E-004  0.44725424325831725        5.5526440451968213        9.3430212801862603E-002   1.0000408767695967       0.16783083780558380     
   2.5180000000000005E-004  0.44652061561402873        5.5417344252585288       0.10389342915055713        1.0000312012410106       0.17021545778473238     
   2.5190000000000005E-004  0.44589391999460876        5.5305361821495396       0.11453619767605486        1.0000210254312043       0.17224006592115779     
   2.5200000000000005E-004  0.44537581860396497        5.5190610813121346       0.12534292799510288        1.0000104422849865       0.17390403281414471     
   2.5210000000000006E-004  0.44496770260658997        5.5073234544202379       0.13629801860567953       0.99999954190663365       0.17520681959271159     
   2.5220000000000006E-004  0.44467071309567407        5.4953404633185947       0.14738575020546613       0.99998841366548419       0.17614759265394273     
   2.5230000000000006E-004  0.44448575178853700        5.4831322167046022       0.15859014831944632       0.99997714994253928       0.17672502126172793     
   2.5240000000000001E-004  0.44441347895495958        5.4707217207515253       0.16989482885819301       0.99996585039820873       0.17693729959872173     
   2.5250000000000001E-004  0.44445429851807922        5.4581346586429245       0.18128284247789919       0.99995462534970581       0.17678239031730300     
   2.5260000000000001E-004  0.44460833243444781        5.4453990110939241       0.19273653301164401       0.99994359694412205       0.17625843852985823     
   2.5270000000000002E-004  0.44487538794184128        5.4325445487327784       0.20423742179272161       0.99993289729958812       0.17536426718623394     
   2.5280000000000002E-004  0.44525492203262756        5.4196022456339641       0.21576612409135143       0.99992266349502779       0.17409984485317115     
   2.5290000000000002E-004  0.44574600754968624        5.4066036783343208       0.22730229739867891       0.99991303024664635       0.17246662403472007     
   2.5300000000000002E-004  0.44634730523891469        5.3935804830706342       0.23882461582419659       0.99990412175629528       0.17046768436779997     
   2.5310000000000003E-004  0.44705704586270845        5.3805639434537742       0.25031076187716611       0.99989604444127722       0.16810766564690108     
   2.5320000000000003E-004  0.44787302563366227        5.3675847697371850       0.26173742715803416       0.99988888199530035       0.16539252946546182     
   2.5330000000000003E-004  0.44879261685282851        5.3546731091835742       0.27308031682648287       0.99988269354588721       0.16232922892329518     
   2.5340000000000003E-004  0.44981279391912821        5.3418587969805671       0.28431415800881610       0.99987751481768283       0.15892538271439222     
   2.5350000000000004E-004  0.45093017321218937        5.3291718219555637       0.29541271782204620       0.99987336144544314       0.15518903867937409     
   2.5360000000000004E-004  0.45214106417149558        5.3166429458353939       0.30634884058134881       0.99987023315951540       0.15112857659905046     
   2.5370000000000004E-004  0.45344152825438799        5.3043043855845244       0.31709451472329558       0.99986811761894134       0.14675275391866510     
   2.5380000000000004E-004  0.45482744227167216        5.2921904515846840       0.32762097770663889       0.99986699305832205       0.14207085472528655     
   2.5390000000000005E-004  0.45629456271411656        5.2803380347298194       0.33789886222408505       0.99986682951375239       0.13709287366355793     
   2.5400000000000005E-004  0.45783858785453546        5.2687868542430589       0.34789838086098424       0.99986758897320438       0.13182966067154392     
   2.5410000000000005E-004  0.45945521458545091        5.2575794123163568       0.35758954060379688       0.99986922516314725       0.12629296933161760     
   2.5420000000000005E-004  0.46114018719393551        5.2467606454761366       0.36694237481933578       0.99987168370528601       0.12049538343846462     
   2.5430000000000006E-004  0.46288933585803022        5.2363773067704571       0.37592717922302499       0.99987490314823446       0.11445013199012269     
   2.5440000000000006E-004  0.46469860358900617        5.2264771485463140       0.38451473989504131       0.99987881699622294       0.10817083183793109     
   2.5450000000000001E-004  0.46656406150980595        5.2171079966217579       0.39267654484024983       0.99988335648723903       0.10167121195930920     
   2.5460000000000001E-004  0.46848191356343932        5.2083168109727556       0.40038497484931712       0.99988845363912704        9.4964872655914467E-002
   2.5470000000000001E-004  0.47044849273233275        5.2001488177043029       0.40761347334462267       0.99989404401698834        8.8065117424779071E-002
   2.5480000000000001E-004  0.47246025141874221        5.1926467766289353       0.41433669769953430       0.99990006879332427        8.0984874127990894E-002
   2.5490000000000002E-004  0.47451374870210228        5.1858504237549496       0.42053065593489258       0.99990647591389248        7.3736703064413517E-002
   2.5500000000000002E-004  0.47660563677718748        5.1797961034930928       0.42617283269172607       0.99991322036797015        6.6332870706303823E-002
   2.5510000000000002E-004  0.47873264818641498        5.1745165840779990       0.43124230752419013       0.99992026371035236        5.8785462890560879E-002
   2.5520000000000002E-004  0.48089158466155896        5.1700410342697847       0.43571986706866456       0.99992757316143988        5.1106509259665672E-002
   2.5530000000000003E-004  0.48307930771839575        5.1663951293360597       0.43958811149758442       0.99993512047353938        4.3308097834643088E-002
   2.5540000000000003E-004  0.48529273059838085        5.1636012489927889       0.44283155447070482       0.99994288083308236        3.5402464227787443E-002
   2.5550000000000003E-004  0.48752881090772859        5.1616787288153354       0.44543671533850476       0.99995083190225142        2.7402050741315357E-002
   2.5560000000000003E-004  0.48978454323371778        5.1606441293811187       0.44739220216343784       0.99995895306399862        1.9319533658084510E-002
   2.5570000000000004E-004  0.49205695113413389        5.1605114922585322       0.44868878429128822       0.99996722487755485        1.1167823676054685E-002
   2.5580000000000004E-004  0.49434307812890854        5.1612925567556172       0.44931945353978325       0.99997562870606171        2.9600461835655812E-003
   2.5590000000000004E-004  0.49663997757449507        5.1629969163775762       0.44927947338436519       0.99998414646494094       -5.2904916767602776E-003
   2.5600000000000004E-004  0.49894470153319531        5.1656320992791329       0.44856641580879386       0.99999276042929452       -1.3570340130590160E-002
   2.5610000000000005E-004  0.50125428892013679        5.1692035624149337       0.44718018573140217        1.0000014530332566       -2.1865945430204710E-002
   2.5620000000000005E-004  0.50356575329273690        5.1737145947975396       0.44512303311077656        1.0000102065916616       -3.0163681733784198E-002
   2.5630000000000005E-004  0.50587607063119799        5.1791661315792403       0.44239955300328510        1.0000190028729601       -3.8449870070688834E-002
   2.5640000000000005E-004  0.50818216734516208        5.1855564879090288       0.43901667399769778        1.0000278224572750       -4.6710778726467422E-002
   2.5650000000000005E-004  0.51048090855173289        5.1928810298231856       0.43498363555436992        1.0000366438275701       -5.4932600533868711E-002
   2.5660000000000000E-004  0.51276908642149399        5.2011318082272471       0.43031195481758094        1.0000454421655307       -6.3101403936974984E-002
   2.5670000000000001E-004  0.51504340811701910        5.2102971904402260       0.42501538330144789        1.0000541879028635       -7.1203058760752502E-002
   2.5680000000000001E-004  0.51730048271209395        5.2203615295185610       0.41910985315551980        1.0000628451340112       -7.9223144030401649E-002
   2.5690000000000001E-004  0.51953680645368372        5.2313049150948316       0.41261341195871443        1.0000713700696622       -8.7146847725964288E-002
   2.5700000000000001E-004  0.52174874594233234        5.2431030491413271       0.40554614364262392        1.0000797098153189       -9.4958880570488235E-002
   2.5710000000000002E-004  0.52393251929322326        5.2557272828633010       0.39793007176198070        1.0000878017468378      -0.10264342471708984     
   2.5720000000000002E-004  0.52608417607291647        5.2691448369076621       0.38978903998008285        1.0000955737273993      -0.11018414337524222     
   2.5730000000000002E-004  0.52819957769859260        5.2833192074858815       0.38114856414715209        1.0001029453023531      -0.11756426823587413     
   2.5740000000000002E-004  0.53027438088327972        5.2982107375040322       0.37203565110375708        1.0001098296770130      -0.12476676787706341     
   2.5750000000000002E-004  0.53230402722533188        5.3137773079304722       0.36247858201062277        1.0001161361149244      -0.13177457993706015     
   2.5760000000000003E-004  0.53428374199052631        5.3299750845724638       0.35250666232221378        1.0001217721958651      -0.13857086893548079     
   2.5770000000000003E-004  0.53620854432908160        5.3467592430268667       0.34214994589029940        1.0001266453534856      -0.14513925553891624     
   2.5780000000000003E-004  0.53807326965983659        5.3640845928232750       0.33143894596647450        1.0001306633891951      -0.15146396051160790     
   2.5790000000000003E-004  0.53987260311825624        5.3819060326743582       0.32040434939473061        1.0001337341808112      -0.15752982366359214     
   2.5800000000000004E-004  0.54160112132148708        5.4001787924767992       0.30907675070659196        1.0001357653585459      -0.16332219370978451     
   2.5810000000000004E-004  0.54325333896144901        5.4188584517931755       0.29748641960658306        1.0001366651100336      -0.16882672981963967     
   2.5820000000000004E-004  0.54482375749991130        5.4379007644088588       0.28566310901940611        1.0001363452971181      -0.17402919673279063     
   2.5830000000000004E-004  0.54630691637864359        5.4572613608735860       0.27363590310565866        1.0001347274795760      -0.17891535543269138     
   2.5840000000000005E-004  0.54769745053644792        5.4768954318052483       0.26143309760195732        1.0001317514847174      -0.18347103758845140     
   2.5850000000000005E-004  0.54899015826388198        5.4967575046000068       0.24908210073956535        1.0001273850120005      -0.18768244343460821     
   2.5860000000000005E-004  0.55018008139739982        5.5168014120731694       0.23660934344161363        1.0001216319867154      -0.19153663254766440     
   2.5870000000000000E-004  0.55126259544188827        5.5369805145910078       0.22404019234777012        1.0001145372449021      -0.19502210764083378     
   2.5880000000000000E-004  0.55223350140004923        5.5572481849557835       0.21139886689213913        1.0001061859698603      -0.19812934846305627     
   2.5890000000000000E-004  0.55308910629397023        5.5775585107140433       0.19870836920244514        1.0000966977369738      -0.20085115651859739     
   2.5900000000000001E-004  0.55382627874292689        5.5978671248307332       0.18599044046447916        1.0000862163644313      -0.20318271377458644     
   2.5910000000000001E-004  0.55444247095109633        5.6181320518612790       0.17326555824593734        1.0000748977508243      -0.20512132440357547     
   2.5920000000000001E-004  0.55493570703810291        5.6383144604824249       0.16055298596726919        1.0000628983224986      -0.20666588225256230     
   2.5930000000000001E-004  0.55530454505477256        5.6583792358373284       0.14787087881627561        1.0000503667010709      -0.20781617549288814     
   2.5940000000000002E-004  0.55554802071769716        5.6782953173975415       0.13523644119126527        1.0000374404054524      -0.20857219129652413     
   2.5950000000000002E-004  0.55566558138675815        5.6980357851707950       0.12266612128850557        1.0000242475842940      -0.20893358847832394     
   2.5960000000000002E-004  0.55565702318324917        5.7175777096285323       0.11017582151990873        1.0000109119944958      -0.20889945499113133     
   2.5970000000000002E-004  0.55552244687372576        5.7369018030595029        9.7781101246800700E-002  0.99999755871704010      -0.20846838634837281     
   2.5980000000000003E-004  0.55526224681313174        5.7559919209307502        8.5497351145251893E-002  0.99998431816013889      -0.20763883776885120     
   2.5990000000000003E-004  0.55487713991965959        5.7748344632937343        7.3339925272141587E-002  0.99997132699820757      -0.20640964513160492     
   2.6000000000000003E-004  0.55436823022227066        5.7934177222674581        6.1324225234681590E-002  0.99995872597632196      -0.20478059188374992     
   2.6010000000000003E-004  0.55373709265092541        5.8117312159296990        4.9465738403383669E-002  0.99994665553449158      -0.20275291857904529     
   2.6020000000000004E-004  0.55298585233562447        5.8297650431083063        3.7780037367293698E-002  0.99993525047548382      -0.20032970763724697     
   2.6030000000000004E-004  0.55211723550822522        5.8475092882725530        2.6282750532091972E-002  0.99992463473052084      -0.19751611195903482     
   2.6040000000000004E-004  0.55113457545941114        5.8649535005265161        1.4989514410755238E-002  0.99991491680028832      -0.19431942054770932     
   2.6050000000000004E-004  0.55004177280471978        5.8820862646506669        3.9159176790252923E-003  0.99990618607716397      -0.19074896623598955     
   2.6060000000000005E-004  0.54884322055696610        5.8988948749861230       -6.9225540557418634E-003  0.99989851044990574      -0.18681589346654090     
   2.6070000000000005E-004  0.54754370722009849        5.9153651160352965       -1.7510565700163398E-002  0.99989193551378119      -0.18253282320445499     
   2.6080000000000000E-004  0.54614831121996110        5.9314811481117431       -2.7832967932761302E-002  0.99988648538913238      -0.17791346390591439     
   2.6090000000000000E-004  0.54466229796792065        5.9472254922149386       -3.7874818740117625E-002  0.99988216490878179      -0.17297222053416472     
   2.6100000000000000E-004  0.54309102769907425        5.9625791054976798       -4.7621392462800165E-002  0.99987896268037835      -0.16772384677254040     
   2.6110000000000000E-004  0.54143987879230360        5.9775215361436782       -5.7058179702881441E-002  0.99987685450891872      -0.16218317276479854     
   2.6120000000000001E-004  0.53971418824268103        5.9920311448067434       -6.6170882859063057E-002  0.99987580665730058      -0.15636492382250916     
   2.6130000000000001E-004  0.53791920854592179        6.0060853784543742       -7.4945412494980101E-002  0.99987577858410082      -0.15028362976021792     
   2.6140000000000001E-004  0.53606007868101291        6.0196610811134565       -8.3367889481246821E-002  0.99987672496851787      -0.14395361162998252     
   2.6150000000000001E-004  0.53414180611306472        6.0327348248693653       -9.1424656947999450E-002  0.99987859699848769      -0.13738902453747401     
   2.6160000000000002E-004  0.53216925665000103        6.0452832453492622       -9.9102304731655183E-002  0.99988134304109044      -0.13060393281199595     
   2.6170000000000002E-004  0.53014714957099951        6.0572833679878144      -0.10638770749277329       0.99988490890393522      -0.12361239450020148     
   2.6180000000000002E-004  0.52808005600939112        6.0687129140049478      -0.11326807620802895       0.99988923792319406      -0.11642853662635388     
   2.6190000000000002E-004  0.52597239893134262        6.0795505782271935      -0.11973102158161018       0.99989427106130013      -0.10906660962779149     
   2.6200000000000003E-004  0.52382845377170562        6.0897762740771526      -0.12576462709652694       0.99989994717002018      -0.10154101612683357     
   2.6210000000000003E-004  0.52165234946523298        6.0993713438326544      -0.13135752896282724       0.99990620346499415       -9.3866313559851824E-002
   2.6220000000000003E-004  0.51944807005253346        6.1083187346531211      -0.13649900010574106       0.99991297619099750       -8.6057195603925080E-002
   2.6230000000000003E-004  0.51721945727012542        6.1166031424181249      -0.14117903539557392       0.99992020144226790       -7.8128457929604919E-002
   2.6240000000000004E-004  0.51497021456326175        6.1242111265075820      -0.14538843564427434       0.99992781601336911       -7.0094956365070682E-002
   2.6250000000000004E-004  0.51270391286862849        6.1311311991386983      -0.14911888816481259       0.99993575821984260       -6.1971562702396649E-002
   2.6260000000000004E-004  0.51042399836075070        6.1373538928883775      -0.15236304213137725       0.99994396857770673       -5.3773125041123179E-002
   2.6270000000000004E-004  0.50813380219551063        6.1428718098079607      -0.15511457725808303       0.99995239028608451       -4.5514434198856618E-002
   2.6280000000000005E-004  0.50583655213440037        6.1476796562304905      -0.15736826454191960       0.99996096950357949       -3.7210199515548270E-002
   2.6289999999999999E-004  0.50353538583055057        6.1517742676584177      -0.15912001805925868       0.99996965538330673       -2.8875034067655285E-002
   2.6300000000000000E-004  0.50123336548601360        6.1551546235874337      -0.16036693721669160       0.99997839987021664       -2.0523448073362965E-002
   2.6310000000000000E-004  0.49893349355036204        6.1578218520471975      -0.16110733901244148       0.99998715730357968       -1.2169849640231963E-002
   2.6320000000000000E-004  0.49663872911226181        6.1597792243261082      -0.16134077996847437       0.99999588386809790       -3.8285510772637426E-003
   2.6330000000000000E-004  0.49435200463119666        6.1610321401535284      -0.16106806752253239        1.0000045369467299        4.4862213248238053E-003
   2.6340000000000001E-004  0.49207624266085037        6.1615881034380546      -0.16029126080156031        1.0000130744303730        1.2760316070925802E-002
   2.6350000000000001E-004  0.48981437222520890        6.1614566885143276      -0.15901366083348450        1.0000214540391785        2.0979645746998676E-002
   2.6360000000000001E-004  0.48756934452118095        6.1606494966902545      -0.15723979039199945        1.0000296327079519        2.9130178649734797E-002
   2.6370000000000001E-004  0.48534414763698192        6.1591801026769666      -0.15497536380992757        1.0000375660836547        3.7197934419522648E-002
   2.6380000000000002E-004  0.48314181999457012        6.1570639902147537      -0.15222724724160414        1.0000452081766189        4.5168985100152395E-002
   2.6390000000000002E-004  0.48096546224912257        6.1543184758813965      -0.14900341000245693        1.0000525111986869        5.3029462764737093E-002
   2.6400000000000002E-004  0.47881824741174006        6.1509626195830709      -0.14531286778045277        1.0000594256043420        6.0765574162512721E-002
   2.6410000000000002E-004  0.47670342900677326        6.1470171190574892      -0.14116561876838221        1.0000659003319641        6.8363621724429224E-002
   2.6420000000000003E-004  0.47462434713544077        6.1425041865064358      -0.13657257389191013        1.0000718832559179        7.5810030251454941E-002
   2.6430000000000003E-004  0.47258443238976655        6.1374474067163884      -0.13154548239666436        1.0000773218087227        8.3091377373076078E-002
   2.6440000000000003E-004  0.47058720763396172        6.1318715748145110      -0.12609685443244151        1.0000821637152402        9.0194423456242109E-002
   2.6450000000000003E-004  0.46863628775121319        6.1258025116953423      -0.12023988251287157        1.0000863578011305        9.7106138446233392E-002
   2.6460000000000003E-004  0.46673537751392513        6.1192668553606495      -0.11398836393508946        1.0000898547788772       0.10381372046848487     
   2.6470000000000004E-004  0.46488826774808334        6.1122918273229718      -0.10735662643743531        1.0000926080006927       0.11030460288198050     
   2.6480000000000004E-004  0.46309882992732604        6.1049049742003305      -0.10035945935301946        1.0000945741138112       0.11656644735463918     
   2.6490000000000004E-004  0.46137100918954588        6.0971338862097451       -9.3012052408311729E-002   1.0000957136556037       0.12258712272055562     
   2.6499999999999999E-004  0.45970881554303583        6.0890058962935392       -8.5329943908782610E-002   1.0000959915982381       0.12835467260203698     
   2.6509999999999999E-004  0.45811631270684727        6.0805477659383769       -7.7328979462838024E-002   1.0000953779542432       0.13385727841718040     
   2.6520000000000000E-004  0.45659760365491348        6.0717853664258943       -6.9025281532855517E-002   1.0000938485072322       0.13908322714453181     
   2.6530000000000000E-004  0.45515681160356841        6.0627433670124038       -6.0435229089062667E-002   1.0000913857637428       0.14402089648587574     
   2.6540000000000000E-004  0.45379805497983033        6.0534449441015550       -5.1575445598396892E-002   1.0000879801917517       0.14865876996997207     
   2.6550000000000000E-004  0.45252541497140836        6.0439115274655357       -4.2462792618174622E-002   1.0000836317170270       0.15298549320882612     
   2.6560000000000000E-004  0.45134289468895289        6.0341626006440539       -3.3114365582770720E-002   1.0000783513826970       0.15698997862720568     
   2.6570000000000001E-004  0.45025436985322270        6.0242155723758533       -2.3547488139227218E-002   1.0000721629969396       0.16066155918539912     
   2.6580000000000001E-004  0.44926353216585990        6.0140857337455476       -1.3779701702552983E-002   1.0000651045155915       0.16399018349903105     
   2.6590000000000001E-004  0.44837382802444026        6.0037863122690158       -3.8287477920820150E-003   1.0000572288908733       0.16696663670690062     
   2.6600000000000001E-004  0.44758839667389533        5.9933286289011836        6.2874579553812669E-003   1.0000486041589753       0.16958276474036699     
   2.6610000000000002E-004  0.44691001294226346        5.9827223572733317        1.6550859483072458E-002   1.0000393126064056       0.17183167570774630     
   2.6620000000000002E-004  0.44634104001231301        5.9719758770456135        2.6943299352119074E-002   1.0000294490345720       0.17370789284067120     
   2.6630000000000002E-004  0.44588339699397567        5.9610967058228574        3.7446559226493793E-002   1.0000191182410174       0.17520743795801957     
   2.6640000000000002E-004  0.44553854439206081        5.9500919877859211        4.8042396834209133E-002   1.0000084319939306       0.17632783288850987     
   2.6650000000000003E-004  0.44530748797897973        5.9389690126799515        5.8712574075635945E-002  0.99999750586497393       0.17706801767877778     
   2.6660000000000003E-004  0.44519079857278970        5.9277357368211803        6.9438871367677277E-002  0.99998645627370297       0.17742819562606765     
   2.6670000000000003E-004  0.44518864263620672        5.9164012786006488        8.0203084452003942E-002  0.99997539808005553       0.17740962584102155     
   2.6680000000000003E-004  0.44530081713981667        5.9049763641821809        9.0987001725310657E-002  0.99996444291879505       0.17701439210367917     
   2.6690000000000004E-004  0.44552678189013756        5.8934737042102565       0.10177236231991128       0.99995369831598258       0.17624517926377439     
   2.6700000000000004E-004  0.44586568371385937        5.8819082881339337       0.11254079745230497       0.99994326749066920       0.17510508768817631     
   2.6709999999999999E-004  0.44631636915439377        5.8702975885149549       0.12327375966112153       0.99993324959289909       0.17359751073291935     
   2.6719999999999999E-004  0.44687738527162091        5.8586616727499425       0.13395244618839383       0.99992374004584916       0.17172609063378333     
   2.6729999999999999E-004  0.44754697096713431        5.8470232236178674       0.14455772369329820       0.99991483063215636       0.16949475639568140     
   2.6739999999999999E-004  0.44832304351053326        5.8354074731144703       0.15507006156773462       0.99990660899964690       0.16690783372210000     
   2.6750000000000000E-004  0.44920318620134536        5.8238420566994265       0.16546948029491146       0.99989915740793112       0.16397020432511467     
   2.6760000000000000E-004  0.45018464302262445        5.8123567977427335       0.17573551977296620       0.99989255076329231       0.16068748579043987     
   2.6770000000000000E-004  0.45126432490333807        5.8009834347962776       0.18584723062644604       0.99988685410249389       0.15706619971973715     
   2.6780000000000000E-004  0.45243883018278680        5.7897553074983001       0.19578318938177341       0.99988211986160658       0.15311389737662165     
   2.6790000000000001E-004  0.45370447944668896        5.7787070197566557       0.20552153641353679       0.99987838537430007       0.14883921997689337     
   2.6800000000000001E-004  0.45505736258671758        5.7678741005109266       0.21504003403705763       0.99987567101501396       0.14425188177946455     
   2.6810000000000001E-004  0.45649339414441675        5.7572926819130696       0.22431614117281010       0.99987397933805400       0.13936257707895175     
   2.6820000000000001E-004  0.45800837201642375        5.7469992117843915       0.23332710078046096       0.99987329540145919       0.13418282500008247     
   2.6830000000000002E-004  0.45959803461370130        5.7370302120505041       0.24205003671909098       0.99987358826426820       0.12872477577236502     
   2.6840000000000002E-004  0.46125811239482312        5.7274220874104707       0.25046205756652007       0.99987481343366291       0.12300100641097263     
   2.6850000000000002E-004  0.46298437101032858        5.7182109802871182       0.25854036591063306       0.99987691592245542       0.11702433173744831     
   2.6860000000000002E-004  0.46477264476257796        5.7094326608701333       0.26626237246335405       0.99987983355225918       0.11080765085572811     
   2.6870000000000003E-004  0.46661886042278833        5.7011224361149182       0.27360581489901670       0.99988350012383864       0.10436383998895092     
   2.6880000000000003E-004  0.46851905241241754        5.6933150599379889       0.28054888147013696       0.99988784817957432        9.7705693893979081E-002
   2.6890000000000003E-004  0.47046937086245416        5.6860446287631632       0.28707033921508834       0.99989281125564444        9.0845910420142159E-002
   2.6900000000000003E-004  0.47246608420724956        5.6793444512231925       0.29314966610475218       0.99989832552529867        8.3797106176824843E-002
   2.6910000000000004E-004  0.47450557784521746        5.6732468869429287       0.29876718592281576       0.99990433089792929        7.6571852623639039E-002
   2.6919999999999998E-004  0.47658435007098576        5.6677831558835443       0.30390420406421526       0.99991077169117304        6.9182719186148836E-002
   2.6929999999999999E-004  0.47869900614481142        5.6629831248189397       0.30854314216304596       0.99991759691878912        6.1642316193584443E-002
   2.6939999999999999E-004  0.48084625100016515        5.6588750809417210       0.31266766915497568       0.99992476035213818        5.3963330635427569E-002
   2.6949999999999999E-004  0.48302288087025930        5.6554855038119154       0.31626282652695942       0.99993222037420360        4.6158553977143427E-002
   2.6959999999999999E-004  0.48522577392210503        5.6528388460157153       0.31931514558807622       0.99993993970095463        3.8240900189921295E-002
   2.6970000000000000E-004  0.48745187991702732        5.6509573309501970       0.32181275494676553       0.99994788499322740        3.0223416923091363E-002
   2.6980000000000000E-004  0.48969820889578980        5.6498607735988049       0.32374547674087428       0.99995602636410474        2.2119291209841945E-002
   2.6990000000000000E-004  0.49196181890556745        5.6495664269027905       0.32510491043005185       0.99996433680259711        1.3941851519968074E-002
   2.7000000000000000E-004  0.49423980283300173        5.6500888535754843       0.32588450322042778       0.99997279152091423        5.7045677597508462E-003
   2.7010000000000001E-004  0.49652927444702899        5.6514398214980233       0.32607960639159073       0.99998136723410047       -2.5789499454211481E-003
   2.7020000000000001E-004  0.49882735378691279        5.6536282200991206       0.32568751692751235       0.99999004138272451       -1.0894953337123751E-002
   2.7030000000000001E-004  0.50113115205428294        5.6566599951687682       0.32470750393486331       0.99999879130988045       -1.9229558849798409E-002
   2.7040000000000001E-004  0.50343775617871145        5.6605381001400126       0.32314081938519590        1.0000075934038470       -2.7568751074603659E-002
   2.7050000000000002E-004  0.50574421322203944        5.6652624627187098       0.32099069276850711        1.0000164222173757       -3.5898386582817438E-002
   2.7060000000000002E-004  0.50804751476817178        5.6708299665999053       0.31826230932480865        1.0000252495739346       -4.4204197509823656E-002
   2.7070000000000002E-004  0.51034458141762007        5.6772344487035227       0.31496277165685144        1.0000340436702839       -5.2471793868524144E-002
   2.7080000000000002E-004  0.51263224747513036        5.6844667127982280       0.31110104475009259        1.0000427681839457       -6.0686663052093116E-002
   2.7090000000000003E-004  0.51490724588897352        5.6925145606864458       0.30668788475573716        1.0000513814009413       -6.8834164906949907E-002
   2.7100000000000003E-004  0.51716619350210491        5.7013628427398988       0.30173575227555655        1.0000598353925101       -7.6899521852100264E-002
   2.7110000000000003E-004  0.51940557668618792        5.7109935292977205       0.29625871127934666        1.0000680752651721       -8.4867802427683312E-002
   2.7120000000000003E-004  0.52162173737344797        5.7213858035730070       0.29027231516489216        1.0000760385989493       -9.2723899724379111E-002
   2.7129999999999998E-004  0.52381085958009466        5.7325161761604573       0.28379348165615009        1.0000836551102388      -0.10045250708515729     
   2.7139999999999998E-004  0.52596895666597954        5.7443586209212363       0.27684035850028715        1.0000908467376015      -0.10803809557174245     
   2.7149999999999999E-004  0.52809185988131979        5.7568847320295671       0.26943218182646955        1.0000975281904592      -0.11546489954365499     
   2.7159999999999999E-004  0.53017520914041028        5.7700639023029314       0.26158912899138020        1.0001036081683143      -0.12271691906142987     
   2.7169999999999999E-004  0.53221444750599167        5.7838635234852962       0.25333216753137544        1.0001089912812460      -0.12977794578528917     
   2.7179999999999999E-004  0.53420482138698666        5.7982492101742569       0.24468290171621615        1.0001135806765111      -0.13663162030787132     
   2.7190000000000000E-004  0.53614138880738882        5.8131850501301123       0.23566341822290474        1.0001172813387247      -0.14326152509587775     
   2.7200000000000000E-004  0.53801903805701889        5.8286338844888039       0.22629613260467304        1.0001200038763474      -0.14965131383959815     
   2.7210000000000000E-004  0.53983251839101409        5.8445576213751096       0.21660363856261383        1.0001216685527798      -0.15578487478393771     
   2.7220000000000000E-004  0.54157648314496132        5.8609175849111494       0.20660856241661643        1.0001222092627444      -0.16164652120545389     
   2.7230000000000001E-004  0.54324554383663159        5.8776748983981832       0.19633342557366190        1.0001215770943401      -0.16722119736398378     
   2.7240000000000001E-004  0.54483433186240948        5.8947908945167384       0.18580051811564854        1.0001197431047781      -0.17249468314138633     
   2.7250000000000001E-004  0.54633756270431477        5.9122275373230124       0.17503178673284794        1.0001166999921303      -0.17745377655777986     
   2.7260000000000001E-004  0.54775009688627496        5.9299478347501644       0.16404874039911160        1.0001124623687527      -0.18208643070632607     
   2.7270000000000001E-004  0.54906699323252717        5.9479162164507624       0.15287237733919981        1.0001070654578137      -0.18638182006696247     
   2.7280000000000002E-004  0.55028355290312292        5.9660988510581845       0.14152313688393714        1.0001005623019801      -0.19033031549931695     
   2.7290000000000002E-004  0.55139535361130831        5.9844638797598240       0.13002087939544521        1.0000930199585543      -0.19392336065482241     
   2.7300000000000002E-004  0.55239827411485654        6.0029815493722776       0.11838489625925389        1.0000845153561018      -0.19715326249522030     
   2.7310000000000002E-004  0.55328851069697593        6.0216242372765709       0.10663395006711965        1.0000751316001251      -0.20001292705203796     
   2.7320000000000003E-004  0.55406258913238593        6.0403663706180684        9.4786342479263250E-002   1.0000649555472587      -0.20249559223144964     
   2.7330000000000003E-004  0.55471737748596228        6.0591842517251226        8.2860004123744863E-002   1.0000540770540138      -0.20459461817588551     
   2.7339999999999998E-004  0.55525010568078481        6.0780558088885819        7.0872597937712750E-002   1.0000425899947738      -0.20630339231572634     
   2.7349999999999998E-004  0.55565839658680205        6.0969602960472358        5.8841625030290272E-002   1.0000305946856793      -0.20761539225166362     
   2.7359999999999998E-004  0.55594031052554083        6.1158779663563774        4.6784521072142510E-002   1.0000182009315344      -0.20852442380709224     
   2.7369999999999998E-004  0.55609440121755627        6.1347897433117335        3.4718731985235160E-002   1.0000055305061595      -0.20902501487980640     
   2.7379999999999999E-004  0.55611977774454724        6.1536769096408666        2.2661760634795209E-002  0.99999271794035682      -0.20911290837114174     
   2.7389999999999999E-004  0.55601616371015938        6.1725208276433872        1.0631181047376106E-002  0.99997990876439657      -0.20878556616813077     
   2.7399999999999999E-004  0.55578394086834848        6.1913026972799123       -1.3553773985365610E-003  0.99996725507619222      -0.20804258522868277     
   2.7409999999999999E-004  0.55542416749050993        6.2100033523625982       -1.3280267652315667E-002  0.99995490897609629      -0.20688593688922532     
   2.7420000000000000E-004  0.55493856664044461        6.2286030906541292       -2.5125872206239994E-002  0.99994301521992957      -0.20531997652274236     
   2.7430000000000000E-004  0.55432948424440021        6.2470815318807098       -3.6874646124509879E-002  0.99993170471229664      -0.20335122290183397     
   2.7440000000000000E-004  0.55359982154262499        6.2654174985077198       -4.8509143950564979E-002  0.99992109022636688      -0.20098795934981617     
   2.7450000000000000E-004  0.55275295070128760        4.0360968907116046E-004  -6.0012023016704531E-002  0.99991126496099614      -0.19823974459491461     
   2.7460000000000001E-004  0.55179262506506743        1.8387432112300317E-002  -7.1366021472513322E-002  0.99990230369775435      -0.19511693087898691     
   2.7470000000000001E-004  0.55072289580354195        3.6159582957044023E-002  -8.2553914971561740E-002  0.99989426566142037      -0.19163027088865478     
   2.7480000000000001E-004  0.54954804404772817        5.3694932486292757E-002  -9.3558460087248288E-002  0.99988719791070357      -0.18779066256949070     
   2.7490000000000001E-004  0.54827253256102670        7.0967302221410122E-002 -0.10436233453710936       0.99988113827072334      -0.18360904407572889     
   2.7500000000000002E-004  0.54690097438789220        8.7949504945701307E-002 -0.11494808425155853       0.99987611717746061      -0.17909642169519666     
   2.7510000000000002E-004  0.54543811180613067       0.10461342177807964      -0.12529808566406797       0.99987215810683994      -0.17426399156723571     
   2.7520000000000002E-004  0.54388879913492683       0.12093011746306814      -0.13539452884391562       0.99986927668168279      -0.16912330368231246     
   2.7530000000000002E-004  0.54225798441463680       0.13686999299862990      -0.14521942390506365       0.99986747888937300      -0.16368641644498139     
   2.7540000000000003E-004  0.54055068698425568       0.15240297219639487      -0.15475463021619151       0.99986675907834277      -0.15796600201723468     
   2.7549999999999997E-004  0.53877197008790578       0.16749871623955848      -0.16398190587551728       0.99986709837725718      -0.15197538099966384     
   2.7559999999999998E-004  0.53692690925449638       0.18212685798158113      -0.17288297390308646       0.99986846403301421      -0.14572848510792075     
   2.7569999999999998E-004  0.53502055806190496       0.19625724580758330      -0.18143960163920012       0.99987080986002486      -0.13923976282136119     
   2.7579999999999998E-004  0.53305791332062147       0.20986018765738379      -0.18963369036873357       0.99987407773339887      -0.13252405137759002     
   2.7589999999999998E-004  0.53104388175679262       0.22290668831571914      -0.19744737292937747       0.99987819987772431      -0.12559644013515378     
   2.7599999999999999E-004  0.52898325008734393       0.23536867570625297      -0.20486311778170599       0.99988310158419746      -0.11847214572821500     
   2.7609999999999999E-004  0.52688066006124445       0.24721921455588713      -0.21186383841202580       0.99988870399937568      -0.11116641132759177     
   2.7619999999999999E-004  0.52474058959973480       0.25843270781774308      -0.21843300699700810       0.99989492673694547      -0.10369443474812276     
   2.7629999999999999E-004  0.52256734058243615       0.26898508713311919      -0.22455477106558946       0.99990169013644747       -9.6071322969226075E-002
   2.7640000000000000E-004  0.52036503340249507       0.27885399344912720      -0.23021407160832152       0.99990891706782270       -8.8312067572019134E-002
   2.7650000000000000E-004  0.51813760794795172       0.28801894789815918      -0.23539676074363211       0.99991653432685546       -8.0431534365554086E-002
   2.7660000000000000E-004  0.51588883003091157       0.29646151185789194      -0.24008971689413211       0.99992447358323788       -7.2444460991304194E-002
   2.7670000000000000E-004  0.51362230202544434       0.30416543420983722      -0.24428095535949765       0.99993267198989810       -6.4365459891109075E-002
   2.7680000000000001E-004  0.51134147652131401       0.31111678326054815      -0.24795973230501459       0.99994107241996710       -5.6209022917912604E-002
   2.7690000000000001E-004  0.50904967195975703       0.31730406086181873      -0.25111664030804876       0.99994962343932225       -4.7989527515166538E-002
   2.7700000000000001E-004  0.50675008945224176       0.32271829691773135      -0.25374369392152085       0.99995827900126599       -3.9721244029261596E-002
   2.7710000000000001E-004  0.50444583021697575       0.32735312378628123      -0.25583440382185879       0.99996699794268540       -3.1418342866477815E-002
   2.7720000000000002E-004  0.50213991324960738       0.33120482919942162      -0.25738383853255575       0.99997574330204575       -2.3094902839745024E-002
   2.7730000000000002E-004  0.49983529298050811       0.33427238657636771      -0.25838867297913864       0.99998448150014685       -1.4764920016407633E-002
   2.7740000000000002E-004  0.49753487676227648       0.33655746310896895      -0.25884722324389448       0.99999318143732641       -6.4423164660157338E-003
   2.7750000000000002E-004  0.49524154208226684       0.33806440629046897      -0.25875946710088149        1.0000018135442239        1.8590511975927618E-003
   2.7759999999999997E-004  0.49295815342179566       0.33880020961504620      -0.25812705011804626        1.0000103488201326        1.0125383701463037E-002
   2.7769999999999997E-004  0.49068757869651908       0.33877445825492281      -0.25695327730350292        1.0000187578907018        1.8342931589293825E-002
   2.7779999999999998E-004  0.48843270521821341       0.33799925571088529      -0.25524309045870480        1.0000270101141313        2.6497988306266013E-002
   2.7789999999999998E-004  0.48619645512016696       0.33648913277844805      -0.25300303158889847        1.0000350727631366        3.4576883778882198E-002
   2.7800000000000004E-004  0.48398180018528153       0.33426094066350132      -0.25024119291600533        1.0000429103087936        4.2565978266460004E-002
   2.7810000000000004E-004  0.48179177600228279       0.33133373063418858      -0.24696715424839863        1.0000504838308548        5.0451656119584923E-002
   2.7820000000000004E-004  0.47962949534311616       0.32772862307571593      -0.24319190869159832        1.0000577505811477        5.8220319128944591E-002
   2.7830000000000004E-004  0.47749816059212830       0.32346866844404687      -0.23892777793107289        1.0000646637295052        6.5858380239956410E-002
   2.7840000000000005E-004  0.47540107495234574       0.31857870163790736      -0.23418831855377736        1.0000711723132327        7.3352258140804566E-002
   2.7850000000000005E-004  0.47334165201027711       0.31308519268732304      -0.22898822097445648        1.0000772214409606        8.0688373130027510E-002
   2.7860000000000005E-004  0.47132342307638875       0.30701609545456421      -0.22334320261801188        1.0000827527993126        8.7853148240171083E-002
   2.7870000000000005E-004  0.46935004153925935       0.30040069399465708      -0.21726989710235867        1.0000877054465425        9.4833016641672166E-002
   2.7880000000000005E-004  0.46742528333641364       0.29326944485001860      -0.21078574123231936        1.0000920169772072       0.10161443974106249     
   2.7890000000000006E-004  0.46555304260026753       0.28565381193343597      -0.20390886144269538        1.0000956249939659       0.10818393885694183     
   2.7900000000000006E-004  0.46373732161125153       0.27758608990177969      -0.19665796128539004        1.0000984689245915       0.11452814362969624     
   2.7910000000000006E-004  0.46198221446374049       0.26909921167103690      -0.18905221133543687        1.0001004920641083       0.12063385814011399     
   2.7920000000000006E-004  0.46029188431351964       0.26022653654494476      -0.18111114280515345        1.0001016437753005       0.12648814449335791     
   2.7930000000000001E-004  0.45867053467331226       0.25100161706487611      -0.17285454608217016        1.0001018816689407       0.13207841954396377     
   2.7940000000000002E-004  0.45712237589958576       0.24145794487671601      -0.16430237544885679        1.0001011735920942       0.13739255867863975     
   2.7950000000000002E-004  0.45565158860391047       0.23162867836620826      -0.15547466140204955        1.0000994992429453       0.14241899700499658     
   2.7960000000000002E-004  0.45426228610124930       0.22154635714260529      -0.14639143224068776        1.0000968512179560       0.14714681639764352     
   2.7970000000000002E-004  0.45295847804420958       0.21124261039368797      -0.13707264686719969        1.0000932353866738       0.15156580689057708     
   2.7980000000000002E-004  0.45174403701810378       0.20074786763276364      -0.12753814093538848        1.0000886705764742       0.15566649257628781     
   2.7990000000000003E-004  0.45062266915763216       0.19009108151145249      -0.11780758842439021        1.0000831876553211       0.15944011660708074     
   2.8000000000000003E-004  0.44959788883630786       0.17929947333739271      -0.10790048029933405        1.0000768282160393       0.16287858661846955     
   2.8010000000000003E-004  0.44867299638241770       0.16839831292587526       -9.7836121017393238E-002   1.0000696431643914       0.16597439054345667     
   2.8020000000000003E-004  0.44785105707697404       0.15741074519599962       -8.7633642256651781E-002   1.0000616915362492       0.16872050132756550     
   2.8030000000000004E-004  0.44713487947829594       0.14635767618522699       -7.7312031526048805E-002   1.0000530398030996       0.17111029525989083     
   2.8040000000000004E-004  0.44652699132923396       0.13525773065105362       -6.6890171529125922E-002   1.0000437617928477       0.17313751056335708     
   2.8050000000000004E-004  0.44602961199610586       0.12412729171433590       -5.6386884628776640E-002   1.0000339391609583       0.17479626928520819     
   2.8060000000000004E-004  0.44564462143186095       0.11298062977778400       -4.5820975891307916E-002   1.0000236621245797       0.17608117520478819     
   2.8070000000000005E-004  0.44537352685099257       0.10183012316352880       -3.5211268285939401E-002   1.0000130300604237       0.17698748609466658     
   2.8080000000000005E-004  0.44521742939908848        9.0686566853875661E-002  -2.4576624754690506E-002   1.0000021514792654       0.17751134225321669     
   2.8090000000000005E-004  0.44517699389045390        7.9559558950819564E-002  -1.3935954050929298E-002  0.99999114298341096       0.17765001769175542     
   2.8100000000000005E-004  0.44525242500517037        6.8457947857460510E-002  -3.3082000864297694E-003  0.99998012704664796       0.17740215185139421     
   2.8110000000000006E-004  0.44544345302163546        5.7390317560072290E-002   7.2876825348958466E-003  0.99996922873236582       0.17676792015667800     
   2.8120000000000006E-004  0.44574933135017525        4.6365484625088271E-002   1.7832761674735988E-002  0.99995857174746505       0.17574911149421008     
   2.8130000000000006E-004  0.44616884684221225        3.5392979132709002E-002   2.8308162970385936E-002  0.99994827439451339       0.17434909777745530     
   2.8140000000000006E-004  0.44670034241264428        2.4483483054154931E-002   3.8695100624914901E-002  0.99993844602329018       0.17257270084941206     
   2.8150000000000001E-004  0.44734175013763117        1.3649203326821180E-002   4.8974898197400439E-002  0.99992918446115142       0.17042598090419822     
   2.8160000000000001E-004  0.44809063191294624        2.9041625421228900E-003   5.9128996122217482E-002  0.99992057465216755       0.16791598328567678     
   2.8170000000000002E-004  0.44894422422656621        6.2754497042179782        6.9138945426904241E-002  0.99991268846745496       0.16505048478815301     
   2.8180000000000002E-004  0.44989948362772231        6.2649333665039837        7.8986389818167371E-002  0.99990558540289864       0.16183777589353271     
   2.8190000000000002E-004  0.45095313007332072        6.2545607355359127        8.8653040439037017E-002  0.99989931374204999       0.15828650379918136     
   2.8200000000000002E-004  0.45210168632417963        6.2443541438515595        9.8120648831194549E-002  0.99989391175605646       0.15440558594240711     
   2.8210000000000003E-004  0.45334151267442668        6.2343378343931093       0.10737098385450246       0.99988940861273834       0.15020418912173455     
   2.8220000000000003E-004  0.45466883728336882        6.2245377619617237       0.11638581764713432       0.99988582482843813       0.14569175843420507     
   2.8230000000000003E-004  0.45607978312274294        6.2149813545948778       0.12514692440808114       0.99988317226731538       0.14087807427800225     
   2.8240000000000003E-004  0.45757039280454737        6.2056972491550191       0.13363609416291763       0.99988145384062421       0.13577331487567404     
   2.8250000000000004E-004  0.45913665236827872        6.1967150137111648       0.14183516208780705       0.99988066313191815       0.13038810559406994     
   2.8260000000000004E-004  0.46077451471445013        6.1880648670445151       0.14972605262061450       0.99988078417389126       0.12473354236807230     
   2.8270000000000004E-004  0.46247992287950696        6.1797774032895809       0.15729083665452293       0.99988179156285273       0.11882118416697482     
   2.8280000000000004E-004  0.46424883286273100        6.1718833276563991       0.16451179962241916       0.99988365103249255       0.11266301646382694     
   2.8290000000000005E-004  0.46607723537593615        6.1644132072763291       0.17137151818962065       0.99988632048420445       0.10627139216309919     
   2.8300000000000005E-004  0.46796117573479679        6.1573972395216856       0.17785294346779829       0.99988975138021430        9.9658959734545804E-002
   2.8310000000000005E-004  0.46989677111720957        6.1508650387294690       0.18393948894736242       0.99989389040421994        9.2838588570535591E-002
   2.8320000000000005E-004  0.47188022455150019        6.1448454409481315       0.18961512167810660       0.99989868119889747        8.5823299375547543E-002
   2.8330000000000006E-004  0.47390783522113805        6.1393663252324338       0.19486445546125117       0.99990406605935755        7.8626206589549177E-002
   2.8340000000000006E-004  0.47597600490703368        6.1344544493395805       0.19967284495115351       0.99990998744572945        7.1260475268234355E-002
   2.8350000000000006E-004  0.47808124062763935        6.1301352972495753       0.20402647958629963       0.99991638924567605        6.3739293902332184E-002
   2.8360000000000001E-004  0.48022015369655102        6.1264329359837753       0.20791247622374948       0.99992321772552706        5.6075861464649060E-002
   2.8370000000000001E-004  0.48238945554149903        6.1233698796497649       0.21131896921417206       0.99993042217496875        4.8283386106066320E-002
   2.8380000000000001E-004  0.48458595068094373        6.1209669595952576       0.21423519662850005       0.99993795524218987        4.0375093164130745E-002
   2.8390000000000002E-004  0.48680652726188750        6.1192432018456859       0.21665158135327647       0.99994577297559728        3.2364238755851080E-002
   2.8400000000000002E-004  0.48904814554768838        6.1182157121005893       0.21855980561886079       0.99995383463486720        2.4264126577804260E-002
   2.8410000000000002E-004  0.49130782469738327        6.1178995676738168       0.21995287747535089       0.99996210230210658        1.6088126239249718E-002
   2.8420000000000002E-004  0.49358262812917281        6.1183077176754814       0.22082518791555769       0.99997054032115262        7.8496915400735265E-003
   2.8430000000000003E-004  0.49586964772036879        6.1194508934208152       0.22117255749974385       0.99997911459978983       -4.3762213499595797E-004
   2.8440000000000003E-004  0.49816598706623444        6.1213375312309850       0.22099227152511636       0.99998779180576058       -8.7601415434356011E-003
   2.8450000000000003E-004  0.50046874400449615        6.1239737097217919       0.22028310299152370       0.99999653848762282       -1.7104060462646700E-002
   2.8460000000000003E-004  0.50277499261198766        6.1273631034287401       0.21904532283501960        1.0000053201529129       -2.5455425624841686E-002
   2.8470000000000004E-004  0.50508176489482715        6.1315069542316820       0.21728069713019130        1.0000141003381893       -3.3800123568476434E-002
   2.8480000000000004E-004  0.50738603242373381        6.1364040615489621       0.21499247119834294        1.0000228397081607       -4.2123868267642542E-002
   2.8490000000000004E-004  0.50968468821151369        6.1420507916859766       0.21218534080115531        1.0000314952243854       -5.0412189439149165E-002
   2.8500000000000004E-004  0.51197452918936481        6.1484411060586428       0.20886541083374532        1.0000400194319325       -5.8650421871891269E-002
   2.8510000000000005E-004  0.51425223970909317        6.1555666065231289       0.20504014208127161        1.0000483599234926       -6.6823696578803049E-002
   2.8520000000000005E-004  0.51651437657859167        6.1634165944834489       0.20071828675372519        1.0000564590255987       -7.4916934404131552E-002
   2.8530000000000005E-004  0.51875735622687991        6.1719781437660632       0.19590981396484716        1.0000642537498357       -8.2914844018445705E-002
   2.8540000000000005E-004  0.52097744466677287        6.1812361872735710       0.19062582640758496        1.0000716760774535       -9.0801928001676691E-002
   2.8550000000000005E-004  0.52317075097125110        6.1911736165982170       0.18487846950445488        1.0000786536227084       -9.8562499811013976E-002
   2.8560000000000006E-004  0.52533322493566059        6.2017713944153332       0.17868083436848683        1.0000851107346271      -0.10618071665815483     
   2.8570000000000001E-004  0.52746065944295240        6.2130086804701055       0.17204685585711105        1.0000909700182050      -0.11364063223624891     
   2.8580000000000001E-004  0.52954869771666957        6.2248629726888733       0.16499120705223283        1.0000961542693390      -0.12092627197564347     
   2.8590000000000001E-004  0.53159284497525061        6.2373102655241048       0.15752919147697217        1.0001005886960519      -0.12802173128816283     
   2.8600000000000001E-004  0.53358848335241471        6.2503252275941179       0.14967663451311519        1.0001042032935021      -0.13491129324050763     
   2.8610000000000002E-004  0.53553088869928711        6.2638813999274987       0.14144977579623802        1.0001069350872338      -0.14157955525662735     
   2.8620000000000002E-004  0.53741524765931425        6.2779514147614641       0.13286516491992217        1.0001087299606530      -0.14801154964719476     
   2.8630000000000002E-004  0.53923667359648897        9.3219258271908245E-003  0.12393956352345449        1.0001095438043528      -0.15419283768734571     
   2.8640000000000002E-004  0.54099022064003244        2.4335089380548069E-002  0.11468985759881362        1.0001093427788799      -0.16010955599494753     
   2.8650000000000003E-004  0.54267089617725583        3.9776982728765731E-002  0.10513298441947219        1.0001081026781720      -0.16574839840061292     
   2.8660000000000003E-004  0.54427367332916854        5.5619096662114842E-002   9.5285878458676393E-002   1.0001058076606715      -0.17109652820826360     
   2.8670000000000003E-004  0.54579350598916299        7.1833284621192206E-002   8.5165439588298975E-002   1.0001024488469934      -0.17614143294063023     
   2.8680000000000003E-004  0.54722534955742563        8.8392002159766392E-002   7.4788524831889247E-002   1.0000980234377634      -0.18087075356332544     
   2.8690000000000003E-004  0.54856419042057536       0.10526852090232452        6.4171961969908903E-002   1.0000925349864425      -0.18527213737145992     
   2.8700000000000004E-004  0.54980508662054162       0.12243710949146269        5.3332579830913010E-002   1.0000859951883188      -0.18933317095326904     
   2.8710000000000004E-004  0.55094322107581550       0.13987317579287328        4.2287246997196944E-002   1.0000784271000516      -0.19304144286247343     
   2.8720000000000004E-004  0.55197396731938464       0.15755336666753728        3.1052908809135846E-002   1.0000698691597776      -0.19638476248947756     
   2.8730000000000004E-004  0.55289296619754491       0.17545562321965669        1.9646612707832460E-002   1.0000603789587432      -0.19935152668294304     
   2.8740000000000005E-004  0.55369621155131998       0.19355918999885091        8.0855144403197497E-003   1.0000500355256390      -0.20193118552911679     
   2.8750000000000005E-004  0.55438014039325334       0.21184457562444869       -3.6131379193270335E-003   1.0000389393142102      -0.20411472880661402     
   2.8760000000000005E-004  0.55494171926530478       0.23029346059798073       -1.5432039962724403E-002   1.0000272096391680      -0.20589510507764272     
   2.8770000000000005E-004  0.55537851662766990       0.24888854784282266       -2.7353879881287409E-002   1.0000149799297733      -0.20726749528182725     
   2.8780000000000000E-004  0.55568875153965036       0.26761335181725876       -3.9361389784254380E-002   1.0000023917433118      -0.20822939109097727     
   2.8790000000000000E-004  0.55587131171753101       0.28645192330567326       -5.1437387497513691E-002  0.99998958870149812      -0.20878046708478459     
   2.8800000000000001E-004  0.55592573882820639       0.30538851040209636       -6.3564797898769995E-002  0.99997671149193557      -0.20892227635274008     
   2.8810000000000001E-004  0.55585218464439967       0.32440716164666661       -7.5726645844252982E-002  0.99996389466720736      -0.20865783048727884     
   2.8820000000000001E-004  0.55565134711491593       0.34349128379787430       -8.7906016910199447E-002  0.99995126546223956      -0.20799114112229855     
   2.8830000000000001E-004  0.55532439915927734       0.36262317389112297      -0.10008598676304777       0.99993894433588593      -0.20692680007298703     
   2.8840000000000002E-004  0.55487292574414304       0.38178355150247612      -0.11224952397211505       0.99992704643833630      -0.20546965637260831     
   2.8850000000000002E-004  0.55429888188004439       0.40095112120985554      -0.12437937406134771       0.99991568342064285      -0.20362462614256205     
   2.8860000000000002E-004  0.55360457462408486       0.42010219765710666      -0.13645793477853441       0.99990496503625970      -0.20139665366899803     
   2.8870000000000002E-004  0.55279266494915791       0.43921042548673306      -0.14846713372081866       0.99989499986104913      -0.19879081985066102     
   2.8880000000000003E-004  0.55186618112672559       0.45824662121169446      -0.16038831919483548       0.99988589455557775      -0.19581256697400090     
   2.8890000000000003E-004  0.55082853349290373       0.47717875548585198      -0.17220217354330825       0.99987775154128433      -0.19246799157902497     
   2.8900000000000003E-004  0.54968352142275778       0.49597208280636451      -0.18388865565715842       0.99987066524504820      -0.18876414948303649     
   2.8910000000000003E-004  0.54843532574115939       0.51458941198304586      -0.19542697638803280       0.99986471737794180      -0.18470931753016070     
   2.8920000000000004E-004  0.54708848285807288       0.53299149648402810      -0.20679560745507866       0.99985997195866161      -0.18031316621063750     
   2.8930000000000004E-004  0.54564784025155233       0.55113751119120558      -0.21797232169398906       0.99985647087751262      -0.17558681429133993     
   2.8940000000000004E-004  0.54411849610316609       0.56898557375198777      -0.22893426029923922       0.99985423071807089      -0.17054275501015928     
   2.8950000000000004E-004  0.54250572791083285       0.58649326661171131      -0.23965802143719861       0.99985324153698629      -0.16519466773902000     
   2.8960000000000005E-004  0.54081491510154778       0.60361812083717759      -0.25011976462545421       0.99985346782458040      -0.15955715041789095     
   2.8970000000000005E-004  0.53905146202135679       0.62031803438561539      -0.26029532616916162       0.99985485139161512      -0.15364541483165259     
   2.8980000000000005E-004  0.53722072835107015       0.63655161274193262      -0.27016034229030694       0.99985731573450032      -0.14747498634377007     
   2.8990000000000000E-004  0.53532797212380778       0.65227843507342698      -0.27969037815622305       0.99986077125912598      -0.14106144457108730     
   2.9000000000000000E-004  0.53337830780290685       0.66745926116001719      -0.28886106246481752       0.99986512068533362      -0.13442023030334990     
   2.9010000000000000E-004  0.53137667935180011       0.68205620011455714      -0.29764822829017029       0.99987026401028078      -0.12756652932556736     
   2.9020000000000001E-004  0.52932784630388963       0.69603286193468961      -0.30602806120089543       0.99987610259880555      -0.12051522993143639     
   2.9030000000000001E-004  0.52723637980150539       0.70935450894557128      -0.31397725521272557       0.99988254218719230      -0.11328094028134808     
   2.9040000000000001E-004  0.52510666539901552       0.72198821777121580      -0.32147317610523257       0.99988949480601430      -0.10587804550265473     
   2.9050000000000001E-004  0.52294290985026370       0.73390305540541689      -0.32849403030091195       0.99989687977898001       -9.8320782814408314E-002
   2.9060000000000002E-004  0.52074914986997856       0.74507026671134469      -0.33501903627154439       0.99990462401929869       -9.0623316006495480E-002
   2.9070000000000002E-004  0.51852926168727997       0.75546346596813763      -0.34102859457659579       0.99991266187562355       -8.2799796708694084E-002
   2.9080000000000002E-004  0.51628697089792808       0.76505882234422806      -0.34650445226338966       0.99992093474266974       -7.4864404886985245E-002
   2.9090000000000002E-004  0.51402586255463456       0.77383522885361167      -0.35142985755420059       0.99992939054599750       -6.6831367389911467E-002
   2.9100000000000003E-004  0.51174939169705758       0.78177444577308641      -0.35578970133059201       0.99993798320540539       -5.8714957184769573E-002
   2.9110000000000003E-004  0.50946089463422761       0.78886121223786709      -0.35957064282693924       0.99994667207768928       -5.0529478683327855E-002
   2.9120000000000003E-004  0.50716360112775982       0.79508332367278634      -0.36276121786678500       0.99995542139404647       -4.2289244840360840E-002
   2.9130000000000003E-004  0.50486064748959780       0.80043167808686633      -0.36535192881038348       0.99996419967937156       -3.4008552461679588E-002
   2.9140000000000004E-004  0.50255509054098690       0.80490029651455863      -0.36733531618469767       0.99997297911639860       -2.5701659419136779E-002
   2.9150000000000004E-004  0.50024992230333620       0.80848632257420938      -0.36870601263433378       0.99998173484804953       -1.7382766879142149E-002
   2.9160000000000004E-004  0.49794808523912076       0.81119000803457553      -0.36946078007761468       0.99999044422509353       -9.0660081346403496E-003
   2.9170000000000004E-004  0.49565248782133903       0.81301469142474936      -0.36959853098804191       0.99999908601529264       -7.6544392009808332E-004
   2.9180000000000005E-004  0.49336602019395548       0.81396677509723503      -0.36912033462077820        1.0000076395940498        7.5049367374925404E-003
   2.9190000000000005E-004  0.49109156969237761       0.81405570333591726      -0.36802940881147295        1.0000160841368317        1.5731211652242765E-002
   2.9200000000000000E-004  0.48883203601435243       0.81329394055233273      -0.36633109773266798        1.0000243978331342        2.3899518473670476E-002
   2.9210000000000000E-004  0.48659034586028177       0.81169694485070387      -0.36403283574226430        1.0000325571411275        3.1996047587886899E-002
   2.9220000000000000E-004  0.48436946689013538       0.80928312880570985      -0.36114409723593588        1.0000405361021576        4.0007037023347819E-002
   2.9230000000000000E-004  0.48217242086459461       0.80607379671257107      -0.35767633225230833        1.0000483057352751        4.7918771427949113E-002
   2.9240000000000001E-004  0.48000229584688997       0.80209304639133805      -0.35364288750348966        1.0000558335328782        5.5717587020237498E-002
   2.9250000000000001E-004  0.47786225733802190       0.79736762403555161      -0.34905891256652044        1.0000630830712292        6.3389883659691004E-002
   2.9260000000000001E-004  0.47575555819895760       0.79192672342598236      -0.34394125119487379        1.0000700137501530        7.0922143707737764E-002
   2.9270000000000001E-004  0.47368554720838080       0.78580172791463099      -0.33830831796603444        1.0000765806759009        7.8300956002140973E-002
   2.9280000000000002E-004  0.47165567609943121       0.77902590035872876      -0.33217996107449299        1.0000827346589565        8.5513040625049330E-002
   2.9290000000000002E-004  0.46966950489550469       0.77163403387124596      -0.32557731290858472        1.0000884223041007        9.2545267799212003E-002
   2.9300000000000002E-004  0.46773070536975209       0.76366208395629442      -0.31852263091993283        1.0000935861725919        9.9384663938688556E-002
   2.9310000000000002E-004  0.46584306239224321       0.75514680870262296      -0.31103913215264617        1.0000981650173757       0.10601839706416483     
   2.9320000000000003E-004  0.46401047284497920       0.74612544600554109      -0.30315082543239946        1.0001020941493173       0.11243373908829186     
   2.9330000000000003E-004  0.46223694156759448       0.73663545435738165      -0.29488234547321113        1.0001053060824951       0.11861800709318980     
   2.9340000000000003E-004  0.46052657348220805       0.72671433568197763      -0.28625879281696570        1.0001077316195985       0.12455849533942422     
   2.9350000000000003E-004  0.45888356066941421       0.71639954595650757      -0.27730558258671817        1.0001093016433813       0.13024241918511020     
   2.9360000000000003E-004  0.45731216281880482       0.70572848392796139      -0.26804830357297721        1.0001099497915744       0.13565689735048650     
   2.9370000000000004E-004  0.45581667933967018       0.69473853319034262      -0.25851258749198464        1.0001096160504108       0.14078900024084021     
   2.9380000000000004E-004  0.45440141159897640       0.68346712162221479      -0.24872398679150137        1.0001082510842569       0.14562588464001255     
   2.9390000000000004E-004  0.45307061451882508       0.67195175740821256      -0.23870785860705304        1.0001058208622475       0.15015501929990716     
   2.9400000000000004E-004  0.45182843817296692       0.66023000404225840      -0.22848925271599135        1.0001023109104357       0.15436448537846925     
   2.9409999999999999E-004  0.45067886185073025       0.64833936727101715      -0.21809280270371273        1.0000977294116316       0.15824331436620548     
   2.9420000000000000E-004  0.44962562495412683       0.63631708223407557      -0.20754262185934128        1.0000921084702590       0.16178180993457189     
   2.9430000000000000E-004  0.44867216065863008       0.62419980600775915      -0.19686220800529464        1.0000855031558367       0.16497179449061503     
   2.9440000000000000E-004  0.44782153901497812       0.61202323636847922      -0.18607436372525754        1.0000779883990820       0.16780672983328382     
   2.9450000000000000E-004  0.44707642578894669       0.59982168874715924      -0.17520113955596880        1.0000696542669292       0.17028168295089602     
   2.9460000000000001E-004  0.44643906161522429       0.58762766865586258      -0.16426380719301384        1.0000606005050023       0.17239313724092475     
   2.9470000000000001E-004  0.44591126316233953       0.57547147636624452      -0.15328286747111669        1.0000509314306232       0.17413868223811163     
   2.9480000000000001E-004  0.44549444446733588       0.56338087534772896      -0.14227809408545897        1.0000407520676842       0.17551664122615440     
   2.9490000000000001E-004  0.44518965305305697       0.55138084822447020      -0.13126860961282771        1.0000301660312991       0.17652570704705733     
   2.9500000000000001E-004  0.44499761261395621       0.53949345558147144      -0.12027298630048347        1.0000192752224131       0.17716465318170824     
   2.9510000000000002E-004  0.44491876277192810       0.52773780523092562      -0.10930936107860825        1.0000081809328059       0.17743217038863801     
   2.9520000000000002E-004  0.44495328702927045       0.51613013323757073       -9.8395552873408287E-002  0.99999698568122164       0.17732685358859440     
   2.9530000000000002E-004  0.44510112258537904       0.50468399297533573       -8.7549170649427160E-002  0.99998579499012263       0.17684733616390871     
   2.9540000000000002E-004  0.44536194973620158       0.49341054419038244       -7.6787702556972134E-002  0.99997471835887586       0.17599254260472746     
   2.9550000000000003E-004  0.44573516313749434       0.48231893013976546       -6.6128579726842635E-002  0.99996386897579004       0.17476201181619549     
   2.9560000000000003E-004  0.44621983124005454       0.47141672690652392       -5.5589211915143349E-002  0.99995336203366247       0.17315623610329378     
   2.9570000000000003E-004  0.44681465280342725       0.46071044499062097       -4.5186995823852105E-002  0.99994331181670804       0.17117696239740240     
   2.9580000000000003E-004  0.44751792015876202       0.45020605975735606       -3.4939299939435606E-002  0.99993382801168851       0.16882741348921043     
   2.9590000000000004E-004  0.44832749742678130       0.43990954489940925       -2.4863431807131933E-002  0.99992501179333815       0.16611240308145483     
   2.9600000000000004E-004  0.44924081889550982       0.42982738235252782       -1.4976594645576932E-002  0.99991695226800004       0.16303833653816546     
   2.9610000000000004E-004  0.45025490932772028       0.41996702352880533       -5.2958401015149766E-003  0.99990972375913068       0.15961310710380627     
   2.9619999999999999E-004  0.45136642455337600       0.41033728013272430        4.1619771570181145E-003  0.99990338421417113       0.15584591111676957     
   2.9629999999999999E-004  0.45257170790003881       0.40094862801790931        1.3380238953157781E-002  0.99989797480325993       0.15174701358556661     
   2.9639999999999999E-004  0.45386685634512536       0.39181341370358780        2.2342595151500652E-002  0.99989352056690672       0.14732749673549869     
   2.9650000000000000E-004  0.45524778980241665       0.38294595987383673        3.1032986986699838E-002  0.99989003185790304       0.14259902025064822     
   2.9660000000000000E-004  0.45671031759872133       0.37436257226523573        3.9435663432853083E-002  0.99988750625159839       0.13757361422647932     
   2.9670000000000000E-004  0.45825019763390240       0.36608145576870044        4.7535192893468414E-002  0.99988593061497399       0.13226351681228424     
   2.9680000000000000E-004  0.45986318549276262       0.35812255218380251        5.5316473011319818E-002  0.99988528309359892       0.12668106040042226     
   2.9690000000000001E-004  0.46154507254899257       0.35050731484996334        6.2764741484598374E-002  0.99988553487608478       0.12083860346377613     
   2.9700000000000001E-004  0.46329171353232540       0.34325843676588086        6.9865590424068050E-002  0.99988665166334745       0.11474850019128686     
   2.9710000000000001E-004  0.46509904499582588       0.33639954877245337        7.6604986252742008E-002  0.99988859481738623       0.10842309841835983     
   2.9720000000000001E-004  0.46696309657992019       0.32995490319353671        8.2969296454756883E-002  0.99989132228136424       0.10187475654851462     
   2.9730000000000002E-004  0.46887999699001304       0.32394905625012349        8.8945323747903426E-002  0.99989478930307651        9.5115869422706015E-002
   2.9740000000000002E-004  0.47084597635523578       0.31840655997675960        9.4520347608281263E-002  0.99989894902258702        8.8158897283360751E-002
   2.9750000000000002E-004  0.47285736620461338       0.31335167171565459        9.9682172456289742E-002  0.99990375301818479        8.1016392018323530E-002
   2.9760000000000002E-004  0.47491059787141421       0.30880808634963586       0.10441918142620456       0.99990915179195339        7.3701018391385986E-002
   2.9770000000000003E-004  0.47700219972362534       0.30479869430879347       0.10872039425927693       0.99991509525306932        6.6225568531589868E-002
   2.9780000000000003E-004  0.47912879335503461       0.30134536614007068       0.11257552773174175       0.99992153316560139        5.8602970483384045E-002
   2.9790000000000003E-004  0.48128708865719344       0.29846876318726245       0.11597505691693082       0.99992841555312684        5.0846291174735908E-002
   2.9800000000000003E-004  0.48347387764151517       0.29618817272163156       0.11891027560148332       0.99993569303680829        4.2968735732656069E-002
   2.9810000000000004E-004  0.48568602685883855       0.29452136610544066       0.12137335431747770       0.99994331706893247        3.4983644861310954E-002
   2.9820000000000004E-004  0.48792046830651370       0.29348447864616034       0.12335739459142864       0.99995124004401048        2.6904491479107902E-002
   2.9829999999999999E-004  0.49017418879920488       0.29309190790595174       0.12485647803014577       0.99995941528875287        1.8744877728857075E-002
   2.9839999999999999E-004  0.49244421785952158       0.29335622761004032       0.12586570905079239       0.99996779692172932        1.0518533173910988E-002
   2.9849999999999999E-004  0.49472761426335038       0.29428811509926689       0.12638125026174427       0.99997633959030330        2.2393142477389158E-003
   2.9859999999999999E-004  0.49702145144717125       0.29589629076901680       0.12640034966709349       0.99998499810543640       -6.0787954013055744E-003
   2.9870000000000000E-004  0.49932280204355622       0.29818746844743238       0.12592135903556623       0.99999372700371381       -1.4421684351795139E-002
   2.9880000000000000E-004  0.50162872185660279       0.30116631619427991       0.12494374294405070        1.0000024800728846       -2.2775113576981532E-002
   2.9890000000000000E-004  0.50393623362095208       0.30483542754840087       0.12346807817868652        1.0000112098814355       -3.1124718410405643E-002
   2.9900000000000000E-004  0.50624231090458982       0.30919530380793603       0.12149604335657060        1.0000198673536853       -3.9456013363579644E-002
   2.9910000000000001E-004  0.50854386251327821       0.31424434849541960       0.11903039882190974        1.0000284014296519       -4.7754400705004023E-002
   2.9920000000000001E-004  0.51083771772681197       0.31997887574825157       0.11607495707170232        1.0000367588436014       -5.6005183480334911E-002
   2.9930000000000001E-004  0.51312061263858177       0.32639313479714893       0.11263454417520413        1.0000448840439664       -6.4193582983435832E-002
   2.9940000000000001E-004  0.51538917778448012       0.33347935210867874       0.10871495284449545        1.0000527192705282       -7.2304759793157425E-002
   2.9950000000000002E-004  0.51763992711929419       0.34122779499692868       0.10432288817682120        1.0000602047694027       -8.0323837496300690E-002
   2.9960000000000002E-004  0.51986924822417602       0.34962686287980560        9.9465907450158153E-002   1.0000672791168619       -8.8235927157457608E-002
   2.9970000000000002E-004  0.52207339348011972       0.35866321046320238        9.4152355559187204E-002   1.0000738796224811       -9.6026148883835497E-002
   2.9980000000000002E-004  0.52424847175826328       0.36832190648148178        8.8391297904244312E-002   1.0000799427833778      -0.10367964770537479     
   2.9990000000000003E-004  0.52639044011167446       0.37858663045175156        8.2192452729816040E-002   1.0000854047111036      -0.11118159973569508     
   3.0000000000000003E-004  0.52849509500851843       0.38943990844718002        7.5566125114557764E-002   1.0000902015268405      -0.11851720495445402     
   3.0010000000000003E-004  0.53055806293960717       0.40086338656787746        6.8523144808155981E-002   1.0000942696484099      -0.12567166442549019     
   3.0020000000000003E-004  0.53257479080875747       0.41283813811941705        6.1074810092744208E-002   1.0000975460398318      -0.13263014125644690     
   3.0030000000000004E-004  0.53454053743853369       0.42534499721561936        5.3232839576204401E-002   1.0000999684043379      -0.13937770676116307     
   3.0039999999999998E-004  0.53645036869950347       0.43836490796794614        4.5009333394453503E-002   1.0001014754561852      -0.14589927849529272     
   3.0049999999999999E-004  0.53829916009494383       0.45187927480854384        3.6416744641571894E-002   1.0001020074268088      -0.15217955949477288     
   3.0059999999999999E-004  0.54008161182094483       0.46587029610147468        2.7467860932350072E-002   1.0001015069855739      -0.15820299368884147     
   3.0069999999999999E-004  0.54179228104915922       0.48032126077001358        1.8175794766135202E-002   1.0000999208492161      -0.16395375845007909     
   3.0079999999999999E-004  0.54342563429774893       0.49521678675581349        8.5539797844426078E-003   1.0000972023390229      -0.16941582031882099     
   3.0090000000000000E-004  0.54497612028399400       0.51054298099493778       -1.3838315988397576E-003   1.0000933150210909      -0.17457308105631139     
   3.0100000000000000E-004  0.54643826007448237       0.52628750402589120       -1.1623575212752209E-002   1.0000882373129125      -0.17940963613943917     
   3.0110000000000000E-004  0.54780674753972858       0.54243952709161825       -2.2150893496012861E-002   1.0000819675992207      -0.18391015344446493     
   3.0120000000000000E-004  0.54907655029250368       0.55898957526201620       -3.2951171530599427E-002   1.0000745290173052      -0.18806035536302487     
   3.0130000000000001E-004  0.55024300039988416       0.57592925589580268       -4.4009594753573807E-002   1.0000659727082808      -0.19184755503021308     
   3.0140000000000001E-004  0.55130186567318051       0.59325087707518520       -5.5311228165881146E-002   1.0000563783485046      -0.19526116502779214     
   3.0150000000000001E-004  0.55224939571835407       0.61094696515437441       -6.6841111066654108E-002   1.0000458511723824      -0.19829307590380399     
   3.0160000000000001E-004  0.55308234094310904       0.62900969508468307       -7.8584355181041676E-002   1.0000345155559567      -0.20093780510128459     
   3.0170000000000002E-004  0.55379794614626754       0.64743025199365967       -9.0526229089817514E-002   1.0000225063185098      -0.20319235053263623     
   3.0180000000000002E-004  0.55439392176286106       0.66619814886595563      -0.10265220994086213        1.0000099598516887      -0.20505574499340334     
   3.0190000000000002E-004  0.55486839603910443       0.68530053372041877      -0.11494798556454566       0.99999700734516350      -0.20652838167033435     
   3.0200000000000002E-004  0.55521985868957169       0.70472152928356913      -0.12739939599975955       0.99998377157350693      -0.20761123413183116     
   3.0210000000000002E-004  0.55544711411299230       0.72444165680444605      -0.13999231157466346       0.99997036789350302      -0.20830511914135053     
   3.0220000000000003E-004  0.55554926136931659       0.74443740254070612      -0.15271245419971732       0.99995690924851044      -0.20861015261951785     
   3.0230000000000003E-004  0.55552571007391149       0.76468098907671411      -0.16554517784685813       0.99994351382310276      -0.20852552169013175     
   3.0240000000000003E-004  0.55537622851911583       0.78514040823954367      -0.17847523143844179       0.99993031316872671      -0.20804963896898745     
   3.0249999999999998E-004  0.55510100864755496       0.80577975226903398      -0.19148653077600727       0.99991745796771236      -0.20718066599902579     
   3.0259999999999998E-004  0.55470072753817401       0.82655984557175799      -0.20456196417493364       0.99990511855698061      -0.20591729807584994     
   3.0269999999999999E-004  0.55417658930768177       0.84743913057543452      -0.21768324840380224       0.99989347831122144      -0.20425961458957681     
   3.0279999999999999E-004  0.55353034203208018       0.86837470571075492      -0.23083083865112855       0.99988272020049418      -0.20220975509024114     
   3.0289999999999999E-004  0.55276427569970166       0.88932336588938732      -0.24398388234612658       0.99987300969915205      -0.19977221844750434     
   3.0299999999999999E-004  0.55188121123560296       0.91024247409279013      -0.25712019746026110       0.99986447911487075      -0.19695370597983680     
   3.0309999999999999E-004  0.55088448444744464       0.93109050908477009      -0.27021625527556437       0.99985721820547724      -0.19376259437658491     
   3.0320000000000000E-004  0.54977792320628360       0.95182718932531785      -0.28324715588887478       0.99985127336060242      -0.19020825416618561     
   3.0330000000000000E-004  0.54856581473656219       0.97241315074662538      -0.29618659858596330       0.99984665443239185      -0.18630046958120211     
   3.0340000000000000E-004  0.54725286010446383       0.99280924299077533      -0.30900686335875188       0.99984334582718015      -0.18204916025409107     
   3.0350000000000000E-004  0.54584411366228625        1.0129755871590831      -0.32167882895725081       0.99984131752283223      -0.17746448193838302     
   3.0360000000000001E-004  0.54434490653177070        1.0328705863116880      -0.33417205354034457       0.99984053240253745      -0.17255723999035363     
   3.0370000000000001E-004  0.54276075545850200        1.0524500888091080      -0.34645493549444550       0.99984094818921987      -0.16733943587163830     
   3.0380000000000001E-004  0.54109726180221474        1.0716668747313722      -0.35849495672309428       0.99984251462103868      -0.16182472173294360     
   3.0390000000000001E-004  0.53936000886750279        1.0904705761788929      -0.37025899339083246       0.99984516835505421      -0.15602857269770234     
   3.0400000000000002E-004  0.53755446732536827        1.1088080682072512      -0.38171366516714578       0.99984882872757042      -0.14996808456943053     
   3.0410000000000002E-004  0.53568591846717284        1.1266242938506075      -0.39282568767690096       0.99985339681849994      -0.14366142433045143     
   3.0420000000000002E-004  0.53375940338373928        1.1438634258722828      -0.40356219548513472       0.99985875884087061      -0.13712706228424873     
   3.0430000000000002E-004  0.53177970156021326        1.1604702304833516      -0.41389101315740678       0.99986479325238886      -0.13038296950489126     
   3.0440000000000003E-004  0.52975133680466435        1.1763914835765359      -0.42378086647261981       0.99987137978296137      -0.12344596185397114     
   3.0450000000000003E-004  0.52767860393487309        1.1915772956127473      -0.43320154009568190       0.99987840801685024      -0.11633131486771719     
   3.0459999999999998E-004  0.52556560707092803        1.2059822243511675      -0.44212399786442347       0.99988578372472448      -0.10905269386294145     
   3.0469999999999998E-004  0.52341630021552954        1.2195660909135349      -0.45052048582139304       0.99989343194966573      -0.10162236956346989     
   3.0479999999999998E-004  0.52123452270825266        1.2322944574116530      -0.45836463623075618       0.99990129679289141       -9.4051634078796228E-002
   3.0489999999999998E-004  0.51902402516950319        1.2441387666741335      -0.46563158470758964       0.99990933861879383       -8.6351307699550003E-002
   3.0499999999999999E-004  0.51678848472489269        1.2550761804508248      -0.47229810468565303       0.99991752980953452       -7.8532231265077260E-002
   3.0509999999999999E-004  0.51453151082274406        1.2650891779642865      -0.47834275629915562       0.99992585016785918       -7.0605666483498211E-002
   3.0519999999999999E-004  0.51225664449121877        1.2741649900742580      -0.48374604189453169       0.99993428286870589       -6.2583564426043806E-002
   3.0529999999999999E-004  0.50996735444796515        1.2822949457376982      -0.48849055826961091       0.99994281142322650       -5.4478692302955392E-002
   3.0540000000000000E-004  0.50766703317563389        1.2894737995544272      -0.49256113639108018       0.99995141780054608       -4.6304640840883836E-002
   3.0550000000000000E-004  0.50535899539202234        1.2956990950093683      -0.49594496148698669       0.99996008155000593       -3.8075740886752960E-002
   3.0560000000000000E-004  0.50304648036841593        1.3009706022907430      -0.49863166955834526       0.99996877968990117       -2.9806930791091358E-002
   3.0570000000000000E-004  0.50073265862611316        1.3052898545990441      -0.50061341931864090       0.99997748700589317       -2.1513603374245488E-002
   3.0580000000000001E-004  0.49842064276797804        1.3086597926350247      -0.50188494071409750       0.99998617655269673       -1.3211455827800622E-002
   3.0590000000000001E-004  0.49611350166165447        1.3110845178793546      -0.50244356270071344       0.99999482016121299       -4.9163570247117462E-003
   3.0600000000000001E-004  0.49381427686279394        1.3125691505870094      -0.50228922322880587        1.0000033888778355        3.3557656539116294E-003
   3.0610000000000001E-004  0.49152599999692737        1.3131197871269968      -0.50142446383624684        1.0000118533345972        1.1589024131611250E-002
   3.0620000000000002E-004  0.48925170976626953        1.3127435523274915      -0.49985441019968752        1.0000201840880232        1.9767660420810192E-002
   3.0630000000000002E-004  0.48699446728534479        1.3114487443615221      -0.49758673868724157        1.0000283519807303        2.7876140308375354E-002
   3.0640000000000002E-004  0.48475736857214635        1.3092450709931391      -0.49463162770756730        1.0000363285673119        3.5899258434638537E-002
   3.0650000000000002E-004  0.48254355324773096        1.3061439754494089      -0.49100169175217528        1.0000440866108231        4.3822259286401197E-002
   3.0660000000000003E-004  0.48035620885677449        1.3021590469141078      -0.48671189568499984        1.0000516006057567        5.1630972998664537E-002
   3.0669999999999997E-004  0.47819857073675104        1.2973065045030072      -0.48177944729504429        1.0000588471855754        5.9311954827993382E-002
   3.0679999999999998E-004  0.47607391802812515        1.2916057351789707      -0.47622366766089275        1.0000658052383264        6.6852606809796808E-002
   3.0689999999999998E-004  0.47398556719532881        1.2850798542786990      -0.47006584095402032        1.0000724555054086        7.4241257250257431E-002
   3.0699999999999998E-004  0.47193686515477390        1.2777562443131512      -0.46332904814672399        1.0000787793721992        8.1467161413702638E-002
   3.0709999999999998E-004  0.46993118465959460        1.2696670172421278      -0.45603799197291445        1.0000847567961559        8.8520395087974685E-002
   3.0719999999999999E-004  0.46797192471294796        1.2608493373998542      -0.44821882231910953        1.0000903633313627        9.5391619901820032E-002
   3.0730000000000004E-004  0.46606251830620227        1.2513455404468754      -0.43989897186556848        1.0000955666324982       0.10207172176487098     
   3.0740000000000005E-004  0.46420644855010929        1.2412029888377027      -0.43110701003057800        1.0001003229709475       0.10855135030436708     
   3.0750000000000005E-004  0.46240727241541574        1.2304736185499436      -0.42187251925149849        1.0001045746475763       0.11482042126147841     
   3.0760000000000005E-004  0.46066864902682492        1.2192131553354724      -0.41222599156345663        1.0001082492461253       0.12086766923352325     
   3.0770000000000005E-004  0.45899436729049770        1.2074800113728923      -0.40219873644505200        1.0001112614655114       0.12668035165950453     
   3.0780000000000005E-004  0.45738836617152528        1.1953339132615088      -0.39182278486549188        1.0001135178390006       0.13224419418131025     
   3.0790000000000006E-004  0.45585474063317999        1.1828343554377962      -0.38113077127484618        1.0001149239723968       0.13754363058355096     
   3.0800000000000006E-004  0.45439772739917333        1.1700390123132323      -0.37015577646029768        1.0001153931905977       0.14256233267753687     
   3.0810000000000006E-004  0.45302166723731013        1.1570022685383154      -0.35893112030875701        1.0001148549265650       0.14728395847641249     
   3.0820000000000006E-004  0.45173094377969120        1.1437740306646251      -0.34749010382977469        1.0001132610672003       0.15169298823649621     
   3.0830000000000007E-004  0.45052990236409191        1.1303989589388657      -0.33586571203191823        1.0001105889592701       0.15577548931690249     
   3.0840000000000002E-004  0.44942275540524596        1.1169162056428519      -0.32409030017717527        1.0001068407053184       0.15951966370933562     
   3.0850000000000002E-004  0.44841348274716958        1.1033596749976997      -0.31219529242662464        1.0001020394546616       0.16291608479281319     
   3.0860000000000002E-004  0.44750573611248107        1.0897587438953238      -0.30021092211795936        1.0000962242019489       0.16595760633865186     
   3.0870000000000002E-004  0.44670275625438444        1.0761393188634987      -0.28816603674763164        1.0000894449556057       0.16863900612372723     
   3.0880000000000002E-004  0.44600730985684350        1.0625250653397131      -0.27608797984275557        1.0000817597901437       0.17095648553012344     
   3.0890000000000003E-004  0.44542165100302000        1.0489386361204769      -0.26400254932709294        1.0000732344369820       0.17290716747545209     
   3.0900000000000003E-004  0.44494750931079879        1.0354027443772527      -0.25193402104438523        1.0000639440783656       0.17448871519133596     
   3.0910000000000003E-004  0.44458610380009100        1.0219409650349842      -0.23990521932669565        1.0000539761725398       0.17569914330467587     
   3.0920000000000003E-004  0.44433817864378272        1.0085781972434642      -0.22793761494676576        1.0000434327895384       0.17653682827105163     
   3.0930000000000004E-004  0.44420405452361994       0.99534077074304683      -0.21605143396458246        1.0000324311064597       0.17700066626882241     
   3.0940000000000004E-004  0.44418368784408496       0.98225622358278564      -0.20426576714482611        1.0000211013725533       0.17709029035059168     
   3.0950000000000004E-004  0.44427672961768255       0.96935281378684479      -0.19259867634593320        1.0000095825026700       0.17680625417305890     
   3.0960000000000004E-004  0.44448257649774819       0.95665885097818659      -0.18106729953800990       0.99999801614939965       0.17615011124548433     
   3.0970000000000005E-004  0.44480040790086972       0.94420194509022615      -0.16968795870935569       0.99998654052747693       0.17512435811133648     
   3.0980000000000005E-004  0.44522920523045095       0.93200826830617522      -0.15847627458480582       0.99997528526009427       0.17373225436696710     
   3.0990000000000005E-004  0.44576775196957497       0.92010191460798296      -0.14744728935988541       0.99996436819947876       0.17197757062074442     
   3.1000000000000005E-004  0.44641461649764469       0.90850442116991204      -0.13661559462577200       0.99995389453798655       0.16986433746429139     
   3.1010000000000006E-004  0.44716812242924919       0.89723449020592660      -0.12599545782349916       0.99994395783493450       0.16739666643740103     
   3.1020000000000006E-004  0.44802631331274922       0.88630792321333551      -0.11560093811679464       0.99993464217068007       0.16457869357733784     
   3.1030000000000006E-004  0.44898691928257600       0.87573775517645913      -0.10544598209648956       0.99992602441635015       0.16141466395145654     
   3.1040000000000006E-004  0.45004733268871627       0.86553455695871406       -9.5544491392739295E-002  0.99991817574488817       0.15790913999262732     
   3.1050000000000001E-004  0.45120459804153590       0.85570686158607856       -8.5910357538013585E-002  0.99991116186966356       0.15406728864570099     
   3.1060000000000001E-004  0.45245541924434113       0.84626166472304298       -7.6557463515212670E-002  0.99990504191608420       0.14989518648306965     
   3.1070000000000002E-004  0.45379618451769338       0.83720495080653556       -6.7499655456469215E-002  0.99989986627917882       0.14540008137739888     
   3.1080000000000002E-004  0.45522300707086522       0.82854220269300427       -5.8750691053309781E-002  0.99989567407116642       0.14059056318301383     
   3.1090000000000002E-004  0.45673177778600427       0.82027886233984049       -5.0324172944054758E-002  0.99989249082864384       0.13547661746785400     
   3.1100000000000002E-004  0.45831822515136311       0.81242072050489256       -4.2233475566870994E-002  0.99989032701614777       0.13006956024038963     
   3.1110000000000003E-004  0.45997797742938412       0.80497422311188060       -3.4491672924937711E-002  0.99988917762384044       0.12438187224705607     
   3.1120000000000003E-004  0.46170662247420985       0.79794669050755651       -2.7111472780797570E-002  0.99988902292816817       0.11842696553493624     
   3.1130000000000003E-004  0.46349976153262246       0.79134645203227905       -2.0105160508739561E-002  0.99988983024266420       0.11221891918826880     
   3.1140000000000003E-004  0.46535305455317022       0.78518290223619225       -1.3484553641868700E-002  0.99989155626900805       0.10577221886303971     
   3.1150000000000004E-004  0.46726225575471864       0.77946648730786983       -7.2609664070242760E-003  0.99989414975027613        9.9101528374876638E-002
   3.1160000000000004E-004  0.46922323925104509       0.77420863129485262       -1.4451823834632158E-003  0.99989755405664760        9.2221508494315013E-002
   3.1170000000000004E-004  0.47123201538711162       0.76942161200272174        3.9525671521851297E-003  0.99990170946186374        8.5146691284920917E-002
   3.1180000000000004E-004  0.47328473891192824       0.76511839672151361        8.9226216158341670E-003  0.99990655497946324        7.7891405764185420E-002
   3.1190000000000005E-004  0.47537771041691917       0.76131244776159868        1.3455908352287757E-002  0.99991202971679871        7.0469749637765366E-002
   3.1200000000000005E-004  0.47750737244305963       0.75801750781462651        1.7543960206127661E-002  0.99991807375483044        6.2895593161777605E-002
   3.1210000000000005E-004  0.47967030159055207       0.75524737468156111        2.1178934272136699E-002  0.99992462867612009        5.5182607287901184E-002
   3.1220000000000005E-004  0.48186319770526426       0.75301567432848771        2.4353632124573730E-002  0.99993163775552807        4.7344303828787515E-002
   3.1230000000000006E-004  0.48408287101251130       0.75133564037511746        2.7061521165499595E-002  0.99993904596730010        3.9394079579696525E-002
   3.1240000000000006E-004  0.48632622782681845       0.75021990675331729        2.9296756485979604E-002  0.99994679984253265        3.1345260981545178E-002
   3.1250000000000006E-004  0.48859025527606825       0.74968031918205646        3.1054202373791438E-002  0.99995484722547601        2.3211144167348201E-002
   3.1260000000000001E-004  0.49087200532674413       0.74972777012637337        3.2329452461387638E-002  0.99996313697800743        1.5005029063120800E-002
   3.1270000000000001E-004  0.49316857828000044       0.75037206045267268        3.3118847535688764E-002  0.99997161864820217        6.7402479109761430E-003
   3.1280000000000001E-004  0.49547710583824467       0.75162178978466621        3.3419490119836137E-002  0.99998024211420644       -1.5698110870605605E-003
   3.1290000000000002E-004  0.49779473380519834       0.75348427669810647        3.3229255078153143E-002  0.99998895721101266       -9.9116838512836557E-003
   3.1300000000000002E-004  0.50011860446706091       0.75596550929596518        3.2546795689748373E-002  0.99999771334333132       -1.8271812611606236E-002
   3.1310000000000002E-004  0.50244583869810022       0.75907012633469861        3.1371544873636997E-002   1.0000064590842948       -2.6636528270669115E-002
   3.1320000000000002E-004  0.50477351783308733       0.76280142886879077        2.9703711510693311E-002   1.0000151417583654       -3.4992030946681588E-002
   3.1330000000000003E-004  0.50709866534775105       0.76716142229557960        2.7544272074789069E-002   1.0000237070078293       -4.3324366907314803E-002
   3.1340000000000003E-004  0.50941822838489892       0.77215088866763004        2.4894958039539217E-002   1.0000320983446218       -5.1619400494832920E-002
   3.1350000000000003E-004  0.51172905916060496       0.77776948910749688        2.1758239762548655E-002   1.0000402566905622       -5.9862779991775861E-002
   3.1360000000000003E-004  0.51402789628652668       0.78401589628032831        1.8137307782416498E-002   1.0000481199142253       -6.8039896810982797E-002
   3.1370000000000004E-004  0.51631134605618578       0.79088795682427637        1.4036052550932133E-002   1.0000556224314023       -7.6135841044388003E-002
   3.1380000000000004E-004  0.51857586380743192       0.79838288052497219        9.4590433311573449E-003   1.0000626949130369       -8.4135357888264803E-002
   3.1390000000000004E-004  0.52081773563371025       0.80649745050819455        4.4115068976138469E-003   1.0000692641741078       -9.2022807458720685E-002
   3.1400000000000004E-004  0.52303306093519519       0.81522824681785089       -1.1006938113062720E-003   1.0000752534216386       -9.9782140872422181E-002
   3.1410000000000005E-004  0.52521773664754967       0.82457187226695261       -7.0710815512522104E-003   1.0000805828519104      -0.10739689928655562     
   3.1420000000000005E-004  0.52736744442314043       0.83452516560981493       -1.3492588206202513E-002   1.0000851708501517      -0.11485024901543024     
   3.1430000000000005E-004  0.52947764249679963       0.84508538356131702       -2.0357581664950226E-002   1.0000889356979150      -0.12212506108437271     
   3.1440000000000005E-004  0.53154356439634864       0.85625033051501731       -2.7657898444556801E-002   1.0000917978927402      -0.12920404272208258     
   3.1450000000000006E-004  0.53356022687539151       0.86801841393268120       -3.5384884559858519E-002   1.0000936828467641      -0.13606991948567396     
   3.1460000000000006E-004  0.53552244928632564       0.88038860505321814       -4.3529446757484623E-002   1.0000945237728851      -0.14270566114949243     
   3.1470000000000001E-004  0.53742488606660255       0.89336028887356633       -5.2082115217062241E-002   1.0000942644057738      -0.14909473212322183     
   3.1480000000000001E-004  0.53926207299679585       0.90693299408778572       -6.1033117143281281E-002   1.0000928611278446      -0.15522133907278290     
   3.1490000000000001E-004  0.54102848660389369       0.92110600203990067       -7.0372458488316914E-002   1.0000902841964034      -0.16107064124791101     
   3.1500000000000001E-004  0.54271861473506944       0.93587784272643937       -8.0090008688379094E-002   1.0000865179132565      -0.16662888736310749     
   3.1510000000000002E-004  0.54432703517086622       0.95124569431274075       -9.0175581274594740E-002   1.0000815598488999      -0.17188345060245583     
   3.1520000000000002E-004  0.54584849874102737       0.96720471261279251      -0.10061900199568413        1.0000754195846355      -0.17682275062068284     
   3.1530000000000002E-004  0.54727801287413080       0.98374733075218046      -0.11141015619411916        1.0000681178550936      -0.18143607947505994     
   3.1540000000000002E-004  0.54861091730614098        1.0008625866024055      -0.12253900946274612        1.0000596872395444      -0.18571338745424623     
   3.1550000000000003E-004  0.54984294162477521        1.0185355553968378      -0.13399559986950169        1.0000501751265047      -0.18964511434949241     
   3.1560000000000003E-004  0.55097023576239157        1.0367469829029066      -0.14577000505426188        1.0000396488597441      -0.19322215569925713     
   3.1570000000000003E-004  0.55198936853550828        1.0554732237602398      -0.15785229180385532        1.0000282018739579      -0.19643602631243864     
   3.1580000000000003E-004  0.55289729555444556        1.0746865813906421      -0.17023245734832898        1.0000159584753219      -0.19927921803322787     
   3.1590000000000003E-004  0.55369130476370820        1.0943561115191631      -0.18290036908116569        1.0000030745418795      -0.20174566388174286     
   3.1600000000000004E-004  0.55436895320507606        1.1144488878187868      -0.19584570249799887       0.99998973198835905      -0.20383114287823112     
   3.1610000000000004E-004  0.55492801020424876        1.1349316418766708      -0.20905786714687385       0.99997612662836255      -0.20553342333365068     
   3.1620000000000004E-004  0.55536641945996446        1.1557725962603040      -0.22252590035280986       0.99996245155035846      -0.20685197742208350     
   3.1630000000000004E-004  0.55568228743362524        1.1769432298458842      -0.23623830236412521       0.99994888036837570      -0.20778721167246320     
   3.1640000000000005E-004  0.55587390255986457        1.1984196687179605      -0.25018278803516575       0.99993555569580928      -0.20833932515748119     
   3.1650000000000005E-004  0.55593978925601439        1.2201834004951913      -0.26434594172586851       0.99992258743917373      -0.20850707695231541     
   3.1660000000000005E-004  0.55587879841063303        1.2422210717313575      -0.27871278398064059       0.99991006305826868      -0.20828686636820226     
   3.1670000000000005E-004  0.55569022994490569        1.2645232424112471      -0.29326628772851415       0.99989806828633465      -0.20767255649193594     
   3.1680000000000000E-004  0.55537397629694518        1.2870821210008465      -0.30798691135276413       0.99988671197291967      -0.20665635050455181     
   3.1690000000000001E-004  0.55493067089507009        1.3098884633962431      -0.32285223476870639       0.99987614501126654      -0.20523074305799227     
   3.1700000000000001E-004  0.55436182146387836        1.3329279636719242      -0.33783678197689981       0.99986656340343461      -0.20339118744085058     
   3.1710000000000001E-004  0.55366990132555249        1.3561775681796551      -0.35291208400418073       0.99985819007026633      -0.20113878191360568     
   3.1720000000000001E-004  0.55285836406707611        1.3796021934583997      -0.36804698399217706       0.99985123761552153      -0.19848213117696181     
   3.1730000000000001E-004  0.55193154853201554        1.4031523171356977      -0.38320812414932720       0.99984586204423531      -0.19543767118795524     
   3.1740000000000002E-004  0.55089446255534980        1.4267628339424689      -0.39836050082830010       0.99984212122662319      -0.19202812421754456     
   3.1750000000000002E-004  0.54975247312098785        1.4503534252135015      -0.41346794682893467       0.99983995238973722      -0.18827928092569540     
   3.1760000000000002E-004  0.54851096525841125        1.4738305038211106      -0.42849341390320600       0.99983917812754952      -0.18421584301462687     
   3.1770000000000002E-004  0.54717504356050484        1.4970906009908109      -0.44339898678118650       0.99983954168758593      -0.17985741559648416     
   3.1780000000000003E-004  0.54574933862969988        1.5200248910376608      -0.45814564842239891       0.99984076228588870      -0.17521576765089270     
   3.1790000000000003E-004  0.54423795441689859        1.5425244116781016      -0.47269290575726552       0.99984259395610797      -0.17029413238393681     
   3.1800000000000003E-004  0.54264455985584048        1.5644854327407884      -0.48699844327901354       0.99984487087442331      -0.16508871608367862     
   3.1810000000000003E-004  0.54097259616892668        1.5858143635816013      -0.50101797774528534       0.99984752718301728      -0.15959195318516414     
   3.1820000000000004E-004  0.53922554572328296        1.6064315987275481      -0.51470543924297363       0.99985058827482054      -0.15379658879242866     
   3.1830000000000004E-004  0.53740719400036474        1.6262738143594984      -0.52801351867699597       0.99985413982430882      -0.14769952867977132     
   3.1840000000000004E-004  0.53552181474000005        1.6452944564573020      -0.54089452920851089       0.99985828670886390      -0.14130458707354276     
   3.1850000000000004E-004  0.53357423172582386        1.6634624657615156      -0.55330145706753686       0.99986311443526421      -0.13462365098314671     
   3.1860000000000005E-004  0.53156975201132839        1.6807595811673277      -0.56518904171946083       0.99986866265407970      -0.12767621622564390     
   3.1870000000000005E-004  0.52951400225569478        1.6971767694039332      -0.57651473181889001       0.99987491529853434      -0.12048763538700842     
   3.1880000000000005E-004  0.52741271913824317        1.7127104001345614      -0.58723940494739213       0.99988180636018609      -0.11308665816678092     
   3.1890000000000005E-004  0.52527154446102597        1.7273587239756072      -0.59732779947346892       0.99988923606541058      -0.10550289154045332     
   3.1900000000000000E-004  0.52309586155900811        1.7411190557286105      -0.60674866667229799       0.99989709067743293       -9.7764684220540424E-002
   3.1910000000000000E-004  0.52089069065725979        1.7539858732659130      -0.61547469550015799       0.99990526004151548       -8.9897719865530301E-002
   3.1920000000000001E-004  0.51866064386101607        1.7659498646194898      -0.62348228412113815       0.99991364943046357       -8.1924372622667524E-002
   3.1930000000000001E-004  0.51640992914417494        1.7769978229992063      -0.63075123282246481       0.99992218488916862       -7.3863704642426364E-002
   3.1940000000000001E-004  0.51414238768310605        1.7871132114560861      -0.63726441919748422       0.99993081310124721       -6.5731896201232209E-002
   3.1950000000000001E-004  0.51186154885408919        1.7962771899934076      -0.64300749666538759       0.99993949780853308       -5.7542893677396220E-002
   3.1960000000000002E-004  0.50957069035406022        1.8044699042687853      -0.64796863775127889       0.99994821479753926       -4.9309092804788783E-002
   3.1970000000000002E-004  0.50727289511381990        1.8116718636685096      -0.65213832888560685       0.99995694678770808       -4.1041942399799199E-002
   3.1980000000000002E-004  0.50497110060754435        1.8178652728630897      -0.65550921316306920       0.99996567937132352       -3.2752407090291882E-002
   3.1990000000000002E-004  0.50266813914521324        1.8230352199465027      -0.65807597361486236       0.99997439813789468       -2.4451278679774955E-002
   3.2000000000000003E-004  0.50036676973853411        1.8271706566139798      -0.65983524767317558       0.99998308712121931       -1.6149344908174285E-002
   3.2010000000000003E-004  0.49806970309699056        1.8302651346277230      -0.66078556495369623       0.99999172830489680       -7.8574515524978180E-003
   3.2020000000000003E-004  0.49577962167823092        1.8323172833882175      -0.66092730248497655        1.0000003018774362        4.1351107315205969E-004
   3.2030000000000003E-004  0.49349919672486925        1.8333310273489065      -0.66026265363507108        1.0000087869394085        8.6526636432905854E-003
   3.2040000000000004E-004  0.49123110408756421        1.8333155514642385      -0.65879560929047098        1.0000171623542640        1.6849203160640650E-002
   3.2050000000000004E-004  0.48897804052631894        1.8322850291769210      -0.65653195193602465        1.0000254074610808        2.4992448638672071E-002
   3.2060000000000004E-004  0.48674274213690016        1.8302581324616067      -0.65347926523475197        1.0000335023842490        3.3071838833203103E-002
   3.2070000000000004E-004  0.48452800652476924        1.8272573487341806      -0.64964696359136165        1.0000414276887475        4.1076854184340580E-002
   3.2080000000000005E-004  0.48233672022527296        1.8233081360286914      -0.64504634780944969        1.0000491631974144        4.8996839668042871E-002
   3.2090000000000005E-004  0.48017189243074671        1.8184379558578581      -0.63969069362066189        1.0000566858763078        5.6820715879916252E-002
   3.2100000000000005E-004  0.47803669511312818        1.8126752342747565      -0.63359537971759805        1.0000639668088527        6.4536572364515377E-002
   3.2110000000000000E-004  0.47593450793483666        1.8060483142403445      -0.62677805936529363        1.0000709677823603        7.2131176278914771E-002
   3.2120000000000000E-004  0.47386896375003407        1.7985844774170658      -0.61925887337104824        1.0000776379982963        7.9589454187396685E-002
   3.2130000000000000E-004  0.47184398735968225        1.7903091307667172      -0.61106069337929769        1.0000839122552001        8.6894050719555374E-002
   3.2140000000000001E-004  0.46986381703031410        1.7812452682993136      -0.60220937118320839        1.0000897116542018        9.4025097587327022E-002
   3.2150000000000001E-004  0.46793299635594904        1.7714133287814136      -0.59273395579430399        1.0000949481518353       0.10096034662413784     
   3.2160000000000001E-004  0.46605632477118952        1.7608315677589257      -0.58266682755715016        1.0000995333978959       0.10767578962211974     
   3.2170000000000001E-004  0.46423875988382779        1.7495170377106870      -0.57204369303106539        1.0001033910728365       0.11414681749292419     
   3.2180000000000002E-004  0.46248527418322760        1.7374872142001188      -0.56090339074443274        1.0001064703984253       0.12034984370470590     
   3.2190000000000002E-004  0.46080068137064539        1.7247622144999362      -0.54928747943134593        1.0001087570420177       0.12626416258806378     
   3.2200000000000002E-004  0.45918946038896091        1.7113674358559603      -0.53723961621274119        1.0001102771508588       0.13187367612239800     
   3.2210000000000002E-004  0.45765561391181409        1.6973363151164591      -0.52480477580846030        1.0001110913564952       0.13716805991789671     
   3.2220000000000003E-004  0.45620259805541080        1.6827128130071429      -0.51202840168761066        1.0001112782535693       0.14214299617183310     
   3.2230000000000003E-004  0.45483334900103833        1.6675531889049893      -0.49895560282680390        1.0001109104585357       0.14679928868449657     
   3.2240000000000003E-004  0.45355041107549704        1.6519266763558047      -0.48563050536905483        1.0001100294574559       0.15114095382152842     
   3.2250000000000003E-004  0.45235614435391919        1.6359147951158732      -0.47209583522456566        1.0001086266691082       0.15517266448909972     
   3.2260000000000004E-004  0.45125296555420913        1.6196092214256641      -0.45839275375520483        1.0001066368329887       0.15889711775271570     
   3.2270000000000004E-004  0.45024356172620056        1.6031083510110395      -0.44456090976991230        1.0001039465115582       0.16231293446967027     
   3.2280000000000004E-004  0.44933101764986005        1.5865128929775700      -0.43063862401932662        1.0001004162431899       0.16541357339791646     
   3.2290000000000004E-004  0.44851881607757066        1.5699209950659085      -0.41666310012018454        1.0000959109420915       0.16818748710485920     
   3.2300000000000004E-004  0.44781070081760149        1.5534234936072231      -0.40267056321849465        1.0000903307903639       0.17061943819496825     
   3.2310000000000005E-004  0.44721042771768643        1.5370998811330843      -0.38869626029805904        1.0000836350833617       0.17269262422883150     
   3.2320000000000000E-004  0.44672145745928432        1.5210154796142135      -0.37477430226136332        1.0000758536963095       0.17439110008639977     
   3.2330000000000000E-004  0.44634665767663045        1.5052201128453166      -0.36093737405897935        1.0000670844252713       0.17570196402012489     
   3.2340000000000000E-004  0.44608807626110941        1.4897483246594820      -0.34721637326230032        1.0000574782858516       0.17661688335261089     
   3.2350000000000000E-004  0.44594682543179370        1.4746209498762415      -0.33364005254121548        1.0000472176807735       0.17713273418177999     
   3.2360000000000001E-004  0.44592308579810713        1.4598476649004741      -0.32023473682147174        1.0000364933364883       0.17725135094101585     
   3.2370000000000001E-004  0.44601621192843843        1.4454300598793051      -0.30702416592521836        1.0000254851644865       0.17697856949559321     
   3.2380000000000001E-004  0.44622490307432622        1.4313647869260304      -0.29402948550164537        1.0000143502287042       0.17632286098729066     
   3.2390000000000001E-004  0.44654739663410570        1.4176464252440990      -0.28126938121122158        1.0000032185133849       0.17529387575502239     
   3.2400000000000001E-004  0.44698164644688504        1.4042698275128256      -0.26876032964013541       0.99999219520866023       0.17390116397528538     
   3.2410000000000002E-004  0.44752545937581140        1.3912318372194896      -0.25651692727100989       0.99998136712229935       0.17215324497168863     
   3.2420000000000002E-004  0.44817657784273396        1.3785323695017002      -0.24455225584829809       0.99997081071377414       0.17005709609821393     
   3.2430000000000002E-004  0.44893270920839001        1.3661749174992170      -0.23287824639010279       0.99996059964770090       0.16761804890026619     
   3.2440000000000002E-004  0.44979151264035033        1.3541665841448260      -0.22150601204275178       0.99995081044161471       0.16484002396915667     
   3.2450000000000003E-004  0.45075055914641721        1.3425177535417596      -0.21044612949579491       0.99994152546019510       0.16172600530183198     
   3.2460000000000003E-004  0.45180728106509077        1.3312415151615618      -0.19970885807962005       0.99993283307813519       0.15827864458061344     
   3.2470000000000003E-004  0.45295892460631187        1.3203529452955074      -0.18930429394648629       0.99992482534220894       0.15450089128175826     
   3.2480000000000003E-004  0.45420251474603252        1.3098683374272149      -0.17924246326118887       0.99991759379864020       0.15039656178030572     
   3.2490000000000004E-004  0.45553483720712606        1.2998044579201018      -0.16953336298293503       0.99991122433308210       0.14597078324788493     
   3.2500000000000004E-004  0.45695243843098671        1.2901778865615086      -0.16018696056407805       0.99990579195516893       0.14123027562533885     
   3.2510000000000004E-004  0.45845164179741815        1.2810044834739696      -0.15121316477477631       0.99990135634273292       0.13618346263611239     
   3.2520000000000004E-004  0.46002857685490567        1.2722990051053280      -0.14262177924886643       0.99989795872260590       0.13084042614863967     
   3.2529999999999999E-004  0.46167921777871990        1.2640748738732803      -0.13442244862982805       0.99989562038835844       0.12521273589851373     
   3.2539999999999999E-004  0.46339942735485362        1.2563440903900887      -0.12662460479907472       0.99989434285093670       0.11931319621929769     
   3.2550000000000000E-004  0.46518500313134320        1.2491172654536502      -0.11923741812405433       0.99989410938830614       0.11315555208129424     
   3.2560000000000000E-004  0.46703172280787497        1.2424037422664060      -0.11226975629322850       0.99989488755715517       0.10675419158371713     
   3.2570000000000000E-004  0.46893538642545551        1.2362117775585197      -0.10573015136336861       0.99989663224364722       0.10012387496789267     
   3.2580000000000000E-004  0.47089185343351253        1.2305487525025978       -9.9626774307354282E-002  0.99989928888775581        9.3279508388608268E-002
   3.2590000000000001E-004  0.47289707327166935        1.2254213889269341       -9.3967415478515462E-002  0.99990279645829772        8.6235970824137087E-002
   3.2600000000000001E-004  0.47494710868080087        1.2208359525106491       -8.8759469182680878E-002  0.99990709005322420        7.9007996533034017E-002
   3.2610000000000001E-004  0.47703815149036077        1.2167984307369863       -8.4009920572666860E-002  0.99991210295047728        7.1610106077066860E-002
   3.2620000000000001E-004  0.47916653115117996        1.2133146787075422       -7.9725333458096376E-002  0.99991776813187805        6.4056579346952233E-002
   3.2630000000000002E-004  0.48132871661902504        1.2103905305474285       -7.5911838013000457E-002  0.99992401928459429        5.6361459689097101E-002
   3.2640000000000002E-004  0.48352131246468122        1.2080318771668566       -7.2575117925420166E-002  0.99993079138477181        4.8538579397466912E-002
   3.2650000000000002E-004  0.48574105020344366        1.2062447138805421       -6.9720396878475602E-002  0.99993802094002149        4.0601598792820777E-002
   3.2660000000000002E-004  0.48798477580094984        1.2050351632046041       -6.7352424600676308E-002  0.99994564597199731        3.2564051201927673E-002
   3.2670000000000003E-004  0.49024943427488771        1.2044094783746484       -6.5475463018805663E-002  0.99995360583169390        2.4439388664743343E-002
   3.2680000000000003E-004  0.49253205217378387        1.2043740327595920       -6.4093273194199676E-002  0.99996184090584961        1.6241025274570761E-002
   3.2690000000000003E-004  0.49482971855237246        1.2049353002307619       -6.3209103769524516E-002  0.99997029225575496        7.9823760154964299E-003
   3.2700000000000003E-004  0.49713956491680317        1.2060998313056839       -6.2825681639785552E-002  0.99997890121938515       -3.2310990552515505E-004
   3.2710000000000004E-004  0.49945874448465866        1.2078742291862454       -6.2945205479475491E-002  0.99998760899439709       -8.6619209419517545E-003
   3.2720000000000004E-004  0.50178441100712690        1.2102651286388060       -6.3569342631809828E-002  0.99999635621061134       -1.7020459294088065E-002
   3.2730000000000004E-004  0.50411369733996247        1.2132791790806383       -6.4699229717927770E-002   1.0000050824962221       -2.5385019685133195E-002
   3.2739999999999999E-004  0.50644369392331345        1.2169230312731738       -6.6335477158949843E-002   1.0000137260393542       -3.3741768888134564E-002
   3.2749999999999999E-004  0.50877142733387581        1.2212033247540379       -6.8478177623485695E-002   1.0000222231452651       -4.2076723683660208E-002
   3.2759999999999999E-004  0.51109383910157180        1.2261266706913343       -7.1126918220804372E-002   1.0000305077919345       -5.0375724756661952E-002
   3.2770000000000000E-004  0.51340776502734031        1.2316996223492964       -7.4280796087275627E-002   1.0000385111964656       -5.8624404513032156E-002
   3.2780000000000000E-004  0.51570991529828314        1.2379286232184867       -7.7938436869491895E-002   1.0000461614085303       -6.6808147192442949E-002
   3.2790000000000000E-004  0.51799685579113919        1.2448199235704145       -8.2098015354980486E-002   1.0000533829441278       -7.4912040287634013E-002
   3.2800000000000000E-004  0.52026499104651469        1.2523794568795417       -8.6757277376483463E-002   1.0000600965461708       -8.2920819521586822E-002
   3.2810000000000001E-004  0.52251054943702391        1.2606126683476493       -9.1913562296096041E-002   1.0000662191606613       -9.0818812853071987E-002
   3.2820000000000001E-004  0.52472957115724295        1.2695242905740294       -9.7563825527345133E-002   1.0000716642626359       -9.8589890292120133E-002
   3.2830000000000001E-004  0.52691789965317071        1.2791180670497013      -0.10370466099163200        1.0000763427311814      -0.10621743376213284     
   3.2840000000000001E-004  0.52907117752027810        1.2893964311955912      -0.11033232403463242        1.0000801643970860      -0.11368434160074689     
   3.2850000000000002E-004  0.53118484832290369        1.3003601577877308      -0.11744275598448831        1.0000830404649399      -0.12097308578798914     
   3.2860000000000002E-004  0.53325416615253707        1.3120080135785166      -0.12503161231675319        1.0000848868056227      -0.12806583724081755     
   3.2870000000000002E-004  0.53527421499332772        1.3243364446037926      -0.13309429696020258        1.0000856281065513      -0.13494467187532530     
   3.2880000000000002E-004  0.53723993995463781        1.3373393471799506      -0.14162600549666707        1.0000852026190896      -0.14159185949754957     
   3.2890000000000003E-004  0.53914619178294720        1.3510079767873506      -0.15062177973326779        1.0000835670504422      -0.14799022739941101     
   3.2900000000000003E-004  0.54098778464734865        1.3653310518742305      -0.16007657509234660        1.0000807010473405      -0.15412357635505633     
   3.2910000000000003E-004  0.54275956498508160        1.3802951055615011      -0.16998534049170952        1.0000766105838099      -0.15997711205652179     
   3.2920000000000003E-004  0.54445648639469546        1.3958851253706897      -0.18034310781797480        1.0000713295501062      -0.16553784205066119     
   3.2930000000000004E-004  0.54607368271315071        1.4120855000645438      -0.19114508466684493        1.0000649189530353      -0.17079487819097172     
   3.2940000000000004E-004  0.54760652912053864        1.4288812580089267      -0.20238674014629682        1.0000574633659440      -0.17573957836691892     
   3.2949999999999999E-004  0.54905067994799384        1.4462595354858436      -0.21406386933758412        1.0000490646486668      -0.18036546194119274     
   3.2959999999999999E-004  0.55040207217334580        1.4642111615438100      -0.22617261795112309        1.0000398335218565      -0.18466784770839403     
   3.2969999999999999E-004  0.55165688554974857        1.4827321937308575      -0.23870944561646951        1.0000298801974863      -0.18864319378068095     
   3.2979999999999999E-004  0.55281145516285446        1.5018251944723033      -0.25167100506582790        1.0000193058510365      -0.19228816864543538     
   3.2990000000000000E-004  0.55386214438690740        1.5215000075469263      -0.26505391588720106        1.0000081968677548      -0.19559854400109988     
   3.3000000000000000E-004  0.55480520477632245        1.5417737829139728      -0.27885441642632969       0.99999662375569287      -0.19856806453296477     
   3.3010000000000000E-004  0.55563666901230679        1.5626700109621581      -0.29306788733467332       0.99998464632724704      -0.20118751269919924     
   3.3020000000000000E-004  0.55635233375012583        1.5842163722022189      -0.30768825711363967       0.99997232633982047      -0.20344424064049396     
   3.3030000000000001E-004  0.55694788009295448        1.6064412991102941      -0.32270732559289994       0.99995974782682207      -0.20532247140486598     
   3.3040000000000001E-004  0.55741914697145223        1.6293692979770320      -0.33811407433834190       0.99994704246189436      -0.20680463234499183     
   3.3050000000000001E-004  0.55776252593295950        1.6530152986559585      -0.35389406524730360       0.99993441256100990      -0.20787380445516862     
   3.3060000000000001E-004  0.55797540315920735        1.6773785720765861      -0.37002904247646901       0.99992213894217652      -0.20851699872850052     
   3.3070000000000002E-004  0.55805654888965295        1.7024370316388531      -0.38649682852345352       0.99991056101100728      -0.20872848853725876     
   3.3080000000000002E-004  0.55800633988651616        1.7281429318423545      -0.40327153594578452       0.99990002530738786      -0.20851208863331189     
   3.3090000000000002E-004  0.55782670487678776        1.7544210022607594      -0.42032401852692597       0.99989081298999161      -0.20788133049924432     
   3.3100000000000002E-004  0.55752074737469104        1.7811698376530334      -0.43762238954276522       0.99988306755327772      -0.20685696358651193     
   3.3110000000000002E-004  0.55709211709964934        1.8082668951624328      -0.45513237720327671       0.99987674897001866      -0.20546199525773645     
   3.3120000000000003E-004  0.55654431583445385        1.8355768110011983      -0.47281730433473457       0.99987163685396807      -0.20371537837707951     
   3.3130000000000003E-004  0.55588016676977448        1.8629620926160282      -0.49063759082077513       0.99986739257161783      -0.20162622047550918     
   3.3140000000000003E-004  0.55510161781771894        1.8902947464619366      -0.50854987169209487       0.99986366942464588      -0.19919070001028896     
   3.3150000000000003E-004  0.55420992268981861        1.9174671575141016      -0.52650603988853173       0.99986023576248284      -0.19639336509878319     
   3.3159999999999998E-004  0.55320612678430581        1.9444005293182691      -0.54445266047831353       0.99985706090631010      -0.19321303387387015     
   3.3169999999999999E-004  0.55209171972683901        1.9710494188113099      -0.56233116743936407       0.99985432207492431      -0.18963155263166900     
   3.3179999999999999E-004  0.55086926305723960        1.9974014082910099      -0.58007902511789688       0.99985232720336426      -0.18564225456781916     
   3.3189999999999999E-004  0.54954278069700901        2.0234717895998386      -0.59763170275354982       0.99985138801834006      -0.18125494545130938     
   3.3199999999999999E-004  0.54811776903365472        2.0492941459179743      -0.61492501251574161       0.99985169654965278      -0.17649556345906359     
   3.3210000000000000E-004  0.54660083206154209        2.0749085704169161      -0.63189723002643139       0.99985325489348031      -0.17140076424878761     
   3.3220000000000000E-004  0.54499909048266915        2.1003496090657663      -0.64849051025140625       0.99985588027488792      -0.16600961357453323     
   3.3230000000000000E-004  0.54331956994098130        2.1256357870965292      -0.66465138984950101       0.99985927637261229      -0.16035554841060709     
   3.3240000000000000E-004  0.54156873597012134        2.1507619780110581      -0.68033050179991617       0.99986313370518098      -0.15446134670304607     
   3.3250000000000000E-004  0.53975226034582724        2.1756951786185024      -0.69548186609631901       0.99986721584044469      -0.14833829377943822     
   3.3260000000000001E-004  0.53787502096304907        2.2003736674556702      -0.71006217454236198       0.99987140359561177      -0.14198897756304754     
   3.3270000000000001E-004  0.53594127606218900        2.2247091186530525      -0.72403037308175022       0.99987569258089748      -0.13541199352148398     
   3.3280000000000001E-004  0.53395492068510708        2.2485909990157520      -0.73734765027259119       0.99988015823775322      -0.12860665058476373     
   3.3290000000000001E-004  0.53191973542767090        2.2718924518417083      -0.74997776305701580       0.99988490920769701      -0.12157631456143546     
   3.3300000000000002E-004  0.52983956623072070        2.2944768495339591      -0.76188752878714483       0.99989004691831496      -0.11432985669344117     
   3.3310000000000002E-004  0.52771841113963569        2.3162042757165793      -0.77304729860321841       0.99989564111557838      -0.10688142315655548     
   3.3320000000000002E-004  0.52556042175286322        2.3369373560192503      -0.78343127723547479       0.99990172210717421       -9.9249147888718497E-002
   3.3330000000000002E-004  0.52336984631972516        2.3565460570101049      -0.79301762788705865       0.99990828495230499       -9.1453480605111839E-002
   3.3340000000000003E-004  0.52115094644147242        2.3749112756120905      -0.80178836658885666       0.99991529959776748       -8.3515646087095025E-002
   3.3350000000000003E-004  0.51890791428176752        2.3919272132282252      -0.80972909338953269       0.99992272154165285       -7.5456516725985884E-002
   3.3360000000000003E-004  0.51664480729114881        2.4075026473257957      -0.81682862302833104       0.99993050000652517       -6.7295948680190079E-002
   3.3369999999999998E-004  0.51436550742188825        2.4215612848126771      -0.82307857338365520       0.99993858289094351       -5.9052507907705436E-002
   3.3379999999999998E-004  0.51207370472041236        2.4340414117468008      -0.82847295621202710       0.99994691900836330       -5.0743461480751074E-002
   3.3389999999999998E-004  0.50977290068434689        2.4448950558704912      -0.83300779945293224       0.99995545851592449       -4.2384920197035332E-002
   3.3399999999999999E-004  0.50746642537992681        2.4540868617251768      -0.83668081716649667       0.99996415249117365       -3.3992043006519451E-002
   3.3409999999999999E-004  0.50515746285319563        2.4615928525345971      -0.83949113417326005       0.99997295225188321       -2.5579249822122521E-002
   3.3419999999999999E-004  0.50284908066977796        2.4673992204980202      -0.84143906661046319       0.99998180881728793       -1.7160411669477866E-002
   3.3429999999999999E-004  0.50054426085588988        2.4715012529753491      -0.84252595698922916       0.99999067264264363       -8.7490125439872134E-003
   3.3440000000000000E-004  0.49824593075256041        2.4739024720900709      -0.84275406139532050       0.99999949362337426       -3.5828420588837818E-004
   3.3450000000000000E-004  0.49595699314384956        2.4746140368281520      -0.84212648643654520        1.0000082213041976        7.9986778496607073E-003
   3.3460000000000000E-004  0.49368035553004830        2.4736544307953388      -0.84064717422741930        1.0000168051750349        1.6308805539095878E-002
   3.3470000000000000E-004  0.49141895861515900        2.4710494351037742      -0.83832093453115553        1.0000251949357055        2.4558945315819765E-002
   3.3480000000000001E-004  0.48917580399591687        2.4668323632234728      -0.83515352385704278        1.0000333406349211        3.2735732412323353E-002
   3.3490000000000001E-004  0.48695398068321866        2.4610445116991500      -0.83115177158554199        1.0000411926360382        4.0825447801410522E-002
   3.3500000000000001E-004  0.48475668944307110        2.4537357560172897      -0.82632375266493063        1.0000487014570150        4.8813862455828833E-002
   3.3510000000000001E-004  0.48258726303407529        2.4449651942273576      -0.82067900448264586        1.0000558176528100        5.6686087357151888E-002
   3.3520000000000002E-004  0.48044917928213865        2.4348017128938402      -0.81422878201648663        1.0000624920353123        6.4426461307743751E-002
   3.3530000000000002E-004  0.47834606283500236        2.4233243251802925      -0.80698633977781065        1.0000686767303659        7.2018530575986950E-002
   3.3540000000000002E-004  0.47628167087069223        2.4106221139533464      -0.79896722123240604        1.0000743275480686        7.9445189310209705E-002
   3.3550000000000002E-004  0.47425985857327552        2.3967936198592632      -0.79018952798892106        1.0000794080748119        8.6689047942137845E-002
   3.3560000000000003E-004  0.47228452284932398        2.3819455498074955      -0.78067413381919826        1.0000838952376605        9.3733072484448579E-002
   3.3570000000000003E-004  0.47035952822599203        2.3661907531617263      -0.77044480698871431        1.0000877854459223       0.10056147361927444     
   3.3579999999999998E-004  0.46848862649854606        2.3496455178252162      -0.75952821140663018        1.0000910991373708       0.10716072864051618     
   3.3589999999999998E-004  0.46667539056751162        2.3324263603301461      -0.74795377737262081        1.0000938806866322       0.11352049198713421     
   3.3599999999999998E-004  0.46492318991007076        2.3146465893362240      -0.73575346564804911        1.0000961908207393       0.11963405291997883     
   3.3609999999999998E-004  0.46323523363685332        2.2964129702489107      -0.72296148669330973        1.0000980905601538       0.12549799823676519     
   3.3619999999999999E-004  0.46161469455375842        2.2778227826212696      -0.70961406616920919        1.0000996187670264       0.13111087994551948     
   3.3629999999999999E-004  0.46006490256599314        2.2589614521589532      -0.69574935325722331        1.0001007690292654       0.13647095827922065     
   3.3639999999999999E-004  0.45858956337610790        2.2399008065489472      -0.68140753776186425        1.0001014745875032       0.14157345478693026     
   3.3650000000000005E-004  0.45719293057874710        2.2206979205532633      -0.66663117273072126        1.0001016100743905       0.14640808777804271     
   3.3660000000000005E-004  0.45587984956931404        2.2013945452447956      -0.65146560695961486        1.0001010146139631       0.15095779532072448     
   3.3670000000000005E-004  0.45465561265491566        2.1820172671953699      -0.63595934887784955        1.0000995332687264       0.15519935594777770     
   3.3680000000000006E-004  0.45352561883037201        2.1625787358576058      -0.62016414661196828        1.0000970653885162       0.15910610290813668     
   3.3690000000000006E-004  0.45249490454872010        2.1430803879083147      -0.60413460600205737        1.0000936025729328       0.16265220563035332     
   3.3700000000000006E-004  0.45156767456871671        2.1235169484179046      -0.58792728113564252        1.0000892400247288       0.16581734313499238     
   3.3710000000000006E-004  0.45074698149870157        2.1038825641143735      -0.57159932830349036        1.0000841535182812       0.16859029976379192     
   3.3720000000000006E-004  0.45003466232321676        2.0841778548988419      -0.55520695984331048        1.0000785475814644       0.17097024300145583     
   3.3730000000000007E-004  0.44943155296442361        2.0644166930220393      -0.53880400954073326        1.0000725928510681       0.17296518626924939     
   3.3740000000000007E-004  0.44893790533762828        2.0446313574331700      -0.52244089297550023        1.0000663753289645       0.17458809165354439     
   3.3750000000000002E-004  0.44855386768879685        2.0248749563663004      -0.50616412489209350        1.0000598752716290       0.17585185013530638     
   3.3760000000000002E-004  0.44827987946339154        2.0052205712755171      -0.49001638740944992        1.0000529824840814       0.17676471061349003     
   3.3770000000000002E-004  0.44811687046533433        1.9857572525548814      -0.47403699108834135        1.0000455414225116       0.17732749290094099     
   3.3780000000000003E-004  0.44806621984588907        1.9665835968273679      -0.45826248680996717        1.0000374107576198       0.17753327183223394     
   3.3790000000000003E-004  0.44812950198079926        1.9478000313772927      -0.44272718764955088        1.0000285186558917       0.17736943915428732     
   3.3800000000000003E-004  0.44830810430453194        1.9295010741016636      -0.42746343307092760        1.0000188976869056       0.17682138168616865     
   3.3810000000000003E-004  0.44860282941520480        1.9117687324373964      -0.41250154057301869        1.0000086898302671       0.17587662254535430     
   3.3820000000000003E-004  0.44901358507664724        1.8946678947867586      -0.39786950183675995       0.99999812230826812       0.17452826191169396     
   3.3830000000000004E-004  0.44953922871892354        1.8782441258854732      -0.38359255750164861       0.99998746387096393       0.17277687910346951     
   3.3840000000000004E-004  0.45017758291614635        1.8625238121600347      -0.36969280922551234       0.99997697679418296       0.17063059403819952     
   3.3850000000000004E-004  0.45092559320588377        1.8475162200615589      -0.35618900004499987       0.99996687921880978       0.16810354831281715     
   3.3860000000000004E-004  0.45177957158379389        1.8332168084615237      -0.34309653281056257       0.99995732612565391       0.16521344807468438     
   3.3870000000000005E-004  0.45273546268662823        1.8196110925827451      -0.33042772771847878       0.99994840978158139       0.16197892684948387     
   3.3880000000000005E-004  0.45378908071216456        1.8066784598237540      -0.31819226519732358       0.99994017428563930       0.15841736384130839     
   3.3890000000000005E-004  0.45493628500256655        1.7943955186717755      -0.30639773182449653       0.99993263611667993       0.15454352047437922     
   3.3900000000000005E-004  0.45617308320812200        1.7827387564677206      -0.29505018488674406       0.99992580344484505       0.15036906615942014     
   3.3910000000000006E-004  0.45749566764976385        1.7716864456767656      -0.28415466792625382       0.99991968974159307       0.14590284528162892     
   3.3920000000000006E-004  0.45890040068536575        1.7612198508985770      -0.27371563494228418       0.99991432017274873       0.14115162376551263     
   3.3930000000000006E-004  0.46038376864508462        1.7513238507911097      -0.26373726632568761       0.99990973160663765       0.13612103704947995     
   3.3940000000000006E-004  0.46194232304755567        1.7419871118661803      -0.25422367949995900       0.99990596830761946       0.13081651341455369     
   3.3950000000000007E-004  0.46357262412585037        1.7332019475425042      -0.24517904966694193       0.99990307559902591       0.12524402617990313     
   3.3960000000000001E-004  0.46527119664645450        1.7249639779622044      -0.23660766161124600       0.99990109341219757       0.11941060736468710     
   3.3970000000000002E-004  0.46703450293682924        1.7172716826205594      -0.22851391388389095       0.99990005100342161       0.11332461813064167     
   3.3980000000000002E-004  0.46885893382449179        1.7101259141912966      -0.22090229388852708       0.99989996348631072       0.10699581177914408     
   3.3990000000000002E-004  0.47074081521572436        1.7035294209477172      -0.21377733817837111       0.99990083027406240       0.10043524369265024     
   3.4000000000000002E-004  0.47267642635389873        1.6974864079204419      -0.20714358783753301       0.99990263513640398        9.3655086219066430E-002
   3.4010000000000003E-004  0.47466202520711603        1.6920021536181302      -0.20100554500572482       0.99990534750884297        8.6668400768172837E-002
   3.4020000000000003E-004  0.47669387661581225        1.6870826893871591      -0.19536763370995669       0.99990892454898339        7.9488903277934106E-002
   3.4030000000000003E-004  0.47876827954678869        1.6827345415120529      -0.19023416606445678       0.99991331347696344        7.2130751862993475E-002
   3.4040000000000003E-004  0.48088159072126530        1.6789645319734099      -0.18560931389483770       0.99991845398710955        6.4608368542802538E-002
   3.4050000000000004E-004  0.48303024287103241        1.6757796306151675      -0.18149708502693684       0.99992428036846071        5.6936302809578503E-002
   3.4060000000000004E-004  0.48521075672787101        1.6731868502813789      -0.17790130358754652       0.99993072333451694        4.9129133777749280E-002
   3.4070000000000004E-004  0.48741974657842763        1.6711931750167786      -0.17482559352041055       0.99993771143379750        4.1201410316670427E-002
   3.4080000000000004E-004  0.48965391968979111        1.6698055130660343      -0.17227336481832695       0.99994517205723077        3.3167619563290479E-002
   3.4090000000000005E-004  0.49191007023988792        1.6690306671796318      -0.17024780218785521       0.99995303209329855        2.5042179778650260E-002
   3.4100000000000005E-004  0.49418506856775940        1.6688753152497604      -0.16875185599792680       0.99996121826154649        1.6839451638104866E-002
   3.4110000000000005E-004  0.49647584660158228        1.6693459953203540      -0.16778823557501904       0.99996965719220521        8.5737623440336110E-003
   3.4120000000000005E-004  0.49877938029927282        1.6704490901671694      -0.16735940501896779       0.99997827531229477        2.5943869031828411E-004
   3.4130000000000006E-004  0.50109266987501389        1.6721908079220018      -0.16746758174675910       0.99998699859185780       -8.0891538322357161E-003
   3.4140000000000006E-004  0.50341271851015312        1.6745771566071781      -0.16811473797196486       0.99999575220206172       -1.6457568294346227E-002
   3.4150000000000006E-004  0.50573651018691623        1.6776139119545856      -0.16930260529919400        1.0000044601350231       -2.4831231894703237E-002
   3.4160000000000006E-004  0.50806098725732607        1.6813065795451561      -0.17103268256412901        1.0000130448354212       -3.3195401666535687E-002
   3.4170000000000001E-004  0.51038302837861171        1.6856603541815254      -0.17330624699980696        1.0000214268974759       -4.1535122454853267E-002
   3.4180000000000001E-004  0.51269942751291320        1.6906800816112639      -0.17612436876738938        1.0000295248856803       -4.9835189836909918E-002
   3.4190000000000002E-004  0.51500687479836393        1.6963702310090625      -0.17948792885667395        1.0000372553448724       -5.8080121917995976E-002
   3.4200000000000002E-004  0.51730194024217058        1.7027348891044749      -0.18339764046048052        1.0000445331016992       -6.6254146243847067E-002
   3.4210000000000002E-004  0.51958106131385151        1.7097777873459510      -0.18785407418203787        1.0000512719446215       -7.4341209188642732E-002
   3.4220000000000002E-004  0.52184053556003163        1.7175023765011854      -0.19285768756052810        1.0000573857755517       -8.2325014838141405E-002
   3.4230000000000003E-004  0.52407651932800925        1.7259119652131343      -0.19840885985830420        1.0000627903617119       -9.0189107086554893E-002
   3.4240000000000003E-004  0.52628503352938705        1.7350099393144465      -0.20450793342660434        1.0000674056399814       -9.7917000682132299E-002
   3.4250000000000003E-004  0.52846197691603147        1.7448000773913037      -0.21115526328481399        1.0000711586898234      -0.10549237220775082     
   3.4260000000000003E-004  0.53060314670122921        1.7552869743015709      -0.21835127677355742        1.0000739870705990      -0.11289930829501955     
   3.4270000000000004E-004  0.53270426535716420        1.7664765775918507      -0.22609654475988025        1.0000758423277110      -0.12012260529318167     
   3.4280000000000004E-004  0.53476101125975850        1.7783768315359261      -0.23439186468175899        1.0000766931204232      -0.12714809184132467     
   3.4290000000000004E-004  0.53676904953484983        1.7909984093579787      -0.24323835333842408        1.0000765272255767      -0.13396293105872123     
   3.4300000000000004E-004  0.53872405778817711        1.8043554959273589      -0.25263754331089328        1.0000753517116887      -0.14055583651369782     
   3.4310000000000005E-004  0.54062173984347217        1.8184665608611912      -0.26259147130998545        1.0000731905712110      -0.14691711985697456     
   3.4320000000000005E-004  0.54245782003037957        1.8333550355816950      -0.27310273975379418        1.0000700794619859      -0.15303848460907629     
   3.4330000000000005E-004  0.54422801143987787        1.8490497781371857      -0.28417452545165178        1.0000660579191631      -0.15891249834284132     
   3.4340000000000005E-004  0.54592795487341661        1.8655851788714539      -0.29581050319610208        1.0000611603941827      -0.16453172433670793     
   3.4350000000000006E-004  0.54755313185701315        1.8830007321838078      -0.30801465004906914        1.0000554085840112      -0.16988757765958740     
   3.4360000000000006E-004  0.54909876517373279        1.9013398845350036      -0.32079090118800779        1.0000488084128678      -0.17496908278193743     
   3.4370000000000006E-004  0.55055973232764366        1.9206479815857609      -0.33414264334019039        1.0000413552024798      -0.17976182911495509     
   3.4380000000000001E-004  0.55193052738450021        1.9409691971423637      -0.34807205848447642        1.0000330493881777      -0.18424750767331766     
   3.4390000000000001E-004  0.55320530920339428        1.9623424550503454      -0.36257936684001235        1.0000239221235487      -0.18840441243888101     
   3.4400000000000001E-004  0.55437806487608199        1.9847965664895604      -0.37766205654678331        1.0000140651005145      -0.19220913936669481     
   3.4410000000000002E-004  0.55544289661224344        2.0083450867428247      -0.39331421317913551        1.0000036534323555      -0.19563938191780844     
   3.4420000000000002E-004  0.55639441038979354        2.0329816962552254      -0.40952605716845192       0.99999294806430994      -0.19867726242394823     
   3.4430000000000002E-004  0.55722813753485456        2.0586771457223456      -0.42628375095650756       0.99998226941222212      -0.20131225094521349     
   3.4440000000000002E-004  0.55794086939231258        2.0853788732466434      -0.44356945721112639       0.99997194478037010      -0.20354263572617629     
   3.4450000000000003E-004  0.55853076919274836        2.1130142047979845      -0.46136153641839894       0.99996224251090116      -0.20537477957036990     
   3.4460000000000003E-004  0.55899717007425309        2.1414975261305340      -0.47963469507830125       0.99995331331010806      -0.20681996738858499     
   3.4470000000000003E-004  0.55934007185164947        2.1707410027421936      -0.49835987492754269       0.99994516178608217      -0.20788949565461257     
   3.4480000000000003E-004  0.55955947692312702        2.2006674891939486      -0.51750374010478550       0.99993766227588876      -0.20858947011165715     
   3.4490000000000004E-004  0.55965481186301635        2.2312234257915478      -0.53702776716899980       0.99993061412835704      -0.20891707617413499     
   3.4500000000000004E-004  0.55962470356302141        2.2623889812419193      -0.55688713339198503       0.99992382311024164      -0.20885982287481666     
   3.4510000000000004E-004  0.55946727211404079        2.2941827297305011      -0.57702977882848816       0.99991718799752283      -0.20839852793201974     
   3.4520000000000004E-004  0.55918088636291674        2.3266589571237173      -0.59739610180683622       0.99991076263937517      -0.20751359119481025     
   3.4530000000000004E-004  0.55876509010398501        2.3598972527409643      -0.61791964517354958       0.99990476096970415      -0.20619258947349137     
   3.4540000000000005E-004  0.55822128352232681        2.3939859645146360      -0.63852881964069286       0.99989948576312304      -0.20443613037571584     
   3.4550000000000005E-004  0.55755281971964088        2.4290026460249177      -0.65914930106746383       0.99989520516620456      -0.20225922939394148     
   3.4560000000000005E-004  0.55676444616892395        2.4649951385977484      -0.67970645312222644       0.99989202924308762      -0.19968738177255357     
   3.4570000000000005E-004  0.55586136940509967        2.5019661500842822      -0.70012711769758129       0.99988984469740116      -0.19674873289136982     
   3.4580000000000006E-004  0.55484840222815257        2.5398625909006967      -0.72034041297084594       0.99988834780167535      -0.19346557981678117     
   3.4590000000000001E-004  0.55372955763601228        2.5785695840653791      -0.74027765267919643       0.99988716631395425      -0.18984886104276702     
   3.4600000000000001E-004  0.55250817444462152        2.6179088082619746      -0.75987190347170708       0.99988601227385321      -0.18589799455862419     
   3.4610000000000001E-004  0.55118738680735346        2.6576414868184308      -0.77905781603789370       0.99988478820955284      -0.18160589888130294     
   3.4620000000000001E-004  0.54977063881761712        2.6974769323573931      -0.79777214331821178       0.99988359570693408      -0.17696653075288010     
   3.4630000000000001E-004  0.54826202124483681        2.7370872037725587      -0.81595492646833845       0.99988264627574575      -0.17198106690087392     
   3.4640000000000002E-004  0.54666636637680266        2.7761269893223250      -0.83355093098572997       0.99988214481578597      -0.16665993150324773     
   3.4650000000000002E-004  0.54498915459056330        2.8142561804363755      -0.85051083499999247       0.99988221718946346      -0.16102102367218940     
   3.4660000000000002E-004  0.54323630342480278        2.8511614627635211      -0.86679186551782239       0.99988289787447937      -0.15508604234234419     
   3.4670000000000002E-004  0.54141391123747928        2.8865734052280185      -0.88235785252827093       0.99988416330280050      -0.14887711262180828     
   3.4680000000000003E-004  0.53952801696151753        2.9202768739555474      -0.89717887225151038       0.99988597513876121      -0.14241493706375202     
   3.4690000000000003E-004  0.53758441601618689        2.9521143863671160      -0.91123069750963015       0.99988830793500316      -0.13571845563235124     
   3.4700000000000003E-004  0.53558855036004982        2.9819834816847433      -0.92449420740403276       0.99989115542705642      -0.12880530186204028     
   3.4710000000000003E-004  0.53354547073793035        3.0098299574009229      -0.93695481610476150       0.99989452357756925      -0.12169234872094070     
   3.4720000000000004E-004  0.53145985479171021        3.0356389641680792      -0.94860192160382639       0.99989842067284362      -0.11439599480117560     
   3.4730000000000004E-004  0.52933605809349316        3.0594256246422322      -0.95942836056271030       0.99990285061429807      -0.10693218746973561     
   3.4740000000000004E-004  0.52717817622051000        3.0812263132052351      -0.96942986686493726       0.99990781046122656       -9.9316342139907213E-002
   3.4750000000000004E-004  0.52499010241911714        3.1010912127495303      -0.97860454681820386       0.99991329054475964       -9.1563307095104907E-002
   3.4760000000000005E-004  0.52277557317613021        3.1190783576451491      -0.98695239104201560       0.99991927509064082       -8.3687437423268021E-002
   3.4770000000000005E-004  0.52053820034981757        3.1352491052685352      -0.99447483968251782       0.99992574220467945       -7.5702749546861153E-002
   3.4780000000000005E-004  0.51828149201409246        3.1496648412873594       -1.0011744088793177       0.99993266337396725       -6.7623099713039272E-002
   3.4790000000000005E-004  0.51600886506051524        3.1623846788269159       -1.0070543787649995       0.99994000287425922       -5.9462341770922432E-002
   3.4800000000000000E-004  0.51372365267912101        3.1734639163694123       -1.0121185383746103       0.99994771737063193       -5.1234438462115450E-002
   3.4810000000000000E-004  0.51142910972496114        3.1829530493929035       -1.0163709801060872       0.99995575595273711       -4.2953513296422198E-002
   3.4820000000000001E-004  0.50912841822970367        3.1908971708870357       -1.0198159359395658       0.99996406068473642       -3.4633849173216505E-002
   3.4830000000000001E-004  0.50682469433936894        3.1973356370657502       -1.0224576485839878       0.99997256761422892       -2.6289848929730655E-002
   3.4840000000000001E-004  0.50452099714592913        3.2023019123322563       -1.0243002724053041       0.99998120809658098       -1.7935974955843315E-002
   3.4850000000000001E-004  0.50222033936040389        3.2058235342279904       -1.0253478005730494       0.99998991026528317       -9.5866813198789477E-003
   3.4860000000000002E-004  0.49992569943389892        3.2079221582727993       -1.0256040161794098       0.99999860053292755       -1.2563481007743507E-003
   3.4870000000000002E-004  0.49764003455022199        3.2086136606353861       -1.0250724660461279        1.0000072050568993        7.0407766783800764E-003
   3.4880000000000002E-004  0.49536629385081615        3.2079082889316890       -1.0237564566090491        1.0000156511300595        1.5290625235004383E-002
   3.4890000000000002E-004  0.49310743127531875        3.2058108598968946       -1.0216590718031424        1.0000238684696661        2.3479347315488605E-002
   3.4900000000000003E-004  0.49086641749667037        3.2023210088605278       -1.0187832133901695        1.0000317903751661        3.1593335372300031E-002
   3.4910000000000003E-004  0.48864625059424632        3.1974335010042587       -1.0151316647513955        1.0000393547148028        3.9619235467251004E-002
   3.4920000000000003E-004  0.48644996533898160        3.1911386192963764       -1.0107071798150664        1.0000465046917639        4.7543940899531068E-002
   3.4930000000000003E-004  0.48428064125748332        3.1834226494770519       -1.0055125994590088        1.0000531893415079        5.5354565443816700E-002
   3.4940000000000004E-004  0.48214140998985766        3.1742684894335369      -0.99955099825312277        1.0000593637462698        6.3038395084294666E-002
   3.4950000000000004E-004  0.48003546279105508        3.1636564201618356      -0.99282586444380505        1.0000649890024527        7.0582821880992533E-002
   3.4960000000000004E-004  0.47796605932464853        3.1515650893009983      -0.98534131558977689        1.0000700320711335        7.7975268385741758E-002
   3.4970000000000004E-004  0.47593653899004357        3.1379727781816467      -0.97710235037257920        1.0000744657470004        8.5203122182404556E-002
   3.4980000000000005E-004  0.47395033570027323        3.1228590472722502      -0.96811513436913366        1.0000782689151659        9.2253699071588341E-002
   3.4990000000000005E-004  0.47201099641369815        3.1062068755808419      -0.95838731450850156        1.0000814270439531        9.9114245103568158E-002
   3.5000000000000005E-004  0.47012220331716109        3.0880054154552514      -0.94792835476034432        1.0000839328221416       0.10577197304232402     
   3.5010000000000000E-004  0.46828779852085084        3.0682534549324938      -0.93674988317892049        1.0000857866895811       0.11221413041586069     
   3.5020000000000000E-004  0.46651180773065642        3.0469635999233269      -0.92486604012861096        1.0000869960644223       0.11842805424782553     
   3.5030000000000000E-004  0.46479845717606283        3.0241670386141948      -0.91229382292597960        1.0000875723748472       0.12440113173860842     
   3.5040000000000001E-004  0.46315217500283240        2.9999185234195362      -0.89905342984759684        1.0000875255588686       0.13012059367611251     
   3.5050000000000001E-004  0.46157756516411730        2.9743009321910048      -0.88516861294485649        1.0000868572546235       0.13557311366128769     
   3.5060000000000001E-004  0.46007934063862238        2.9474285229192763      -0.87066704647416671        1.0000855562848476       0.14074430865069121     
   3.5070000000000001E-004  0.45866220672191560        2.9194478812199502      -0.85558069652717239        1.0000836019212629       0.14561841665956998     
   3.5080000000000002E-004  0.45733069746526067        2.8905356891927685      -0.83994613403309770        1.0000809796978731       0.15017858767728934     
   3.5090000000000002E-004  0.45608898869993553        2.8608928910000326      -0.82380467916122546        1.0000777091060395       0.15440821854759001     
   3.5100000000000002E-004  0.45494073396645246        2.8307355759269939      -0.80720223343760567        1.0000738719869799       0.15829341135485034     
   3.5110000000000002E-004  0.45388898337561256        2.8002837828211007      -0.79018869327465990        1.0000696212739097       0.16182591726031703     
   3.5120000000000003E-004  0.45293623491333229        2.7697501365377040      -0.77281697029501772        1.0000651499481470       0.16500514912711986     
   3.5130000000000003E-004  0.45208462451845238        2.7393303966271141      -0.75514183484681452        1.0000606214162775       0.16783765465884226     
   3.5140000000000003E-004  0.45133620173923761        2.7091974060478048      -0.73721894313892100        1.0000560824101443       0.17033319864365845     
   3.5150000000000003E-004  0.45069319327474600        2.6794987356593687      -0.71910441178583784        1.0000514087723078       0.17249815401818153     
   3.5160000000000004E-004  0.45015814026130158        2.6503569850623574      -0.70085506499412065        1.0000463330476119       0.17432912984322158     
   3.5170000000000004E-004  0.44973383485952245        2.6218709605083621      -0.68252909661661587        1.0000405535552539       0.17581027842229940     
   3.5180000000000004E-004  0.44942305304090679        2.5941162572536172      -0.66418659748753595        1.0000338781650331       0.17691626656420548     
   3.5190000000000004E-004  0.44922815777688174        2.5671449458981606      -0.64588938177646238        1.0000263288457489       0.17762010537229589     
   3.5200000000000005E-004  0.44915070181672850        2.5409853888001148      -0.62769984441256765        1.0000181493890543       0.17790245094953114     
   3.5210000000000005E-004  0.44919116694791439        2.5156438468614954      -0.60967904073214918        1.0000097109404500       0.17775816533004341     
   3.5220000000000000E-004  0.44934892911001950        2.4911090704894594      -0.59188454868881379        1.0000013667182430       0.17719734931222100     
   3.5230000000000000E-004  0.44962245441762755        2.4673597845970257      -0.57436876066135245       0.99999332986917033       0.17624080483034976     
   3.5240000000000000E-004  0.45000964682944361        2.4443736411322359      -0.55717804074245048       0.99998562770669219       0.17491235040371847     
   3.5250000000000000E-004  0.45050822145698288        2.4221355155065325      -0.54035281762974652       0.99997813899699328       0.17323136548010915     
   3.5260000000000001E-004  0.45111598502274802        2.4006432219114853      -0.52392835450674169       0.99997068349045060       0.17120827916054365     
   3.5270000000000001E-004  0.45183095033399789        2.3799095708316038      -0.50793577763668707       0.99996311606669208       0.16884403636863582     
   3.5280000000000001E-004  0.45265127370328379        2.3599607531897249      -0.49240298284498146       0.99995538901656089       0.16613285166782646     
   3.5290000000000001E-004  0.45357506519260021        2.3408319328554068      -0.47735519894816969       0.99994757033191617       0.16306663341071254     
   3.5300000000000002E-004  0.45460015312166563        2.3225614278921487      -0.46281516932143318       0.99993982344631094       0.15963938074105832     
   3.5310000000000002E-004  0.45572388210299825        2.3051849109655986      -0.44880305054962677       0.99993236442398470       0.15585031654450249     
   3.5320000000000002E-004  0.45694299876419903        2.2887307522901956      -0.43533619161180648       0.99992541479494046       0.15170521303177323     
   3.5330000000000002E-004  0.45825364567503368        2.2732171298892627      -0.42242895053681406       0.99991916460390229       0.14721603316454504     
   3.5340000000000002E-004  0.45965145325515194        2.2586510159816342      -0.41009265285678004       0.99991375233174473       0.14239943013140893     
   3.5350000000000003E-004  0.46113169809457760        2.2450287532308923      -0.39833572993948119       0.99990926127978397       0.13727477029614196     
   3.5360000000000003E-004  0.46268948684973754        2.2323377236400717      -0.38716401980724779       0.99990572747401696       0.13186224031232741     
   3.5370000000000003E-004  0.46431992765617880        2.2205585766872886      -0.37658118040683292       0.99990315297825483       0.12618138306585736     
   3.5380000000000003E-004  0.46601826304648214        2.2096675680118008      -0.36658915502742107       0.99990151962004592       0.12025019434910769     
   3.5390000000000004E-004  0.46777995346946671        2.1996386986872878      -0.35718863527288608       0.99990080001744941       0.11408475335701129     
   3.5400000000000004E-004  0.46960071341439302        2.1904454855572322      -0.34837948129871615       0.99990096466750933       0.10769926855351980     
   3.5410000000000004E-004  0.47147651023302617        2.1820623057652639      -0.34016107557382547       0.99990198526624818       0.10110638981740663     
   3.5420000000000004E-004  0.47340353885959230        2.1744653336812760      -0.33253260113068772       0.99990383515930914        9.4317647549042982E-002
   3.5429999999999999E-004  0.47537818487827560        2.1676331290600253      -0.32549324622635001       0.99990648803001259        8.7343910067255476E-002
   3.5439999999999999E-004  0.47739698553482141        2.1615469502327365      -0.31904234413908977       0.99990991582561517        8.0195789729534311E-002
   3.5450000000000000E-004  0.47945659477129676        2.1561908651391466      -0.31317946014139481       0.99991408674181192        7.2883961779233564E-002
   3.5460000000000000E-004  0.48155375518133742        2.1515517235803863      -0.30790443829534087       0.99991896360286170        6.5419384276026005E-002
   3.5470000000000000E-004  0.48368527741441825        2.1476190418261769      -0.30321741972374272       0.99992450289918333        5.7813429806928378E-002
   3.5480000000000000E-004  0.48584802602295807        2.1443848389124138      -0.29911884220074636       0.99993065443364892        5.0077942210575904E-002
   3.5490000000000001E-004  0.48803891007421368        2.1418434532318482      -0.29560942880294266       0.99993736149728918        4.2225240972430952E-002
   3.5500000000000001E-004  0.49025487667113193        2.1399913588169461      -0.29269017140388404       0.99994456139992438        3.4268090332358364E-002
   3.5510000000000001E-004  0.49249290573613352        2.1388269949157284      -0.29036231316900463       0.99995218621960280        2.6219648925875819E-002
   3.5520000000000001E-004  0.49475000482248888        2.1383506182756697      -0.28862733284103681       0.99996016363398410        1.8093412114001173E-002
   3.5530000000000002E-004  0.49702320313342457        2.1385641845862313      -0.28748693262934999       0.99996841774240441        9.9031544230435316E-003
   3.5540000000000002E-004  0.49930954436090957        2.1394712634773771      -0.28694303085440320       0.99997686983145284        1.6628759881217414E-003
   3.5550000000000002E-004  0.50160607831369430        2.1410769901463933      -0.28699776005490690       0.99998543907114590       -6.6132458394333833E-003
   3.5560000000000002E-004  0.50390985156959900        2.1433880559202887      -0.28765347098674859       0.99999404315747931       -1.4910900786264851E-002
   3.5570000000000003E-004  0.50621789755969770        2.1464127396654540      -0.28891274278260987        1.0000025989385173       -2.3215688514361791E-002
   3.5580000000000003E-004  0.50852722656723837        2.1501609817211467      -0.29077839944893347        1.0000110230732557       -3.1513163557522296E-002
   3.5590000000000003E-004  0.51083481609686276        2.1546445016850253      -0.29325353279876165        1.0000192327740844       -3.9788885891734557E-002
   3.5600000000000003E-004  0.51313760193393620        2.1598769605542980      -0.29634153180201678        1.0000271466753681       -4.8028479916761443E-002
   3.5610000000000004E-004  0.51543246995711212        2.1658741657779146      -0.30004611813953280        1.0000346858560027       -5.6217703121788552E-002
   3.5620000000000004E-004  0.51771624837982577        2.1726543145571249      -0.30437138740417485        1.0000417750053967       -6.4342523194038603E-002
   3.5630000000000004E-004  0.51998569963089702        2.1802382668107558      -0.30932185472081730        1.0000483436583039       -7.2389197352002957E-002
   3.5640000000000004E-004  0.52223751053789391        2.1886498338202234      -0.31490250249758334        1.0000543273902696       -8.0344343201044888E-002
   3.5649999999999999E-004  0.52446827889281322        2.1979160614167270      -0.32111882657778384        1.0000596687893788       -8.8194985849826463E-002
   3.5659999999999999E-004  0.52667449418451773        2.2080674774818547      -0.32797687486278354        1.0000643179353981       -9.5928556329286069E-002
   3.5670000000000000E-004  0.52885251027710678        2.2191382630597722      -0.33548326967978115        1.0000682321723044      -0.10353281608124734     
   3.5680000000000000E-004  0.53099850870019016        2.2311662949240620      -0.34364520172530683        1.0000713749168144      -0.11099567591586564     
   3.5690000000000000E-004  0.53310845307705201        2.2441929963088327      -0.35247037971571060        1.0000737134424871      -0.11830488770233287     
   3.5700000000000000E-004  0.53517803838616751        2.2582629238830378      -0.36196691650447183        1.0000752159312143      -0.12544760010381131     
   3.5710000000000001E-004  0.53720264291071607        2.2734230170083194      -0.37214313078211803        1.0000758484968577      -0.13240980160445373     
   3.5720000000000001E-004  0.53917729484700749        2.2897214466615150      -0.38300724536977426        1.0000755736013971      -0.13917572395408356     
   3.5730000000000001E-004  0.54109666762311559        2.3072060365304203      -0.39456697112071287        1.0000743519579980      -0.14572734572189996     
   3.5740000000000001E-004  0.54295511741079028        2.3259223002471909      -0.40682898163007258        1.0000721502073993      -0.15204420502211502     
   3.5750000000000002E-004  0.54474677266212645        2.3459112574565033      -0.41979830849174965        1.0000689558048779      -0.15810376997972359     
   3.5760000000000002E-004  0.54646567770571919        2.3672073589308926      -0.43347771576064925        1.0000647979771851      -0.16388257655838315     
   3.5770000000000002E-004  0.54810598086460505        2.3898370389576016      -0.44786713567340014        1.0000597694912383      -0.16935817595896022     
   3.5780000000000002E-004  0.54966214182360917        2.4138185562176933      -0.46296325093748686        1.0000540396467756      -0.17451163139119055     
   3.5790000000000003E-004  0.55112911425542133        2.4391637862908162      -0.47875927726671091        1.0000478468335614      -0.17932992713881807     
   3.5800000000000003E-004  0.55250244413551153        2.4658823868738544      -0.49524492730032604        1.0000414624557825      -0.18380735528672068     
   3.5810000000000003E-004  0.55377822749461414        2.4939882120004793      -0.51240643717609646        1.0000351279758308      -0.18794493818260005     
   3.5820000000000003E-004  0.55495291120330481        2.5235070450797910      -0.53022644393899498        1.0000289801026279      -0.19174734176005276     
   3.5830000000000004E-004  0.55602299065659988        2.5544838260659279      -0.54868347010025653        1.0000229952588016      -0.19521763159098132     
   3.5840000000000004E-004  0.55698471472065025        2.5869868839094003      -0.56775086370811134        1.0000169932832976      -0.19835150113277553     
   3.5850000000000004E-004  0.55783391311143882        2.6211066124310989      -0.58739528543055775        1.0000107256848574      -0.20113367321541856     
   3.5859999999999999E-004  0.55856604030167956        2.6569467919048400      -0.60757515632276493        1.0000040291531556      -0.20353905770452210     
   3.5869999999999999E-004  0.55917650136210739        2.6946083668873193      -0.62823968693413768       0.99999695723506854      -0.20553910841000991     
   3.5879999999999999E-004  0.55966123801444179        2.7341674656899784      -0.64932899362141261       0.99998980856386799      -0.20711076355251126     
   3.5890000000000000E-004  0.56001738663182787        2.7756511505490540      -0.67077541598879509       0.99998301083288232      -0.20824387906254352     
   3.5900000000000000E-004  0.56024373756533763        2.8190150151671940      -0.69250561938967403       0.99997690676780748      -0.20894310689760001     
   3.5910000000000000E-004  0.56034075384589466        2.8641259308055389      -0.71444274856134293       0.99997158592943869      -0.20922350436976625     
   3.5920000000000000E-004  0.56031005678377033        2.9107520991426341      -0.73650804952085513       0.99996687846344390      -0.20910307985671345     
   3.5930000000000001E-004  0.56015356296296159        2.9585620449004235      -0.75862185175547836       0.99996249573207530      -0.20859663880627013     
   3.5940000000000001E-004  0.55987270876083217        3.0071342001390526      -0.78070418456988511       0.99995818699706329      -0.20771286681315809     
   3.5950000000000001E-004  0.55946817816715244        3.0559782438466030      -0.80267531546590254       0.99995380177141413      -0.20645353097059335     
   3.5960000000000001E-004  0.55894020593102767        3.1045676235544786      -0.82445629525724495       0.99994926420870056      -0.20481342008219267     
   3.5970000000000002E-004  0.55828916041807297        3.1523796481007853      -0.84596953995470126       0.99994455725130549      -0.20278203716344356     
   3.5980000000000002E-004  0.55751608644815154        3.1989366262253061      -0.86713962226032504       0.99993970825731415      -0.20034800049220799     
   3.5990000000000002E-004  0.55662308450214515        3.2438404108167251      -0.88789440335942027       0.99993477613982784      -0.19750420776028277     
   3.6000000000000002E-004  0.55561350656092312        3.2867941721038001      -0.90816646417747515       0.99992985429350201      -0.19425168869671391     
   3.6010000000000003E-004  0.55449194147803671        3.3276085859962947      -0.92789462535382927       0.99992507348131943      -0.19060094989004556     
   3.6020000000000003E-004  0.55326397290903806        3.3661936381261466      -0.94702525058105935       0.99992058393842365      -0.18657075072305063     
   3.6030000000000003E-004  0.55193575680686235        3.4025402797030431      -0.96551304800730053       0.99991651590577091      -0.18218499464833154     
   3.6040000000000003E-004  0.55051353922981394        3.4366972698530063      -0.98332120723155081       0.99991294103641293      -0.17746877780540427     
   3.6050000000000003E-004  0.54900326353333173        3.4687481569851606       -1.0004208860918085       0.99990986303149931      -0.17244477945412581     
   3.6060000000000004E-004  0.54741036894436412        3.4987919692602851       -1.0167902211707318       0.99990723409270676      -0.16713083551004190     
   3.6069999999999999E-004  0.54573979243481929        3.5269293866071045       -1.0324131020109213       0.99990499715426873      -0.16153908412570006     
   3.6079999999999999E-004  0.54399610823387690        3.5532546146786963       -1.0472779681669317       0.99990312897256384      -0.15567697640104014     
   3.6089999999999999E-004  0.54218372425625683        3.5778520298595389       -1.0613768198394493       0.99990166039734241      -0.14954949904206097     
   3.6099999999999999E-004  0.54030706128840289        3.6007961251420575       -1.0747045134865618       0.99990067229509949      -0.14316170156907848     
   3.6110000000000000E-004  0.53837066605544015        3.6221532593807702       -1.0872583146654236       0.99990027477307375      -0.13652077324840883     
   3.6120000000000000E-004  0.53637924313496632        3.6419839971263492       -1.0990376249548506       0.99990058089646805      -0.12963724446510180     
   3.6130000000000000E-004  0.53433761819106240        3.6603452401555323       -1.1100437889635144       0.99990168422786052      -0.12252524625135863     
   3.6140000000000000E-004  0.53225065979255082        3.6772917498163054       -1.1202799073340561       0.99990364508362117      -0.11520201833994642     
   3.6150000000000000E-004  0.53012318898373612        3.6928769631767544       -1.1297506143333120       0.99990648624615719      -0.10768697695001228     
   3.6160000000000001E-004  0.52795989885827144        3.7071531964794318       -1.1384618099450208       0.99991019602213826      -0.10000065493188857     
   3.6170000000000001E-004  0.52576529654951032        3.7201714159691157       -1.1464203584654427       0.99991473539498665       -9.2163750326386143E-002
   3.6180000000000001E-004  0.52354367071943442        3.7319807669902367       -1.1536337761407369       0.99992004628744158       -8.4196415394669058E-002
   3.6190000000000001E-004  0.52129908128993174        3.7426280200635063       -1.1601099314164818       0.99992605890608355       -7.6117823821909028E-002
   3.6200000000000002E-004  0.51903536568103292        3.7521570441990093       -1.1658567764260943       0.99993269722253342       -6.7945986044057938E-002
   3.6210000000000002E-004  0.51675615571111222        3.7606083704591917       -1.1708821210056948       0.99993988244140597       -5.9697749666289414E-002
   3.6220000000000002E-004  0.51446490036658366        3.7680188706343927       -1.1751934532100783       0.99994753489852062       -5.1388915507718534E-002
   3.6230000000000002E-004  0.51216489104600094        3.7744215504957772       -1.1787978047865726       0.99995557484216191       -4.3034407736566041E-002
   3.6240000000000003E-004  0.50985928714476370        3.7798454418500071       -1.1817016563212226       0.99996392267462797       -3.4648455078888085E-002
   3.6250000000000003E-004  0.50755114083802388        3.7843155715685235       -1.1839108753191896       0.99997249894249540       -2.6244757294130047E-002
   3.6260000000000003E-004  0.50524342058593952        3.7878529840488149       -1.1854306800457532       0.99998122433223791       -1.7836622395517927E-002
   3.6270000000000003E-004  0.50293903327767087        3.7904747968380867       -1.1862656227482988       0.99999001976666468       -9.4370745380242468E-003
   3.6279999999999998E-004  0.50064084515245688        3.7921942737589696       -1.1864195871998922       0.99999880660830220       -1.0589365346366719E-003
   3.6289999999999998E-004  0.49835170173686899        3.7930209039458020       -1.1858957969867991        1.0000075069423104        7.2851054389925880E-003
   3.6299999999999999E-004  0.49607444705873627        3.7929604803233268       -1.1846968325790144        1.0000160438853922        1.5582445027618297E-002
   3.6309999999999999E-004  0.49381194238082188        3.7920151764244601       -1.1828246568157199        1.0000243418623780        2.3820496893643624E-002
   3.6319999999999999E-004  0.49156708465789700        3.7901836256612746       -1.1802806499354770        1.0000323267996700        3.1986626918100683E-002
   3.6329999999999999E-004  0.48934282485856406        3.7874610122235879       -1.1770656566620745        1.0000399262011788        4.0068063975405112E-002
   3.6340000000000000E-004  0.48714218619420152        3.7838391876503046       -1.1731800490313500        1.0000470691107686        4.8051789365707524E-002
   3.6350000000000000E-004  0.48496828213906468        3.7793068313707039       -1.1686238094251082        1.0000536860152140        5.5924405481815785E-002
   3.6360000000000000E-004  0.48282433387936358        3.7738496769167220       -1.1633966386270682        1.0000597087951397        6.3671990495836953E-002
   3.6370000000000000E-004  0.48071368647531992        3.7674508275048737       -1.1574980932941283        1.0000650709730616        7.1279957267388921E-002
   3.6380000000000001E-004  0.47863982256898957        3.7600911821839880       -1.1509277554090169        1.0000697085608605        7.8732948792560487E-002
   3.6390000000000001E-004  0.47660637190376287        3.7517499879214355       -1.1436854333588735        1.0000735618901442        8.6014810127152411E-002
   3.6400000000000001E-004  0.47461711438368914        3.7424055159933189       -1.1357713896332646        1.0000765788045041        9.3108692245345182E-002
   3.6410000000000001E-004  0.47267597394214506        3.7320358349425895       -1.1271865844206819        1.0000787193538041        9.9997338802075883E-002
   3.6420000000000002E-004  0.47078700045026334        3.7206196177769826       -1.1179329183764459        1.0000799617713001       0.10666359531966410     
   3.6430000000000002E-004  0.46895433747438164        3.7081368806231900       -1.1080134535555817        1.0000803088238694       0.11309113755074625     
   3.6440000000000002E-004  0.46718217527262879        3.6945695128667460       -1.0974325915868099        1.0000797927739888       0.11926535083279727     
   3.6450000000000002E-004  0.46547469126512525        3.6799014395174900       -1.0861961956064103        1.0000784765935691       0.12517420662712023     
   3.6460000000000003E-004  0.46383598434603218        3.6641182737165998       -1.0743116591380084        1.0000764489635989       0.13080889865662387     
   3.6470000000000003E-004  0.46227001433800169        3.6472063882858663       -1.0617879502652972        1.0000738115834233       0.13616395692434230     
   3.6480000000000003E-004  0.46078056223406644        3.6291514685115978       -1.0486356878165701        1.0000706595871027       0.14123659636822183     
   3.6489999999999998E-004  0.45937122813426368        3.6099367950028878       -1.0348673276171980        1.0000670591282401       0.14602521096807403     
   3.6499999999999998E-004  0.45804547892220360        3.5895417135312115       -1.0204975374798892        1.0000630294300292       0.15052719286252614     
   3.6509999999999998E-004  0.45680674467286925        3.5679409222983018       -1.0055438071124108        1.0000585381503919       0.15473658166102969     
   3.6519999999999999E-004  0.45565854155343016        3.5451052722014360      -0.99002727023721548        1.0000535167869020       0.15864230387159864     
   3.6529999999999999E-004  0.45460457834811585        3.5210046652238525      -0.97397362553477262        1.0000478959482733       0.16222777304464914     
   3.6539999999999999E-004  0.45364879575962197        3.4956132799732949      -0.95741395848635302        1.0000416542554869       0.16547240934541746     
   3.6549999999999999E-004  0.45279528550290721        3.4689167833754730      -0.94038522394231561        1.0000348581002676       0.16835498136555674     
   3.6560000000000000E-004  0.45204806096831307        3.4409205661831024      -0.92293020824411731        1.0000276704299693       0.17085776117507182     
   3.6570000000000000E-004  0.45141071502832220        3.4116575662553288      -0.90509693942705960        1.0000203157755179       0.17296996124401634     
   3.6580000000000006E-004  0.45088606077423177        3.3811941783455985      -0.88693770205018940        1.0000130123770938       0.17468902799343519     
   3.6590000000000006E-004  0.45047588554994855        3.3496331681016347      -0.86850794124462105        1.0000059044250509       0.17601931117871461     
   3.6600000000000006E-004  0.45018092480147970        3.3171132804018981      -0.84986533054033320       0.99999902966987053       0.17696887412613369     
   3.6610000000000006E-004  0.45000107847973358        3.2838060479764550      -0.83106913559161921       0.99999233741711624       0.17754598915502237     
   3.6620000000000006E-004  0.44993578734044309        3.2499107710014545      -0.81217982155387303       0.99998574040938515       0.17775670492522838     
   3.6630000000000007E-004  0.44998441872461586        3.2156486070254982      -0.79325874286796727       0.99997916682729726       0.17760396053044311     
   3.6640000000000007E-004  0.45014652065417904        3.1812562712019918      -0.77436776858229128       0.99997258565933378       0.17708785273540908     
   3.6650000000000007E-004  0.45042187480167573        3.1469792819305802      -0.75556879328449489       0.99996600125030688       0.17620633817927170     
   3.6660000000000002E-004  0.45081036486895631        3.1130643262922675      -0.73692316683014736       0.99995943697531542       0.17495605557358979     
   3.6670000000000002E-004  0.45131172650738866        3.0797503959299792      -0.71849109177334769       0.99995291692103916       0.17333321928274517     
   3.6680000000000003E-004  0.45192525634104896        3.0472589864612978      -0.70033103404891661       0.99994645820854855       0.17133440170392664     
   3.6690000000000003E-004  0.45264955402470342        3.0157844882919473      -0.68249915598229716       0.99994008321952943       0.16895736365816133     
   3.6700000000000003E-004  0.45348236110851753        2.9854864009546347      -0.66504873460982916       0.99993384144318498       0.16620212544075352     
   3.6710000000000003E-004  0.45442054135745741        2.9564848683618550      -0.64802952849874595       0.99992782344147146       0.16307218977696766     
   3.6720000000000004E-004  0.45546021207863790        2.9288602986547421      -0.63148710881974213       0.99992215391288664       0.15957550956672886     
   3.6730000000000004E-004  0.45659698998530179        2.9026568823649317      -0.61546224479400946       0.99991696514747996       0.15572466240539318     
   3.6740000000000004E-004  0.45782627978641455        2.8778889906842338      -0.59999047732136634       0.99991236495497515       0.15153594183889821     
   3.6750000000000004E-004  0.45914352693938670        2.8545489766591867      -0.58510199503349991       0.99990841558367571       0.14702754146734870     
   3.6760000000000004E-004  0.46054437907895079        2.8326149077263238      -0.57082185282151265       0.99990513233394429       0.14221740877094702     
   3.6770000000000005E-004  0.46202474021973822        2.8120571305038986      -0.55717048005289416       0.99990249969861256       0.13712149184478106     
   3.6780000000000005E-004  0.46358073754479562        2.7928430860340683      -0.54416436335804441       0.99990049217200760       0.13175278294116338     
   3.6790000000000005E-004  0.46520864141505797        2.7749403169630735      -0.53181677747776790       0.99989909443766123       0.12612128056767130     
   3.6800000000000005E-004  0.46690477889111259        2.7583179569524905      -0.52013845182511864       0.99989831237278604       0.12023476862462852     
   3.6810000000000006E-004  0.46866546545611770        2.7429471464603132      -0.50913810789212310       0.99989817337203024       0.11410001161036751     
   3.6820000000000006E-004  0.47048696678363394        2.7288008353089559      -0.49882285283279554       0.99989871888196491       0.10772396776676008     
   3.6830000000000006E-004  0.47236549138409717        2.7158533528559179      -0.48919845060600220       0.99989999356251291       0.10111473375199061     
   3.6840000000000006E-004  0.47429720761043925        2.7040800066849204      -0.48026950930109019       0.99990203485137619        9.4282086477913987E-002
   3.6850000000000007E-004  0.47627827523087790        2.6934568513062267      -0.47203962463540461       0.99990486537479850        8.7237622031444598E-002
   3.6860000000000007E-004  0.47830488199106136        2.6839606723636731      -0.46451151082005798       0.99990848903632135        7.9994580708896659E-002
   3.6870000000000002E-004  0.48037327773516514        2.6755691678257083      -0.45768713733901567       0.99991289042871601        7.2567483508438488E-002
   3.6880000000000002E-004  0.48247980143800029        2.6682612743678131      -0.45156787843560203       0.99991803663248668        6.4971699517469991E-002
   3.6890000000000002E-004  0.48462089907962258        2.6620175776503778      -0.44615467354465810       0.99992388021873535        5.7223033464834934E-002
   3.6900000000000002E-004  0.48679313221864240        2.6568207503156742      -0.44144819227023885       0.99993036260695045        4.9337390955371208E-002
   3.6910000000000003E-004  0.48899317828002131        2.6526559763748239      -0.43744899610758653       0.99993741711764950        4.1330539849012887E-002
   3.6920000000000003E-004  0.49121782408634285        2.6495113370202787      -0.43415768978489855       0.99994497144359296        3.3217970694522772E-002
   3.6930000000000003E-004  0.49346395422032951        2.6473781460140202      -0.43157505693545328       0.99995294945684121        2.5014838872777830E-002
   3.6940000000000003E-004  0.49572853560895042        2.6462512320329274      -0.42970217692415436       0.99996127245356581        1.6735970141633118E-002
   3.6950000000000004E-004  0.49800859943211889        2.6461291713167618      -0.42854052130599968       0.99996985995716015        8.3959103012012110E-003
   3.6960000000000004E-004  0.50030122113359288        2.6470144766061239      -0.42809202961552617       0.99997863022771627        9.0026979888793660E-006
   3.6970000000000004E-004  0.50260349903935542        2.6489137485513492      -0.42835916475725894       0.99998750059754016       -8.4105177904357318E-003
   3.6980000000000004E-004  0.50491253188832796        2.6518377942452709      -0.42934494829375858       0.99999638772184118       -1.6848421652111659E-002
   3.6990000000000005E-004  0.50722539546513867        2.6558017149322275      -0.43105297556882649        1.0000052078110144       -2.5290377125011740E-002
   3.7000000000000005E-004  0.50953911851124956        2.6608249620106790      -0.43348741002314561        1.0000138769008982       -3.3721841523667181E-002
   3.7010000000000005E-004  0.51185065819501507        2.6669313579066003      -0.43665295544009913        1.0000223112233457       -4.2127955686738612E-002
   3.7020000000000005E-004  0.51415687565613277        2.6741490777527179      -0.44055480439203515        1.0000304277567207       -5.0493448513674162E-002
   3.7030000000000006E-004  0.51645451251118302        2.6825105896501071      -0.44519856107213535        1.0000381450819067       -5.8802563419147760E-002
   3.7040000000000006E-004  0.51874016971769155        2.6920525518018952      -0.45059013721778901        1.0000453847093052       -6.7039023298083936E-002
   3.7050000000000006E-004  0.52101029076043681        2.7028156720103471      -0.45673562090014758        1.0000520730530249       -7.5186055295388007E-002
   3.7060000000000006E-004  0.52326115166704978        2.7148445478753338      -0.46364111992599799        1.0000581441686753       -8.3226502269182517E-002
   3.7070000000000007E-004  0.52548886060653510        2.7281875218256157      -0.47131258375689372        1.0000635432700704       -9.1143040584349008E-002
   3.7080000000000001E-004  0.52768936949617262        2.7428966030274200      -0.47975561024821911        1.0000682307543580       -9.8918518271435774E-002
   3.7090000000000002E-004  0.52985849877889191        2.7590275228661731      -0.48897524459673480        1.0000721861925834      -0.10653640063914789     
   3.7100000000000002E-004  0.53199197410105692        2.7766399939564685      -0.49897577683319294        1.0000754112111772      -0.11398127729097343     
   3.7110000000000002E-004  0.53408546999325401        2.7957982219276811      -0.50976053931274334        1.0000779299725038      -0.12123934190119248     
   3.7120000000000002E-004  0.53613465131544424        2.8165716596383188      -0.52133169621403375        1.0000797859635200      -0.12829871505634383     
   3.7130000000000003E-004  0.53813519913169239        2.8390358809124443      -0.53369000366064712        1.0000810344358504      -0.13514946203931041     
   3.7140000000000003E-004  0.54008280525779662        2.8632732777604559      -0.54683450479391826        1.0000817312680244      -0.14178318239765630     
   3.7150000000000003E-004  0.54197312187357571        2.8893730582083492      -0.56076211463927605        1.0000819208175986      -0.14819212996433756     
   3.7160000000000003E-004  0.54380166370824579        2.9174297716475781      -0.57546705128016606        1.0000816268252597      -0.15436794902484885     
   3.7170000000000004E-004  0.54556367925627869        2.9475393841904758      -0.59094008942841003        1.0000808508979051      -0.16030026833234853     
   3.7180000000000004E-004  0.54725403016965979        2.9797918708138127      -0.60716765233320369        1.0000795809774174      -0.16597552455113762     
   3.7190000000000004E-004  0.54886713328031034        3.0142595205026907      -0.62413080787058905        1.0000778050279802      -0.17137635187682693     
   3.7200000000000004E-004  0.55039699876757808        3.0509807884343036      -0.64180427785398175        1.0000755261781964      -0.17648179134406769     
   3.7210000000000005E-004  0.55183737281154432        3.0899406628088055      -0.66015560775308380        1.0000727734739336      -0.18126856039966074     
   3.7220000000000005E-004  0.55318197346258635        3.1310501171853602      -0.67914465422229697        1.0000696031047700      -0.18571336603593860     
   3.7230000000000005E-004  0.55442477870988816        3.1741289245808915      -0.69872350931005622        1.0000660891091748      -0.18979578476409267     
   3.7240000000000005E-004  0.55556033989443099        3.2188970297850297      -0.71883689234279602        1.0000623109578821      -0.19350082926687553     
   3.7250000000000006E-004  0.55658410971599048        3.2649790678166379      -0.73942293647308743        1.0000583477673191      -0.19682023377448421     
   3.7260000000000006E-004  0.55749271606749173        3.3119240938606342      -0.76041423424228738        1.0000542865088138      -0.19975206637162737     
   3.7270000000000006E-004  0.55828401149035611        3.3592385284795814      -0.78173902346515778        1.0000502347916345      -0.20229921894211908     
   3.7280000000000006E-004  0.55895673331585605        3.4064260299006133      -0.80332243397983683        1.0000463019692016      -0.20446745720600010     
   3.7290000000000001E-004  0.55950982522156867        3.4530259102118706      -0.82508768067882932        1.0000425335083143      -0.20626301153642490     
   3.7300000000000001E-004  0.55994175080307940        3.4986431615199756      -0.84695699575894678        1.0000387996288496      -0.20768877920934550     
   3.7310000000000002E-004  0.56025017586276726        3.5429667593274523      -0.86885203391335752        1.0000347518534063      -0.20873898159687043     
   3.7320000000000002E-004  0.56043218443070142        3.5857768404148160      -0.89069382428148813        1.0000299578466449      -0.20939627041593825     
   3.7330000000000002E-004  0.56048492636230673        3.6269434149376814      -0.91240286076488308        1.0000241444128442      -0.20963524172050937     
   3.7340000000000002E-004  0.56040642827296006        3.6664186753156045      -0.93390006048666907        1.0000173751738983      -0.20943207823198429     
   3.7350000000000003E-004  0.56019623928950701        3.7042234190193888      -0.95510886453553412        1.0000100281927726      -0.20877530218262957     
   3.7360000000000003E-004  0.55985565910898305        3.7404279014820361      -0.97595800899895013        1.0000025864361035      -0.20767133606839988     
   3.7370000000000003E-004  0.55938747851672910        3.7751289369330507      -0.99638400884248945       0.99999538779715147      -0.20614176154678035     
   3.7380000000000003E-004  0.55879536987360812        3.8084269008701490       -1.0163325052776488       0.99998848878565783      -0.20421420962127357     
   3.7390000000000004E-004  0.55808319540750506        3.8404068852075106       -1.0357581944414125       0.99998170170517975      -0.20191205093552339     
   3.7400000000000004E-004  0.55725448587176629        3.8711272157383085       -1.0546236906540363       0.99997475112623846      -0.19924803139067937     
   3.7410000000000004E-004  0.55631226706275116        3.9006163936412648       -1.0728980075175676       0.99996743367948382      -0.19622376845273126     
   3.7420000000000004E-004  0.55525924375527946        3.9288772767143634       -1.0905552589910641       0.99995971217014790      -0.19283387249615647     
   3.7430000000000005E-004  0.55409819279772277        3.9558958778820035       -1.1075738853192678       0.99995172629685558      -0.18907205323738988     
   3.7440000000000005E-004  0.55283237286692610        3.9816517345037745       -1.1239363929124788       0.99994373715336415      -0.18493651292148552     
   3.7450000000000005E-004  0.55146581137982142        4.0061272364932776       -1.1396293890649318       0.99993604512553946      -0.18043290622802710     
   3.7460000000000005E-004  0.55000340403082704        4.0293142679812952       -1.1546436416627157       0.99992891922815696      -0.17557454882717441     
   3.7470000000000005E-004  0.54845081993869316        4.0512176136984586       -1.1689739688578682       0.99992255916135575      -0.17038065865731114     
   3.7480000000000006E-004  0.54681425304292219        4.0718554626539962       -1.1826188897065921       0.99991708916237598      -0.16487380384071421     
   3.7490000000000006E-004  0.54510010298697442        4.0912578268345676       -1.1955800705900876       0.99991257080887497      -0.15907747443984996     
   3.7500000000000001E-004  0.54331467660065780        4.1094637967994494       -1.2078616534839155       0.99990902263998305      -0.15301426283586683     
   3.7510000000000001E-004  0.54146397192599738        4.1265184145877569       -1.2194695588058555       0.99990643879622831      -0.14670478915553575     
   3.7520000000000001E-004  0.53955356496274454        4.1424697050456913       -1.2304108373420832       0.99990480305408658      -0.14016730641163996     
   3.7530000000000002E-004  0.53758858662508480        4.1573661715865811       -1.2406931190413237       0.99990409721640805      -0.13341782214137390     
   3.7540000000000002E-004  0.53557376172955162        4.1712548781832730       -1.2503241805198928       0.99990430437616029      -0.12647054005041677     
   3.7550000000000002E-004  0.53351348005180532        4.1841801172786113       -1.2593116325019851       0.99990540847648790      -0.11933843846902800     
   3.7560000000000002E-004  0.53141187531168887        4.1961825958384154       -1.2676627147344222       0.99990739184823174      -0.11203384435069695     
   3.7570000000000002E-004  0.52927289624910323        4.2072990426507637       -1.2753841788848539       0.99991023219139075      -0.10456891396992002     
   3.7580000000000003E-004  0.52710036179465358        4.2175621343729155       -1.2824822381193242       0.99991389999126146       -9.6955979515746665E-002
   3.7590000000000003E-004  0.52489799828365258        4.2270006454982259       -1.2889625636059430       0.99991835687385233       -8.9207758014809652E-002
   3.7600000000000003E-004  0.52266946032691874        4.2356397414143174       -1.2948303114847404       0.99992355505668873       -8.1337442823665507E-002
   3.7610000000000003E-004  0.52041833911498303        4.2435013498584695       -1.3000901676641241       0.99992943771120568       -7.3358706111768618E-002
   3.7620000000000004E-004  0.51814816271035058        4.2506045618967221       -1.3047464013909067       0.99993593997941310       -6.5285645269221579E-002
   3.7630000000000004E-004  0.51586239264747835        4.2569660276229762       -1.3088029213832997       0.99994299037889289       -5.7132697673727632E-002
   3.7640000000000004E-004  0.51356442023798710        4.2626003237199477       -1.3122633306570615       0.99995051232573373       -4.8914547730662908E-002
   3.7650000000000004E-004  0.51125756490147900        4.2675202793766900       -1.3151309776214930       0.99995842560069792       -4.0646036292084749E-002
   3.7660000000000005E-004  0.50894507575133507        4.2717372540916365       -1.3174090021410401       0.99996664766049226       -3.2342084446173480E-002
   3.7670000000000005E-004  0.50663013684028979        4.2752613656353589       -1.3191003759907152       0.99997509469457868       -2.4017633139604293E-002
   3.7680000000000005E-004  0.50431587583535675        4.2781016684446413       -1.3202079374011002       0.99998368245110503       -1.5687598004080275E-002
   3.7690000000000005E-004  0.50200537550147117        4.2802662856200975       -1.3207344196560944       0.99999232685548878       -7.3668383959120858E-003
   3.7700000000000006E-004  0.49970168713458823        4.2817624991041114       -1.3206824737807479        1.0000009444681768        9.2986378716261532E-004
   3.7710000000000000E-004  0.49740784497387602        4.2825968015755613       -1.3200546853534425        1.0000094528453738        9.1878204375211402E-003
   3.7720000000000001E-004  0.49512688060378857        4.2827749126045589       -1.3188535854559089        1.0000177708698241        1.7392453605836782E-002
   3.7730000000000001E-004  0.49286183639325593        4.2823017605869644       -1.3170816557413656        1.0000258191174984        2.5529316678826467E-002
   3.7740000000000001E-004  0.49061577709586129        4.2811814310490277       -1.3147413275703790        1.0000335203193464        3.3584124695552386E-002
   3.7750000000000001E-004  0.48839179885314971        4.2794170812407586       -1.3118349751588056        1.0000407999646383        4.1542797330073579E-002
   3.7760000000000002E-004  0.48619303501854066        4.2770108206538282       -1.3083649027196449        1.0000475870753631        4.9391517061704839E-002
   3.7770000000000002E-004  0.48402265847657389        4.2739635573312924       -1.3043333256978376        1.0000538151456095        5.7116803019432658E-002
   3.7780000000000002E-004  0.48188388048688285        4.2702748107556978       -1.2997423465547362        1.0000594231935820        6.4705596561928577E-002
   3.7790000000000002E-004  0.47977994656489587        4.2659424937561674       -1.2945939260962589        1.0000643568679426        7.2145353482031174E-002
   3.7800000000000003E-004  0.47771413055177370        4.2609626681268722       -1.2888898520458743        1.0000685694450320        7.9424133068691893E-002
   3.7810000000000003E-004  0.47568972869569859        4.2553292820794582       -1.2826317079170904        1.0000720225386761        8.6530665666418330E-002
   3.7820000000000003E-004  0.47371005635645486        4.2490339033096696       -1.2758208467719629        1.0000746863545706        9.3454381401231634E-002
   3.7830000000000003E-004  0.47177845051135525        4.2420654689056043       -1.2684583764492443        1.0000765392384554       0.10018537387055694     
   3.7840000000000004E-004  0.46989828149105617        4.2344100828605740       -1.2605451651754385        1.0000775664580592       0.10671427636849923     
   3.7850000000000004E-004  0.46807297682349075        4.2260509037404006       -1.2520818787055590        1.0000777581560905       0.11303202930944346     
   3.7860000000000004E-004  0.46630605853657048        4.2169681788274112       -1.2430690619339386        1.0000771067354428       0.11912953271467489     
   3.7870000000000004E-004  0.46460119233755648        4.2071394955062935       -1.2335072785196175        1.0000756041914363       0.12499719515777964     
   3.7880000000000005E-004  0.46296224282555937        4.1965403327631172       -1.2233973205397619        1.0000732401750676       0.13062442139132666     
   3.7890000000000005E-004  0.46139332370102243        4.1851450004304667       -1.2127404956635313        1.0000700018601996       0.13599911669439885     
   3.7900000000000005E-004  0.45989882691218881        4.1729280435043954       -1.2015389910815761        1.0000658767341795       0.14110732120923219     
   3.7910000000000005E-004  0.45848341163036110        4.1598661536880215       -1.1897963013539290        1.0000608590917590       0.14593311221241850     
   3.7920000000000000E-004  0.45715193515827085        4.1459405603085919       -1.1775176925979058        1.0000549602162445       0.15045891115804466     
   3.7930000000000000E-004  0.45590931535918627        4.1311397619855015       -1.1647106606464268        1.0000482209553758       0.15466629135340895     
   3.7940000000000001E-004  0.45476032854133225        4.1154623141182221       -1.1513853302688657        1.0000407238352869       0.15853729094644367     
   3.7950000000000001E-004  0.45370936675163476        4.0989192286726208       -1.1375547416346614        1.0000326006008469       0.16205610099555334     
   3.7960000000000001E-004  0.45276019974075177        4.0815354180261814       -1.1232349835866977        1.0000240307447761       0.16521084352012913     
   3.7970000000000001E-004  0.45191580148476918        4.0633495858103927       -1.1084451628767040        1.0000152278685153       0.16799502446320327     
   3.7980000000000002E-004  0.45117829963794487        4.0444120971218140       -1.0932072410335674        1.0000064134223214       0.17040819285635284     
   3.7990000000000002E-004  0.45054908167155650        4.0247806869589269       -1.0775458185885873       0.99999778028935538       0.17245537066818217     
   3.8000000000000002E-004  0.45002904732680205        4.0045143594368859       -1.0614879877344672       0.99998945413759377       0.17414501347969169     
   3.8010000000000002E-004  0.44961894509024869        3.9836663822075131       -1.0450633874204578       0.99998146450967240       0.17548566392139273     
   3.8020000000000003E-004  0.44931969004834316        3.9622777290372184       -1.0283045587395496       0.99997373967647618       0.17648199724219926     
   3.8030000000000003E-004  0.44913254931281937        3.9403724923398613       -1.0112476023982473       0.99996613515974853       0.17713146853339101     
   3.8040000000000003E-004  0.44905910791633469        3.9179565545341895      -0.99393300028631237       0.99995849509672474       0.17742295883003958     
   3.8050000000000003E-004  0.44910099330885639        3.8950201520890069      -0.97640632592308974       0.99995073099645493       0.17733846693314365     
   3.8060000000000004E-004  0.44925942728406476        3.8715440067738669      -0.95871850189144658       0.99994288795856834       0.17685792486303176     
   3.8070000000000004E-004  0.44953475735451209        3.8475076991435131      -0.94092532571822540       0.99993516521187298       0.17596589726750778     
   3.8080000000000004E-004  0.44992614542728709        3.8228983093856108      -0.92308619384121371       0.99992787016996942       0.17465777839661376     
   3.8090000000000004E-004  0.45043153651992834        3.7977174009166532      -0.90526224783061515       0.99992131539794371       0.17294281537611306     
   3.8100000000000005E-004  0.45104792065861871        3.7719852448829130      -0.88751441717637314       0.99991570202118052       0.17084232377690214     
   3.8110000000000005E-004  0.45177178405237223        3.7457424283887590      -0.86990189841771504       0.99991104510521533       0.16838350483032455     
   3.8120000000000005E-004  0.45259957736208778        3.7190500038932015      -0.85248143632287232       0.99990717832084519       0.16559130028413882     
   3.8130000000000000E-004  0.45352803965497912        3.6919895579222342      -0.83530743040319577       0.99990383504984448       0.16248167805397579     
   3.8140000000000000E-004  0.45455429321339663        3.6646639224316466      -0.81843254676767585       0.99990076416232110       0.15905902412999087     
   3.8150000000000000E-004  0.45567572386702626        3.6371981703053109      -0.80190834087004781       0.99989782602835608       0.15531835477568712     
   3.8160000000000001E-004  0.45688973653308168        3.6097396942906812      -0.78578546343746192       0.99989502937652808       0.15125090108835718     
   3.8170000000000001E-004  0.45819349952818927        3.5824560468674846      -0.77011327422570974       0.99989250306320565       0.14685037523079000     
   3.8180000000000001E-004  0.45958376756649943        3.5555298590904378      -0.75493898491981648       0.99989042576141862       0.14211731755773388     
   3.8190000000000001E-004  0.46105682064223913        3.5291511856710258      -0.74030664718428529       0.99988895785370535       0.13706031786493150     
   3.8200000000000002E-004  0.46260851015123683        3.5035084810557464      -0.72625630214635617       0.99988820083916463       0.13169460265341421     
   3.8210000000000002E-004  0.46423437861507116        3.4787797876440827      -0.71282349007128765       0.99988819002886264       0.12603920111844080     
   3.8220000000000002E-004  0.46592980887659619        3.4551255267265297      -0.70003916259152532       0.99988891196440177       0.12011407322375245     
   3.8230000000000002E-004  0.46769016541991953        3.4326837185075636      -0.68792991646092272       0.99989032999464167       0.11393809840066740     
   3.8240000000000003E-004  0.46951090474924884        3.4115678213671696      -0.67651841681579916       0.99989240529148871       0.10752817341562923     
   3.8250000000000003E-004  0.47138764682826989        3.3918668828625798      -0.66582388797730740       0.99989510799498416       0.10089920847273399     
   3.8260000000000003E-004  0.47331621043857042        3.3736474201229338      -0.65586259071454589       0.99989841920756717        9.4064626094593415E-002
   3.8270000000000003E-004  0.47529262092372498        3.3569563791174772      -0.64664824871289805       0.99990232745819341        8.7037000665949785E-002
   3.8280000000000003E-004  0.47731310007809635        3.3418245961277027      -0.63819241806642624       0.99990682330960901        7.9828609225973610E-002
   3.8290000000000004E-004  0.47937404653886162        3.3282703242637393      -0.63050480896866656       0.99991189453922735        7.2451799395925692E-002
   3.8300000000000004E-004  0.48147201262111700        3.3163025405949380      -0.62359357220884748       0.99991752293224234        6.4919174906698393E-002
   3.8310000000000004E-004  0.48360368121352693        3.3059238825194797      -0.61746556020054788       0.99992368273446586        5.7243644974534984E-002
   3.8320000000000004E-004  0.48576584454910537        3.2971331587452610      -0.61212656751474015       0.99993034035519857        4.9438394714102517E-002
   3.8330000000000005E-004  0.48795538543585615        3.2899274416165643      -0.60758155184716645       0.99993745481655938        4.1516823385436129E-002
   3.8340000000000000E-004  0.49016926081605861        3.2843037819116567      -0.60383483382490788       0.99994497853404973        3.3492481310577242E-002
   3.8350000000000000E-004  0.49240448720007501        3.2802605960257907      -0.60089027316288501       0.99995285821088375        2.5379019970993250E-002
   3.8360000000000000E-004  0.49465812741183807        3.2777987722189632      -0.59875141879114435       0.99996103575384543        1.7190158727793902E-002
   3.8370000000000000E-004  0.49692727813079052        3.2769225341019794      -0.59742163119236369       0.99996944920226449        8.9396650538256500E-003
   3.8380000000000000E-004  0.49920905785316722        3.2776400893968134      -0.59690417582407207       0.99997803369266647        6.4134326703443325E-004
   3.8390000000000001E-004  0.50150059505349120        3.2799640809044082      -0.59720228696322319       0.99998672248129150       -7.6909728545664748E-003
   3.8400000000000001E-004  0.50379901647998504        3.2839118448089408      -0.59831920149236051       0.99999544803247509       -1.6043426532623514E-002
   3.8410000000000001E-004  0.50610143561937226        3.2895054684180121      -0.60025816205381288        1.0000041431630200       -2.4402144549894190E-002
   3.8420000000000001E-004  0.50840494138082759        3.2967716247323136      -0.60302238870452118        1.0000127422179543       -3.2753243371576160E-002
   3.8430000000000002E-004  0.51070658694496796        3.3057411447793523      -0.60661501781466842        1.0000211822450220       -4.1082833502011987E-002
   3.8440000000000002E-004  0.51300337848178912        3.3164482711600130      -0.61103900661835786        1.0000294041357640       -4.9377021250593844E-002
   3.8450000000000002E-004  0.51529226308003162        3.3289295203954303      -0.61629700170801893        1.0000373537043927       -5.7621909060594459E-002
   3.8460000000000002E-004  0.51757011478246251        3.3432220658620153      -0.62239117003422617        1.0000449827214546       -6.5803598184152184E-002
   3.8470000000000003E-004  0.51983371718232885        3.3593615396754046      -0.62932299175198136        1.0000522499170890       -7.3908199431133678E-002
   3.8480000000000003E-004  0.52207974081187647        3.3773791530071016      -0.63709301518077410        1.0000591219016792       -8.1921855811464481E-002
   3.8490000000000003E-004  0.52430471374400534        3.3972980535660788      -0.64570057479711218        1.0000655738045128       -8.9830771912525600E-002
   3.8500000000000003E-004  0.52650498477342467        3.4191288876716239      -0.65514347252967564        1.0000715891955412       -9.7621225544607490E-002
   3.8510000000000004E-004  0.52867668018673297        3.4428646247286032      -0.66541761977396374        1.0000771585794430      -0.10527951025785851     
   3.8520000000000004E-004  0.53081565729302516        3.4684748438236817      -0.67651663206176837        1.0000822757170600      -0.11279173320685022     
   3.8530000000000004E-004  0.53291746012469121        3.4958998857729249      -0.68843136208510092        1.0000869316280676      -0.12014339834341191     
   3.8540000000000004E-004  0.53497728454416871        3.5250455290867286      -0.70114935486950702        1.0000911075560461      -0.12731876894104030     
   3.8549999999999999E-004  0.53698996160949586        3.5557790972226968      -0.71465421926671902        1.0000947703451490      -0.13430014337866700     
   3.8559999999999999E-004  0.53894997022340263        3.5879280591296450      -0.72892494032604471        1.0000978753393364      -0.14106736779460322     
   3.8570000000000000E-004  0.54085149518915532        3.6212821234641801      -0.74393520723954121        1.0001003807692546      -0.14759804075022437     
   3.8580000000000000E-004  0.54268855246781178        3.6555994350690568      -0.75965288538869702        1.0001022725399973      -0.15386878953792918     
   3.8590000000000000E-004  0.54445519757760708        3.6906167820220581      -0.77603978818689856        1.0001035902801159      -0.15985763754936563     
   3.8600000000000000E-004  0.54614580283558689        3.7260629388745024      -0.79305187156488188        1.0001044389713103      -0.16554689841121895     
   3.8610000000000001E-004  0.54775533178972224        3.7616735710953400      -0.81063986783474529        1.0001049732974245      -0.17092551915414123     
   3.8620000000000001E-004  0.54927948627262968        3.7972058356078087      -0.82875023029559125        1.0001053496808936      -0.17598971660920870     
   3.8630000000000001E-004  0.55071459017020352        3.8324510247004540      -0.84732611718635886        1.0001056564242641      -0.18074096331687042     
   3.8640000000000001E-004  0.55205716713642672        3.8672441785240501      -0.86630810166032179        1.0001058572375428      -0.18518160642471909     
   3.8650000000000002E-004  0.55330334421547755        3.9014702214858907      -0.88563441321268421        1.0001057730203400      -0.18930948206832640     
   3.8660000000000002E-004  0.55444835879811349        3.9350663138444375      -0.90524073783155101        1.0001051173022262      -0.19311348618789284     
   3.8670000000000002E-004  0.55548647080308655        3.9680199011311856      -0.92505985532092860        1.0001035803374909      -0.19657207186772288     
   3.8680000000000002E-004  0.55641143004419835        4.0003618250699589      -0.94502156120128500        1.0001009355215396      -0.19965587527779055     
   3.8690000000000003E-004  0.55721737176992714        4.0321542582570977      -0.96505330885700502        1.0000971269539805      -0.20233418151814747     
   3.8700000000000003E-004  0.55789977329103502        4.0634742849971843      -0.98508177403668473        1.0000922940802721      -0.20458312325110800     
   3.8710000000000003E-004  0.55845605338516047        4.0943953441095147       -1.0050351541334799        1.0000867137966534      -0.20639225488761101     
   3.8720000000000003E-004  0.55888555325294398        4.1249698125629131       -1.0248456550059453        1.0000806832150535      -0.20776649322099422     
   3.8730000000000004E-004  0.55918891202635601        4.1552161091938800       -1.0444514966430498        1.0000743981280056      -0.20872250957014515     
   3.8740000000000004E-004  0.55936713430461904        4.1851126622921129       -1.0637979516204235        1.0000678758658224      -0.20928108929595116     
   3.8750000000000004E-004  0.55942077660164935        4.2145993552812051       -1.0828372994194706        1.0000609523073636      -0.20945855982246878     
   3.8759999999999999E-004  0.55934956918874534        4.2435853907214565       -1.1015279593402909        1.0000533552899182      -0.20926066033322843     
   3.8769999999999999E-004  0.55915254964146566        4.2719614283906076       -1.1198332972728555        1.0000448233880646      -0.20868104490557077     
   3.8779999999999999E-004  0.55882857579211032        4.2996134337463729       -1.1377206101199406        1.0000352209494510      -0.20770459415973283     
   3.8790000000000000E-004  0.55837698751419662        4.3264357786184569       -1.1551606049068892        1.0000246029901179      -0.20631380902308133     
   3.8800000000000000E-004  0.55779819005714326        4.3523416256770879       -1.1721274176555316        1.0000132107932156      -0.20449565424473404     
   3.8810000000000000E-004  0.55709400047458724        4.3772693888826453       -1.1885989871830107        1.0000014076429486      -0.20224647656362071     
   3.8820000000000000E-004  0.55626768967028362        4.4011849410846331       -1.2045574916625654       0.99998958792033532      -0.19957372415542290     
   3.8830000000000001E-004  0.55532375209655549        4.4240800526415391       -1.2199895830938277       0.99997809411762428      -0.19649448785633911     
   3.8840000000000001E-004  0.55426750957998039        4.4459681044136872       -1.2348862681227184       0.99996716889636950      -0.19303190032524031     
   3.8850000000000001E-004  0.55310467794450724        4.4668783404028503       -1.2492424229788233       0.99995694854947426      -0.18921089054065532     
   3.8860000000000001E-004  0.55184100077889631        4.4868498229197193       -1.2630560391999797       0.99994748754837481      -0.18505459457686863     
   3.8870000000000002E-004  0.55048200512486545        4.5059259513450627       -1.2763273484171622       0.99993879661983087      -0.18058217907053470     
   3.8880000000000002E-004  0.54903288600505640        4.5241500425401888       -1.2890579709114527       0.99993087797236724      -0.17580821409100394     
   3.8890000000000002E-004  0.54749849618951940        4.5415621538311051       -1.3012501929810287       0.99992374825168662      -0.17074328058453578     
   3.8900000000000002E-004  0.54588340603817309        4.5581971060796107       -1.3129064260981593       0.99991744676977246      -0.16539528860839989     
   3.8910000000000003E-004  0.54419199990025946        4.5740835347310700       -1.3240288541781291       0.99991203192946909      -0.15977098845830115     
   3.8920000000000003E-004  0.54242857961830615        4.5892437406420008       -1.3346192435974926       0.99990757106354589      -0.15387729911917306     
   3.8930000000000003E-004  0.54059745209103871        4.6036941073903215       -1.3446788758897839       0.99990412856848931      -0.14772225864283506     
   3.8940000000000003E-004  0.53870298735515632        4.6174458756385093       -1.3542085616092936       0.99990175567065120      -0.14131555089030115     
   3.8950000000000003E-004  0.53674964323670149        4.6305061018504468       -1.3632087000897002       0.99990048350759730      -0.13466865999760996     
   3.8960000000000004E-004  0.53474195991385254        4.6428786693629363       -1.3716793590831371       0.99990031990035289      -0.12779475114528635     
   3.8969999999999999E-004  0.53268453193577570        4.6545652568897431       -1.3796203576003465       0.99990124931717284      -0.12070838569854782     
   3.8979999999999999E-004  0.53058196667144142        4.6655662012126626       -1.3870313429916636       0.99990323512870283      -0.11342516507301742     
   3.8989999999999999E-004  0.52843883762144017        4.6758812180457525       -1.3939118587450077       0.99990622321273315      -0.10596137288566075     
   3.8999999999999999E-004  0.52625963939731379        4.6855099667936635       -1.4002614028112732       0.99991014603406647       -9.8333657980670425E-002
   3.9010000000000000E-004  0.52404874912860244        4.6944524614554979       -1.4060794779121475       0.99991492659245385       -9.0558780183970747E-002
   3.9020000000000000E-004  0.52181039707524579        4.7027093414784567       -1.4113656357012072       0.99992048195744010       -8.2653423565311468E-002
   3.9030000000000000E-004  0.51954864754116803        4.7102820234301710       -1.4161195165345524       0.99992672610057864       -7.4634070112682915E-002
   3.9040000000000000E-004  0.51726738991050114        4.7171727577158755       -1.4203408860723050       0.99993357209230893       -6.6516926530595349E-002
   3.9050000000000001E-004  0.51497033880093535        4.7233846148248979       -1.4240296694204742       0.99994093364874947       -5.8317888845774483E-002
   3.9060000000000001E-004  0.51266104182246575        4.7289214237688917       -1.4271859830449021       0.99994872616597874       -5.0052537074252175E-002
   3.9070000000000001E-004  0.51034289327117477        4.7337876822283711       -1.4298101644327705       0.99995686729943911       -4.1736148662059727E-002
   3.9080000000000001E-004  0.50801915217537152        4.7379884541279118       -1.4319027992054025       0.99996527722040163       -3.3383724489640623E-002
   3.9090000000000001E-004  0.50569296328092994        4.7415292659410113       -1.4334647454225724       0.99997387860413078       -2.5010022789646078E-002
   3.9100000000000002E-004  0.50336737985084201        4.7444160094772130       -1.4344971547938257       0.99998259643129095       -1.6629596849071056E-002
   3.9110000000000002E-004  0.50104538742867677        4.7466548579927377       -1.4350014904884680       0.99999135767224545       -8.2568342339448455E-003
   3.9120000000000002E-004  0.49872992796143240        4.7482521993334679       -1.4349795413652660        1.0000000908921636        9.4003807488102589E-005
   3.9130000000000002E-004  0.49642392385472844        4.7492145874735385       -1.4344334325548151        1.0000087258172017        8.4087437487449512E-003
   3.9140000000000003E-004  0.49413030162805816        4.7495487125984148       -1.4333656324096011        1.0000171928999164        1.6673262784974267E-002
   3.9150000000000003E-004  0.49185201485601687        4.7492613890144391       -1.4317789559053948        1.0000254229207615        2.4873454258757081E-002
   3.9160000000000003E-004  0.48959206603189026        4.7483595594499839       -1.4296765646273049        1.0000333466632827        3.2995196582436978E-002
   3.9170000000000003E-004  0.48735352688256384        4.7468503136017119       -1.4270619635001647        1.0000408947029624        4.1024327120944837E-002
   3.9179999999999998E-004  0.48513955651003421        4.7447409179692421       -1.4239389944220846        1.0000479973526053        4.8946623002177239E-002
   3.9189999999999998E-004  0.48295341655296836        4.7420388530768456       -1.4203118269402009        1.0000545848065192        5.6747791137670922E-002
   3.9199999999999999E-004  0.48079848239279394        4.7387518531172290       -1.4161849460855886        1.0000605875275499        6.4413470009738960E-002
   3.9209999999999999E-004  0.47867824929552771        4.7348879419856651       -1.4115631373998001        1.0000659369290890        7.1929247050904782E-002
   3.9219999999999999E-004  0.47659633230319626        4.7304554589392644       -1.4064514690619561        1.0000705663697380        7.9280694984061498E-002
   3.9229999999999999E-004  0.47455645880042313        4.7254630652014598       -1.4008552710972870        1.0000744124783008        8.6453429028847700E-002
   3.9240000000000000E-004  0.47256245295141669        4.7199197203515872       -1.3947801115040752        1.0000774168257107        9.3433191397498672E-002
   3.9250000000000000E-004  0.47061821170284351        4.7138346172525694       -1.3882317691864123        1.0000795278542212       0.10020596194741606     
   3.9260000000000000E-004  0.46872767290264006        4.7072170640210480       -1.3812162035545321        1.0000807030726884       0.10675810029135875     
   3.9270000000000000E-004  0.46689477712359767        4.7000763022540504       -1.3737395208306336        1.0000809113100668       0.11307651427606386     
   3.9280000000000001E-004  0.46512342608066870        4.6924212523021041       -1.3658079373523995        1.0000801348643729       0.11914885320526550     
   3.9290000000000001E-004  0.46341744179805300        4.6842601798288115       -1.3574277408444098        1.0000783713193817       0.12496371213403253     
   3.9300000000000001E-004  0.46178053177123979        4.6756002830267214       -1.3486052515795950        1.0000756346103818       0.13051082846146261     
   3.9310000000000001E-004  0.46021626592246545        4.6664472074759686       -1.3393467870100777        1.0000719550264967       0.13578124174042913     
   3.9320000000000002E-004  0.45872807085219114        4.6568045061086210       -1.3296586357505809        1.0000673777915312       0.14076737646671864     
   3.9330000000000002E-004  0.45731924546332692        4.6466730756289074       -1.3195470497669857        1.0000619599716349       0.14546300105750509     
   3.9340000000000002E-004  0.45599299928863385        4.6360506184245587       -1.3090182670154271        1.0000557657481857       0.14986301602199531     
   3.9350000000000002E-004  0.45475251069033934        4.6249312002813490       -1.2980785799923209        1.0000488605185076       0.15396303678063630     
   3.9360000000000003E-004  0.45360099681659138        4.6133049977013343       -1.2867344675264041        1.0000413048282479       0.15775876727985180     
   3.9370000000000003E-004  0.45254178147636104        4.6011583517994055       -1.2749928062340765        1.0000331496908683       0.16124521110791287     
   3.9380000000000003E-004  0.45157834204078495        4.5884742634155664       -1.2628611726170249        1.0000244352273184       0.16441583352443567     
   3.9390000000000003E-004  0.45071431375113702        4.5752334680465268       -1.2503482355242030        1.0000151944343474       0.16726185723212583     
   3.9399999999999998E-004  0.44995343141287586        4.5614162084219920       -1.2374642214424620        1.0000054630738033       0.16977192473958394     
   3.9409999999999998E-004  0.44929939630037280        4.5470047637286619       -1.2242214136541836       0.99999529500043205       0.17193236228850212     
   3.9419999999999999E-004  0.44875567103142633        4.5319866880392894       -1.2106346251365081       0.99998477985059608       0.17372820609986450     
   3.9429999999999999E-004  0.44832522541362130        4.5163585562014390       -1.1967215713572659       0.99997405755149094       0.17514498519259433     
   3.9439999999999999E-004  0.44801027699721990        4.5001298306896551       -1.1825030711681870       0.99996332279434352       0.17617101757281303     
   3.9449999999999999E-004  0.44781208378252790        4.4833262899382049       -1.1680030282872220       0.99995281357665977       0.17679972307558448     
   3.9460000000000000E-004  0.44773084568660865        4.4659923586337200       -1.1532481933251135       0.99994278192501818       0.17703128146854091     
   3.9470000000000000E-004  0.44776575262052098        4.4481917157568951       -1.1382677682795070       0.99993345152063740       0.17687297689195552     
   3.9480000000000000E-004  0.44791518371510197        4.4300057557681143       -1.1230929727258567       0.99992497388106971       0.17633783845304463     
   3.9490000000000000E-004  0.44817702347608168        4.4115298225630752       -1.1077567196318194       0.99991739786183531       0.17544166954345794     
   3.9500000000000006E-004  0.44854902835367072        4.3928675441951590       -1.0922935298441097       0.99991066509452009       0.17419911893461670     
   3.9510000000000006E-004  0.44902916016158423        4.3741239682064652       -1.0767397434432546       0.99990463584682354       0.17261987386543082     
   3.9520000000000007E-004  0.44961580334819362        4.3553984457947301       -1.0611339812646361       0.99989913878236680       0.17070614331821055     
   3.9530000000000007E-004  0.45030780457862135        4.3367782954076546       -1.0455177048628237       0.99989403001128185       0.16845230376499026     
   3.9540000000000007E-004  0.45110431481978369        4.3183341836913982       -1.0299356556549679       0.99988924267058743       0.16584696620235337     
   3.9550000000000007E-004  0.45200446802559358        4.3001179070942825       -1.0144359533137057       0.99988481105700466       0.16287697628775960     
   3.9560000000000007E-004  0.45300698193861672        4.2821628608997848      -0.99906970628393643       0.99988086191487946       0.15953224641610908     
   3.9570000000000002E-004  0.45410979605916774        4.2644870043664618      -0.98389011489997968       0.99987757593236970       0.15581002861902876     
   3.9580000000000003E-004  0.45530985409598368        4.2470976729128296      -0.96895119088044634       0.99987513287869323       0.15171738788399131     
   3.9590000000000003E-004  0.45660309259709964        4.2299972894570104      -0.95430632751127109       0.99987365909138837       0.14727119733118713     
   3.9600000000000003E-004  0.45798463135535628        4.2131889839021106      -0.94000699335183291       0.99987319451023315       0.14249576347516180     
   3.9610000000000003E-004  0.45944910151631790        4.1966813407646590      -0.92610177612122579       0.99987368827658274       0.13741891012946181     
   3.9620000000000004E-004  0.46099101597511621        4.1804918535502971      -0.91263589265136191       0.99987502071818757       0.13206773835761462     
   3.9630000000000004E-004  0.46260509064442940        4.1646490189860899      -0.89965114883701403       0.99987704074176420       0.12646522413761735     
   3.9640000000000004E-004  0.46428645597209089        4.1491932379931278      -0.88718622737951780       0.99987960444190782       0.12062838694303238     
   3.9650000000000004E-004  0.46603073928526501        4.1341767724836096      -0.87527713063101875       0.99988260350380420       0.11456818478130913     
   3.9660000000000004E-004  0.46783403484493868        4.1196629795703288      -0.86395761455170272       0.99988597790965339       0.10829079318115500     
   3.9670000000000005E-004  0.46969280047759759        4.1057249786386834      -0.85325950104558157       0.99988971359227130       0.10179964381787628     
   3.9680000000000005E-004  0.47160372553718338        4.0924438591825947      -0.84321282317976165       0.99989382985145059        9.5097569890976522E-002
   3.9690000000000005E-004  0.47356360775545603        4.0799065293233419      -0.83384581694084481       0.99989836264217669        8.8188562396819201E-002
   3.9700000000000005E-004  0.47556926209216777        4.0682033271470139      -0.82518481053670978       0.99990334895108879        8.1078877599937510E-002
   3.9710000000000006E-004  0.47761746940607264        4.0574255452169332      -0.81725407478842260       0.99990881549843014        7.3777463272534954E-002
   3.9720000000000006E-004  0.47970496106391819        4.0476630307793009      -0.81007569065390650       0.99991477280305230        6.6295831503940028E-002
   3.9730000000000006E-004  0.48182842914937357        4.0390020088144496      -0.80366947080139406       0.99992121388246213        5.8647581328588314E-002
   3.9740000000000006E-004  0.48398455028534981        4.0315232346955270      -0.79805295035499779       0.99992811615626465        5.0847779059519753E-002
   3.9750000000000007E-004  0.48617001263459209        4.0253005296299591      -0.79324144376057371       0.99993544486589625        4.2912348126216013E-002
   3.9760000000000007E-004  0.48838153881595808        4.0203996975313920      -0.78924815230863432       0.99994315671332634        3.4857572836072832E-002
   3.9770000000000007E-004  0.49061590075695183        4.0168777779837690      -0.78608430173627630       0.99995120300802820        2.6699747833699980E-002
   3.9780000000000002E-004  0.49286992523967477        4.0147825598945488      -0.78375928833181419       0.99995953199363252        1.8454981621442813E-002
   3.9790000000000002E-004  0.49514049064306870        4.0141522691841516      -0.78228081453528353       0.99996809034497802        1.0139125762622462E-002
   3.9800000000000002E-004  0.49742451632327522        4.0150153473195616      -0.78165499907006919       0.99997682402939181        1.7678001545560270E-003
   3.9810000000000003E-004  0.49971894646544623        4.0173902510609274      -0.78188645043992622       0.99998567870910515       -6.6435143703522832E-003
   3.9820000000000003E-004  0.50202073030126337        4.0212852243342425      -0.78297829619196480       0.99999459986150441       -1.5079341285208506E-002
   3.9830000000000003E-004  0.50432680054171919        4.0266980176619427      -0.78493216334628024        1.0000035327559911       -2.3524051373284061E-002
   3.9840000000000003E-004  0.50663405185142729        4.0336155572047154      -0.78774810806895057        1.0000124224116100       -3.1961701527143470E-002
   3.9850000000000004E-004  0.50893932123971686        4.0420135931785239      -0.79142449550807725        1.0000212136882993       -4.0375890114459752E-002
   3.9860000000000004E-004  0.51123937234802619        4.0518563853632088      -0.79595783425364619        1.0000298517224360       -4.8749656412788993E-002
   3.9870000000000004E-004  0.51353088566029026        4.0630965104493058      -0.80134257435463707        1.0000382829962218       -5.7065459516699633E-002
   3.9880000000000004E-004  0.51581045649415558        4.0756749017967486      -0.80757088385273734        1.0000464574660515       -6.5305289204100406E-002
   3.9890000000000005E-004  0.51807460205660605        4.0895212530569189      -0.81463242577218853        1.0000543319544355       -7.3450958052569876E-002
   3.9900000000000005E-004  0.52031977740388957        4.1045549257066760      -0.82251416346944994        1.0000618750907775       -8.1484619442090511E-002
   3.9910000000000005E-004  0.52254239783641365        4.1206864934063425      -0.83120022641411095        1.0000690731540389       -8.9389517675043578E-002
   3.9920000000000005E-004  0.52473886200185527        4.1378200239323597      -0.84067186536678140        1.0000759356846338       -9.7150910738762017E-002
   3.9930000000000006E-004  0.52690556638880859        4.1558561376813721      -0.85090751314569080        1.0000824984188446      -0.10475699571373995     
   3.9940000000000006E-004  0.52903889874260435        4.1746957879165372      -0.86188294190300130        1.0000888204324059      -0.11219955808788722     
   3.9950000000000006E-004  0.53113519677872167        4.1942445882705606      -0.87357147207951469        1.0000949725624955      -0.11947397917546058     
   3.9960000000000006E-004  0.53319066127315118        4.2144173817619865      -0.88594415059481091        1.0001010159777433      -0.12657825221351784     
   3.9970000000000007E-004  0.53520122099877065        4.2351426224467410      -0.89896979171473668        1.0001069732147760      -0.13351083041632239     
   3.9980000000000007E-004  0.53716236248680971        4.2563660441972395      -0.91261478148610764        1.0001127986487361      -0.14026747382256419     
   3.9990000000000002E-004  0.53906895913603603        4.2780530361484317      -0.92684260014358577        1.0001183594796521      -0.14683772590787472     
   4.0000000000000002E-004  0.54091515654040367        4.3001891464429001      -0.94161311635156053        1.0001234391740104      -0.15320207394020738     
   4.0010000000000002E-004  0.54269438283875193        4.3227782186398365      -0.95688182916442610        1.0001277711053504      -0.15933100514539975     
   4.0020000000000002E-004  0.54439953921850359        4.3458378709581602      -0.97259933420570277        1.0001311003998330      -0.16518689117212340     
   4.0030000000000003E-004  0.54602337884288343        4.3693924009536644      -0.98871131732958251        1.0001332582068532      -0.17072884690058227     
   4.0040000000000003E-004  0.54755901274135532        4.3934637289814304       -1.0051592914560814        1.0001342208836965      -0.17591958230023974     
   4.0050000000000003E-004  0.54900042024108009        4.4180615726717889       -1.0218820927521790        1.0001341243437354      -0.18073222927573790     
   4.0060000000000003E-004  0.55034281951157449        4.4431744605749302       -1.0388179002487472        1.0001332178141520      -0.18515472535964803     
   4.0070000000000004E-004  0.55158276883714119        4.4687632338789136       -1.0559063446354169        1.0001317692945331      -0.18919000727887936     
   4.0080000000000004E-004  0.55271792882103066        4.4947582903810677       -1.0730902316152136        1.0001299604610141      -0.19285184765535895     
   4.0090000000000004E-004  0.55374652789141454        4.5210611097485192       -1.0903165446657388        1.0001278112500642      -0.19615779147427156     
   4.0100000000000004E-004  0.55466669776532229        4.5475497922497929       -1.1075366417815042        1.0001251612819870      -0.19912158055269541     
   4.0110000000000005E-004  0.55547591430335386        4.5740876558850019       -1.1247058107053283        1.0001217119602508      -0.20174740669710473     
   4.0120000000000005E-004  0.55617074436782576        4.6005334980745722       -1.1417825064053015        1.0001171130219306      -0.20402752836633037     
   4.0130000000000005E-004  0.55674697643166904        4.6267519928233405       -1.1587276269892137        1.0001110660151391      -0.20594366791927743     
   4.0140000000000005E-004  0.55720007144370187        4.6526228106048357       -1.1755041007468694        1.0001034098101047      -0.20747145691128210     
   4.0150000000000006E-004  0.55752578459805036        4.6780473525806023       -1.1920768982971550        1.0000941614419807      -0.20858632878588648     
   4.0160000000000006E-004  0.55772079147608988        4.7029524343351561       -1.2084134110431686        1.0000835031355593      -0.20926897378773529     
   4.0170000000000006E-004  0.55778315986100546        4.7272907809186648       -1.2244840145927787        1.0000717294266745      -0.20950890262812791     
   4.0180000000000006E-004  0.55771255255764229        4.7510387070130804       -1.2402626011029243        1.0000591795342892      -0.20930552947782397     
   4.0190000000000007E-004  0.55751013214160350        4.7741917339148436       -1.2557269086367526        1.0000461771569733      -0.20866700714567818     
   4.0200000000000001E-004  0.55717823527561650        4.7967590667147064       -1.2708585600703426        1.0000329908400412      -0.20760755745781037     
   4.0210000000000002E-004  0.55671994792183255        4.8187578186981774       -1.2856428086939247        1.0000198180515014      -0.20614419968261663     
   4.0220000000000002E-004  0.55613871460012043        4.8402076964493013       -1.3000680487581915        1.0000067901479437      -0.20429369315080134     
   4.0230000000000002E-004  0.55543806421666198        4.8611266331748126       -1.3141251818276509       0.99999399222721297      -0.20207029799279741     
   4.0240000000000002E-004  0.55462147023943675        4.8815276383106543       -1.3278069373583812       0.99998148917726026      -0.19948465755811193     
   4.0250000000000003E-004  0.55369232336136875        4.9014169425890941       -1.3411072335661083       0.99996934910034052      -0.19654377865006714     
   4.0260000000000003E-004  0.55265398195135274        4.9207933617713522       -1.3540206386168068       0.99995765827363314      -0.19325183770238311     
   4.0270000000000003E-004  0.55150986302099081        4.9396486874386376       -1.3665419620061563       0.99994652620187252      -0.18961144347065892     
   4.0280000000000003E-004  0.55026353936483108        4.9579688434676612       -1.3786659804126449       0.99993608222415975      -0.18562501310672933     
   4.0290000000000004E-004  0.54891881681179056        4.9757355179066884       -1.3903872847457557       0.99992646624893566      -0.18129600078149635     
   4.0300000000000004E-004  0.54747977758821342        4.9929279881423803       -1.4017002251952486       0.99991781651799294      -0.17662981382990281     
   4.0310000000000004E-004  0.54595078796824659        5.0095248955782559       -1.4125989270738837       0.99991025707996772      -0.17163433963444452     
   4.0320000000000004E-004  0.54433647710489608        5.0255057857022045       -1.4230773504898155       0.99990388726673540      -0.16632008304641607     
   4.0330000000000005E-004  0.54264169747482294        5.0408522987697140       -1.4331293702288672       0.99989877467902444      -0.16069997254073737     
   4.0340000000000005E-004  0.54087147606308494        5.0555489642292137       -1.4427488575014686       0.99989495239259418      -0.15478893080591291     
   4.0350000000000005E-004  0.53903096132888217        5.0695836098651874       -1.4519297515605882       0.99989242021591285      -0.14860332351715022     
   4.0360000000000005E-004  0.53712536818595824        5.0829474385317504       -1.4606661155966361       0.99989114902017251      -0.14216039296893360     
   4.0370000000000005E-004  0.53515992262345657        5.0956348493921801       -1.4689521766308000       0.99989108681915384      -0.13547775708793441     
   4.0380000000000006E-004  0.53313980801289107        5.1076430852192267       -1.4767823528306379       0.99989216528724667      -0.12857302072353624     
   4.0390000000000006E-004  0.53107011564799878        5.1189717803398729       -1.4841512733781337       0.99989430571961579      -0.12146351399183580     
   4.0400000000000006E-004  0.52895580208743875        5.1296224726913593       -1.4910537959485404       0.99989742388045888      -0.11416614832074594     
   4.0410000000000001E-004  0.52680165531347811        5.1395981292956314       -1.4974850257270687       0.99990143357767114      -0.10669736646784861     
   4.0420000000000001E-004  0.52461227077712547        5.1489027201390662       -1.5034403383300150       0.99990624904078118       -9.9073157081905450E-002
   4.0430000000000002E-004  0.52239203734897455        5.1575408623040460       -1.5089154074741413       0.99991178633491518       -9.1309107075672816E-002
   4.0440000000000002E-004  0.52014513237458437        5.1655175449121771       -1.5139062369899898       0.99991796411379852       -8.3420469188875135E-002
   4.0450000000000002E-004  0.51787552451216501        5.1728379359094703       -1.5184091960587733       0.99992470391117116       -7.5422229568811242E-002
   4.0460000000000002E-004  0.51558698278488502        5.1795072646601170       -1.5224210560959874       0.99993193020476601       -6.7329165890475079E-002
   4.0470000000000002E-004  0.51328309034699249        5.1855307691072490       -1.5259390277445180       0.99993957032662373       -5.9155892725549095E-002
   4.0480000000000003E-004  0.51096726159924122        5.1909136933776807       -1.5289607964912235       0.99994755432211446       -5.0916892587412180E-002
   4.0490000000000003E-004  0.50864276153286969        5.1956613204586866       -1.5314845557517829       0.99995581477404771       -4.2626536384157657E-002
   4.0500000000000003E-004  0.50631272645920677        5.1997790257388381       -1.5335090365072206       0.99996428659767966       -3.4299094726447633E-002
   4.0509999999999998E-004  0.50398018547590573        5.2032723396092670       -1.5350335327490350       0.99997290682504114       -2.5948743505642777E-002
   4.0520000000000004E-004  0.50164808224194957        5.2061470068131044       -1.5360579224202440       0.99998161434188304       -1.7589567198130773E-002
   4.0529999999999999E-004  0.49931929680133202        5.2084090326718133       -1.5365826837330998       0.99999034958535782       -9.2355616566104637E-003
   4.0540000000000004E-004  0.49699666730537662        5.2100647103824329       -1.5366089067880038       0.99999905421778690       -9.0063759680009223E-004
   4.0549999999999999E-004  0.49468301154496558        5.2111206263638827       -1.5361383005145322        1.0000076707866556        7.4013743442295863E-003
   4.0560000000000005E-004  0.49238114825067031        5.2115836429361408       -1.5351731950428908        1.0000161423831260        1.5656716617031531E-002
   4.0570000000000000E-004  0.49009391813489966        5.2114608595708312       -1.5337165396911274        1.0000244123122564        2.3851695707538405E-002
   4.0580000000000005E-004  0.48782420462817194        5.2107595556290995       -1.5317718968291922        1.0000324237873590        3.1972670937794871E-002
   4.0590000000000000E-004  0.48557495419735192        5.2094871189432368       -1.5293434319594708        1.0000401196594793        4.0006040987820547E-002
   4.0600000000000006E-004  0.48334919602229753        5.2076509658060921       -1.5264359004376646        1.0000474421915586        4.7938227922045100E-002
   4.0610000000000000E-004  0.48115006064693006        5.2052584588286379       -1.5230546313411173        1.0000543328903255        5.5755658743057150E-002
   4.0620000000000001E-004  0.47898079702463769        5.2023168296115117       -1.5192055090479006        1.0000607324122026        6.3444745177518413E-002
   4.0630000000000001E-004  0.47684478715389494        5.1988331129596297       -1.5148949531634677        1.0000665805536384        7.0991862246631690E-002
   4.0640000000000001E-004  0.47474555725265033        5.1948141001611354       -1.5101298974473916        1.0000718163651714        7.8383326407210505E-002
   4.0650000000000001E-004  0.47268678424470806        5.1902663204969564       -1.5049177682667023        1.0000763784458400        8.5605376345844308E-002
   4.0660000000000002E-004  0.47067229624265300        5.1851960591410240       -1.4992664630213965        1.0000802054357822        9.2644159010035698E-002
   4.0669999999999997E-004  0.46870606567772261        5.1796094188182202       -1.4931843289265847        1.0000832367810177        9.9485724309806928E-002
   4.0680000000000002E-004  0.46679219403603478        5.1735124312424610       -1.4866801422761926        1.0000854138258399       0.10611603476341024     
   4.0689999999999997E-004  0.46493488751819878        5.1669112222052860       -1.4797630881037083        1.0000866812673042       0.11252099488302235     
   4.0700000000000003E-004  0.46313842368372277        5.1598122304019967       -1.4724427398421183        1.0000869890368618       0.11868650852081002     
   4.0709999999999997E-004  0.46140710995149281        5.1522224750640362       -1.4647290383206992        1.0000862945791889       0.12459856993780696     
   4.0720000000000003E-004  0.45974523585772326        5.1441498601640383       -1.4566322691460087        1.0000845654836386       0.13024339647004501     
   4.0729999999999998E-004  0.45815702188981006        5.1356034945088247       -1.4481630374059762        1.0000817823674801       0.13560760634359736     
   4.0740000000000004E-004  0.45664656845894547        5.1265939980669373       -1.4393322386583121        1.0000779417334547       0.14067844126066650     
   4.0749999999999998E-004  0.45521780894108521        5.1171337569390083       -1.4301510255377174        1.0000730585036894       0.14544402665676448     
   4.0760000000000004E-004  0.45387447055886943        5.1072370846277337       -1.4206307701085361        1.0000671678249111       0.14989365205327637     
   4.0769999999999999E-004  0.45262004616223572        5.0969202479570299       -1.4107830233811172        1.0000603256807363       0.15401804228073912     
   4.0780000000000005E-004  0.45145777876055265        5.0862013235481989       -1.4006194752495067        1.0000526079083145       0.15780957944572593     
   4.0789999999999999E-004  0.45039065917825372        5.0750998654988670       -1.3901519204210147        1.0000441074117761       0.16126242853971312     
   4.0800000000000005E-004  0.44942143567289428        5.0636363855597608       -1.3793922383566897        1.0000349296435793       0.16437252043605993     
   4.0810000000000000E-004  0.44855263297863168        5.0518316713463705       -1.3683523974704115        1.0000251867815140       0.16713735659348178     
   4.0820000000000006E-004  0.44778657720924364        5.0397059925040466       -1.3570444951800082        1.0000149914685335       0.16955562405831229     
   4.0830000000000000E-004  0.44712542228281626        5.0272782662693984       -1.3454808450994036        1.0000044512078987       0.17162664347569248     
   4.0840000000000001E-004  0.44657117293268744        5.0145652702388830       -1.3336741202252338       0.99999366458909111       0.17334971095416041     
   4.0850000000000001E-004  0.44612569887461129        5.0015810000335996       -1.3216375560373592       0.99998272031190194       0.17472343114716196     
   4.0860000000000001E-004  0.44579073435584599        4.9883362730582519       -1.3093852101067227       0.99997169947849007       0.17574516341751356     
   4.0869999999999996E-004  0.44556785735861099        4.9748386761097478       -1.2969322656700535       0.99996068097720836       0.17641070951393370     
   4.0880000000000002E-004  0.44545844364081821        4.9610929433719129       -1.2842953567492106       0.99994974898952427       0.17671435445830247     
   4.0889999999999996E-004  0.44546359316063316        4.9471018298280747       -1.2714928834874322       0.99993900086209542       0.17664932581251946     
   4.0900000000000002E-004  0.44558403085852955        4.9328675084808076       -1.2585452807054482       0.99992855312532158       0.17620866523537243     
   4.0909999999999997E-004  0.44581999021094149        4.9183934638114657       -1.2454752023337281       0.99991854340285502       0.17538641921879394     
   4.0920000000000003E-004  0.44617109569762481        4.9036867787351994       -1.2323075909766144       0.99990912647996399       0.17417896948374381     
   4.0929999999999997E-004  0.44663626717253363        4.8887606253409324       -1.2190696158387855       0.99990046397115950       0.17258625724598281     
   4.0940000000000003E-004  0.44721367125058525        4.8736366877470054       -1.2057904824742898       0.99989270851085910       0.17061262956703041     
   4.0949999999999998E-004  0.44790073997947610        4.8583471926462423       -1.1925011410621955       0.99988598517782390       0.16826707004167690     
   4.0960000000000004E-004  0.44869426530697126        4.8429362227735311       -1.1792339409987622       0.99988037413354347       0.16556267487892889     
   4.0970000000000009E-004  0.44959056172414341        4.8274600537255630       -1.1660222924240569       0.99987589898131690       0.16251539098925485     
   4.0980000000000004E-004  0.45058567331252108        4.8119863797695253       -1.1529003945776803       0.99987252441368712       0.15914221032190598     
   4.0990000000000010E-004  0.45167558984246031        4.7965924539686817       -1.1399030747826802       0.99987016450447075       0.15545916226179657     
   4.1000000000000005E-004  0.45285643310109214        4.7813623278327704       -1.1270657531734378       0.99986870023870333       0.15147951711757751     
   4.1010000000000005E-004  0.45412458050510029        4.7663835013988702       -1.1144245138833471       0.99986800240037521       0.14721258326440761     
   4.1020000000000005E-004  0.45547670696505366        4.7517433643804594       -1.1020162325000096       0.99986795454082245       0.14266335128492985     
   4.1030000000000005E-004  0.45690974429988862        4.7375258180315356       -1.0898786907991733       0.99986847089000364       0.13783304525005766     
   4.1040000000000000E-004  0.45842077545117410        4.7238084209455842       -1.0780506081809436       0.99986950565635413       0.13272044094181795     
   4.1050000000000006E-004  0.46000689362704428        4.7106603131145981       -1.0665715351246998       0.99987105246028973       0.12732365069479179     
   4.1060000000000001E-004  0.46166506133909252        4.6981410569534283       -1.0554815832123219       0.99987313516611087       0.12164199287363388     
   4.1070000000000006E-004  0.46339200054977425        4.6863004079134640       -1.0448210009765588       0.99987579335137167       0.11567757813316897     
   4.1080000000000001E-004  0.46518413456818825        4.6751789089538640       -1.0346296360215013       0.99987906656810954       0.10943634346321156     
   4.1090000000000007E-004  0.46703758845062548        4.6648091105425031       -1.0249463441336075       0.99988298117338703       0.10292841329298313     
   4.1100000000000002E-004  0.46894824114158562        4.6552171653695495       -1.0158084119519530       0.99988754222375553        9.6167819347528841E-002
   4.1110000000000007E-004  0.47091181280177585        4.6464245401461852       -1.0072510516452422       0.99989273121131916        8.9171732022266859E-002
   4.1120000000000002E-004  0.47292396683474713        4.6384496207220636      -0.99930700790327065       0.99989850881204489        8.1959420106089892E-002
   4.1130000000000008E-004  0.47498040768852218        4.6313090477836987      -0.99200629515003425       0.99990482083297771        7.4551160088700441E-002
   4.1140000000000003E-004  0.47707696077421374        4.6250186917261367      -0.98537606192457383       0.99991160533146262        6.6967272557664936E-002
   4.1150000000000008E-004  0.47920962744842072        4.6195942419501428      -0.97944056376426236       0.99991879912656723        5.9227391332930493E-002
   4.1160000000000003E-004  0.48137461405360260        4.6150514379936922      -0.97422121717021182       0.99992634266248059        5.1350005739596631E-002
   4.1170000000000009E-004  0.48356833817039591        4.6114060043161018      -0.96973670529964606       0.99993418289663127        4.3352253689740688E-002
   4.1180000000000003E-004  0.48578741745632653        4.6086733680296597      -0.96600310850525994       0.99994227437701177        3.5249917832938446E-002
   4.1190000000000009E-004  0.48802864676478802        4.6068682432387398      -0.96303403838282209       0.99995057897720752        2.7057555076500255E-002
   4.1200000000000004E-004  0.49028896855061477        4.6060041614776956      -0.96084076012088349       0.99995906488021058        1.8788703321704514E-002
   4.1210000000000010E-004  0.49256544018353049        4.6060930178724853      -0.95943229323926116       0.99996770522352019        1.0456118500717239E-002
   4.1220000000000004E-004  0.49485520039719000        4.6071446911364440      -0.95881548528763694       0.99997647674998225        2.0720111566300903E-003
   4.1230000000000005E-004  0.49715543587009359        4.6091667825330411      -0.95899505575434163       0.99998535859877358       -6.3517282516734512E-003
   4.1240000000000005E-004  0.49946334801012526        4.6121645055619993      -0.95997360879160909       0.99999433122817272       -1.4803313962224554E-002
   4.1250000000000005E-004  0.50177611944016243        4.6161407442214148      -0.96175161380272978        1.0000033753649571       -2.3270849113415901E-002
   4.1260000000000000E-004  0.50409087944428788        4.6210962826091624      -0.96432735281774773        1.0000124708216851       -3.1742094648271664E-002
   4.1270000000000006E-004  0.50640466773105719        4.6270301916537413      -0.96769683340510593        1.0000215950245386       -4.0204208732811997E-002
   4.1280000000000001E-004  0.50871439632726489        4.6339403393046581      -0.97185366610973678        1.0000307211456954       -4.8643447750971208E-002
   4.1290000000000006E-004  0.51101681027190693        4.6418239684883531      -0.97678890663867601        1.0000398158980537       -5.7044833328445212E-002
   4.1300000000000001E-004  0.51330844901039274        4.6506782642529991      -0.98249086634942195        1.0000488372702632       -6.5391814868867248E-002
   4.1310000000000007E-004  0.51558561199749953        4.6605008093316407      -0.98894489972246291        1.0000577326548594       -7.3665972909376015E-002
   4.1320000000000001E-004  0.51784433369477323        4.6712898098944144      -0.99613318502762593        1.0000664382951219       -8.1846846705448173E-002
   4.1330000000000007E-004  0.52008037443881283        4.6830439680300913       -1.0040345242315738        1.0000748808530480       -8.9911984867976788E-002
   4.1340000000000002E-004  0.52228923386350301        4.6957618901037712       -1.0126241976770129        1.0000829820716348       -9.7837325433015640E-002
   4.1350000000000008E-004  0.52446619186296428        4.7094409595584636       -1.0218739165422277        1.0000906666923546      -0.10559798288001576     
   4.1360000000000002E-004  0.52660637819568934        4.7240756717311285       -1.0317519169583316        1.0000978729094006      -0.11316945491555429     
   4.1370000000000008E-004  0.52870486605425493        4.7396555239088904       -1.0422232303981602        1.0001045631742926      -0.12052914897836715     
   4.1380000000000003E-004  0.53075677774260599        4.7561626625221329       -1.0532501431022503        1.0001107318486160      -0.12765799703264669     
   4.1390000000000009E-004  0.53275738405820428        4.7735695870244044       -1.0647928241762645        1.0001164057734808      -0.13454181078924909     
   4.1400000000000003E-004  0.53470217536015674        4.7918372672117613       -1.0768100637181577        1.0001216347702238      -0.14117197930026890     
   4.1410000000000009E-004  0.53658688362115670        4.8109140228451466       -1.0892600295067654        1.0001264716926563      -0.14754517422845129     
   4.1420000000000004E-004  0.53840744214097069        4.8307354329869057       -1.1021009354969555        1.0001309452897866      -0.15366191806103036     
   4.1430000000000004E-004  0.54015988263701764        4.8512254015233154       -1.1152915267917471        1.0001350326939371      -0.15952415927183725     
   4.1440000000000004E-004  0.54184018608777473        4.8722983378325537       -1.1287913256005395        1.0001386401514447      -0.16513230920843663     
   4.1450000000000005E-004  0.54344412003882714        4.8938622553203039       -1.1425606423457677        1.0001415995760754      -0.17048242060605268     
   4.1459999999999999E-004  0.54496710531382353        4.9158224730526392       -1.1565604185168983        1.0001436846775535      -0.17556423732793425     
   4.1470000000000005E-004  0.54640415374442364        4.9380855360057332       -1.1707520137419241        1.0001446449206657      -0.18036068552498155     
   4.1480000000000000E-004  0.54774990278770697        4.9605629486405505       -1.1850970637276825        1.0001442497386555      -0.18484903029078500     
   4.1490000000000006E-004  0.54899874576952967        4.9831743394149157       -1.1995575120690318        1.0001423312011415      -0.18900347090625499     
   4.1500000000000000E-004  0.55014503469465414        5.0058497366528520       -1.2140958632701457        1.0001388125129511      -0.19279852368083786     
   4.1510000000000006E-004  0.55118332014820703        5.0285307343298520       -1.2286756336412956        1.0001337138735589      -0.19621229850723143     
   4.1520000000000001E-004  0.55210858947755570        5.0511704547976422       -1.2432619140664747        1.0001271349544931      -0.19922881618424995     
   4.1530000000000007E-004  0.55291646924811966        5.0737323645727663       -1.2578219247251619        1.0001192216455832      -0.20183883809107495     
   4.1540000000000001E-004  0.55360336745028527        5.0961881500433819       -1.2723254464274836        1.0001101299879915      -0.20403916899101776     
   4.1550000000000007E-004  0.55416654228690010        5.1185149859934285       -1.2867450515595868        1.0000999998172517      -0.20583085769252793     
   4.1560000000000002E-004  0.55460409771707286        5.1406926053470379       -1.3010561134809775        1.0000889454058146      -0.20721699191886708     
   4.1570000000000008E-004  0.55491492002356657        5.1627005892463878       -1.3152366259290900        1.0000770627499762      -0.20820078335572331     
   4.1580000000000002E-004  0.55509857682661368        5.1845162377379737       -1.3292668974648856        1.0000644473542322      -0.20878441816605367     
   4.1590000000000008E-004  0.55515519781412193        5.2061132664026353       -1.3431291952793170        1.0000512137896087      -0.20896882914877535     
   4.1600000000000003E-004  0.55508535500582834        5.2274614272900735       -1.3568074012243061        1.0000375085765443      -0.20875422632525745     
   4.1610000000000009E-004  0.55488995906249028        5.2485269989806298       -1.3702867182297567        1.0000235116407892      -0.20814101088915474     
   4.1620000000000003E-004  0.55457018592132734        5.2692739584512260       -1.3835534372221792        1.0000094262014070      -0.20713064498420108     
   4.1630000000000009E-004  0.55412744198598529        5.2896655588921497       -1.3965947524159847       0.99999546146852347      -0.20572615500585473     
   4.1640000000000004E-004  0.55356336661151950        5.3096660095914494       -1.4093986021200180       0.99998181460907254      -0.20393214682706365     
   4.1650000000000004E-004  0.55287986168819425        5.3292419894626981       -1.4219535138325394       0.99996865776335175      -0.20175441924160839     
   4.1660000000000004E-004  0.55207913369736372        5.3483638059056169       -1.4342484427359372       0.99995613280340157      -0.19919939229774300     
   4.1670000000000005E-004  0.55116373611606706        5.3670061078583089       -1.4462726053951052       0.99994435325190500      -0.19627358731761985     
   4.1679999999999999E-004  0.55013660666483333        5.3851481502743432       -1.4580153203443265       0.99993341065794539      -0.19298333152264222     
   4.1690000000000005E-004  0.54900109538321207        5.4027736700867983       -1.4694658716587630       0.99992338231211242      -0.18933476267684118     
   4.1700000000000000E-004  0.54776097813376445        5.4198704668443973       -1.4806134106024567       0.99991433751338854      -0.18533411428939861     
   4.1710000000000006E-004  0.54642045003346151        5.4364297888036432       -1.4914469052395185       0.99990634063683759      -0.18098818646955614     
   4.1720000000000000E-004  0.54498409564748063        5.4524456168537370       -1.5019551404431972       0.99989945059287733      -0.17630486968267250     
   4.1730000000000006E-004  0.54345683662513444        5.4679139211762262       -1.5121267632167110       0.99989371745316069      -0.17129359127002119     
   4.1740000000000001E-004  0.54184386140993412        5.4828319465666944       -1.5219503623522883       0.99988917769629859      -0.16596558780973150     
   4.1750000000000007E-004  0.54015054444185395        5.4971975659239796       -1.5314145682432998       0.99988584973614025      -0.16033395789638735     
   4.1760000000000001E-004  0.53838236311109888        5.5110087285343070       -1.5405081584073490       0.99988373101686179      -0.15441350172074858     
   4.1770000000000007E-004  0.53654481973590540        5.5242630199159990       -1.5492201564535106       0.99988279737531249      -0.14822039470322063     
   4.1780000000000002E-004  0.53464337365773607        5.5369573421993969       -1.5575399160564405       0.99988300472180236      -0.14177176616174497     
   4.1790000000000007E-004  0.53268338623241629        5.5490877173242197       -1.5654571858973454       0.99988429252218380      -0.13508525708125627     
   4.1800000000000002E-004  0.53067007850797532        5.5606492085081953       -1.5729621556239921       0.99988658831116173      -0.12817862084559992     
   4.1810000000000008E-004  0.52860849957102152        5.5716359486733609       -1.5800454860728632       0.99988981237596852      -0.12106941053205422     
   4.1820000000000003E-004  0.52650350452972550        5.5820412589631019       -1.5866983288491290       0.99989388192279371      -0.11377476973879952     
   4.1830000000000008E-004  0.52435974141489450        5.5918578367901475       -1.5929123407348083       0.99989871427157972      -0.10631132246061183     
   4.1840000000000003E-004  0.52218164609906015        5.6010779917416151       -1.5986796976844901       0.99990422901981324       -9.8695146478530504E-002
   4.1850000000000004E-004  0.51997344412220481        5.6096939086493904       -1.6039931118011601       0.99991034929193434       -9.0941804903033704E-002
   4.1860000000000004E-004  0.51773915813624616        5.6176979199280410       -1.6088458532588763       0.99991700217556978       -8.3066413726791785E-002
   4.1870000000000004E-004  0.51548261960465491        5.6250827727295984       -1.6132317775774707       0.99992411875369913       -7.5083724480237507E-002
   4.1879999999999999E-004  0.51320748350732714        5.6318418803824173       -1.6171453577349730       0.99993163375363636       -6.7008206921004121E-002
   4.1890000000000004E-004  0.51091724497112745        5.6379695508055789       -1.6205817196228778       0.99993948515944708       -5.8854121624181743E-002
   4.1899999999999999E-004  0.50861525699164711        5.6434611876104057       -1.6235366791943393       0.99994761374973473       -5.0635579588184126E-002
   4.1910000000000005E-004  0.50630474866126407        5.6483134615188959       -1.6260067793316961       0.99995596269131704       -4.2366584151846617E-002
   4.1920000000000000E-004  0.50398884351706852        5.6525244516528979       -1.6279893246336266       0.99996447719417780       -3.4061059879139530E-002
   4.1930000000000005E-004  0.50167057778536095        5.6560937575476657       -1.6294824125515925       0.99997310419695407       -2.5732869248522451E-002
   4.1940000000000000E-004  0.49935291840407681        5.6590225825500724       -1.6304849595428283       0.99998179208639104       -1.7395819648993071E-002
   4.1950000000000006E-004  0.49703878076323471        5.6613137891303573       -1.6309967212795562       0.99999049042736943       -9.0636641953505820E-003
   4.1960000000000001E-004  0.49473104613638824        5.6629719266541443       -1.6310183062829700       0.99999914969028847       -7.5009888256651167E-004
   4.1970000000000006E-004  0.49243257878899238        5.6640032320680440       -1.6305511826349406        1.0000077209736935        7.5312420847226747E-003
   4.1980000000000001E-004  0.49014624275057289        5.6644156037638851       -1.6295976776830778        1.0000161557263101        1.5766791299628744E-002
   4.1990000000000007E-004  0.48787491823500162        5.6642185486473373       -1.6281609709064986        1.0000244054755396        2.3943052204757703E-002
   4.2000000000000002E-004  0.48562151769148648        5.6634231022015982       -1.6262450803513016        1.0000324215700978        3.2046600979969100E-002
   4.2010000000000007E-004  0.48338900146712926        5.6620417211925371       -1.6238548432769078        1.0000401549432092        4.0064085033699494E-002
   4.2020000000000002E-004  0.48118039305386506        5.6600881486886330       -1.6209958918731648        1.0000475558999886        4.7982216774097183E-002
   4.2030000000000008E-004  0.47899879386791183        5.6575772513260603       -1.6176746251170389        1.0000545739272095        5.5787761034547190E-002
   4.2040000000000003E-004  0.47684739745472321        5.6545248291445454       -1.6138981780584301        1.0000611575154392        6.3467513966254066E-002
   4.2050000000000008E-004  0.47472950291194255        5.6509473999620248       -1.6096743899696946        1.0000672540096709        7.1008271703194056E-002
   4.2060000000000003E-004  0.47264852717109918        5.6468619622692522       -1.6050117727477873        1.0000728095121334        7.8396789930003291E-002
   4.2070000000000003E-004  0.47060801556733689        5.6422857415605741       -1.5999194809953150        1.0000777688136706        8.5619733050249766E-002
   4.2080000000000004E-004  0.46861164986604392        5.6372359267283905       -1.5944072851438769        1.0000820754815902        9.2663616532768431E-002
   4.2090000000000004E-004  0.46666325264946629        5.6317294044234814       -1.5884855484337843        1.0000856721226901        9.9514751166668663E-002
   4.2099999999999999E-004  0.46476678668012100        5.6257825011946636       -1.5821652081982449        1.0000885009704430       0.10615919518404578     
   4.2110000000000004E-004  0.46292634773347180        5.6194107439988450       -1.5754577609684526        1.0000905049107076       0.11258273225066577     
   4.2119999999999999E-004  0.46114614935896975        5.6126286506063607       -1.5683752501111237        1.0000916290658817       0.11877088742563550     
   4.2130000000000005E-004  0.45943049833894012        5.6054495613541455       -1.5609302536294143        1.0000918229823237       0.12470900074859796     
   4.2140000000000000E-004  0.45778376015483935        5.5978855234409188       -1.5531358689495753        1.0000910434318280       0.13038236994789726     
   4.2150000000000005E-004  0.45621031470676865        5.5899472380971567       -1.5450056908906642        1.0000892575970257       0.13577647000984275     
   4.2160000000000000E-004  0.45471450366640587        5.5816440797076154       -1.5365537790455837        1.0000864463927437       0.14087724485227435     
   4.2170000000000006E-004  0.45330057210644087        5.5729841941994209       -1.5277946115157210        1.0000826074050326       0.14567145152600661     
   4.2180000000000001E-004  0.45197260819850182        5.5639746815914890       -1.5187430235636863        1.0000777569270276       0.15014702339385425     
   4.2190000000000006E-004  0.45073448552168793        5.5546218641077729       -1.5094141322061718        1.0000719306224977       0.15429340502003053     
   4.2200000000000001E-004  0.44958981266928538        5.5449316366157930       -1.4998232507871245        1.0000651824858491       0.15810180513431260     
   4.2210000000000007E-004  0.44854189425440844        5.5349098906177616       -1.4899858006885855        1.0000575820777804       0.16156531823392520     
   4.2220000000000002E-004  0.44759370609368093        5.5245629962573624       -1.4799172299437466        1.0000492104127983       0.16467887996278283     
   4.2230000000000007E-004  0.44674788547486122        5.5138983193174198       -1.4696329499935203        1.0000401552342555       0.16743904683771016     
   4.2240000000000002E-004  0.44600673533647195        5.5029247429770543       -1.4591483015478715        1.0000305066304245       0.16984362326423366     
   4.2250000000000008E-004  0.44537223927416814        5.4916531583507400       -1.4484785582420212        1.0000203539570116       0.17189119086477100     
   4.2260000000000003E-004  0.44484608294007522        5.4800968845585167       -1.4376389726305938        1.0000097847965486       0.17358062008378894     
   4.2270000000000003E-004  0.44442967679918693        5.4682719792479624       -1.4266448635917495       0.99999888619108501       0.17491065461329178     
   4.2280000000000003E-004  0.44412417547824662        5.4561974051584841       -1.4155117383903224       0.99998774776033883       0.17587965005959622     
   4.2290000000000003E-004  0.44393048987730643        5.4438950276409450       -1.4042554376850307       0.99997646576900379       0.17648551999602058     
   4.2299999999999998E-004  0.44384928937062956        5.4313894319300147       -1.3928922887038848       0.99996514680979320       0.17672590103551836     
   4.2310000000000004E-004  0.44388099251977425        5.4187075669394922       -1.3814392514750189       0.99995390971093767       0.17659849947819095     
   4.2319999999999999E-004  0.44402574619004948        5.4058782427401724       -1.3699140456344039       0.99994288467343440       0.17610154057616106     
   4.2330000000000004E-004  0.44428339477871143        5.3929315293350548       -1.3583352503143615       0.99993220928055504       0.17523421731773761     
   4.2339999999999999E-004  0.44465344311928223        5.3798981218294877       -1.3467223758152149       0.99992202195184277       0.17399703663685304     
   4.2350000000000005E-004  0.44513501810471429        5.3668087480090243       -1.3350959113078997       0.99991245414671581       0.17239199213193679     
   4.2360000000000000E-004  0.44572683488366077        5.3536936962812050       -1.3234773561672448       0.99990362294703750       0.17042253941683991     
   4.2370000000000005E-004  0.44642717325526643        5.3405825337351693       -1.3118892427866178       0.99989562553077327       0.16809340303456158     
   4.2380000000000000E-004  0.44723386861931991        5.3275040652058365       -1.3003551558201607       0.99988853647707154       0.16541028669282695     
   4.2390000000000006E-004  0.44814431983035352        5.3144865554392133       -1.2888997476531825       0.99988240803492634       0.16237957977592135     
   4.2400000000000001E-004  0.44915551412711591        5.3015582007317192       -1.2775487441448956       0.99987727269314430       0.15900814730940641     
   4.2410000000000006E-004  0.45026406756893117        5.2887477982497266       -1.2663289302096046       0.99987314684874007       0.15530325894609268     
   4.2420000000000001E-004  0.45146627824100299        5.2760855263594131       -1.2552681031905402       0.99987003429497401       0.15127266631087999     
   4.2430000000000007E-004  0.45275818881471025        5.2636037242885614       -1.2443949838796986       0.99986792856634576       0.14692479106535261     
   4.2440000000000002E-004  0.45413565473819106        5.2513375504989774       -1.2337390801314656       0.99986681376365050       0.14226895141010176     
   4.2450000000000007E-004  0.45559441412699103        5.2393254100502418       -1.2233305049998051       0.99986666414270386       0.13731554308612776     
   4.2460000000000002E-004  0.45713015526776640        5.2276090716274410       -1.2131997582948726       0.99986744323322729       0.13207610498705902     
   4.2470000000000008E-004  0.45873857764520870        5.2162334396274517       -1.2033774855776953       0.99986910339220270       0.12656323340536629     
   4.2480000000000003E-004  0.46041544287432989        5.2052459971839831       -1.1938942306540974       0.99987158649813002       0.12079035153601445     
   4.2490000000000003E-004  0.46215661295321914        5.1946959819689518       -1.1847801963194158       0.99987482605099753       0.11477137862685106     
   4.2500000000000003E-004  0.46395807464910133        5.1846333888615241       -1.1760650241550832       0.99987875046542918       0.10852036577475418     
   4.2510000000000003E-004  0.46581595043911139        5.1751079073728903       -1.1677775988295318       0.99988328695995254       0.10205116861661973     
   4.2519999999999998E-004  0.46772649796891463        5.1661678973445397       -1.1599458771529871       0.99988836531858294        9.5377211019304825E-002
   4.2530000000000004E-004  0.46968610108695968        5.1578594877636519       -1.1525967381990807       0.99989392092085039        8.8511368627788869E-002
   4.2539999999999999E-004  0.47169125591369587        5.1502258566930941       -1.1457558487001460       0.99989989661143464        8.1465971743165541E-002
   4.2550000000000004E-004  0.47373855516258184        5.1433067216011068       -1.1394475378094930       0.99990624335274436        7.4252904714466605E-002
   4.2559999999999999E-004  0.47582467319820076        5.1371380436509106       -1.1336946767041973       0.99991291987680242        6.6883764817243188E-002
   4.2570000000000005E-004  0.47794635334853564        5.1317519288065476       -1.1285185604142436       0.99991989159079830        5.9370042506382358E-002
   4.2580000000000000E-004  0.48010039797075393        5.1271766945590755       -1.1239387914454246       0.99992712918306115        5.1723291724267553E-002
   4.2590000000000005E-004  0.48228366098900000        5.1234370633887032       -1.1199731662783936       0.99993460715498950        4.3955266815514815E-002
   4.2600000000000000E-004  0.48449304207180138        5.1205544408978518       -1.1166375669719923       0.99994230255759264        3.6078015949862180E-002
   4.2610000000000006E-004  0.48672548144301375        5.1185472374332726       -1.1139458603284775       0.99995019400384144        2.8103929584669739E-002
   4.2620000000000001E-004  0.48897795433769808        5.1174311962729249       -1.1119098069663120       0.99995826099274887        2.0045748195898307E-002
   4.2630000000000006E-004  0.49124746436543254        5.1172196982420601       -1.1105389820517892       0.99996648350389805        1.1916538410652157E-002
   4.2640000000000001E-004  0.49353103537177290        5.1179240177659651       -1.1098407088752800       0.99997484180150265        3.7296467823944657E-003
   4.2650000000000007E-004  0.49582570172516199        5.1195535106230743       -1.1098200059788919       0.99998331638004356       -4.5013603339553081E-003
   4.2660000000000002E-004  0.49812849725745900        5.1221157187042259       -1.1104795481743890       0.99999188798340810       -1.2762763559562559E-002
   4.2670000000000007E-004  0.50043644330392179        5.1256163817297669       -1.1118196415522394        1.0000005376321004       -2.1040757746177901E-002
   4.2680000000000002E-004  0.50274653640283617        5.1300593504479828       -1.1138382124272874        1.0000092465919910       -2.9321513917614481E-002
   4.2690000000000002E-004  0.50505573621578781        5.1354464008312561       -1.1165308100162750        1.0000179962115512       -3.7591229715191000E-002
   4.2700000000000002E-004  0.50736095411140114        5.1417769547789405       -1.1198906224279830        1.0000267675460190       -4.5836161312655568E-002
   4.2710000000000003E-004  0.50965904262305017        5.1490477203560623       -1.1239085052498876        1.0000355406848753       -5.4042629193271581E-002
   4.2719999999999998E-004  0.51194678567662444        5.1572522736708351       -1.1285730216712007        1.0000442937072409       -6.2196990352057904E-002
   4.2730000000000003E-004  0.51422088910943164        5.1663806145378182       -1.1338704927447492        1.0000530012271400       -7.0285570987689436E-002
   4.2739999999999998E-004  0.51647797064310841        5.1764187374688468       -1.1397850564611554        1.0000616325998712       -7.8294560334283156E-002
   4.2750000000000004E-004  0.51871454828897845        5.1873482651419813       -1.1462987349040989        1.0000701498972080       -8.6209871221937934E-002
   4.2759999999999999E-004  0.52092702615116127        5.1991461957171197       -1.1533915097623397        1.0000785059839223       -9.4016984821836694E-002
   4.2770000000000004E-004  0.52311167699691452        5.2117848126250479       -1.1610414083471439        1.0000866429856996      -0.10170080557465441     
   4.2779999999999999E-004  0.52526462158197273        5.2252317950882947       -1.1692246044051269        1.0000944916451631      -0.10924556201672835     
   4.2790000000000005E-004  0.52738180582163230        5.2394505489730427       -1.1779155401502008        1.0001019718575381      -0.11663478769577829     
   4.2800000000000000E-004  0.52945897822754839        5.2544007525296301       -1.1870870771153206        1.0001089945296699      -0.12385141083912464     
   4.2810000000000005E-004  0.53149167110854922        5.2700390836111417       -1.1967106828477876        1.0001154645842607      -0.13087796177601330     
   4.2820000000000000E-004  0.53347518969969221        5.2863200674916655       -1.2067566574302007        1.0001212844811695      -0.13769687664147506     
   4.2830000000000006E-004  0.53540461320460486        5.3031969625252593       -1.2171943982945532        1.0001263574600687      -0.14429084670070311     
   4.2840000000000000E-004  0.53727481061275661        5.3206225893228023       -1.2279926948892559        1.0001305896848198      -0.15064314015605143     
   4.2850000000000006E-004  0.53908047215057797        5.3385500109279107       -1.2391200379658838        1.0001338908387667      -0.15673781819841717     
   4.2860000000000001E-004  0.54081615484614565        5.3569329883418462       -1.2505449237203727        1.0001361734291252      -0.16255978897895623     
   4.2870000000000007E-004  0.54247633853548149        5.3757261673682208       -1.2622361325564366        1.0001373518183736      -0.16809468989158274     
   4.2880000000000001E-004  0.54405548747153587        5.3948849958862155       -1.2741629664388525        1.0001373424926936      -0.17332864761291403     
   4.2890000000000007E-004  0.54554811314426577        5.4143654198788660       -1.2862954367928818        1.0001360670635142      -0.17824801825537775     
   4.2900000000000002E-004  0.54694883596389110        5.4341234518203443       -1.2986044046351164        1.0001334587858515      -0.18283923650595355     
   4.2910000000000002E-004  0.54825244678848339        5.4541147362511815       -1.3110616833771191        1.0001294719764378      -0.18708888358392978     
   4.2920000000000002E-004  0.54945397296911480        5.4742942442872220       -1.3236401193552383        1.0001240922034575      -0.19098401432532283     
   4.2930000000000003E-004  0.55054875294066541        5.4946162050386427       -1.3363136638111617        1.0001173444486633      -0.19451269370351953     
   4.2939999999999997E-004  0.55153251842288198        5.5150343342885826       -1.3490574435114158        1.0001092965484253      -0.19766461385375028     
   4.2950000000000003E-004  0.55240147697185327        5.5355023590571832       -1.3618478277146799        1.0001000564526821      -0.20043162055786667     
   4.2959999999999998E-004  0.55315238193764205        5.5559747759961233       -1.3746624805212679        1.0000897637444495      -0.20280799618058770     
   4.2970000000000004E-004  0.55378257529803632        5.5764077370236258       -1.3874803829188380        1.0000785774503633      -0.20479041175798787     
