   0.0000000000000000       0.50000000000000000        4.0840704496667311        6.1575216010359952        1.0000000000000000        0.0000000000000000     
   1.0000000000000001E-007  0.49851595689751294        4.0803160892981554        6.1580006775040879       0.99998503153596041        6.4018804433779147E-003
   2.0000000000000002E-007  0.49703771458309970        4.0763317461486084        6.1588639027837875       0.99999010911954200        1.2778478240497446E-002
   2.9999999999999999E-007  0.49556139368347829        4.0721218309525922        6.1601102635539746       0.99999517749340028        1.9145749157691367E-002
   4.0000000000000003E-007  0.49408313613338689        4.0676904737683808        6.1617396152998900        1.0000002918979090        2.5519529368851653E-002
   5.0000000000000008E-007  0.49259910458008055        4.0630415379133336        6.1637526806722622        1.0000055068764750        3.1915492303067151E-002
   5.9999999999999997E-007  0.49110548200978288        4.0581786261144117        6.1661510466301603        1.0000108763258559        3.8349098514526107E-002
   7.0000000000000007E-007  0.48959847176940846        4.0531050779965803        6.1689371598268234        1.0000164534598024        4.4835535532845854E-002
   8.0000000000000007E-007  0.48807429814154185        4.0478239574362123        6.1721143195346890        1.0000222906573615        5.1389644702446842E-002
   9.0000000000000007E-007  0.48652920761754337        4.0423380275726348        6.1756866672677813        1.0000284391762699        5.8025833010872795E-002
   1.0000000000000002E-006  0.48495947101536879        4.0366497102749310        6.1796591721949987        1.0000349487100404        6.4757969051704681E-002
   1.1000000000000001E-006  0.48336138663192668        4.0307610257112820        6.1840376113976374        1.0000418667796431        7.1599262824068283E-002
   1.1999999999999999E-006  0.48173128472320326        4.0246735062136514        6.1888285441746156        1.0000492380059944        7.8562134136443224E-002
   1.3000000000000000E-006  0.48006553377512473        4.0183880765560014        6.1940392800198030        1.0000571032807313        8.5658076850877632E-002
   1.4000000000000001E-006  0.47836054926459909        4.0119048904836880        6.1996778404649966        1.0000654989510482        9.2897530013960963E-002
   1.5000000000000000E-006  0.47661280579610599        4.0052231103613254        6.2057529160202902        1.0000744561129147       0.10028977328330074     
   1.6000000000000001E-006  0.47481885354518216        3.9983406172579432        6.2122738205358212        1.0000840001502072       0.10784286483795219     
   1.7000000000000000E-006  0.47297533975112949        3.9912536383720205        6.2192504466936258        1.0000941505922543       0.11556364137938720     
   1.8000000000000001E-006  0.47107903584331773        3.9839562807122104        6.2266932277410314        1.0001049213503515       0.12345779730690383     
   1.9000000000000000E-006  0.46912687039976125        3.9764399654043414        6.2346131117212904        1.0001163210732043       0.13153004834107382     
   2.0000000000000003E-006  0.46711596722554483        3.9686927669375032        6.2430215547010652        1.0001283531004035       0.13978436326661398     
   2.1000000000000002E-006  0.46504368672297314        3.9606986761197338        6.2519305384517754        1.0001410140115319       0.14822421628541782     
   2.2000000000000001E-006  0.46290766743932399        3.9524368228243949        6.2613526152275982        1.0001542892579203       0.15685277229275313     
   2.3000000000000000E-006  0.46070586375533257        3.9438807116320715        6.2713009776853097        1.0001681440768648       0.16567287957380752     
   2.3999999999999999E-006  0.45843657638086999        3.9349975356056777        6.2817895463010842        1.0001825080956941       0.17468672455332157     
   2.5000000000000002E-006  0.45609847573934892        3.9257476357970744        9.6477546193671770E-003   1.0001972532345695       0.18389502764382668     
   2.6000000000000001E-006  0.45369062490235579        3.9160841641258539        2.1261861789458436E-002   1.0002121666692296       0.19329574266639629     
   2.7000000000000004E-006  0.45121251684970648        3.9059529852493986        3.3463176642858805E-002   1.0002269234935091       0.20288236519073341     
   2.8000000000000003E-006  0.44866414493550816        3.8952928241153484        4.6269343328115831E-002   1.0002410671885997       0.21264214171098969     
   2.9000000000000002E-006  0.44604612141898053        3.8840356498762594        5.9699111070671940E-002   1.0002540092899492       0.22255467984264909     
   3.0000000000000001E-006  0.44335984718848820        3.8721072922524362        7.3772490733621687E-002   1.0002650567626279       0.23259155258915395     
   3.1000000000000004E-006  0.44060771497693330        3.8594282850836850        8.8511075302363018E-002   1.0002734719132138       0.24271738508037768     
   3.2000000000000003E-006  0.43779330191123916        3.8459149064979790       0.10393862057147008        1.0002785568627539       0.25289262000626744     
   3.3000000000000002E-006  0.43492148176390277        3.8314802749692869       0.12008196672880622        1.0002797413662872       0.26307756027470852     
   3.4000000000000001E-006  0.43199839533237905        3.8160351974073494       0.13697232853584218        1.0002766428705485       0.27323667841198401     
   3.5000000000000004E-006  0.42903126016859122        3.7994882989840097       0.15464688938224036        1.0002690678867379       0.28334166479775458     
   3.6000000000000003E-006  0.42602807582124264        3.7817448995570633       0.17315051302280970        1.0002569458460913       0.29337164960007567     
   3.7000000000000002E-006  0.42299736452902281        3.7627041695418115       0.19253727041791446        1.0002402256897918       0.30330973774092629     
   3.8000000000000000E-006  0.41994813489201238        3.7422541358175327       0.21287142071763565        1.0002188075692133       0.31313643325265755     
   3.9000000000000008E-006  0.41689019370392155        3.7202637669925056       0.23422754518358690        1.0001926025259344       0.32282238005275055     
   4.0000000000000007E-006  0.41383473463511267        3.6965705491681256       0.25668974020587587        1.0001617805608876       0.33232437029926382     
   4.1000000000000006E-006  0.41079488009954090        3.6709615230908215       0.28035007844018001        1.0001271543505761       0.34158852549643187     
   4.2000000000000004E-006  0.40778572030588567        3.6431475437791279       0.30530677521453420        1.0000904687448000       0.35056161160072002     
   4.3000000000000003E-006  0.40482360094849706        3.6127363213929686       0.33166238065355724        1.0000542483119801       0.35920546650630719     
   4.4000000000000002E-006  0.40192502582624257        3.5792188006099654       0.35952165560676708        1.0000210359941260       0.36750362935977049     
   4.5000000000000001E-006  0.39910613553778074        3.5419895938059844       0.38898781959827655       0.99999246452398005       0.37545048358822797     
   4.6000000000000000E-006  0.39638350316173382        3.5004147691418712       0.42015555611546596       0.99996920291086377       0.38302735236478225     
   4.6999999999999999E-006  0.39377566085939592        3.4539315047933021       0.45310069929573604       0.99995225508171459       0.39018884601113035     
   4.7999999999999998E-006  0.39130339440028838        3.4021247838599944       0.48786930428557795       0.99994400568581110       0.39687944367788752     
   4.9000000000000005E-006  0.38898762001005799        3.3447186630642256       0.52446925294700364       0.99994666882422611       0.40306308233463017     
   5.0000000000000004E-006  0.38684694677865955        3.2814939117575537       0.56286348212556980       0.99995964115736291       0.40872489944556611     
   5.1000000000000003E-006  0.38489821388096707        3.2122792342867577       0.60296106344932809       0.99998086018241761       0.41384563293846588     
   5.2000000000000002E-006  0.38315898439217327        3.1372077776624239       0.64460778952651765        1.0000113013206660       0.41839531013548908     
   5.3000000000000009E-006  0.38164784536267859        3.0572003985233289       0.68758362062433687        1.0000529988752263       0.42234954109627687     
   5.4000000000000008E-006  0.38038211491351170        2.9742318061028032       0.73160740953475223        1.0001014101611956       0.42567982777183416     
   5.5000000000000007E-006  0.37937528315196078        2.8909184835176345       0.77634366619310313        1.0001496630342279       0.42833836893821486     
   5.6000000000000006E-006  0.37863585592461074        2.8096687227977393       0.82141761548822423        1.0001996505384094       0.43030904923294505     
   5.7000000000000005E-006  0.37817027727295310        2.7321711467757885       0.86644278563464106        1.0002533648254455       0.43163583963705948     
   5.8000000000000004E-006  0.37798602215951493        2.6594035291096043       0.91104204145172840        1.0003006560270833       0.43231021590311841     
   5.9000000000000003E-006  0.37808833741068720        2.5916668768905389       0.95485606971997772        1.0003336546880550       0.43223354915765494     
   6.0000000000000002E-006  0.37847596011151435        2.5285922981542552       0.99756312197643648        1.0003575864220950       0.43137750545689613     
   6.1000000000000000E-006  0.37914261047609787        2.4695005188267869        1.0389072394711434        1.0003752063950395       0.42982568194514365     
   6.2000000000000008E-006  0.38008107910533850        2.4139737602127229        1.0787064101283637        1.0003793344662177       0.42762149994388693     
   6.3000000000000007E-006  0.38128375705329715        2.3620899263511363        1.1168415396589904        1.0003646528931496       0.42471442232873957     
   6.4000000000000006E-006  0.38273954082327827        2.3141654631385702        1.1532482921390894        1.0003342774130592       0.42106705697507674     
   6.5000000000000004E-006  0.38443172561117572        2.2703585371641397        1.1879162735139417        1.0002938193738482       0.41672629646609305     
   6.6000000000000003E-006  0.38634003917525200        2.2304840669033563        1.2208844077912753        1.0002452366560159       0.41177623310312345     
   6.7000000000000002E-006  0.38844492256379520        2.1940820660809681        1.2522278251042085        1.0001875924223116       0.40626629447990409     
   6.8000000000000001E-006  0.39072958003562025        2.1605864854312329        1.2820421515391702        1.0001209753155085       0.40019902043005112     
   6.9000000000000009E-006  0.39317823266634000        2.1294625868740229        1.3104316521560477        1.0000483279771488       0.39356660211520555     
   7.0000000000000007E-006  0.39577319210508582        2.1002740665247392        1.3375024649978853       0.99997431090837885       0.38638603418085260     
   7.1000000000000006E-006  0.39849373686843387        2.0726971208588512        1.3633587432530794       0.99990325845939021       0.37870598572528230     
   7.2000000000000005E-006  0.40131742733978881        2.0465080808555136        1.3880995786666945       0.99983802676046152       0.37059126842565809     
   7.3000000000000004E-006  0.40422257077848261        2.0215618098944819        1.4118160518672624       0.99978001842106579       0.36210301762470315     
   7.4000000000000003E-006  0.40719012286810846        1.9977687944684934        1.4345887567676749       0.99972977104084215       0.35328711680645902     
   7.5000000000000002E-006  0.41020409961220378        1.9750741711459723        1.4564863050439882       0.99968751527064292       0.34417371583811301     
   7.6000000000000001E-006  0.41325070219426391        1.9534399529246582        1.4775650569758376       0.99965344580990234       0.33478445253657430     
   7.6999999999999991E-006  0.41631700216614614        1.9328308587086787        1.4978700057096335       0.99962771569626219       0.32514192163949196     
   7.8000000000000016E-006  0.41939001202897863        1.9132039586027558        1.5174365080784114       0.99961028796806584       0.31527677317392500     
   7.9000000000000006E-006  0.42245653685463763        1.8945024815550244        1.5362924403656137       0.99960078994636359       0.30523010807353312     
   8.0000000000000013E-006  0.42550369629531815        1.8766540994196967        1.5544603570495035       0.99959846254929685       0.29505127314146551     
   8.1000000000000004E-006  0.42851970627924429        1.8595734954860346        1.5719593274911370       0.99960222785387642       0.28479285936718457     
   8.2000000000000011E-006  0.43149451765910229        1.8431681689584358        1.5888062839235824       0.99961084034354475       0.27450526838486544     
   8.3000000000000002E-006  0.43442009868097697        1.8273457027043445        1.6050168746854991       0.99962305839241150       0.26423270108205132     
   8.4000000000000009E-006  0.43729036384467729        1.8120205816965567        1.6206059256882099       0.99963778092192790       0.25401133862603792     
   8.4999999999999999E-006  0.44010088308776674        1.7971191901595491        1.6355876517107975       0.99965412103051376       0.24386952551682348     
   8.6000000000000007E-006  0.44284852345502990        1.7825824761047084        1.6499757396908619       0.99967141727408604       0.23382918178385120     
   8.7000000000000014E-006  0.44553112652289778        1.7683664825038425        1.6637833814456631       0.99968920263061245       0.22390760006138744     
   8.8000000000000004E-006  0.44814725941872829        1.7544413285694458        1.6770232910419871       0.99970715549561162       0.21411901073448059     
   8.9000000000000012E-006  0.45069604294902571        1.7407892854937221        1.6897077171491626       0.99972505206374151       0.20447564766183116     
   9.0000000000000002E-006  0.45317704428096905        1.7274024714886203        1.7018484512902736       0.99974272957298926       0.19498831476148523     
   9.1000000000000010E-006  0.45559021464770016        1.7142805188070216        1.7134568319949786       0.99976006222943969       0.18566658407539494     
   9.2000000000000000E-006  0.45793585361027955        1.7014284174873062        1.7245437462884414       0.99977694744080392       0.17651877429119095     
   9.3000000000000007E-006  0.46021458680125649        1.6888546406313552        1.7351196303319387       0.99979329896334634       0.16755182278844657     
   9.3999999999999998E-006  0.46242735083178382        1.6765695993844487        1.7451944704155284       0.99980904429722739       0.15877113272858995     
   9.5000000000000005E-006  0.46457538296623829        1.6645844405387584        1.7547778048174862       0.99982412418697542       0.15018044806925707     
   9.5999999999999996E-006  0.46666021368675792        1.6529101737817757        1.7638787263817370       0.99983849273066905       0.14178177983263290     
   9.7000000000000020E-006  0.46868365928326733        1.6415570963124251        1.7725058848457493       0.99985211737563151       0.13357538306852804     
   9.8000000000000010E-006  0.47064781278021645        1.6305344679446252        1.7806674878360909       0.99986497866186275       0.12555977787649422     
   9.9000000000000001E-006  0.47255503225687245        1.6198503823348405        1.7883712997621792       0.99987706965168888       0.11773180632937655     
   1.0000000000000001E-005  0.47440792504921364        1.6095117797427856        1.7956246380295777       0.99988839508178584       0.11008671724354567     
   1.0100000000000000E-005  0.47620932704022739        1.5995245521476527        1.8024343663232365       0.99989897027294627       0.10261827111381351     
   1.0200000000000001E-005  0.47796227732490021        1.5898937005460962        1.8088068849544179       0.99990881986856595        9.5318857225738157E-002
   1.0300000000000000E-005  0.47966998964443902        1.5806235141223226        1.8147481184816865       0.99991797651591896        8.8179617448760877E-002
   1.0400000000000000E-005  0.48133582264297037        1.5717177502220068        1.8202635010503325       0.99992647957063141        8.1190573334942867E-002
   1.0499999999999999E-005  0.48296325105106963        1.5631798021860055        1.8253579601268051       0.99993437382164418        7.4340753579160160E-002
   1.0600000000000002E-005  0.48455583953657916        1.5550128487256365        1.8300358993483883       0.99994170833547291        6.7618319886020253E-002
   1.0700000000000001E-005  0.48611722037341731        1.5472199824098938        1.8343011812074224       0.99994853540703299        6.1010686840362822E-002
   1.0800000000000002E-005  0.48765107544795050        1.5398043170850710        1.8381571103261631       0.99995490966075884        5.4504635961995791E-002
   1.0900000000000001E-005  0.48916112258629246        1.5327690755173971        1.8416064178453162       0.99996088730528454        4.8086418002700373E-002
   1.1000000000000001E-005  0.49065110586050531        1.5261176605922013        1.8446512473362358       0.99996652556641963        4.1741844673530787E-002
   1.1100000000000000E-005  0.49212478935064075        1.5198537133637056        1.8472931424706847       0.99997188227674882        3.5456365823729803E-002
   1.1200000000000001E-005  0.49358595377970643        1.5139811612006566        1.8495330364979683       0.99997701564985397        2.9215133068886189E-002
   1.1300000000000000E-005  0.49503839549206435        1.5085042592268172        1.8513712435975300       0.99998198420055662        2.3003050980092685E-002
   1.1400000000000001E-005  0.49648592728535906        1.5034276276150842        1.8528074520729607       0.99998684680220107        1.6804816297973965E-002
   1.1500000000000002E-005  0.49793238066118739        1.4987562868877140        1.8538407193459552       0.99999166286031316        1.0604947612761238E-002
   1.1600000000000001E-005  0.49938160918194874        1.4944956929128610        1.8544694687654744       0.99999649257537826        4.3878082987543207E-003
   1.1700000000000001E-005  0.50083749264075383        1.4906517727509325        1.8546914883020786        1.0000013972666590       -1.8623744637627615E-003
   1.1800000000000001E-005  0.50230394170494008        1.4872309619987085        1.8545039312529887        1.0000064397288781       -8.1614915845184023E-003
   1.1900000000000001E-005  0.50378490267448983        1.4842402437386577        1.8539033191582881        1.0000116845907361       -1.4525531517382347E-002
   1.2000000000000000E-005  0.50528436196241955        1.4816871885931915        1.8528855472193566        1.0000171986396413       -2.0970553559401060E-002
   1.2100000000000001E-005  0.50680634984631434        1.4795799946800645        1.8514458926135475        1.0000230510707875       -2.7512650874935197E-002
   1.2200000000000000E-005  0.50835494295759942        1.4779275254414586        1.8495790262092626        1.0000293136113596       -3.4167898776986241E-002
   1.2300000000000001E-005  0.50993426487104332        1.4767393423587036        1.8472790282908953        1.0000360604621366       -4.0952283538968952E-002
   1.2400000000000002E-005  0.51154848403805331        1.4760257284232863        1.8445394090033158        1.0000433679881249       -4.7881606647200911E-002
   1.2500000000000001E-005  0.51320180818215422        1.4757976965584529        1.8413531343328291        1.0000513140823544       -5.4971359043624386E-002
   1.2600000000000001E-005  0.51489847416796419        1.4760669753995916        1.8377126584698793        1.0000599771481626       -6.2236561944993343E-002
   1.2700000000000000E-005  0.51664273232198088        1.4768459647124292        1.8336099631768281        1.0000694346244055       -6.9691572990461081E-002
   1.2800000000000001E-005  0.51843882422815579        1.4781476513335605        1.8290366046381088        1.0000797610163561       -7.7349855581959073E-002
   1.2900000000000000E-005  0.52029095322917596        1.4799854766372791        1.8239837677118924        1.0000910255032605       -8.5223720193797231E-002
   1.3000000000000001E-005  0.52220324732686618        1.4823731474347717        1.8184423266912475        1.0001032891479542       -9.3324045279947102E-002
   1.3100000000000000E-005  0.52417971488918957        1.4853243855943097        1.8124029106173971        1.0001166019941228      -0.10165999886772598     
   1.3200000000000001E-005  0.52622419467377868        1.4888526182761450        1.8058559697114980        1.0001310002869699      -0.11023878338319690     
   1.3300000000000000E-005  0.52834030307028168        1.4929706207837405        1.7987918379010281        1.0001465042277928      -0.11906543660122181     
   1.3400000000000000E-005  0.53053138303797731        1.4976901385921830        1.7912007848668736        1.0001631166890099      -0.12814272051551234     
   1.3499999999999999E-005  0.53280046075102871        1.5030215342577899        1.7830730498604552        1.0001808231655209      -0.13747112719483298     
   1.3600000000000000E-005  0.53515021714792244        1.5089735256344621        1.7743988493870919        1.0001995930295771      -0.14704901685428992     
   1.3699999999999999E-005  0.53758298145277583        1.5155531019698032        1.7651683521571115        1.0002193817634839      -0.15687288066849711     
   1.3800000000000002E-005  0.54010075125953694        1.5227657177069425        1.7553716178666772        1.0002401332646080      -0.16693769017984225     
   1.3900000000000002E-005  0.54270523862698150        1.5306158630404949        1.7449985017833516        1.0002617807394532      -0.17723725631042594     
   1.4000000000000001E-005  0.54539793316282725        1.5391080915862931        1.7340385342547400        1.0002842444105837      -0.18776448983525748     
   1.4100000000000002E-005  0.54818016149225879        1.5482485424357078        1.7224807920203151        1.0003074242008820      -0.19851143778649277     
   1.4200000000000001E-005  0.55105311054136741        1.5580469328286752        1.7103137847092560        1.0003311862416251      -0.20946898164549968     
   1.4300000000000002E-005  0.55401777317811218        1.5685189389351228        1.6975253822356562        1.0003553428348975      -0.22062613277753182     
   1.4400000000000001E-005  0.55707477566846975        1.5796888237760673        1.6841028055155114        1.0003796262532789      -0.23196892916179390     
   1.4500000000000002E-005  0.56022406306324246        1.5915921155745152        1.6700326931115850        1.0004036574287751      -0.24347902416959416     
   1.4600000000000001E-005  0.56346445278704749        1.6042780647258041        1.6553012407869190        1.0004269105116612      -0.25513213095005144     
   1.4700000000000002E-005  0.56679311243666586        1.6178114916783712        1.6398943916549902        1.0004486754773290      -0.26689654000523289     
   1.4800000000000001E-005  0.57020505576041436        1.6322734912548182        1.6237980315405629        1.0004680245734383      -0.27873199931057296     
   1.4900000000000001E-005  0.57369277028632293        1.6477602927347954        1.6069981195065068        1.0004837922047560      -0.29058928167226206     
   1.5000000000000000E-005  0.57724609148200257        1.6643795140688888        1.5894806616300095        1.0004945860709791      -0.30241077302486158     
   1.5100000000000001E-005  0.58085239284244494        1.6822433231676062        1.5712314150401445        1.0004988527346643      -0.31413245886517399     
   1.5200000000000000E-005  0.58449707718734034        1.7014587160551649        1.5522351960932790        1.0004950107652641      -0.32568754258736626     
   1.5299999999999999E-005  0.58816424636785647        1.7221161715208904        1.5324746765070092        1.0004816413008659      -0.33701150487547010     
   1.5399999999999998E-005  0.59183732074650386        1.7442791444183454        1.5119286003256542        1.0004576821351390      -0.34804763540419920     
   1.5500000000000001E-005  0.59549934659777337        1.7679777714707758        1.4905694683729136        1.0004225387269312      -0.35875101078186761     
   1.5600000000000003E-005  0.59913280457115758        1.7932103538761845        1.4683609127160340        1.0003760492863194      -0.36908838998501331     
   1.5700000000000002E-005  0.60271892762232182        1.8199553644407567        1.4452551680160708        1.0003183375240758      -0.37903250873910832     
   1.5800000000000001E-005  0.60623675958646561        1.8481949076312925        1.4211911318828490        1.0002497204943497      -0.38855232766561471     
   1.5900000000000004E-005  0.60966238667846762        1.8779480154661097        1.3960933903524761        1.0001708766391659      -0.39760466596437422     
   1.6000000000000003E-005  0.61296895414912345        1.9093092824704938        1.3698722778709991        1.0000833209540816      -0.40613410398462085     
   1.6100000000000002E-005  0.61612797136230235        1.9424855221280664        1.3424246992937698       0.99998993760997268      -0.41408441011014913     
   1.6200000000000001E-005  0.61911175150654574        1.9778207248694226        1.3136353530652514       0.99989506141890638      -0.42141642164509807     
   1.6300000000000000E-005  0.62189576384789913        2.0157976947636236        1.2833784909405486       0.99980368141416176      -0.42811892681187408     
   1.6400000000000002E-005  0.62445879153827777        2.0570033859962380        1.2515214086652646       0.99972000827608198      -0.43419946155483763     
   1.6500000000000001E-005  0.62677981135913752        2.1020457434904327        1.2179317442081485       0.99964645583873635      -0.43965675841497642     
   1.6600000000000000E-005  0.62883425526714198        2.1514197717074759        1.1824901605297846       0.99958408913359620      -0.44445671127397485     
   1.6699999999999999E-005  0.63059462964086244        2.2053542142023987        1.1451072989013902       0.99953440583470765      -0.44853898048217433     
   1.6800000000000002E-005  0.63203668162467896        2.2637325720137467        1.1057403588907846       0.99950053721648968      -0.45185747990107628     
   1.6900000000000001E-005  0.63314537161565776        2.3262262022023084        1.0644049378779163       0.99948597340576939      -0.45441586117454341     
   1.7000000000000000E-005  0.63391265973338329        2.3926979836150255        1.0211842159189475       0.99949112552340913      -0.45624746276625611     
   1.7099999999999999E-005  0.63433006910689527        2.4636850260395171       0.97624281929493772       0.99951114616521930      -0.45734218074313038     
   1.7200000000000001E-005  0.63438790185157734        2.5405359056977477       0.92984235058620879       0.99954178863896326      -0.45762867677667907     
   1.7300000000000000E-005  0.63408290347209251        2.6249003148678405       0.88233849599662317       0.99958604062519363      -0.45707476993439256     
   1.7400000000000003E-005  0.63342204491150489        2.7177361789967414       0.83415494694174530       0.99964426017264874      -0.45573670652707710     
   1.7500000000000002E-005  0.63241626305215881        2.8182918468262939       0.78575824723560128       0.99970508778065381      -0.45365094374608222     
   1.7600000000000001E-005  0.63107436535336114        2.9235250605082910       0.73763811607308938       0.99976173268831325      -0.45078295183044720     
   1.7700000000000003E-005  0.62940621700906063        3.0285711962977913       0.69027606177664946       0.99981866686688181      -0.44710007318034645     
   1.7800000000000002E-005  0.62743056090042626        3.1284764513988548       0.64411193519487586       0.99987455977898620      -0.44260621170858089     
   1.7900000000000001E-005  0.62517469560645089        3.2200096736491601       0.59951898634983802       0.99992014645634930      -0.43735341010646223     
   1.8000000000000000E-005  0.62266640293843545        3.3021201697092684       0.55678219811303453       0.99995173110473135      -0.43141481105717999     
   1.8100000000000003E-005  0.61992971716375977        3.3751644841263451       0.51609146359451152       0.99997081396908394      -0.42480599135039870     
   1.8200000000000002E-005  0.61698772520708700        3.4399658041788093       0.47755412408158637       0.99997759287609223      -0.41749122184866932     
   1.8300000000000001E-005  0.61386709028304576        3.4973315565591112       0.44120860272968887       0.99997226550129747      -0.40947573057862191     
   1.8400000000000000E-005  0.61059816591899441        3.5479816619962521       0.40703160504158920       0.99995678585573267      -0.40084344308640157     
   1.8500000000000002E-005  0.60721080868412414        3.5926142714051736       0.37494774736864667       0.99993299834475458      -0.39170068359137905     
   1.8600000000000001E-005  0.60373109488858834        3.6319379024647933       0.34484620525035137       0.99990160046367138      -0.38210914954865832     
   1.8700000000000001E-005  0.60018153918555373        3.6666477799698263       0.31659878702475908       0.99986361835624227      -0.37207937891803911     
   1.8800000000000000E-005  0.59658294264941669        3.6973854726814146       0.29007285312129394       0.99982172973737315      -0.36161281988888827     
   1.8900000000000002E-005  0.59295544299975778        3.7247115395986605       0.26513793906922256       0.99977974232229450      -0.35074087797622189     
   1.9000000000000001E-005  0.58931821203765833        3.7490971692008399       0.24166878756215926       0.99974112582194996      -0.33953188529537454     
   1.9100000000000000E-005  0.58568863498503188        3.7709287545149683       0.21954748265054214       0.99970802549318527      -0.32807240191050052     
   1.9199999999999999E-005  0.58208185449272842        3.7905183138383096       0.19866567919963352       0.99968122235030388      -0.31644337987425553     
   1.9300000000000002E-005  0.57851088670195561        3.8081156082967640       0.17892663525775276       0.99966066449655455      -0.30470603699699150     
   1.9400000000000004E-005  0.57498702351641706        3.8239203743614372       0.16024642198951522       0.99964602967364813      -0.29290085186373105     
   1.9500000000000003E-005  0.57152019678748034        3.8380941309919772       0.14255395905424351       0.99963703004214910      -0.28105529914377070     
   1.9600000000000002E-005  0.56811915270462698        3.8507710201765706       0.12578994194615323       0.99963344793059650      -0.26919383905761890     
   1.9700000000000001E-005  0.56479145217696280        3.8620669429151810       0.10990502221788567       0.99963502810637717      -0.25734530191889221     
   1.9800000000000000E-005  0.56154339098212924        3.8720863636459173        9.4857698444062777E-002  0.99964136026534589      -0.24554565610493459     
   1.9900000000000003E-005  0.55837992873060172        3.8809266415740571        8.0612309869459331E-002  0.99965182992677115      -0.23383657319259377     
   2.0000000000000002E-005  0.55530468100098507        3.8886802594338237        6.7137377615531513E-002  0.99966565090986481      -0.22226149364136419     
   2.0100000000000001E-005  0.55231998783390979        3.8954355753331154        5.4404385785934650E-002  0.99968195281031491      -0.21086114473648063     
   2.0200000000000000E-005  0.54942704107817697        3.9012767244626372        4.2386977078321841E-002  0.99969988181393288      -0.19967000221532280     
   2.0300000000000002E-005  0.54662604514854130        3.9062831485572911        3.1060472458535493E-002  0.99971868108646356      -0.18871437820477308     
   2.0400000000000001E-005  0.54391638505621287        3.9105290480440047        2.0401607719628956E-002  0.99973773626938911      -0.17801212049825185     
   2.0500000000000000E-005  0.54129677785593888        3.9140829138831581        1.0388392684239633E-002  0.99975658734386275      -0.16757351045029695     
   2.0599999999999999E-005  0.53876539673012125        3.9170072163386247        1.0000237405325407E-003  0.99977491536302521      -0.15740281653473004     
   2.0700000000000002E-005  0.53631997116045604        3.9193582909201452        6.2754021176709021       0.99979251529353597      -0.14749993135421283     
   2.0800000000000001E-005  0.53395786547534041        3.9211864161353067        6.2672054093756300       0.99980926740997145      -0.13786179581065869     
   2.0900000000000000E-005  0.53167613892036247        3.9225360641327067        6.2595775188504215       0.99982511115715922      -0.12848346633168312     
   2.0999999999999999E-005  0.52947159324307524        3.9234462931106098        6.2525016494494841       0.99984002479051048      -0.11935878448924460     
   2.1100000000000001E-005  0.52734081230067253        3.9239512311967162        6.2459618328119575       0.99985401131425877      -0.11048072024421737     
   2.1200000000000004E-005  0.52528019665791570        3.9240806025743940        6.2399428827118824       0.99986708957340242      -0.10184149447603737     
   2.1300000000000003E-005  0.52328599504836493        3.9238602557836555        6.2344303669040286       0.99987928899214229       -9.3432579142860808E-002
   2.1400000000000002E-005  0.52135433349373950        3.9233126662217277        6.2294105958951782       0.99989064660831350       -8.5244651548522635E-002
   2.1500000000000001E-005  0.51948124217700131        3.9224573964720135        6.2248706255995465       0.99990120536333316       -7.7267551019664427E-002
   2.1600000000000003E-005  0.51766267984094261        3.9213115072239160        6.2207982699734377       0.99991101295897156       -6.9490262846907735E-002
   2.1700000000000002E-005  0.51589455543930729        3.9198899173820290        6.2171821197800536       0.99992012097413763       -6.1900937546313123E-002
   2.1800000000000001E-005  0.51417274682367975        3.9182057159183361        6.2140115641214457       0.99992858403002782       -5.4486942352229957E-002
   2.1900000000000000E-005  0.51249311639974193        3.9162704296093200        6.2112768122021933       0.99993645899868333       -4.7234937266521969E-002
   2.2000000000000003E-005  0.51085152381207177        3.9140942514869828        6.2089689135706534       0.99994380424845053       -4.0130966348244160E-002
   2.2100000000000002E-005  0.50924383584642530        3.9116862347362940        6.2070797758151146       0.99995067896828382       -3.3160555770934484E-002
   2.2200000000000001E-005  0.50766593381483194        3.9090544566009915        6.2056021792035327       0.99995714259465740       -2.6308812535790996E-002
   2.2300000000000000E-005  0.50611371874411926        3.9062061571939557        6.2045297880853427       0.99996325435506273       -1.9560519465375847E-002
   2.2400000000000002E-005  0.50458311471264561        3.9031478560238364        6.2038571591903287       0.99996907292332482       -1.2900223857957695E-002
   2.2500000000000001E-005  0.50307007068277054        3.8998854480096181        6.2035797471066889       0.99997465618125791       -6.3123188633747206E-003
   2.2600000000000000E-005  0.50157056116800991        3.8964242810373371        6.2036939072085939       0.99998006107212389        2.1888215974008999E-004
   2.2700000000000000E-005  0.50008058605772954        3.8927692167871681        6.2041968962688525       0.99998534352620960        6.7090773678078709E-003
   2.2800000000000002E-005  0.49859616990396916        3.8889246761241263        6.2050868709330196       0.99999055843754026        1.3173912921469123E-002
   2.2900000000000004E-005  0.49711336095868280        3.8848946698524935        6.2063628841610949       0.99999575967109444        1.9628922798320791E-002
   2.3000000000000003E-005  0.49562823023754005        3.8806828150648425        6.2080248796764037        1.0000010000815409        2.6089470587322448E-002
   2.3100000000000002E-005  0.49413687087908709        3.8762923366510886        6.2100736844115882        1.0000063315272252        3.2570692227218104E-002
   2.3200000000000001E-005  0.49263539806513851        3.8717260527462125        6.2125109989213394        1.0000118048668134        3.9087439145469360E-002
   2.3300000000000004E-005  0.49111994976940943        3.8669863419600294        6.2153393857539534        1.0000174699308020        4.5654221945548017E-002
   2.3400000000000003E-005  0.48958668860587384        3.8620750891291422        6.2185622558569218        1.0000233754670036        5.2285155777928735E-002
   2.3500000000000002E-005  0.48803180505035626        3.8569936051055786        6.2221838532532008        1.0000295690651868        5.8993909646739784E-002
   2.3600000000000001E-005  0.48645152230194960        3.8517425147883175        6.2262092384626930        1.0000360970710693        6.5793662881923481E-002
   2.3700000000000000E-005  0.48484210306176784        3.8463216062746297        6.2306442714519514        1.0000430045008395        7.2697072708402644E-002
   2.3800000000000003E-005  0.48319985857023129        3.8407296332155476        6.2354955952554931        1.0000503349745407        7.9716257551450370E-002
   2.3900000000000002E-005  0.48152116017225000        3.8349640622219270        6.2407706218189878        1.0000581306506315        8.6862800275179730E-002
   2.4000000000000001E-005  0.47980245352306466        3.8290207582897042        6.2464775218696671        1.0000664321146924        9.4147771505816810E-002
   2.4100000000000000E-005  0.47804027526489534        3.8228936044146762        6.2526252207116100        1.0000752780908631       0.10158176969367579     
   2.4200000000000002E-005  0.47623127161441464        3.8165740572526916        6.2592234014816697        1.0000847047631412       0.10917496420270842     
   2.4300000000000001E-005  0.47437221781939892        3.8100506477343519        6.2662825166911729        1.0000947443058752       0.11693711833925322     
   2.4400000000000000E-005  0.47246003705936240        3.8033084427113000        6.2738138076531067        1.0001054221602459       0.12487755626458488     
   2.4499999999999999E-005  0.47049181729304496        3.7963284906816570        6.2818293298863548        1.0001167524325585       0.13300502759420893     
   2.4600000000000002E-005  0.46846482501378989        3.7890872790302841        7.1566739226192055E-003   1.0001287307998210       0.14132741883105923     
   2.4700000000000004E-005  0.46637651601136193        3.7815562291626925        1.6180220279873758E-002   1.0001413244769444       0.14985126481339403     
   2.4800000000000003E-005  0.46422454540727731        3.7737012476841802        2.5729317124511653E-002   1.0001544592753691       0.15858103583274646     
   2.4900000000000002E-005  0.46200678276798679        3.7654823383196825        3.5819523402755848E-002   1.0001680047835384       0.16751822443844458     
   2.5000000000000001E-005  0.45972134247563506        3.7568532660787182        4.6467315383797114E-002   1.0001817599838541       0.17666032987230190     
   2.5100000000000004E-005  0.45736664246708009        3.7477612606643618        5.7690115374954942E-002   1.0001954427237649       0.18599991925310100     
   2.5200000000000003E-005  0.45494150435802017        3.7381467602254039        6.9506363181101705E-002   1.0002086872207334       0.19552400155267133     
   2.5300000000000002E-005  0.45244530347644890        3.7279432399817560        8.1935669873660189E-002   1.0002210542465297       0.20521398606151547     
   2.5400000000000001E-005  0.44987815751345916        3.7170772235569638        9.4999102257300905E-002   1.0002320543505667       0.21504641651613010     
   2.5500000000000003E-005  0.44724111920852266        3.7054685989638370       0.10871964515381549        1.0002411820908690       0.22499446860937758     
   2.5600000000000002E-005  0.44453632350564004        3.6930313389850409       0.12312287676779743        1.0002479551518015       0.23503001677914107     
   2.5700000000000001E-005  0.44176703378093840        3.6796745728163183       0.13823786931531590        1.0002519465098436       0.24512578620118775     
   2.5800000000000000E-005  0.43893755712537363        3.6653036960149050       0.15409829070384973        1.0002528005881375       0.25525696049395158     
   2.5900000000000003E-005  0.43605305822829243        3.6498209385376468       0.17074363736262299        1.0002502293166629       0.26540166747518096     
   2.6000000000000002E-005  0.43311936513309784        3.6331246602966383       0.18822047585982560        1.0002439919879269       0.27553996270750641     
   2.6100000000000001E-005  0.43014289221303020        3.6151066774294782       0.20658351860832358        1.0002338748400919       0.28565128116587479     
   2.6200000000000000E-005  0.42713077104443975        3.5956470348104235       0.22589632655357406        1.0002196983711169       0.29571084174921014     
   2.6300000000000002E-005  0.42409117741275054        3.5746055489570785       0.24623144985712830        1.0002013868855917       0.30568613330696642     
   2.6400000000000001E-005  0.42103371938820122        3.5518089772760035       0.26766991653578653        1.0001791252498908       0.31553530529167823     
   2.6500000000000000E-005  0.41796966013637166        3.5270323226152001       0.29030015032570144        1.0001535809970439       0.32520955051856298     
   2.6599999999999999E-005  0.41491177604678398        3.4999741963570106       0.31421654388511211        1.0001260807582515       0.33466043419514385     
   2.6699999999999998E-005  0.41187385369422197        3.4702311813338973       0.33951784707323984        1.0000985492325332       0.34384980668333359     
   2.6800000000000001E-005  0.40887015275864297        3.4372839925911194       0.36630510822078222        1.0000730835663107       0.35275560843003129     
   2.6900000000000000E-005  0.40591536661873090        3.4005134742074068       0.39467826676473816        1.0000513631782497       0.36136610262405688     
   2.6999999999999999E-005  0.40302533701906729        3.3592581091474911       0.42473027103320682        1.0000344747470717       0.36966312748149949     
   2.7099999999999998E-005  0.40021796073556276        3.3129017749691640       0.45653854923559845        1.0000235009050544       0.37760865022130929     
   2.7200000000000000E-005  0.39751315587208480        3.2609520199928661       0.49015544904143571        1.0000201060451077       0.38515102803053980     
   2.7300000000000000E-005  0.39493146427135667        3.2030667871502176       0.52559972404745459        1.0000258138869360       0.39224537946950755     
   2.7399999999999999E-005  0.39249244013552187        3.1390422182519293       0.56284886292934821        1.0000406283632681       0.39886125247193216     
   2.7500000000000004E-005  0.39021441157621795        3.0688678887803036       0.60183036454603567        1.0000638216242557       0.40497093080866098     
   2.7600000000000003E-005  0.38811551922481846        2.9929818942829658       0.64241348650831753        1.0000964950217177       0.41054732114091785     
   2.7700000000000006E-005  0.38621453414262918        2.9126710439349819       0.68440645677836098        1.0001398471479579       0.41557566061154416     
   2.7800000000000005E-005  0.38453072510420666        2.8302189775184723       0.72755849656349803        1.0001895066108355       0.42003173121767334     
   2.7900000000000004E-005  0.38308218058395377        2.7483925588134692       0.77156205018985968        1.0002392588490157       0.42384725767483389     
   2.8000000000000003E-005  0.38188306835667940        2.6695244825462523       0.81606326942779450        1.0002911366410074       0.42697653875202524     
   2.8100000000000005E-005  0.38094367181214162        2.5949952580316178       0.86068887254520554        1.0003474597325541       0.42946785065753323     
   2.8200000000000004E-005  0.38027408089611942        2.5253434546074098       0.90506963850519107        1.0003982929477166       0.43133848242201012     
   2.8300000000000003E-005  0.37988520853650520        2.4604617880261568       0.94884802044764260        1.0004348306803996       0.43248658179577493     
   2.8400000000000003E-005  0.37978370656860105        2.3996914805264185       0.99169341845064007        1.0004611424812215       0.43284797592599722     
   2.8500000000000002E-005  0.37996840860068792        2.3421764542269421        1.0333306413699548        1.0004804774287357       0.43248442661880138     
   2.8600000000000004E-005  0.38043453096229679        2.2874339403274271        1.0735550191229581        1.0004867504825623       0.43145477656679909     
   2.8700000000000003E-005  0.38117888841484698        2.2356091166840724        1.1122267700574673        1.0004739992454779       0.42972741003125758     
   2.8800000000000002E-005  0.38219772771963639        2.1871980366805435        1.1492619352153159        1.0004432599253277       0.42724875169481319     
   2.8900000000000001E-005  0.38348081506284654        2.1425738469202296        1.1846293418183969        1.0003993131461528       0.42402681087969846     
   2.9000000000000004E-005  0.38501057737961691        2.1017210247968161        1.2183477984904671        1.0003454503511362       0.42012701417492293     
   2.9100000000000003E-005  0.38676737095521907        2.0642697508719827        1.2504770425904104        1.0002821670963131       0.41561508358831994     
   2.9200000000000002E-005  0.38873433187015793        2.0296776195628472        1.2811036900021859        1.0002093824359719       0.41051849058135292     
   2.9300000000000001E-005  0.39089712838349011        1.9973977317679374        1.3103275999966426        1.0001288765431058       0.40483360843878952     
   2.9400000000000003E-005  0.39324038814681894        1.9669721749256412        1.3382522641263837        1.0000446437657298       0.39855773455534466     
   2.9500000000000002E-005  0.39574517086520239        1.9380617295723341        1.3649793170775428       0.99996149614934915       0.39171382947689259     
   2.9600000000000001E-005  0.39838945163187023        1.9104401653531002        1.3906054421629301       0.99988346209876167       0.38435283425305422     
   2.9700000000000000E-005  0.40115049806162129        1.8839731830699351        1.4152200873932301       0.99981301743003037       0.37653843667801928     
   2.9800000000000003E-005  0.40400713391199772        1.8585920399819988        1.4389033792281012       0.99975123764063745       0.36832817361185655     
   2.9900000000000002E-005  0.40694072748980953        1.8342669095865782        1.4617244208159041       0.99969841019794026       0.35976246736477169     
   3.0000000000000001E-005  0.40993490047522713        1.8109831719116316        1.4837404271183505       0.99965460758550995       0.35086561155099499     
   3.0100000000000000E-005  0.41297462641265414        1.7887226644414240        1.5049969956002363       0.99961994261996368       0.34165550207911932     
   3.0200000000000002E-005  0.41604540099207216        1.7674509135184608        1.5255294682567451       0.99959449165420644       0.33215517226875552     
   3.0300000000000001E-005  0.41913282691119708        1.7471106766816045        1.5453650203484832       0.99957806133991611       0.32239990243772731     
   3.0400000000000000E-005  0.42222264384650610        1.7276216231551269        1.5645249635043710       0.99957001384774535       0.31243743592387269     
   3.0499999999999999E-005  0.42530108377347353        1.7088853454075461        1.5830268111920747       0.99956927006801299       0.30232285405166753     
   3.0599999999999998E-005  0.42835537028918541        1.6907940955884049        1.6008858453842310       0.99957447355258522       0.29211165727497479     
   3.0700000000000001E-005  0.43137419466605537        1.6732409890124895        1.6181161337387833       0.99958421798235675       0.28185421831871399     
   3.0799999999999996E-005  0.43434805622510353        1.6561293117506037        1.6347310922290257       0.99959723729262984       0.27159304845170096     
   3.0899999999999999E-005  0.43726941472374653        1.6393791631161236        1.6507437403791307       0.99961250818461422       0.26136263444935570     
   3.1000000000000001E-005  0.44013265126085260        1.6229307414653615        1.6661667795288855       0.99962926566964783       0.25119076044421806     
   3.1100000000000004E-005  0.44293386633302956        1.6067445828988338        1.6810125791480726       0.99964696294894173       0.24110019223906179     
   3.1200000000000006E-005  0.44567056314500469        1.5907996221057463        1.6952931158662112       0.99966521196190106       0.23111003929025686     
   3.1300000000000002E-005  0.44834127155930809        1.5750900564227579        1.7090198873933113       0.99968372941082451       0.22123659395018788     
   3.1400000000000004E-005  0.45094517866997941        1.5596218107891386        1.7222038184755277       0.99970229925878740       0.21149377776969264     
   3.1500000000000007E-005  0.45348183187065305        1.5444091187385456        1.7348551785922126       0.99972075096385615       0.20189343091303688     
   3.1600000000000002E-005  0.45595095480634656        1.5294714878525268        1.7469835310565216       0.99973894772196881       0.19244561504905336     
   3.1700000000000005E-005  0.45835238115839505        1.5148311553808329        1.7585977269539654       0.99975677884719649       0.18315896465542711     
   3.1800000000000007E-005  0.46068608196189043        1.5005110531097370        1.7697059464034801       0.99977415319254737       0.17404101629712854     
   3.1900000000000003E-005  0.46295224778756539        1.4865332639765658        1.7803157784471750       0.99979099338985700       0.16509842283087109     
   3.2000000000000005E-005  0.46515138656616933        1.4729179351527875        1.7904343233737272       0.99980723155145412       0.15633699504536536     
   3.2100000000000001E-005  0.46728440676123345        1.4596826009097201        1.8000682987685277       0.99982280710513805       0.14776157027136461     
   3.2200000000000003E-005  0.46935266814989562        1.4468418594739603        1.8092241325608267       0.99983766676689978       0.13937575687596845     
   3.2300000000000006E-005  0.47135799443518450        1.4344073402785267        1.8179080313277147       0.99985176610270510       0.13118162924998375     
   3.2400000000000001E-005  0.47330265144668671        1.4223878922382391        1.8261260185162236       0.99986507180682438       0.12317945041866227     
   3.2500000000000004E-005  0.47518929984948055        1.4107899229313112        1.8338839430535518       0.99987756378839110       0.11536747950927202     
   3.2600000000000000E-005  0.47702093276828805        1.3996178230353991        1.8411874629323464       0.99988923643757377       0.10774189386419139     
   3.2700000000000002E-005  0.47880080791411639        1.3888744197384832        1.8480420105446314       0.99990009879113750       0.10029682795381802     
   3.2800000000000004E-005  0.48053238175017499        1.3785614162312705        1.8544527469811545       0.99991017365694734        9.3024511155318762E-002
   3.2900000000000000E-005  0.48221925085425704        1.3686797881176060        1.8604245117515426       0.99991949592728480        8.5915475514145564E-002
   3.3000000000000003E-005  0.48386510338481448        1.3592301205741384        1.8659617729850542       0.99992811041850904        7.8958803275769970E-002
   3.3100000000000005E-005  0.48547368162892096        1.3502128810115379        1.8710685815698103       0.99993606959559944        7.2142386982364040E-002
   3.3200000000000001E-005  0.48704875516819823        1.3416286280544949        1.8757485312734357       0.99994343135852792        6.5453178806230694E-002
   3.3300000000000003E-005  0.48859410330227232        1.3334781638086102        1.8800047256692132       0.99995025711367524        5.8877416360786965E-002
   3.3399999999999999E-005  0.49011350493513495        1.3257626385800285        1.8838397517516281       0.99995661020063364        5.2400813086077115E-002
   3.3500000000000001E-005  0.49161073410288469        1.3184836193409677        1.8872556596380061       0.99996255470958273        4.6008712929288077E-002
   3.3600000000000004E-005  0.49308955948417083        1.3116431316367687        1.8902539474228526       0.99996815467331279        3.9686206980020698E-002
   3.3699999999999999E-005  0.49455374656752188        1.3052436843137274        1.8928355501914158       0.99997347361034850        3.3418217506470227E-002
   3.3800000000000002E-005  0.49600706153784685        1.2992882843861788        1.8950008323415997       0.99997857434750337        2.7189553364355985E-002
   3.3900000000000004E-005  0.49745327611867068        1.2937804479256254        1.8967495824414495       0.99998351907835614        2.0984941861516292E-002
   3.4000000000000000E-005  0.49889617285984195        1.2887242115694371        1.8980810100617340       0.99998836960412463        1.4789042751270130E-002
   3.4100000000000002E-005  0.50033955066491287        1.2841241479258909        1.8989937442287594       0.99999318771015289        8.5864492033376066E-003
   3.4199999999999998E-005  0.50178723044556917        1.2799853872239926        1.8994858332973372       0.99999803564027145        2.3616799526478302E-003
   3.4300000000000000E-005  0.50324306081667292        1.2763136468882768        1.8995547461762694        1.0000029766372978       -3.9008337306882333E-003
   3.4400000000000003E-005  0.50471092373583171        1.2731152701794044        1.8991973749422701        1.0000080755226795       -1.0216763097113592E-002
   3.4499999999999998E-005  0.50619473995433528        1.2703972745830492        1.8984100389610727        1.0000133992898705       -1.6601896047371854E-002
   3.4600000000000001E-005  0.50769847408616842        1.2681674101566802        1.8971884907137415        1.0000190176833958       -2.3072147214700831E-002
   3.4699999999999996E-005  0.50922613901929237        1.2664342274397800        1.8955279236223816        1.0000250037280205       -2.9643560293383352E-002
   3.4800000000000006E-005  0.51078179928764367        1.2652071536692133        1.8934229823040081        1.0000314341593024       -3.6332297878486637E-002
   3.4900000000000008E-005  0.51236957289156715        1.2644965747386139        1.8908677758761581        1.0000383896883613       -4.3154612635879025E-002
   3.5000000000000004E-005  0.51399363090183026        1.2643139183192689        1.8878558951945923        1.0000459550136040       -5.0126792203598794E-002
   3.5100000000000006E-005  0.51565819402686386        1.2646717313335318        1.8843804352077367        1.0000542184566972       -5.7265068323062863E-002
   3.5200000000000002E-005  0.51736752516106366        1.2655837420178251        1.8804340240371751        1.0000632710679263       -6.4585477952625064E-002
   3.5300000000000004E-005  0.51912591678940523        1.2670648930048916        1.8760088607641023        1.0000732050614720       -7.2103665633955288E-002
   3.5400000000000007E-005  0.52093767208752251        1.2691313279324938        1.8710967641375778        1.0000841113578605       -7.9834615139319873E-002
   3.5500000000000002E-005  0.52280707856769126        1.2718003091077581        1.8656892346566814        1.0000960761628848       -8.7792301751433113E-002
   3.5600000000000005E-005  0.52473837336200657        1.2750900417597002        1.8597775319481311        1.0001091764440566       -9.5989265531813167E-002
   3.5700000000000007E-005  0.52673569965116296        1.2790193777994909        1.8533527685367073        1.0001234745216150      -0.10443611574622211     
   3.5800000000000003E-005  0.52880305447908071        1.2836073761914553        1.8464060190563512        1.0001390120289226      -0.11314099434530683     
   3.5900000000000005E-005  0.53094422923015783        1.2888727044902186        1.8389284410283562        1.0001558040077314      -0.12210904945483340     
   3.6000000000000001E-005  0.53316274537506214        1.2948328840399586        1.8309113992148358        1.0001738341666568      -0.13134199044738015     
   3.6100000000000003E-005  0.53546178974099534        1.3015034081122263        1.8223465806907395        1.0001930525820026      -0.14083781666156492     
   3.6200000000000006E-005  0.53784415595289148        1.3088967990396170        1.8132260830167031        1.0002133771512531      -0.15059081685678918     
   3.6300000000000001E-005  0.54031220043117278        1.3170217144342629        1.8035424544384284        1.0002346996557983      -0.16059192020375648     
   3.6400000000000004E-005  0.54286782169119907        1.3258822553578367        1.7932886646527333        1.0002568962083958      -0.17082943171032924     
   3.6500000000000000E-005  0.54551246984246271        1.3354776582682892        1.7824579892844170        1.0002798402464839      -0.18129010153529751     
   3.6600000000000002E-005  0.54824718772993408        1.3458025531497206        1.7710438021739883        1.0003034142170710      -0.19196036643281908     
   3.6700000000000004E-005  0.55107267592814879        1.3568479370173321        1.7590392871027465        1.0003275143549377      -0.20282747887579369     
   3.6800000000000000E-005  0.55398936080509764        1.3686029446401362        1.7464371026689864        1.0003520426832218      -0.21388015341222963     
   3.6900000000000002E-005  0.55699742968574473        1.3810574058567822        1.7332290558287848        1.0003768818319194      -0.22510835320319747     
   3.7000000000000005E-005  0.56009678479533798        1.3942050836984996        1.7194058543074231        1.0004018525671778      -0.23650195691885484     
   3.7100000000000001E-005  0.56328686477112400        1.4080474101693905        1.7049570077851151        1.0004266596137219      -0.24804830142003076     
   3.7200000000000003E-005  0.56656629636331690        1.4225974760341822        1.6898709267369876        1.0004508371710459      -0.25972894951595843     
   3.7299999999999999E-005  0.56993237310182321        1.4378839683442644        1.6741352238155542        1.0004737091664802      -0.27151640686997447     
   3.7400000000000001E-005  0.57338041003640317        1.4539546399087599        1.6577371613308500        1.0004943765553704      -0.28337174536275750     
   3.7500000000000003E-005  0.57690309167519294        1.4708786911780949        1.6406641248994127        1.0005117349628507      -0.29524401469550782     
   3.7599999999999999E-005  0.58049000234509085        1.4887472165503643        1.6229039594339820        1.0005245148768391      -0.30707189199032281     
   3.7700000000000002E-005  0.58412754974844583        1.5076707941687735        1.6044449957677847        1.0005313317578692      -0.31878738562489034     
   3.7800000000000004E-005  0.58779942431074983        1.5277734458811607        1.5852756313124106        1.0005307373085308      -0.33032077020849165     
   3.7900000000000000E-005  0.59148755443627832        1.5491826772719390        1.5653833949190883        1.0005212815567694      -0.34160561448307031     
   3.8000000000000002E-005  0.59517325144422550        1.5720161811104230        1.5447534954025652        1.0005016069372310      -0.35258293280961428     
   3.8099999999999998E-005  0.59883803687301129        1.5963669850505318        1.5233669096355085        1.0004705790236974      -0.36320378608520831     
   3.8200000000000000E-005  0.60246369658455778        1.6222902436936930        1.5011981239930234        1.0004274174458656      -0.37342971755947457     
   3.8300000000000003E-005  0.60603147918501832        1.6497962067519967        1.4782127328376440        1.0003717618957155      -0.38323018041865897     
   3.8399999999999998E-005  0.60952080699427624        1.6788544755599486        1.4543652156542857        1.0003036599738715      -0.39257650553592999     
   3.8500000000000007E-005  0.61290816499968881        1.7094135886101178        1.4295972902575924        1.0002235752332176      -0.40143388584633216     
   3.8600000000000003E-005  0.61616687165040152        1.7414366751574624        1.4038371606428095        1.0001325813001487      -0.40975580283148488     
   3.8700000000000006E-005  0.61926815418722303        1.7749488292910112        1.3769996803015641        1.0000327969848724      -0.41748687278342034     
   3.8800000000000008E-005  0.62218337956638825        1.8100865462435960        1.3489870713941068       0.99992779838534174      -0.42457690611666837     
   3.8900000000000004E-005  0.62488654302234947        1.8471357061296865        1.3196897951984354       0.99982244586025837      -0.43099971974536366     
   3.9000000000000006E-005  0.62735544312454183        1.8865426414466377        1.2889878971285107       0.99972175719884604      -0.43676032745967958     
   3.9100000000000002E-005  0.62957021260811008        1.9288816696640059        1.2567545229825265       0.99962934927427005      -0.44187614884396692     
   3.9200000000000004E-005  0.63150988896496929        1.9747627361650031        1.2228641768463770       0.99954694588367388      -0.44633968986419120     
   3.9300000000000007E-005  0.63315033454628911        2.0246739296886074        1.1872068516888348       0.99947606505500464      -0.45009865748190075     
   3.9400000000000002E-005  0.63446699678482221        2.0787936662492434        1.1497050662326114       0.99942013923772710      -0.45308683505122344     
   3.9500000000000005E-005  0.63544200040608845        2.1368782807981401        1.1103280525512691       0.99938342587015838      -0.45528253244619027     
   3.9600000000000000E-005  0.63606804255562710        2.1983793646359726        1.0691006713642643       0.99936749296351868      -0.45672318125497119     
   3.9700000000000003E-005  0.63634297400014350        2.2628672295909462        1.0261121402195776       0.99937012750285759      -0.45744337261448115     
   3.9800000000000005E-005  0.63626181254514547        2.3305903867278506       0.98153096707509047       0.99938783103600970      -0.45740744673196337     
   3.9900000000000001E-005  0.63581892379504568        2.4027560352887791       0.93561889128493192       0.99941877214240382      -0.45654385352729077     
   4.0000000000000003E-005  0.63501834089982345        2.4811841150786345       0.88872437464241472       0.99946396409199501      -0.45485306477608228     
   4.0100000000000006E-005  0.63387410660174182        2.5674191204474397       0.84125532846846429       0.99952199107218509      -0.45240824912798372     
   4.0200000000000001E-005  0.63240021808838220        2.6617194040029108       0.79365667459363642       0.99958411516883883      -0.44923054968317883     
   4.0300000000000004E-005  0.63060932169561268        2.7623034857591278       0.74639557070329232       0.99964379681013105      -0.44526704904502673     
   4.0399999999999999E-005  0.62851964500282309        2.8652825058998674       0.69993194340686937       0.99970283082322453      -0.44050300209578641     
   4.0500000000000002E-005  0.62615707585484282        2.9657452079526596       0.65468145729879978       0.99976075115914742      -0.43498564932623091     
   4.0600000000000004E-005  0.62355119631972877        3.0595601735490718       0.61099258904546705       0.99981084051474967      -0.42876934045695236     
   4.0700000000000000E-005  0.62072960386836906        3.1445080805597887       0.56913429682049976       0.99984808788775192      -0.42189816191859314     
   4.0800000000000002E-005  0.61771593956112492        3.2201091850200871       0.52929069285653263       0.99987241865243670      -0.41438662510080632     
   4.0900000000000005E-005  0.61453380592132467        3.2868281632321912       0.49156765221642562       0.99988518782230162      -0.40622155980510344     
   4.1000000000000000E-005  0.61121050848306668        3.3454462284891893       0.45600429332549552       0.99988773459112501      -0.39741945170382059     
   4.1100000000000003E-005  0.60777577930822313        3.3967952762278819       0.42258168692311315       0.99988159113448394      -0.38806064379778565     
   4.1199999999999999E-005  0.60425790417812453        3.4416989941676226       0.39123236938999906       0.99986785701820857      -0.37824972886735420     
   4.1300000000000001E-005  0.60068120901799704        3.4809608965658105       0.36185464574496695       0.99984708959651758      -0.36805660632947551     
   4.1400000000000003E-005  0.59706619918831649        3.5153406874957827       0.33432857720637976       0.99982029807881467      -0.35750242264775817     
   4.1499999999999999E-005  0.59343112100084172        3.5455243453528391       0.30852839216620609       0.99978972869286953      -0.34659051774066124     
   4.1600000000000002E-005  0.58979315000025623        3.5721046730776616       0.28432952770269626       0.99975853334836617      -0.33534288771782100     
   4.1700000000000004E-005  0.58616849599517418        3.5955780039540830       0.26161192117513288       0.99972974832632600      -0.32381388313155673     
   4.1800000000000000E-005  0.58257189465254633        3.6163527740017019       0.24026184920533655       0.99970546705056940      -0.31208046539686352     
   4.1900000000000002E-005  0.57901618894470419        3.6347630923437424       0.22017357001390980       0.99968663809222602      -0.30022321512191597     
   4.1999999999999998E-005  0.57551228988759862        3.6510825537512592       0.20125090335073104       0.99967334843992495      -0.28831117436887710     
   4.2100000000000007E-005  0.57206942333365762        3.6655364524801879       0.18340838393156034       0.99966524676990576      -0.27639582995824963     
   4.2200000000000003E-005  0.56869544569182373        3.6783122638231407       0.16657166054179839       0.99966186199231200      -0.26451305131693531     
   4.2300000000000005E-005  0.56539706847554283        3.6895686424913325       0.15067706533524383       0.99966274691904011      -0.25268905762032129     
   4.2400000000000007E-005  0.56217993891012819        3.6994429256179964       0.13567051244634776       0.99966749013490819      -0.24094671008862462     
   4.2500000000000003E-005  0.55904860840685411        3.7080569410889672       0.12150600332040096       0.99967567052754647      -0.22930989366050361     
   4.2600000000000005E-005  0.55600646433630130        3.7155210705272501       0.10814402023590119       0.99968681288637151      -0.21780525066239578     
   4.2700000000000008E-005  0.55305569686956735        3.7219367844428994        9.5550027415052696E-002  0.99970037463637251      -0.20646160462807611     
   4.2800000000000004E-005  0.55019733547132299        3.7273980447863804        8.3693211883735685E-002  0.99971576697350506      -0.19530800675612864     
   4.2900000000000006E-005  0.54743135672610987        3.7319919960264096        7.2545514328225202E-002  0.99973239557148930      -0.18437138420171115     
   4.3000000000000002E-005  0.54475684177145944        3.7357992755965115        6.2080942056442545E-002  0.99974970436299504      -0.17367451093574496     
   4.3100000000000004E-005  0.54217214884181486        3.7388941501261219        5.2275121388195345E-002  0.99976721065807583      -0.16323471957243407     
   4.3200000000000007E-005  0.53967507193760167        3.7413445919851109        4.3105030098926633E-002  0.99978452508490578      -0.15306346767970910     
   4.3300000000000002E-005  0.53726297245393861        3.7432123602674383        3.4548850031921319E-002  0.99980135546151838      -0.14316661155360141     
   4.3400000000000005E-005  0.53493288184152910        3.7445531264411884        2.6585891484473656E-002  0.99981749865494318      -0.13354510244238957     
   4.3500000000000000E-005  0.53268157723296861        3.7454166637194670        1.9196555638782975E-002  0.99983282696199371      -0.12419587709547530     
   4.3600000000000003E-005  0.53050563488061420        3.7458471175882151        1.2362311748482568E-002  0.99984727207239221      -0.11511277659096462     
   4.3700000000000005E-005  0.52840146874640970        3.7458833637069673        6.0656770536180460E-003  0.99986080958273249      -0.10628734619677623     
   4.3800000000000001E-005  0.52636535998902390        3.7455594368436977        2.9019582758493812E-004  0.99987344608091755       -9.7709465778820906E-002
   4.3900000000000003E-005  0.52439348081007653        3.7449050030810125        6.2782057250452663       0.99988520914813439       -8.9367811762568555E-002
   4.4000000000000006E-005  0.52248191484811168        3.7439458458923052        6.2734271852892842       0.99989614006500205       -8.1250176564485591E-002
   4.4100000000000001E-005  0.52062667536656715        3.7427043408884639        6.2691263862365805       0.99990628874011012       -7.3343680775761907E-002
   4.4200000000000004E-005  0.51882372178453751        3.7411999007744288        6.2652907841206709       0.99991571028461246       -6.5634911225105744E-002
   4.4299999999999999E-005  0.51706897467234314        3.7394493793022661        6.2619087790623400       0.99992446276400082       -5.8110013953583652E-002
   4.4400000000000002E-005  0.51535832914136770        3.7374674291264816        6.2589697087840186       0.99993260572069631       -5.0754760933596078E-002
   4.4500000000000004E-005  0.51368766652958020        3.7352668130638365        6.2564638451242125       0.99994019921459043       -4.3554604463900450E-002
   4.4600000000000000E-005  0.51205286430762964        3.7328586710361273        6.2543823924682522       0.99994730318373060       -3.6494725658815570E-002
   4.4700000000000002E-005  0.51044980421171771        3.7302527463805171        6.2527174872937321       0.99995397702938593       -2.9560080739493969E-002
   4.4800000000000005E-005  0.50887437867277252        3.7274575756875734        6.2514621981327778       0.99996027934682652       -2.2735446792681035E-002
   4.4900000000000000E-005  0.50732249567940113        3.7244806459793831        6.2506105254445359       0.99996626776049913       -1.6005466752706358E-002
   4.5000000000000003E-005  0.50579008226797995        3.7213285223942951        6.2501574010720828       0.99997199883971699       -9.3546931713786412E-003
   4.5099999999999998E-005  0.50427308686653594        3.7180069495033954        6.2500986870582160       0.99997752807809914       -2.7676302682222574E-003
   4.5200000000000001E-005  0.50276748073584698        3.7145209284568574        6.2504311737244054       0.99998290992232419        3.7712263663052768E-003
   4.5300000000000003E-005  0.50126925876270678        3.7108747711294940        6.2511525770298686       0.99998819783972548        1.0277352913616828E-002
   4.5399999999999999E-005  0.49977443986625819        3.7070721316381650        6.2522615353056707       0.99999344441565319        1.6766163680041826E-002
   4.5500000000000001E-005  0.49827906727939070        3.7031160148329429        6.2537576055231536       0.99999870147220682        2.3252980938287270E-002
   4.5600000000000004E-005  0.49677920896391614        3.6990087605988053        6.2556412593154116        1.0000040202001177        2.9753008474234659E-002
   4.5700000000000000E-005  0.49527095840948132        3.6947520020570854        6.2579138790294522        1.0000094512950253        3.6281308982345141E-002
   4.5800000000000009E-005  0.49375043604932584        3.6903465950704457        6.2605777541441077        1.0000150450868754        4.2852785251716562E-002
   4.5900000000000004E-005  0.49221379149841266        3.6857925159108036        6.2636360784316203        1.0000208516458151        4.9482164560355688E-002
   4.6000000000000007E-005  0.49065720677744618        3.6810887236637511        6.2670929482594717        1.0000269208419768        5.6183985131597031E-002
   4.6100000000000002E-005  0.48907690062991971        3.6762329840811558        6.2709533624194860        1.0000333023239867        6.2972582632018770E-002
   4.6200000000000005E-005  0.48746913398064667        3.6712216523632755        6.2752232237805163        1.0000400453520613        6.9862072404618794E-002
   4.6300000000000007E-005  0.48583021649952968        3.6660494138536395        6.2799093428368398        1.0000471984083645        7.6866320841306485E-002
   4.6400000000000003E-005  0.48415651410988947        3.6607089839823215        1.8341357597311259E-003   1.0000548084573642        8.3998897032136727E-002
   4.6500000000000005E-005  0.48244445717882428        3.6551907718672996        7.3768593494412116E-003   1.0000629196870743        9.1272990713637162E-002
   4.6600000000000008E-005  0.48069054905411357        3.6494825152312869        1.3361774006265037E-002   1.0000715715353925        9.8701281100902968E-002
   4.6700000000000003E-005  0.47889137469514398        3.6435688967642688        1.9799376709337402E-002   1.0000807957731068       0.10629573831836588     
   4.6800000000000006E-005  0.47704360949507729        3.6374311517357985        2.6701094665623870E-002   1.0000906124530777       0.11406734252848612     
   4.6900000000000002E-005  0.47514402911235820        3.6310466732715776        3.4079281718798704E-002   1.0001010246254987       0.12202571241201107     
   4.7000000000000004E-005  0.47318952213359938        3.6243886168603576        4.1947210928697132E-002   1.0001120118906055       0.13017864880214988     
   4.7100000000000006E-005  0.47117710855694039        3.6174254988933283        5.0319066692243730E-002   1.0001235231228434       0.13853161796130303     
   4.7200000000000002E-005  0.46910396820240385        3.6101207778876594        5.9209943887037042E-002   1.0001354690822311       0.14708722405634517     
   4.7300000000000005E-005  0.46696748383327447        3.6024324068704452        6.8635866728171457E-002   1.0001477160621388       0.15584474828918951     
   4.7400000000000000E-005  0.46476530299063651        3.5943123573494438        7.8613845672719229E-002   1.0001600819796070       0.16479985314095519     
   4.7500000000000003E-005  0.46249541925833487        3.5857061426233199        8.9161995283658868E-002   1.0001723359892718       0.17394454284937744     
   4.7600000000000005E-005  0.46015626943759536        3.5765524108430666       0.10029973748713239        1.0001842027629144       0.18326744077871868     
   4.7700000000000001E-005  0.45774683937996186        3.5667827281085778       0.11204811302408402        1.0001953718550269       0.19275440653972534     
   4.7800000000000003E-005  0.45526676552018724        3.5563216878069182       0.12443021843848090        1.0002055097869182       0.20238940394745875     
   4.7900000000000006E-005  0.45271641377284838        3.5450874377892587       0.13747177543932665        1.0002142732708443       0.21215543625262190     
   4.8000000000000001E-005  0.45009692186641631        3.5329925830520010       0.15120182879395561        1.0002213211507560       0.22203534534671868     
   4.8100000000000004E-005  0.44741020068943815        3.5199451908949184       0.16565355725461650        1.0002263218769094       0.23201223819102890     
   4.8199999999999999E-005  0.44465890532618957        3.5058493761353411       0.18086516518852935        1.0002289562051336       0.24206934484098902     
   4.8300000000000002E-005  0.44184641038780487        3.4906047790541983       0.19688079892665478        1.0002289186362914       0.25218924043358459     
   4.8400000000000004E-005  0.43897683948253058        3.4741042377987781       0.21375140091939393        1.0002259227669394       0.26235248856380067     
   4.8500000000000000E-005  0.43605518262621323        3.4562290824136785       0.23153537858888296        1.0002197172602099       0.27253582475464222     
   4.8600000000000002E-005  0.43308748895849125        3.4368415763753317       0.25029893993335861        1.0002101254190707       0.28271016437019353     
   4.8700000000000005E-005  0.43008106311504762        3.4157739022702924       0.27011596653180003        1.0001971261197220       0.29283913250393251     
   4.8800000000000000E-005  0.42704456117387396        3.3928128144601111       0.29106738003777721        1.0001809879722521       0.30287938261351838     
   4.8900000000000003E-005  0.42398791538311514        3.3676794661852467       0.31324009084985516        1.0001624334777670       0.31278419093181459     
   4.8999999999999998E-005  0.42092210274716430        3.3400063890732423       0.33672569585191336        1.0001427390480901       0.32251061375878692     
   4.9100000000000001E-005  0.41785887634906038        3.3093190180308598       0.36161895026748692        1.0001236236210780       0.33202724974282716     
   4.9200000000000003E-005  0.41481064733031925        3.2750353558022258       0.38801560417837866        1.0001068668074848       0.34131619917159667     
   4.9299999999999999E-005  0.41179069372303062        3.2364981276404108       0.41600873013813455        1.0000938819940635       0.35036418835119992     
   4.9400000000000008E-005  0.40881370609917145        3.1930427074120913       0.44568279041978442        1.0000856820248605       0.35914726554575710     
   4.9500000000000004E-005  0.40589635294789217        3.1440830209953541       0.47710575790659959        1.0000833264353448       0.36762360892284013     
   4.9600000000000006E-005  0.40305729654662525        3.0891833589683606       0.51032073046263982        1.0000881396697916       0.37574335939571929     
   4.9700000000000009E-005  0.40031633423398494        3.0281013113479434       0.54533799377333381        1.0001010490474393       0.38346229477111377     
   4.9800000000000004E-005  0.39769308814296922        2.9608419950003104       0.58212682082108014        1.0001220443835894       0.39074048826768815     
   4.9900000000000007E-005  0.39520626275898801        2.8878118344760435       0.62060695968527657        1.0001513926775343       0.39753807958792065     
   5.0000000000000002E-005  0.39287420108800963        2.8100999134429361       0.66064317244813875        1.0001906751149774       0.40383249989720726     
   5.0100000000000005E-005  0.39071618427029603        2.7296883952031585       0.70204506749264795        1.0002393549765216       0.40962264885300737     
   5.0200000000000007E-005  0.38875301415969454        2.6492173983572420       0.74456739371692748        1.0002917690934414       0.41487180311319727     
   5.0300000000000003E-005  0.38700551079267770        2.5712228747967600       0.78791008273905661        1.0003444294187549       0.41949087780434224     
   5.0400000000000005E-005  0.38549074968902741        2.4973903432975315       0.83173150713537858        1.0004007501437937       0.42344913979001531     
   5.0500000000000008E-005  0.38422077642706970        2.4283955898338263       0.87567562910428798        1.0004591058359715       0.42679970475874379     
   5.0600000000000003E-005  0.38320818742577473        2.3641570860840204       0.91939014903383764        1.0005088761178429       0.42953017037115487     
   5.0700000000000006E-005  0.38246877518189776        2.3040244045809977       0.96253350404994897        1.0005449977732839       0.43153622365602823     
   5.0800000000000002E-005  0.38201349158756392        2.2469861648539005        1.0047920171517122        1.0005709616289213       0.43276893550579953     
   5.0900000000000004E-005  0.38184321366650559        2.1921677376899047        1.0459052746360618        1.0005872769154482       0.43327783579628093     
   5.1000000000000006E-005  0.38195538294961068        2.1393398082202548        1.0856790482067797        1.0005889015747793       0.43310789259180366     
   5.1100000000000002E-005  0.38235091310879987        2.0889501625664839        1.1239813748278786        1.0005716275381011       0.43223543280589294     
   5.1200000000000004E-005  0.38303099323648770        2.0416776461736585        1.1607340186527368        1.0005355756726420       0.43060951155572247     
   5.1300000000000000E-005  0.38398970570699209        1.9979393848770519        1.1959079964141557        1.0004842925627913       0.42822133845490923     
   5.1400000000000003E-005  0.38521284487690238        1.9576930346926564        1.2295208631548924        1.0004215604496767       0.42512240002919055     
   5.1500000000000005E-005  0.38668314334843989        1.9205368755316654        1.2616295258693375        1.0003489731511537       0.42138118429516475     
   5.1600000000000001E-005  0.38838503498825472        1.8859213011580296        1.2923174799803370        1.0002668933920991       0.41703351085863904     
   5.1700000000000003E-005  0.39030492875417133        1.8533198368977064        1.3216810993808297        1.0001769903977940       0.41207624916095259     
   5.1800000000000005E-005  0.39242850192842044        1.8223154773395200        1.3498195266301503        1.0000831826700411       0.40649878750403434     
   5.1900000000000001E-005  0.39473841870220916        1.7926221659218118        1.3768290919504746       0.99999047279406605       0.40031493122152961     
   5.2000000000000004E-005  0.39721416618889699        1.7640717280243121        1.4028005728835389       0.99990320315642478       0.39357014213381664     
   5.2099999999999999E-005  0.39983352973908592        1.7365858916623873        1.4278173715621438       0.99982410113637155       0.38632598722236272     
   5.2200000000000002E-005  0.40257447738296598        1.7101432405292811        1.4519537635055517       0.99975439549876088       0.37863883416991212     
   5.2300000000000004E-005  0.40541657471011616        1.6847468238873329        1.4752734066235478       0.99969449384381226       0.37054795287349312     
   5.2400000000000000E-005  0.40834158690046390        1.6603968746579134        1.4978286502834397       0.99964457758008773       0.36207732423566774     
   5.2500000000000002E-005  0.41133327372262729        1.6370717723329202        1.5196609381547947       0.99960479563089188       0.35324592632574819     
   5.2600000000000005E-005  0.41437661184407670        1.6147184799516312        1.5408021722861927       0.99957512428213202       0.34407822872252769     
   5.2700000000000000E-005  0.41745683942199779        1.5932518733706242        1.5612766295683338       0.99955515266517070       0.33460937789727402     
   5.2800000000000003E-005  0.42055878082439258        1.5725611613850381        1.5811029940023120       0.99954400784874764       0.32488440363145871     
   5.2899999999999998E-005  0.42366679558815479        1.5525209497313099        1.6002962049973677       0.99954046667443119       0.31495409924560058     
   5.3000000000000001E-005  0.42676540847624772        1.5330042331251266        1.6188689830664877       0.99954316555505096       0.30487067698107989     
   5.3100000000000003E-005  0.42984032810208694        1.5138946739890848        1.6368329901965879       0.99955078995673119       0.29468476737936389     
   5.3199999999999999E-005  0.43287939436064571        1.4950960283207773        1.6541996149888289       0.99956218067143754       0.28444366277736116     
   5.3300000000000001E-005  0.43587309623472564        1.4765375206032521        1.6709803857395693       0.99957636184793996       0.27419003941715148     
   5.3399999999999997E-005  0.43881454728113639        1.4581751449517872        1.6871870401381024       0.99959252905748242       0.26396071702694529     
   5.3499999999999999E-005  0.44169903338106126        1.4399897868646498        1.7028313211811330       0.99961003129768178       0.25378562537966037     
   5.3600000000000002E-005  0.44452336253345154        1.4219834058536296        1.7179246081946484       0.99962836074424177       0.24368746635057412     
   5.3699999999999997E-005  0.44728524364804273        1.4041743861528937        1.7324775107085877       0.99964714605395788       0.23368243185348722     
   5.3800000000000000E-005  0.44998283749582119        1.3865928096342077        1.7464995404189807       0.99966613898878232       0.22378192879219358     
   5.3900000000000002E-005  0.45261452372500005        1.3692760551433465        1.7599989377419583       0.99968518868563461       0.21399485690775080     
   5.3999999999999998E-005  0.45517885617726428        1.3522649022583872        1.7729826791357759       0.99970420633503310       0.20432980941268414     
   5.4100000000000000E-005  0.45767463855019441        1.3356002211370517        1.7854566436815240       0.99972312789834938       0.19479663901631503     
   5.4199999999999996E-005  0.46010104498140852        1.3193203069906021        1.7974258843983471       0.99974188397319919       0.18540708203587733     
   5.4299999999999998E-005  0.46245772670482621        1.3034589138403918        1.8088949367684783       0.99976038254063326       0.17617443563379143     
   5.4400000000000001E-005  0.46474487292473199        1.2880440183051223        1.8198681026911547       0.99977850601597396       0.16711253069170720     
   5.4499999999999997E-005  0.46696321918969214        1.2730972925022814        1.8303496666624053       0.99979611967007409       0.15823437052261310     
   5.4599999999999999E-005  0.46911401486353771        1.2586342025573927        1.8403440244733833       0.99981308627438914       0.14955080351379230     
   5.4700000000000001E-005  0.47119897119821147        1.2446645946276913        1.8498557264738693       0.99982928162613249       0.14106951055217021     
   5.4799999999999997E-005  0.47322020501354300        1.2311936024352477        1.8588894520186265       0.99984460668144148       0.13279444412616065     
   5.4900000000000006E-005  0.47518018481404489        1.2182227103113505        1.8674499385191972       0.99985899440199710       0.12472572077326187     
   5.5000000000000009E-005  0.47708168158767955        1.2057508277691960        1.8755418886151531       0.99987241130737470       0.11685987927571466     
   5.5100000000000011E-005  0.47892772353737262        1.1937752699543516        1.8831698744953762       0.99988485488699386       0.10919037494254216     
   5.5200000000000007E-005  0.48072155331500266        1.1822925804633502        1.8903382519437049       0.99989634851573395       0.10170818028836850     
   5.5300000000000009E-005  0.48246658708081025        1.1712991702874374        1.8970510904321110       0.99990693540149733        9.4402388986076821E-002
   5.5400000000000012E-005  0.48416637575106375        1.1607917750812655        1.9033121206362722       0.99991667267917894        8.7260755012633404E-002
   5.5500000000000007E-005  0.48582456952279796        1.1507677513127321        1.9091246975452396       0.99992562630623250        8.0270132573507014E-002
   5.5600000000000010E-005  0.48744488694297256        1.1412252411157129        1.9144917757562379       0.99993386705806608        7.3416809284303913E-002
   5.5700000000000005E-005  0.48903108947249313        1.1321632382840074        1.9194158931475371       0.99994146763522351        6.6686740193444560E-002
   5.5800000000000008E-005  0.49058696197307505        1.1235815862022966        1.9238991595820352       0.99994850071785579        6.0065700195751165E-002
   5.5900000000000010E-005  0.49211629896832360        1.1154809342506091        1.9279432479963194       0.99995503781236239        5.3539374061453995E-002
   5.6000000000000006E-005  0.49362289611099630        1.1078626732076935        1.9315493862149040       0.99996114865777486        4.7093402346906822E-002
   5.6100000000000008E-005  0.49511054614745376        1.1007288648110602        1.9347183485277544       0.99996690105501984        4.0713397886561982E-002
   5.6200000000000011E-005  0.49658303841803741        1.0940821756263959        1.9374504468291569       0.99997236096452025        3.4384945729507926E-002
   5.6300000000000006E-005  0.49804416070855412        1.0879258213771923        1.9397455214579846       0.99997759277957698        2.8093592804177881E-002
   5.6400000000000009E-005  0.49949770271006783        1.0822635248776638        1.9416029321837325       0.99998265972747968        2.1824833583685872E-002
   5.6500000000000005E-005  0.50094746057135653        1.0770994885537182        1.9430215499989938       0.99998762434342714        1.5564095518367469E-002
   5.6600000000000007E-005  0.50239724217926496        1.0724383812432392        1.9439997503969106       0.99999254899410173        9.2967255692146117E-003
   5.6700000000000009E-005  0.50385087292506137        1.0682853384314943        1.9445354087707543       0.99999749643721603        3.0079785920382363E-003
   5.6800000000000005E-005  0.50531220180248027        1.0646459750436321        1.9446258984954650        1.0000025304074105       -3.3169922269307354E-003
   5.6900000000000007E-005  0.50678510774088659        1.0615264102719331        1.9442680921293967        1.0000077162231671       -9.6931432794285129E-003
   5.7000000000000003E-005  0.50827350610280086        1.0589333045518481        1.9434583660287679        1.0000131214106061       -1.6135547285141858E-002
   5.7100000000000006E-005  0.50978135526349599        1.0568739095703374        1.9421926085240511        1.0000188163371488       -2.2659399124223295E-002
   5.7200000000000008E-005  0.51131266313552215        1.0553561329557470        1.9404662316814552        1.0000248748420708       -2.9280020495414807E-002
   5.7300000000000004E-005  0.51287149339481419        1.0543886197851005        1.9382741865843052        1.0000313748404333       -3.6012862195532756E-002
   5.7400000000000006E-005  0.51446197100063285        1.0539808529964418        1.9356109820535075        1.0000383988596533       -4.2873501272714838E-002
   5.7500000000000009E-005  0.51608828636909165        1.0541432747380448        1.9324707067838283        1.0000460344453173       -4.9877628639625457E-002
   5.7600000000000004E-005  0.51775469724586021        1.0548874294247843        1.9288470550234678        1.0000543743448398       -5.7041020717417644E-002
   5.7700000000000007E-005  0.51946552694938519        1.0562261264664794        1.9247333562150928        1.0000635163249876       -6.4379484893709274E-002
   5.7800000000000002E-005  0.52122515726812857        1.0581736162249689        1.9201226095303419        1.0000735624455164       -7.1908765132637442E-002
   5.7900000000000005E-005  0.52303801387584681        1.0607457666572253        1.9150075247706617        1.0000846175636504       -7.9644392301257166E-002
   5.8000000000000007E-005  0.52490854190388025        1.0639602197511355        1.9093805717654426        1.0000967867733339       -8.7601459326262579E-002
   5.8100000000000003E-005  0.52684116928296476        1.0678364964315088        1.9032340410690924        1.0001101715395371       -9.5794302771166573E-002
   5.8200000000000005E-005  0.52884025597076822        1.0723960077745474        1.8965601190675976        1.0001248642418108      -0.10423607419495355     
   5.8300000000000008E-005  0.53091002830836409        1.0776619191268084        1.8893509804722672        1.0001409410753885      -0.11293819542363549     
   5.8400000000000003E-005  0.53305449977258279        1.0836588066852428        1.8815989000990658        1.0001584534706802      -0.12190970590559433     
   5.8500000000000006E-005  0.53527738232320343        1.0904120460202453        1.8732963834475402        1.0001774185927363      -0.13115653616472808     
   5.8600000000000001E-005  0.53758199626039016        1.0979468839630881        1.8644363117050435        1.0001978100443762      -0.14068077206361534     
   5.8700000000000004E-005  0.53997119045056674        1.1062871750774550        1.8550120913171373        1.0002195504590972      -0.15048000885036805     
   5.8800000000000006E-005  0.54244728770588813        1.1154538149128854        1.8450177915724293        1.0002425081246080      -0.16054692516737015     
   5.8900000000000002E-005  0.54501206939515734        1.1254629748568712        1.8344482465698189        1.0002664999063191      -0.17086922501615723     
   5.9000000000000004E-005  0.54766680733600059        1.1363243232339910        1.8232990921963808        1.0002913022268436      -0.18143008477144013     
   5.9100000000000000E-005  0.55041233909221499        1.1480394931584952        1.8115667066577927        1.0003166702314257      -0.19220918598996159     
   5.9200000000000002E-005  0.55324916663920343        1.1606011202932061        1.7992480275514851        1.0003423624727459      -0.20318430004047644     
   5.9300000000000005E-005  0.55617754206078762        1.1739927847330929        1.7863402325798123        1.0003681648018141      -0.21433321583967771     
   5.9400000000000000E-005  0.55919749370786365        1.1881901294864494        1.7728402965401511        1.0003939036269240      -0.22563559125767652     
   5.9500000000000003E-005  0.56230874780333662        1.2031632933704774        1.7587444724711307        1.0004194371691115      -0.23707412712405365     
   5.9600000000000005E-005  0.56551051659803586        1.2188806142785078        1.7440477832164181        1.0004446161134302      -0.24863440591111355     
   5.9700000000000001E-005  0.56880115154605126        1.2353133818519224        1.7287436388304904        1.0004692131613346      -0.26030291216894735     
   5.9800000000000003E-005  0.57217768999766561        1.2524412907717819        1.7128236987290180        1.0004928341778065      -0.27206322100531288     
   5.9899999999999999E-005  0.57563534680326667        1.2702581693403652        1.6962780607090728        1.0005148368163819      -0.28389103817411782     
   6.0000000000000002E-005  0.57916701493146849        1.2887774732430752        1.6790957770063626        1.0005342889917075      -0.29574948201843415     
   6.0100000000000004E-005  0.58276285479944423        1.3080369255394089        1.6612655831231997        1.0005499920463949      -0.30758638742262490     
   6.0200000000000000E-005  0.58641007401997836        1.3281015649483479        1.6427766122241563        1.0005605707026668      -0.31933516551303803     
   6.0300000000000002E-005  0.59009301104871303        1.3490643511754516        1.6236188019924365        1.0005646000840094      -0.33091973607667663     
   6.0400000000000004E-005  0.59379360450384344        1.3710434480812479        1.6037827227902612        1.0005607204599962      -0.34226253631155357     
   6.0500000000000000E-005  0.59749221534841734        1.3941754354222364        1.5832586747849202        1.0005476961953805      -0.35329324009506474     
   6.0600000000000003E-005  0.60116859382644083        1.4186040050942463        1.5620350857633634        1.0005244050936699      -0.36395519208610172     
   6.0699999999999998E-005  0.60480264408447981        1.4444642969797938        1.5400964265950501        1.0004897890819431      -0.37420706811861726     
   6.0800000000000001E-005  0.60837463125473645        1.4718642549633936        1.5174209693724494        1.0004428387068873      -0.38401898534189532     
   6.0900000000000003E-005  0.61186457627174584        1.5008665292591041        1.4939786902112617        1.0003826979153545      -0.39336475019740796     
   6.0999999999999999E-005  0.61525091386510278        1.5314771494927641        1.4697295046652474        1.0003089153958353      -0.40221379979190769     
   6.1099999999999994E-005  0.61850908515181635        1.5636489118388830        1.4446219364260511        1.0002217659186650      -0.41052626530663611     
   6.1199999999999997E-005  0.62161118252538727        1.5973059691148257        1.4185923186622960        1.0001225346981908      -0.41825298992974047     
   6.1299999999999999E-005  0.62452743192247173        1.6323903253812417        1.3915646001402147        1.0000137382804219      -0.42534144832789611     
   6.1400000000000002E-005  0.62722909871240673        1.6689223185291693        1.3634506495100789       0.99989923268601677      -0.43174800871617419     
   6.1500000000000004E-005  0.62969120785329069        1.7070593534932148        1.3341508305033454       0.99978392727934229      -0.43745264328282835     
   6.1599999999999993E-005  0.63189319606246330        1.7471327759371336        1.3035550525260593       0.99967279596624736      -0.44246442172675077     
   6.1699999999999995E-005  0.63381668403832392        1.7896412979421403        1.2715456700053922       0.99956947989820633      -0.44680469185198213     
   6.1799999999999998E-005  0.63544191725894295        1.8351796733042944        1.2380046825958040       0.99947577908866192      -0.45047072299640339     
   6.1900000000000000E-005  0.63674641279676214        1.8842888437730445        1.2028266972649000       0.99939338566952263      -0.45341196863685584     
   6.2000000000000003E-005  0.63770883663839284        1.9372451870000726        1.1659351582225623       0.99932650720192440      -0.45555860952642857     
   6.2100000000000005E-005  0.63831629689883307        1.9938750465946051        1.1272959029823362       0.99928093063420786      -0.45688991277004182     
   6.2200000000000008E-005  0.63856715265675290        2.0535534454570579        1.0869248739368169       0.99925848337313250      -0.45745923520170956     
   6.2300000000000010E-005  0.63846463789388674        2.1155229965478566        1.0448951954439911       0.99925479010710139      -0.45731972468958310     
   6.2400000000000012E-005  0.63800817495056450        2.1794758536413221        1.0013509265587803       0.99926550543445536      -0.45643512555103899     
   6.2500000000000015E-005  0.63719485528041708        2.2460659960498992       0.95652191288652499       0.99929135275537184      -0.45471961650718618     
   6.2600000000000004E-005  0.63603111299900927        2.3169216719385535       0.91072129323584683       0.99933396156678578      -0.45217309945402356     
   6.2700000000000006E-005  0.63453604795584928        2.3940132851202742       0.86432145559525253       0.99939008786656736      -0.44888678659847769     
   6.2800000000000009E-005  0.63272952424564743        2.4786839919810393       0.81773160901040320       0.99945227330507524      -0.44489307635867520     
   6.2900000000000011E-005  0.63062649660848247        2.5707847538824322       0.77138639558928457       0.99951515178400419      -0.44013553501515357     
   6.3000000000000013E-005  0.62824726389233354        2.6682105595753676       0.72572347443949425       0.99957831899682281      -0.43459985481938129     
   6.3100000000000002E-005  0.62562165486976284        2.7671321993032403       0.68114713930653981       0.99964063679570503      -0.42835244328845518     
   6.3200000000000005E-005  0.62278116802908545        2.8631005762162687       0.63800219183577411       0.99969694031029599      -0.42145650586802474     
   6.3300000000000007E-005  0.61975389023507932        2.9524999483347281       0.59656412571607920       0.99974260433941120      -0.41393493139049709     
   6.3400000000000010E-005  0.61656420837840420        3.0333454850993249       0.55703491351209067       0.99977644949802935      -0.40579801053628523     
   6.3500000000000012E-005  0.61323537023060137        3.1051102604697243       0.51954303866280416       0.99979915924696861      -0.39705806356478945     
   6.3600000000000014E-005  0.60979316207147938        3.1681310764049129       0.48414998090357919       0.99981192641230754      -0.38774015285031549     
   6.3700000000000003E-005  0.60626580256174323        3.2231273555378017       0.45085945463041810       0.99981634233064087      -0.37790426882220440     
   6.3800000000000006E-005  0.60268025144750181        3.2709512271700483       0.41962693065565393       0.99981377681255501      -0.36764230142409682     
   6.3900000000000008E-005  0.59905927972231710        3.3124779836103859       0.39037111644871558       0.99980487596909728      -0.35703958757008858     
   6.4000000000000011E-005  0.59542140064443805        3.3485494300495504       0.36298749829859567       0.99979018053064050      -0.34614311956182553     
   6.4100000000000013E-005  0.59178249765617108        3.3799354548270828       0.33736081563856857       0.99977105387529286      -0.33496702669487344     
   6.4200000000000002E-005  0.58815726782155575        3.4073100159081462       0.31337368103984620       0.99974984575871251      -0.32352216842618386     
   6.4300000000000004E-005  0.58455968104314404        3.4312432605649841       0.29091120326717590       0.99972925260767909      -0.31184043511400855     
   6.4400000000000007E-005  0.58100271001728998        3.4522072719120840       0.26986320667572539       0.99971152009706588      -0.29997938589852324     
   6.4500000000000009E-005  0.57749787506738981        3.4705895821806889       0.25012560085080349       0.99969800803956799      -0.28801166832962549     
   6.4600000000000012E-005  0.57405496289638835        3.4867087566606001       0.23160160548990927       0.99968919985149995      -0.27601039624365775     
   6.4700000000000001E-005  0.57068201538089658        3.5008286086400218       0.21420284469334838       0.99968496410638608      -0.26403848042138972     
   6.4800000000000003E-005  0.56738550728311277        3.5131699118743525       0.19785007833534252       0.99968485399294260      -0.25214434663281871     
   6.4900000000000005E-005  0.56417057957335881        3.5239197706726615       0.18247339547466002       0.99968832568369781      -0.24036282146803442     
   6.5000000000000008E-005  0.56104123040778853        3.5332391049897369       0.16801185127564366       0.99969485019511573      -0.22871873851569666     
   6.5100000000000010E-005  0.55800042937097794        3.5412685439396854       0.15441266093517569       0.99970394544237606      -0.21723106576199588     
   6.5199999999999999E-005  0.55505017092935249        3.5481328615778267       0.14163012570978495       0.99971516809274608      -0.20591621843012922     
   6.5300000000000002E-005  0.55219150474596312        3.5539441148775728       0.12962446359119895       0.99972809612387936      -0.19479002606264995     
   6.5400000000000004E-005  0.54942457616557827        3.5588037439702442       0.11836067939605766       0.99974231812236913      -0.18386838981646356     
   6.5500000000000006E-005  0.54674869605863197        3.5628039469786383       0.10780756275580927       0.99975743365788805      -0.17316694354462889     
   6.5600000000000009E-005  0.54416244000812575        3.5660286062702031        9.7936860985869956E-002  0.99977306319318748      -0.16270015507229729     
   6.5700000000000011E-005  0.54166376204462696        3.5685539639693187        8.8722639161462169E-002  0.99978886243092602      -0.15248030568628637     
   6.5800000000000000E-005  0.53925010754048686        3.5704491643729379        8.0140814135120308E-002  0.99980453523491286      -0.14251666587515890     
   6.5900000000000003E-005  0.53691851714562477        3.5717767240408969        7.2168834893560074E-002  0.99981984117096168      -0.13281500269984914     
   6.6000000000000005E-005  0.53466571709665511        3.5725929573186503        6.4785477477829367E-002  0.99983459717892431      -0.12337742147988599     
   6.6100000000000007E-005  0.53248819271454584        3.5729483649795770        5.7970723902645460E-002  0.99984867466172478      -0.11420249563090519     
   6.6200000000000010E-005  0.53038224532865519        3.5728879970581127        5.1705697198048739E-002  0.99986199323671399      -0.10528561127958180     
   6.6299999999999999E-005  0.52834403560169463        3.5724518123225537        4.5972629758518124E-002  0.99987451261103799       -9.6619424590760034E-002
   6.6400000000000001E-005  0.52636961698339246        3.5716750504719497        4.0754849151123373E-002  0.99988622413380857       -8.8194344662604049E-002
   6.6500000000000004E-005  0.52445496215070631        3.5705886210356441        3.6036771604428530E-002  0.99989714304890442       -7.9998988630616760E-002
   6.6600000000000006E-005  0.52259598420682629        3.5692195038366288        3.1803897666274672E-002  0.99990730188511778       -7.2020582155335286E-002
   6.6700000000000009E-005  0.52078855396657187        3.5675911507072078        2.8042807423622307E-002  0.99991674512566298       -6.4245293911990159E-002
   6.6799999999999997E-005  0.51902851428841090        3.5657238764310377        2.4741154439378299E-002  0.99992552508647936       -5.6658504166825635E-002
   6.6900000000000000E-005  0.51731169204572747        3.5636352278367220        2.1887658493193740E-002  0.99993369886435846       -4.9245014758718592E-002
   6.7000000000000002E-005  0.51563390809034171        3.5613403224487739        1.9472097544466216E-002  0.99994132614432873       -4.1989210088874289E-002
   6.7100000000000005E-005  0.51399098542254507        3.5588521510758460        1.7485299410261668E-002  0.99994846768581935       -3.4875179232989467E-002
   6.7200000000000007E-005  0.51237875574053438        3.5561818414419015        1.5919133549629372E-002  0.99995518431571595       -2.7886808306474300E-002
   6.7299999999999996E-005  0.51079306452963780        3.5533388820836569        1.4766503241577134E-002  0.99996153629594642       -2.1007850278814327E-002
   6.7399999999999998E-005  0.50922977486552967        3.5503313071462688        1.4021338348760182E-002  0.99996758296222366       -1.4221978069919330E-002
   6.7500000000000001E-005  0.50768477012603641        3.5471658436400677        1.3678588777303879E-002  0.99997338255638091       -7.5128253355169223E-003
   6.7600000000000003E-005  0.50615395581724087        3.5438480233431449        1.3734218680288457E-002  0.99997899219431807       -8.6401827270158574E-004
   6.7700000000000006E-005  0.50463326072727410        3.5403822605581947        1.4185201486862198E-002  0.99998446792213247        5.7407989357129204E-003
   6.7800000000000008E-005  0.50311863763028786        3.5367718966924362        1.5029515822945427E-002  0.99998986482824415        1.2317942889765303E-002
   6.7899999999999997E-005  0.50160606376198347        3.5330192126794713        1.6266142350384705E-002  0.99999523718342620        1.8883672003500062E-002
   6.7999999999999999E-005  0.50009154127877631        3.5291254098079872        1.7895061535717183E-002   1.0000006385817597        2.5454167783683455E-002
   6.8100000000000002E-005  0.49857109789767784        3.5250905591275239        1.9917252328141899E-002   1.0000061220543226        3.2045514044312703E-002
   6.8200000000000004E-005  0.49704078789342088        3.5209135193828445        2.2334691669726681E-002   1.0000117401233299        3.8673671253428910E-002
   6.8300000000000007E-005  0.49549669360376974        3.5165918234380773        2.5150354676862996E-002   1.0000175447574569        4.5354442559252584E-002
   6.8399999999999996E-005  0.49393492754476170        3.5121215334191143        2.8368215218698367E-002   1.0000235871779934        5.2103427155129223E-002
   6.8499999999999998E-005  0.49235163515605990        3.5074970653340345        3.1993246474627313E-002   1.0000299174525318        5.8935955566886092E-002
   6.8600000000000000E-005  0.49074299823780021        3.5027109846628024        3.6031420910076939E-002   1.0000365838070577        6.5867000997695449E-002
   6.8700000000000003E-005  0.48910523919017623        3.4977537751307999        4.0489709034195798E-002   1.0000436315701724        7.2911060698258839E-002
   6.8800000000000005E-005  0.48743462621016792        3.4926135834652530        4.5376076296074430E-002   1.0000511016598730        8.0082000931903916E-002
   6.8899999999999994E-005  0.48572747973319363        3.4872759428618783        5.0699477727489395E-002   1.0000590285488076        8.7392862309243285E-002
   6.8999999999999997E-005  0.48398018064545323        3.4817234768496186        5.6469850518705123E-002   1.0000674376463263        9.4855624512775225E-002
   6.9099999999999999E-005  0.48218918111220188        3.4759355830286784        6.2698105798958181E-002   1.0000763421415810       0.10248093729661920     
   6.9200000000000002E-005  0.48035101926652785        3.4698880928033491        6.9396122603611055E-002   1.0000857393947009       0.11027783161935813     
   6.9300000000000004E-005  0.47846233934531973        3.4635528998389975        7.6576749341985995E-002   1.0000956071120266       0.11825343593917670     
   6.9399999999999993E-005  0.47651991905105079        3.4568975504743205        8.4253820770308074E-002   1.0001058996696663       0.12641273149920870     
   6.9500000000000009E-005  0.47452070571049021        3.4498847976196916        9.2442201110851663E-002   1.0001165450452518       0.13475838731274548     
   6.9600000000000011E-005  0.47246186185119599        3.4424721324672887       0.10115786633821333        1.0001274428522577       0.14329071548622799     
   6.9700000000000014E-005  0.47034081873180067        3.4346113274523660       0.11041803998769861        1.0001384637483923       0.15200777400280011     
   6.9800000000000016E-005  0.46815533374350621        3.4262480476407453       0.12024139606025930        1.0001494501581323       0.16090561261401870     
   6.9900000000000005E-005  0.46590354589288230        3.4173216081479350       0.13064833946044985        1.0001602182826950       0.16997862532326630     
   7.0000000000000007E-005  0.46358402313880831        3.4077649570839359       0.14166137025344305        1.0001705611366198       0.17921995409393263     
   7.0100000000000010E-005  0.46119579615080764        3.3975049239004886       0.15330553294434779        1.0001802511115048       0.18862183807516605     
   7.0200000000000012E-005  0.45873837866507311        3.3864626773466235       0.16560894555084804        1.0001890416697554       0.19817577913961204     
   7.0300000000000015E-005  0.45621178479410662        3.3745541938035268       0.17860339824112170        1.0001966693504327       0.20787245896673381     
   7.0400000000000004E-005  0.45361656183645949        3.3616903697638447       0.19232500719205969        1.0002028568206134       0.21770140165541468     
   7.0500000000000006E-005  0.45095385490747991        3.3477762718678625       0.20681489950430709        1.0002073165803294       0.22765036971143601     
   7.0600000000000008E-005  0.44822550852938819        3.3327089638140457       0.22211988351845147        1.0002097565943526       0.23770446714923685     
   7.0700000000000011E-005  0.44543419957937708        3.3163734078200271       0.23829302711819089        1.0002098916512594       0.24784494685573316     
   7.0800000000000013E-005  0.44258358576466367        3.2986360489735373       0.25539403602313815        1.0002074682562925       0.25804783356399680     
   7.0900000000000002E-005  0.43967844435505332        3.2793356976373982       0.27348931707213708        1.0002023140306553       0.26828269280288530     
   7.1000000000000005E-005  0.43672477332981358        3.2582712322121878       0.29265165013195293        1.0001944256104105       0.27851229196243210     
   7.1100000000000007E-005  0.43372982234227153        3.2351857677463101       0.31295948525393147        1.0001840959401203       0.28869428896225791     
   7.1200000000000009E-005  0.43070201588252893        3.2097480475446036       0.33449598316420470        1.0001720421075706       0.29878578902524539     
   7.1300000000000012E-005  0.42765075068477382        3.1815347705343981       0.35734791519093445        1.0001594388353103       0.30874988491584898     
   7.1400000000000014E-005  0.42458609827508570        3.1500221959049033       0.38160431362541658        1.0001477572492521       0.31856048895702882     
   7.1500000000000003E-005  0.42151855725219473        3.1145990893682023       0.40735435399557041        1.0001384336243939       0.32820048618489545     
   7.1600000000000006E-005  0.41845914691438652        3.0746109696420727       0.43468370616408780        1.0001326161554305       0.33765212153159579     
   7.1700000000000008E-005  0.41542010229090753        3.0294342671947057       0.46366898545664004        1.0001312777622950       0.34688688859339006     
   7.1800000000000011E-005  0.41241590401326417        2.9785633273640881       0.49437086661647101        1.0001355471274773       0.35586511690528111     
   7.1900000000000013E-005  0.40946370695427109        2.9216883435630865       0.52682681919492325        1.0001466036698530       0.36454378629790712     
   7.2000000000000002E-005  0.40658242747557344        2.8587627294651692       0.56104352743784425        1.0001649967832453       0.37287789252383596     
   7.2100000000000004E-005  0.40379116533017950        2.7900957833825211       0.59698850140332027        1.0001906875814950       0.38081451463029675     
   7.2200000000000007E-005  0.40110852094437971        2.7165137657315501       0.63458249335465133        1.0002245394141855       0.38830526479780347     
   7.2300000000000009E-005  0.39855309441105591        2.6395416170285078       0.67369631142035580        1.0002683136392434       0.39533633056104311     
   7.2400000000000012E-005  0.39614441815834328        2.5613932462431341       0.71415142752148597        1.0003207155673122       0.40191314804527190     
   7.2500000000000000E-005  0.39390426966237518        2.4845562087130446       0.75571857980578727        1.0003763198521183       0.40799033216390046     
   7.2600000000000003E-005  0.39185585434194681        2.4110974026687684       0.79811679344163089        1.0004325264253449       0.41347369288833685     
   7.2700000000000005E-005  0.39001815463723677        2.3421732911374091       0.84102560746950683        1.0004915848605278       0.41832476391744189     
   7.2800000000000008E-005  0.38840404414416402        2.2780263639048015       0.88410925813349550        1.0005514784237375       0.42258046544047900     
   7.2900000000000010E-005  0.38702851219598083        2.2182089540771317       0.92703432834949684        1.0006037723350407       0.42623638073568948     
   7.2999999999999999E-005  0.38591215631559783        2.1617613802364937       0.96947752349912264        1.0006429541374171       0.42920333803552707     
   7.3100000000000001E-005  0.38507115235850997        2.1075149396146418        1.0111389656977812        1.0006695057811259       0.43140857266899785     
   7.3200000000000004E-005  0.38451030006593656        2.0546460222018990        1.0517642078318383        1.0006843370647984       0.43286984914910115     
   7.3300000000000006E-005  0.38422961684126983        2.0031108486454232        1.0911601413496657        1.0006852704023372       0.43364162957493041     
   7.3400000000000009E-005  0.38423233581908212        1.9535534810342736        1.1291946930048304        1.0006681478253041       0.43372594364413303     
   7.3500000000000011E-005  0.38452362120107414        1.9067865268271709        1.1657875436763234        1.0006307493282038       0.43306915894476966     
   7.3600000000000000E-005  0.38510378160801639        1.8632905352283406        1.2009039550053036        1.0005754315801993       0.43163659745936661     
   7.3700000000000002E-005  0.38596481499100965        1.8230405247777282        1.2345528125967711        1.0005066814211694       0.42946048864786485     
   7.3800000000000005E-005  0.38709306010736594        1.7856350254805136        1.2667817162561477        1.0004272177766000       0.42660803572228018     
   7.3900000000000007E-005  0.38847384284445063        1.7505293534257655        1.2976658899017028        1.0003379367103717       0.42312273388623978     
   7.4000000000000010E-005  0.39009382260117670        1.7172178129001183        1.3272948794787673        1.0002404894483352       0.41900703499583247     
   7.4099999999999999E-005  0.39194023213103624        1.6853216860292326        1.3557621104520097        1.0001385828059102       0.41424933747662684     
   7.4200000000000001E-005  0.39399863188916118        1.6546058833872146        1.3831587808842150        1.0000370669608456       0.40885594907158990     
   7.4300000000000004E-005  0.39625122119720257        1.6249576216502832        1.4095706778223303       0.99994034783414631       0.40286063756905333     
   7.4400000000000006E-005  0.39867684227317707        1.5963491377700343        1.4350761831041572       0.99985151188240784       0.39631341281227611     
   7.4500000000000008E-005  0.40125262211582124        1.5687961811637174        1.4597447294313568       0.99977237404329722       0.38926441986839289     
   7.4599999999999997E-005  0.40395632143196691        1.5423196884101202        1.4836357872787973       0.99970391701652483       0.38175497030939104     
   7.4700000000000000E-005  0.40676811140978564        1.5169164876122614        1.5067986013534069       0.99964660366525060       0.37381730500765947     
   7.4800000000000002E-005  0.40967088869351254        1.4925428340607232        1.5292726424989285       0.99960044938865955       0.36547842312683287     
   7.4900000000000005E-005  0.41264920551321521        1.4691113283994284        1.5510885585662493       0.99956502769645250       0.35676399719847462     
   7.5000000000000007E-005  0.41568771689019707        1.4464986267311455        1.5722694533496213       0.99953955412166751       0.34770161096320457     
   7.5099999999999996E-005  0.41877015662654482        1.4245596518976456        1.5928324351460361       0.99952303820723609       0.33832387519105295     
   7.5199999999999998E-005  0.42187933866873212        1.4031439806751098        1.6127903806335624       0.99951441655626283       0.32867113554598243     
   7.5300000000000001E-005  0.42499802149407356        1.3821110629465068        1.6321537499415086       0.99951261304036010       0.31879244883447899     
   7.5400000000000003E-005  0.42811009569440062        1.3613421734774434        1.6509321806187183       0.99951654103939735       0.30874366627444166     
   7.5500000000000006E-005  0.43120154647662495        1.3407481043692999        1.6691355851411034       0.99952509806262579       0.29858269578251595     
   7.5600000000000008E-005  0.43426087867760060        1.3202724950349995        1.6867745969911381       0.99953719552293208       0.28836338734522066     
   7.5699999999999997E-005  0.43727901587176476        1.2998913742162341        1.7038603980800993       0.99955183129542036       0.27813021019379242     
   7.5799999999999999E-005  0.44024889797308231        1.2796098804804936        1.7204041268155557       0.99956817709742840       0.26791557955259315     
   7.5900000000000002E-005  0.44316502622877307        1.2594571673471278        1.7364161452646325       0.99958563871611439       0.25774053587911289     
   7.6000000000000004E-005  0.44602310031989700        1.2394803296084500        1.7519054203382929       0.99960386099361975       0.24761813285612491     
   7.6100000000000007E-005  0.44881976948860047        1.2197379895409362        1.7668791786877964       0.99962267727646292       0.23755801544574770     
   7.6199999999999995E-005  0.45155245071861150        1.2002940541497236        1.7813428770459332       0.99964202618224607       0.22757054802430812     
   7.6299999999999998E-005  0.45421916813589647        1.1812120852263717        1.7953004332439324       0.99966186744792207       0.21766936219550984     
   7.6400000000000000E-005  0.45681840577705918        1.1625506529215057        1.8087546123484035       0.99968212173468751       0.20787197126845025     
   7.6500000000000003E-005  0.45934899529825951        1.1443599377018296        1.8217074561721134       0.99970264509194862       0.19819877833721256     
   7.6600000000000005E-005  0.46181006421555337        1.1266797058329561        1.8341606692181642       0.99972323413756914       0.18867116930942168     
   7.6699999999999994E-005  0.46420105257664102        1.1095386314160596        1.8461159115286936       0.99974365026077894       0.17930941891803204     
   7.6799999999999997E-005  0.46652178143846501        1.0929547875088939        1.8575749841979317       0.99976364956916186       0.17013094290942984     
   7.6900000000000013E-005  0.46877253976141398        1.0769370171898751        1.8685399178287820       0.99978300893939931       0.16114915610594574     
   7.7000000000000015E-005  0.47095415514391759        1.0614868412508887        1.8790129866746419       0.99980154356396245       0.15237296383892338     
   7.7100000000000004E-005  0.47306802756408478        1.0466005658662256        1.8889966741615183       0.99981911554924918       0.14380678006157852     
   7.7200000000000006E-005  0.47511612036142714        1.0322713096439349        1.8984936126042786       0.99983563510663986       0.13545091387216696     
   7.7300000000000009E-005  0.47710091247785152        1.0184907523743802        1.9075065144185448       0.99985105660517670       0.12730216166505195     
   7.7400000000000011E-005  0.47902532282361970        1.0052504985696877        1.9160381059854981       0.99986537180080837       0.11935447056235751     
   7.7500000000000014E-005  0.48089262023662582       0.99254302853071552        1.9240910698774663       0.99987860204467160       0.11159957847781474     
   7.7600000000000016E-005  0.48270633153878290       0.98036226791163561        1.9316679970519637       0.99989079070338471       0.10402757425483486     
   7.7700000000000005E-005  0.48447015727484888       0.96870384206622029        1.9387713479814046       0.99990199650525502        9.6627353232365973E-002
   7.7800000000000007E-005  0.48618790114376209       0.95756509600463835        1.9454034204104271       0.99991228811531840        8.9386966004879109E-002
   7.7900000000000010E-005  0.48786341578406922       0.94694495960076364        1.9515663211524306       0.99992173996672296        8.2293871826566209E-002
   7.8000000000000012E-005  0.48950056491212407       0.93684372768076329        1.9572619397118451       0.99993042921798558        7.5335114644415696E-002
   7.8100000000000015E-005  0.49110320001241092       0.92726280953485207        1.9624919221583514       0.99993843366312107        6.8497440510682031E-002
   7.8200000000000003E-005  0.49267514880302821       0.91820448617896133        1.9672576444104291       0.99994583035586881        6.1767372383935822E-002
   7.8300000000000006E-005  0.49422021241374881       0.90967169957474026        1.9715601847348729       0.99995269480108195        5.5131257228753353E-002
   7.8400000000000008E-005  0.49574216840030066       0.90166788554509070        1.9754002956891501       0.99995910054785386        4.8575293197792149E-002
   7.8500000000000011E-005  0.49724477724157923       0.89419685408197180        1.9787783761624667       0.99996511908044239        4.2085547185513543E-002
   7.8600000000000013E-005  0.49873179037926935       0.88726271413423075        1.9816944442587676       0.99997081991102021        3.5647964201212030E-002
   7.8700000000000002E-005  0.50020695840219964       0.88086983670177510        1.9841481119002768       0.99997627083805141        2.9248374656308435E-002
   7.8800000000000004E-005  0.50167403854320480       0.87502284827971710        1.9861385620808161       0.99998153829982395        2.2872499994952642E-002
   7.8900000000000007E-005  0.50313680111364911       0.86972664598038774        1.9876645295579785       0.99998668782029621        1.6505957757004933E-002
   7.9000000000000009E-005  0.50459903480874924       0.86498642628190525        1.9887242857905232       0.99999178451451776        1.0134267900912174E-002
   7.9100000000000012E-005  0.50606455100892767       0.86080772032712771        1.9893156288211316       0.99999689363952393        3.7428600606007507E-003
   7.9200000000000001E-005  0.50753718731088815       0.85719643002490331        1.9894358786512480        1.0000020811850578       -2.6829187016738764E-003
   7.9300000000000003E-005  0.50902081057264292       0.85415886083621106        1.9890818784995172        1.0000074144998794       -9.1577962726043828E-003
   7.9400000000000006E-005  0.51051931977257803       0.85170174890981698        1.9882500021572351        1.0000129629522654       -1.5696568988782734E-002
   7.9500000000000008E-005  0.51203664897881129       0.84983228218349305        1.9869361674520203        1.0000187986247222       -2.2314097481323267E-002
   7.9600000000000010E-005  0.51357677070765173       0.84855811728814545        1.9851358556184877        1.0000249970406359       -2.9025305975433728E-002
   7.9700000000000013E-005  0.51514369991510889       0.84788739629489984        1.9828441361802707        1.0000316379157355       -3.5845185665038311E-002
   7.9800000000000002E-005  0.51674149879736719       0.84782876951869335        1.9800556967888276        1.0000388059174052       -4.2788802030003903E-002
   7.9900000000000004E-005  0.51837428245104855       0.84839143301658571        1.9767648773428341        1.0000465913956760       -4.9871304816464603E-002
   8.0000000000000007E-005  0.52004622523126853       0.84958519131124599        1.9729657077527616        1.0000550909999715       -5.7107935371252069E-002
   8.0100000000000009E-005  0.52176156730605128       0.85142055720700482        1.9686519490017318        1.0000644080828016       -6.4514023301553772E-002
   8.0200000000000011E-005  0.52352462037723635       0.85390890062160885        1.9638171374559370        1.0000746526970845       -7.2104961837533371E-002
   8.0300000000000000E-005  0.52533977083281169       0.85706265544848415        1.9584546331909962        1.0000859409150999       -7.9896141028272596E-002
   8.0400000000000003E-005  0.52721147765763299       0.86089558881365258        1.9525576740119046        1.0000983931431946       -8.7902818240307254E-002
   8.0500000000000005E-005  0.52914426138587900       0.86542312624729612        1.9461194379781350        1.0001121309835102       -9.6139895602019909E-002
   8.0600000000000008E-005  0.53114267934472859       0.87066271223820313        1.9391331183333129        1.0001272721925749      -0.10462157664334289     
   8.0700000000000010E-005  0.53321128178627308       0.87663416432815944        1.9315920154880128        1.0001439233512981      -0.11336087574493112     
   8.0799999999999999E-005  0.53535454364405699       0.88335995446849291        1.9234896505206809        1.0001621700493610      -0.12236896835652003     
   8.0900000000000001E-005  0.53757676825249057       0.89086532417751829        1.9148199030349353        1.0001820648556405      -0.13165439393521489     
   8.1000000000000004E-005  0.53988196308208802       0.89917811650239776        1.9055771725394628        1.0002036139815145      -0.14122215896021345     
   8.1100000000000006E-005  0.54227369385114155       0.90832819593143288        1.8957565565435655        1.0002267643652318      -0.15107283128879678     
   8.1200000000000009E-005  0.54475493231585015       0.91834634079371724        1.8853540305833683        1.0002513937216686      -0.16120176214056753     
   8.1300000000000011E-005  0.54732792146219778       0.92926253894049948        1.8743666062389952        1.0002773066777149      -0.17159860717411654     
   8.1400000000000000E-005  0.54999408712249198       0.94110369350456746        1.8627924349164608        1.0003042398826094      -0.18224732336185365     
   8.1500000000000002E-005  0.55275402493682058       0.95389086637264742        1.8506308206871012        1.0003318774523537      -0.19312677217172608     
   8.1600000000000005E-005  0.55560758099931851       0.96763633730096088        1.8378821080482144        1.0003598754056195      -0.20421195430537795     
   8.1700000000000007E-005  0.55855402103792362       0.98234090452159806        1.8245474224708715        1.0003878901867926      -0.21547574394028474     
   8.1800000000000010E-005  0.56159224760854431       0.99799195692487841        1.8106282631403765        1.0004156037110734      -0.22689082079438741     
   8.1899999999999999E-005  0.56472098489249223        1.0145628640035538        1.7961259753834256        1.0004427361064936      -0.23843136542049800     
   8.2000000000000001E-005  0.56793882220407488        1.0320141256006490        1.7810411597743503        1.0004690391372646      -0.25007403474651385     
   8.2100000000000003E-005  0.57124401142006054        1.0502965022228181        1.7653731003098301        1.0004942663725269      -0.26179778983533669     
   8.2200000000000006E-005  0.57463396614318840        1.0693560536750670        1.7491193099460531        1.0005181215666461      -0.27358231673790989     
   8.2300000000000008E-005  0.57810450924015910        1.0891407143119409        1.7322752928933465        1.0005401920718415      -0.28540506165928947     
   8.2399999999999997E-005  0.58164903050953487        1.1096077878294339        1.7148346015916269        1.0005598813090795      -0.29723730106312052     
   8.2500000000000000E-005  0.58525780049441511        1.1307316126749243        1.6967892148609458        1.0005763597290234      -0.30904014099173188     
   8.2600000000000002E-005  0.58891769102304481        1.1525106283787836        1.6781301801050708        1.0005885548947826      -0.32076173663585050     
   8.2700000000000004E-005  0.59261244542386049        1.1749730903993054        1.6588483568532926        1.0005951954936518      -0.33233711153856360     
   8.2800000000000007E-005  0.59632344163377626        1.1981806893066773        1.6389349994545634        1.0005949106859393      -0.34369156065326706     
   8.2899999999999996E-005  0.60003068193793974        1.2222293266671611        1.6183818679097994        1.0005863637007857      -0.35474767661274231     
   8.2999999999999998E-005  0.60371365252670350        1.2472462301301914        1.5971806088421356        1.0005683667183030      -0.36543453440475904     
   8.3100000000000001E-005  0.60735180544286871        1.2733824083923277        1.5753213319146830        1.0005399066800582      -0.37569587699220469     
   8.3200000000000003E-005  0.61092462538592651        1.3007993588935547        1.5527905745642965        1.0005000523263425      -0.38549336610226576     
   8.3300000000000005E-005  0.61441130344654027        1.3296495634620018        1.5295690629299541        1.0004478211464389      -0.39480245783637891     
   8.3400000000000008E-005  0.61779001936391176        1.3600523990161171        1.5056297107623200        1.0003821759251745      -0.40360215575077218     
   8.3499999999999997E-005  0.62103698862580026        1.3920707318707548        1.4809361333847306        1.0003022926120644      -0.41186364587976126     
   8.3599999999999999E-005  0.62412578011653774        1.4256974455184690        1.4554417083765303        1.0002080840762195      -0.41954402277241781     
   8.3700000000000002E-005  0.62702758890523724        1.4608628348375357        1.4290890362837176        1.0001007885298649      -0.42658927497231647     
   8.3800000000000004E-005  0.62971283151559609        1.4974702491373597        1.4018096193008205       0.99998331532676499      -0.43294641316805821     
   8.3900000000000006E-005  0.63215380011246725        1.5354577811193331        1.3735237041894992       0.99986006231319446      -0.43857930392185762     
   8.3999999999999995E-005  0.63432717277980710        1.5748713599622319        1.3441404638277170       0.99973617670558157      -0.44347954826313640     
   8.4099999999999998E-005  0.63621442858351707        1.6159249373028313        1.3135590310572267       0.99961646606716470      -0.44766415578158297     
   8.4200000000000014E-005  0.63779924692910561        1.6590197460296081        1.2816715762710986       0.99950435513529334      -0.45115491506307309     
   8.4300000000000016E-005  0.63906373812998007        1.7046958570079658        1.2483702646917134       0.99940177739792735      -0.45394589020856652     
   8.4400000000000005E-005  0.63998768317609722        1.7534969096246766        1.2135590884180472       0.99931087022755616      -0.45598668070563808     
   8.4500000000000008E-005  0.64055384596659870        1.8057555986015004        1.1771684619212612       0.99923635773350394      -0.45721324496982085     
   8.4600000000000010E-005  0.64075564222160597        1.8613695057870054        1.1391673690024406       0.99918479494204593      -0.45761426458853005     
   8.4700000000000012E-005  0.64059826717266910        1.9197163108111166        1.0995700401570581       0.99915853761802131      -0.45725607350007091     
   8.4800000000000015E-005  0.64009030328194583        1.9798713011029667        1.0584422080498044       0.99915183502664962      -0.45620396727067158     
   8.4900000000000004E-005  0.63923463759126509        2.0411470975605632        1.0159140391905694       0.99915824106885764      -0.45442014529141056     
   8.5000000000000006E-005  0.63803143155534059        2.1037063566074949       0.97219440421086212       0.99917966987822837      -0.45180228868795153     
   8.5100000000000009E-005  0.63649076189285148        2.1688145482077892       0.92756903674777469       0.99922095088585650      -0.44834636581229859     
   8.5200000000000011E-005  0.63463664156000432        2.2384520160752115       0.88237806787851358       0.99927812731492316      -0.44417272123876889     
   8.5300000000000013E-005  0.63249521510469087        2.3144447596721838       0.83699525164131661       0.99934091868275166      -0.43933523518062190     
   8.5400000000000016E-005  0.63008554763748970        2.3975730552642394       0.79182033826698284       0.99940463827288595      -0.43375754257283061     
   8.5500000000000005E-005  0.62742797501817138        2.4870219526697546       0.74726148752946298       0.99947097371829074      -0.42741683309810130     
   8.5600000000000007E-005  0.62455281040530564        2.5803238974066960       0.70370005158025872       0.99953833609705856      -0.42041003290888951     
   8.5700000000000010E-005  0.62149347289117129        2.6738590734264953       0.66146457159665761       0.99960010973352520      -0.41281855454036287     
   8.5800000000000012E-005  0.61827788918998550        2.7638397397330450       0.62082339894035421       0.99965147113780484      -0.40465093793214063     
   8.5900000000000014E-005  0.61492984287223529        2.8473246170155648       0.58198185997269736       0.99969200600844854      -0.39590098346908614     
   8.6000000000000003E-005  0.61147291334009612        2.9226867315429472       0.54507975401168096       0.99972280618007126      -0.38658883175890080     
   8.6100000000000006E-005  0.60793204194280392        2.9894531453711672       0.51019353676046908       0.99974453015112941      -0.37676013686760540     
   8.6200000000000008E-005  0.60433336829733364        3.0478923721373086       0.47734344446112598       0.99975786992046900      -0.36647660355239864     
   8.6300000000000011E-005  0.60070196398679299        3.0986603601839477       0.44650300817197586       0.99976405310122485      -0.35581204926088172     
   8.6400000000000013E-005  0.59705885010302773        3.1425786822434745       0.41760954832907782       0.99976427202152984      -0.34484212172084971     
   8.6500000000000002E-005  0.59342013859293208        3.1805072014757143       0.39057536231346468       0.99975936069473637      -0.33362538306691936     
   8.6600000000000004E-005  0.58979862189423904        3.2132691837731628       0.36529852834131837       0.99975027578373854      -0.32219456761300452     
   8.6700000000000007E-005  0.58620587564372040        3.2416080880683014       0.34167154850459980       0.99973857385156417      -0.31056784023350570     
   8.6800000000000009E-005  0.58265332654483859        3.2661675109806811       0.31958691786933180       0.99972628945650754      -0.29876853593588781     
   8.6900000000000012E-005  0.57915215515072538        3.2874886306048179       0.29894012526950586       0.99971540499211209      -0.28683736684350558     
   8.7000000000000001E-005  0.57571265490563217        3.3060190638658020       0.27963123643284948       0.99970737518166519      -0.27483173347494844     
   8.7100000000000003E-005  0.57234363446984693        3.3221271174719940       0.26156596182415193       0.99970294917045943      -0.26281678366558320     
   8.7200000000000005E-005  0.56905212993456700        3.3361168411047117       0.24465656938577407       0.99970226018856456      -0.25085526863377761     
   8.7300000000000008E-005  0.56584342350678141        3.3482413681340839       0.22882262514246943       0.99970503570522806      -0.23900060518571617     
   8.7400000000000010E-005  0.56272124561641690        3.3587137681891606       0.21399143203147108       0.99971080358394515      -0.22729414192470604     
   8.7500000000000013E-005  0.55968803086636976        3.3677155845629225       0.20009808629125114       0.99971903798634110      -0.21576567595363325     
   8.7600000000000002E-005  0.55674515249328149        3.3754034781037801       0.18708516338505543       0.99972923845259720      -0.20443572429034426     
   8.7700000000000004E-005  0.55389310531501124        3.3819143209904454       0.17490211742482664       0.99974095961661325      -0.19331827261475307     
   8.7800000000000006E-005  0.55113163830887724        3.3873689967930836       0.16350450679921824       0.99975381355360760      -0.18242320224173070     
   8.7900000000000009E-005  0.54845985226859795        3.3918751474345901       0.15285315216094641       0.99976746169998632      -0.17175804135252329     
   8.8000000000000011E-005  0.54587627823331952        3.3955291236736409       0.14291330973197702       0.99978160533972116      -0.16132896072976269     
   8.8100000000000000E-005  0.54337894495553996        3.3984173846431807       0.13365391732657184       0.99979597983585655      -0.15114111972361416     
   8.8200000000000003E-005  0.54096543899236504        3.4006175478919585       0.12504694525267990       0.99981035332469370      -0.14119858962715778     
   8.8300000000000005E-005  0.53863296127942828        3.4021992345015706       0.11706686314893222       0.99982452752504525      -0.13150407495015920     
   8.8400000000000007E-005  0.53637838351230405        3.4032247985899686       0.10969022048805055       0.99983833881512785      -0.12205857910363030     
   8.8500000000000010E-005  0.53419830397645818        3.4037499891755956       0.10289533053159072       0.99985165854028846      -0.11286111282884760     
   8.8599999999999999E-005  0.53208909928291137        3.4038245507089551        9.6662043716126078E-002  0.99986439233820301      -0.10390851365227133     
   8.8700000000000001E-005  0.53004696964312170        3.4034927578101741        9.0971593015221508E-002  0.99987647800702506       -9.5195416572174091E-002
   8.8800000000000004E-005  0.52806797754633139        3.4027938927355854        8.5806493089725322E-002  0.99988788191130440       -8.6714349755082756E-002
   8.8900000000000006E-005  0.52614808033454574        3.4017626772116505        8.1150477571218183E-002  0.99989859467410280       -7.8455915141934313E-002
   8.9000000000000008E-005  0.52428315729642172        3.4004296687141853        7.6988461876467795E-002  0.99990862670795255       -7.0409019933337758E-002
   8.9100000000000011E-005  0.52246903196579952        3.3988216289483404        7.3306521883081288E-002  0.99991800394117336       -6.2561130570391824E-002
   8.9200000000000000E-005  0.52070149031421875        3.3969618688917684        7.0091881607726947E-002  0.99992676397614288       -5.4898525323276451E-002
   8.9300000000000002E-005  0.51897629550675184        3.3948705712309724        6.7332905412571975E-002  0.99993495281952960       -4.7406529872327699E-002
   8.9400000000000005E-005  0.51728919978589949        3.3925650888101710        6.5019092058808070E-002  0.99994262221755903       -4.0069726581012467E-002
   8.9500000000000007E-005  0.51563595393988482        3.3900602164873637        6.3141069184484699E-002  0.99994982757660400       -3.2872134216048669E-002
   8.9600000000000009E-005  0.51401231472695041        3.3873684336401162        6.1690587568214106E-002  0.99995662639627891       -2.5797358381698228E-002
   8.9699999999999998E-005  0.51241405056134937        3.3845001149480898        6.0660515035250384E-002  0.99996307713723187       -1.8828714885565444E-002
   8.9800000000000001E-005  0.51083694572882565        3.3814637077705711        6.0044830104573954E-002  0.99996923843879193       -1.1949330083844471E-002
   8.9900000000000003E-005  0.50927680338119441        3.3782658752166164        5.9838615561162989E-002  0.99997516860449898       -5.1422226930023128E-003
   9.0000000000000006E-005  0.50772944755219351        3.3749116048514094        6.0038052133945641E-002  0.99998092528410321        1.6096284430682343E-003
   9.0100000000000008E-005  0.50619072443780577        3.3714042838863638        6.0640412396982590E-002  0.99998656528926244        8.3232262684496301E-003
   9.0199999999999997E-005  0.50465650318917765        3.3677457411550669        6.1644055012552990E-002  0.99999214448310825        1.5015502912232088E-002
   9.0299999999999999E-005  0.50312267647229147        3.3639362561447430        6.3048419383878063E-002  0.99999771769440482        2.1703268515840628E-002
   9.0400000000000002E-005  0.50158516106084594        3.3599745359292106        6.4854020689807612E-002   1.0000033386101859        2.8403157605418682E-002
   9.0500000000000004E-005  0.50003989874746357        3.3558576610013753        6.7062445220148703E-002   1.0000090596018136        3.5131569333767654E-002
   9.0600000000000007E-005  0.49848285788280011        3.3515810010430864        6.9676345915114624E-002   1.0000149314401321        4.1904598226203335E-002
   9.0699999999999996E-005  0.49691003586242805        3.3471381016453470        7.2699438048708487E-002   1.0000210028546330        4.8737952413521267E-002
   9.0799999999999998E-005  0.49531746289125567        3.3425205428720108        7.6136495099578205E-002   1.0000273198918190        5.5646856816933057E-002
   9.0900000000000000E-005  0.49370120741520157        3.3377177703246992        7.9993345063797960E-002   1.0000339250368036        6.2645939973581921E-002
   9.1000000000000003E-005  0.49205738363450280        3.3327168990188536        8.4276867857598248E-002   1.0000408560709746        6.9749105331223554E-002
   9.1100000000000005E-005  0.49038216150794656        3.3275024897833303        8.8994995013695899E-002   1.0000481446443810        7.6969389110023267E-002
   9.1200000000000008E-005  0.48867177960999958        3.3220562973111241        9.4156713644673040E-002   1.0000558145879896        8.4318810380283646E-002
   9.1299999999999997E-005  0.48692256111606214        3.3163569886701900        9.9772077698276007E-002   1.0000638800014749        9.1808222518430863E-002
   9.1399999999999999E-005  0.48513093298511456        3.3103798313122095       0.10585223070112448        1.0000723431960419        9.9447177201938658E-002
   9.1500000000000015E-005  0.48329344811258107        3.3040963517103648       0.11240944546546405        1.0000811926151085       0.10724381538784679     
   9.1600000000000017E-005  0.48140680983341660        3.2974739700099849       0.11945718740769973        1.0000904008799758       0.11520479975578046     
   9.1700000000000006E-005  0.47946789770234000        3.2904756237301238       0.12701020896483328        1.0000999230981769       0.12333530061294383     
   9.1800000000000009E-005  0.47747379301337534        3.2830594055405187       0.13508468272527274        1.0001096956015356       0.13163904119728242     
   9.1900000000000011E-005  0.47542180196184514        3.2751782498903683       0.14369838040900884        1.0001196350571964       0.14011839583241700     
   9.2000000000000014E-005  0.47330947434196230        3.2667796989155891       0.15287090372008638        1.0001296376924942       0.14877451273036763     
   9.2100000000000016E-005  0.47113461714933702        3.2578057658896595       0.16262397064281320        1.0001395785756271       0.15760741832645397     
   9.2200000000000005E-005  0.46889530552680964        3.2481928851617288       0.17298175856303200        1.0001493114112032       0.16661607620054431     
   9.2300000000000007E-005  0.46658989614937102        3.2378718822917278       0.18397130378349580        1.0001586682161081       0.17579836299375826     
   9.2400000000000010E-005  0.46421704875831687        3.2267678149406129       0.19562295298133670        1.0001674585094413       0.18515089867439816     
   9.2500000000000012E-005  0.46177576552180932        3.2147994435850205       0.20797085592896813        1.0001754691239850       0.19466869469014722     
   9.2600000000000015E-005  0.45926546363936260        3.2018780127656479       0.22105348094817856        1.0001824660959249       0.20434463420283810     
   9.2700000000000004E-005  0.45668609264061927        3.1879049742913819       0.23491412240706389        1.0001881995562238       0.21416879939107744     
   9.2800000000000006E-005  0.45403829411411956        3.1727682743998264       0.24960135123417615        1.0001924127943094       0.22412764231986090     
   9.2900000000000008E-005  0.45132358316977417        3.1563368422461471       0.26516933938196541        1.0001948588785119       0.23420302592628198     
   9.3000000000000011E-005  0.44854452105750903        3.1384529196920345       0.28167797915445814        1.0001953315076972       0.24437129046662506     
   9.3100000000000013E-005  0.44570484767733043        3.1189218896652928       0.29919273428337867        1.0001937201236140       0.25460279115101775     
   9.3200000000000016E-005  0.44280954277508494        3.0974994926678492       0.31778420884541703        1.0001900933629855       0.26486261610945122     
   9.3300000000000005E-005  0.43986478184284683        3.0738771178101629       0.33752748536380039        1.0001847944482618       0.27511310291953928     
   9.3400000000000007E-005  0.43687775133052809        3.0476676811085306       0.35850130657835422        1.0001785012388305       0.28531792215903096     
   9.3500000000000009E-005  0.43385631730171959        3.0183975635060780       0.38078707820204460        1.0001721905192880       0.29544603218040016     
   9.3600000000000012E-005  0.43080865684273983        2.9855131249045876       0.40446744037420679        1.0001669900461709       0.30547278404300682     
   9.3700000000000014E-005  0.42774312384942742        2.9484109204479418       0.42962393824384648        1.0001640118000126       0.31537666191090813     
   9.3800000000000003E-005  0.42466865929529291        2.9064960150140924       0.45633339124318084        1.0001643309156114       0.32513402850263734     
   9.3900000000000006E-005  0.42159575876923883        2.8592624603979222       0.48466301419220414        1.0001691197054503       0.33471691316758134     
   9.4000000000000008E-005  0.41853744194578046        2.8063798438730432       0.51466473541858715        1.0001796108812091       0.34409450833427652     
   9.4100000000000010E-005  0.41550939440212897        2.7477707069528257       0.54636884083776671        1.0001966078595130       0.35323076052215091     
   9.4200000000000013E-005  0.41252908655989806        2.6836812889917261       0.57977649104626927        1.0002201338908647       0.36207497523086879     
   9.4300000000000002E-005  0.40961459897666203        2.6147672750159554       0.61485155324811736        1.0002503196465626       0.37056327248234483     
   9.4400000000000004E-005  0.40678383568963883        2.5421989796431368       0.65151457335596152        1.0002887205536677       0.37864796674241774     
   9.4500000000000007E-005  0.40405443107847272        2.4677088298463943       0.68964150396707335        1.0003369878026629       0.38632405137082798     
   9.4600000000000009E-005  0.40144527781079581        2.3934257311525844       0.72906454651078167        1.0003931965453721       0.39359713293140713     
   9.4700000000000011E-005  0.39897886502075985        2.3214346013069571       0.76956990923254853        1.0004521840871123       0.40041609340148238     
   9.4800000000000000E-005  0.39667914357043987        2.2532593953648496       0.81089599764297393        1.0005113263331591       0.40667837290544645     
   9.4900000000000003E-005  0.39456495141651626        2.1895895750260284       0.85274374453337387        1.0005721686730227       0.41232931240161952     
   9.5000000000000005E-005  0.39265009440083087        2.1303264470070431       0.89479918805573355        1.0006338183710788       0.41740198641904930     
   9.5100000000000008E-005  0.39095223471895135        2.0747408994625021       0.93675167416429161        1.0006893770720418       0.42191180645379239     
   9.5200000000000010E-005  0.38949531182026853        2.0216665807717309       0.97830048371158806        1.0007316012052705       0.42577453806641402     
   9.5300000000000013E-005  0.38830000021489125        1.9698994340966776        1.0191635147918934        1.0007585826484746       0.42888793664421637     
   9.5400000000000001E-005  0.38737620794772598        1.9187667195939813        1.0590968722330070        1.0007722475836704       0.43124473762279564     
   9.5500000000000004E-005  0.38672718117111288        1.8684515267601245        1.0979128213131588        1.0007726513260835       0.43290631462432178     
   9.5600000000000006E-005  0.38635754116696785        1.8197749809118418        1.1354818939370839        1.0007556206239481       0.43389297169919244     
   9.5700000000000009E-005  0.38627495750025398        1.7736293151411726        1.1717238527847122        1.0007174827332181       0.43415497344718990     
   9.5800000000000011E-005  0.38648521440584582        1.7305025081839120        1.2066008946994504        1.0006595888429743       0.43364536682055460     
   9.5900000000000000E-005  0.38698683123475924        1.6903517217567383        1.2401155896592977        1.0005862143873030       0.43237720627409176     
   9.6000000000000002E-005  0.38777060648645323        1.6527664984829686        1.2723068139472300        1.0005006198359450       0.43040293894512804     
   9.6100000000000005E-005  0.38882371497764784        1.6172168938721290        1.3032404062401151        1.0004046620257714       0.42776473567341883     
   9.6200000000000007E-005  0.39013376639204578        1.5832371873328810        1.3329975654109809        1.0003006092719391       0.42447496614844016     
   9.6300000000000010E-005  0.39168965094185637        1.5505078401001673        1.3616650119327485        1.0001920372385336       0.42053093323455792     
   9.6399999999999999E-005  0.39347950151894628        1.5188619552006144        1.3893283437461426        1.0000832407622500       0.41593585125208488     
   9.6500000000000001E-005  0.39548811303145864        1.4882519568138814        1.4160679486821266       0.99997832367538386       0.41070801080530334     
   9.6600000000000003E-005  0.39769604319141610        1.4587006946709364        1.4419565768115943       0.99988072477947187       0.40487963283504497     
   9.6700000000000006E-005  0.40008097569783641        1.4302511422876871        1.4670581242939509       0.99979305977144595       0.39849242850934452     
   9.6800000000000008E-005  0.40262024809679808        1.4029243693098201        1.4914273352731033       0.99971698553144628       0.39159225570470074     
   9.6899999999999997E-005  0.40529293475954503        1.3766927070251778        1.5151100201919103       0.99965310310351008       0.38422249973516626     
   9.7000000000000000E-005  0.40808049970138000        1.3514710499819060        1.5381434278997306       0.99960107537653897       0.37641787914661046     
   9.7100000000000002E-005  0.41096607870764468        1.3271243666538779        1.5605566928421473       0.99955999162361153       0.36820248589456400     
   9.7200000000000004E-005  0.41393324501226653        1.3034857112650649        1.5823715731437398       0.99952880140853917       0.35959446108943260     
   9.7300000000000007E-005  0.41696517547105721        1.2803778176575813        1.6036037351237784       0.99950658131850478       0.35061546128724980     
   9.7400000000000009E-005  0.42004458114292620        1.2576326926722126        1.6242645831285936       0.99949253759304180       0.34129951215886056     
   9.7499999999999998E-005  0.42315417753503715        1.2351062961482091        1.6443632899262184       0.99948584519479688       0.33169604424784521     
   9.7600000000000001E-005  0.42627727694162187        1.2126878683831919        1.6639085153279245       0.99948550793272228       0.32186558493538048     
   9.7700000000000003E-005  0.42939827178393863        1.1903047664554205        1.6829094139563017       0.99949036225573040       0.31187081044530901     
   9.7800000000000006E-005  0.43250302422698111        1.1679237601234469        1.7013758282138536       0.99949921569687705       0.30176761957071646     
   9.7900000000000008E-005  0.43557922107313685        1.1455492695159950        1.7193178491412517       0.99951102467251995       0.29159987263944365     
   9.7999999999999997E-005  0.43861666688458661        1.1232187490643266        1.7367450753949125       0.99952501556326279       0.28139889382414307     
   9.8099999999999999E-005  0.44160741010780874        1.1009955928021924        1.7536658882638783       0.99954070571731446       0.27118657525119449     
   9.8200000000000002E-005  0.44454560309855523        1.0789603383911608        1.7700869464828184       0.99955783890669592       0.26097990261884013     
   9.8300000000000004E-005  0.44742708748645382        1.0572012801394339        1.7860129690052595       0.99957628179844094       0.25079495173117289     
   9.8400000000000007E-005  0.45024881092305846        1.0358056702179190        1.8014467753637078       0.99959592882592285       0.24064933769458169     
   9.8499999999999995E-005  0.45300825140820772        1.0148524811220456        1.8163895102873902       0.99961664210686796       0.23056304987542134     
   9.8599999999999998E-005  0.45570301787649725       0.99440732836997769        1.8308409785650390       0.99963822897147092       0.22055815171670001     
   9.8700000000000000E-005  0.45833071183747920       0.97451973602967257        1.8448000323910634       0.99966044514602803       0.21065789377105462     
   9.8800000000000016E-005  0.46088902983283020       0.95522259525593478        1.8582649674044323       0.99968300993861670       0.20088560324604529     
   9.8900000000000019E-005  0.46337601219148811       0.93653345085733253        1.8712338909821060       0.99970562484808378       0.19126352741633629     
   9.9000000000000008E-005  0.46579032133246090       0.91845710905437083        1.8837050315581614       0.99972799209954266       0.18181171969448082     
   9.9100000000000010E-005  0.46813145468649925       0.90098898904351588        1.8956769659862438       0.99974983202180079       0.17254705247497501     
   9.9200000000000012E-005  0.47039984090705766       0.88411865606349860        1.9071487543731891       0.99977089822013787       0.16348245003700723     
   9.9300000000000015E-005  0.47259681049184921       0.86783306845715646        1.9181199853481079       0.99979098909116038       0.15462641679265857     
   9.9400000000000017E-005  0.47472446805244262       0.85211921800733681        1.9285907465346082       0.99980995495184921       0.14598290302349673     
   9.9500000000000006E-005  0.47678551619040216       0.83696600300214219        1.9385615432563252       0.99982770025683720       0.13755151232238058     
   9.9600000000000009E-005  0.47878307464668246       0.82236532077773439        1.9480331907774335       0.99984418090146154       0.12932799519399130     
   9.9700000000000011E-005  0.48072052391170289       0.80831247633328229        1.9570067023488029       0.99985939764664555       0.12130493178728695     
   9.9800000000000013E-005  0.48260138747801340       0.79480606530295572        1.9654831891064237       0.99987338722497443       0.11347249315184520     
   9.9900000000000016E-005  0.48442925460780006       0.78184750860614938        1.9734637805645967       0.99988621270971101       0.10581918058202805     
   1.0000000000000000E-004  0.48620773765435521       0.76944040415291015        1.9809495677684641       0.99989795443033169        9.8332467923562969E-002
   1.0010000000000001E-004  0.48794045453185464       0.75758982991374135        1.9879415662051443       0.99990870228953588        9.0999303241256824E-002
   1.0020000000000001E-004  0.48963102673784981       0.74630169437214866        1.9944406927116294       0.99991854987492845        8.3806456463022039E-002
   1.0030000000000001E-004  0.49128308503256235       0.73558219390510160        2.0004477496910393       0.99992759038319690        7.6740722964304869E-002
   1.0040000000000001E-004  0.49290027730175834       0.72543740620249542        2.0059634105310877       0.99993591413631588        6.9789008567249400E-002
   1.0050000000000000E-004  0.49448627540800211       0.71587302532672348        2.0109882016081642       0.99994360737891452        6.2938328719961800E-002
   1.0060000000000001E-004  0.49604477950206055       0.70689422882579334        2.0155224781276431       0.99995075196585903        5.6175752939228100E-002
   1.0070000000000001E-004  0.49757952008569772       0.69850565758395233        2.0195663930235632       0.99995742563542089        4.9488325966657601E-002
   1.0080000000000001E-004  0.49909425864762336       0.69071148461352083        2.0231198596742423       0.99996370261204104        4.2862986186794128E-002
   1.0090000000000001E-004  0.50059278735223411       0.68351554816707949        2.0261825104179128       0.99996965431461959        3.6286497787685633E-002
   1.0100000000000002E-004  0.50207892819478517       0.67692152617581502        2.0287536533083355       0.99997535009528815        2.9745401882826844E-002
   1.0110000000000000E-004  0.50355653196805883       0.67093313126778642        2.0308322298831794       0.99998085794203484        2.3225991886515938E-002
   1.0120000000000001E-004  0.50502947728374792       0.66555430911096936        2.0324167766246841       0.99998624512165168        1.6714310828615346E-002
   1.0130000000000001E-004  0.50650166980185252       0.66078942582508615        2.0335053924838675       0.99999157877738698        1.0196168396797801E-002
   1.0140000000000001E-004  0.50797704175328950       0.65664343305308925        2.0340957145376812       0.99999692648545502        3.6571746615540993E-003
   1.0150000000000001E-004  0.50945955179324287       0.65312200180464219        2.0341849034375397        1.0000023567858531       -2.9172136196960363E-003
   1.0160000000000000E-004  0.51095318519823429       0.65023161828384490        2.0337696398831895        1.0000079397021688       -9.5416380071736487E-003
   1.0170000000000001E-004  0.51246195441395248       0.64797963671967584        2.0328461329394134        1.0000137472627710       -1.6230778489552129E-002
   1.0180000000000001E-004  0.51398989996722544       0.64637428591885238        2.0314101405849296        1.0000198540352923       -2.2999292634003621E-002
   1.0190000000000001E-004  0.51554109176738483       0.64542462829898428        2.0294570024211183        1.0000263376867400       -2.9861758043657732E-002
   1.0200000000000001E-004  0.51711963083099421       0.64514047258529339        2.0269816839565085        1.0000332795853222       -3.6832622965033805E-002
   1.0210000000000000E-004  0.51872965145664651       0.64553224436896173        2.0239788312981375        1.0000407654644141       -4.3926170709222806E-002
   1.0220000000000000E-004  0.52037532383746909       0.64661082272914627        2.0204428344585832        1.0000488861588526       -5.1156503108368924E-002
   1.0230000000000001E-004  0.52206085700576144       0.64838735616503007        2.0163678969189558        1.0000577384286302       -5.8537547608608791E-002
   1.0240000000000001E-004  0.52379050183242681       0.65087307705712383        2.0117481084430722        1.0000674258605580       -6.6083093075710239E-002
   1.0250000000000001E-004  0.52556855353452281       0.65407914053576666        2.0065775178647431        1.0000780597466015       -7.3806850594808848E-002
   1.0260000000000000E-004  0.52739935274272387       0.65801651999758337        2.0008502026748634        1.0000897598262632       -8.1722533494069757E-002
   1.0270000000000000E-004  0.52928728364868460       0.66269599584327288        1.9945603329288879        1.0001026545268488       -8.9843934802565598E-002
   1.0280000000000001E-004  0.53123676708735945       0.66812827548386056        1.9877022286480255        1.0001168802311244       -9.8184970225826299E-002
   1.0290000000000001E-004  0.53325224567416452       0.67432427714306653        1.9802704124911514        1.0001325788170181      -0.10675963425040037     
   1.0300000000000001E-004  0.53533815740980351       0.68129559606272927        1.9722596629750146        1.0001498924613363      -0.11558180290024841     
   1.0310000000000001E-004  0.53749889369441550       0.68905514626523934        1.9636650775371027        1.0001689546177372      -0.12466480645469126     
   1.0320000000000000E-004  0.53973873770640868       0.69761793232659097        1.9544821581809817        1.0001898761981951      -0.13402070115878803     
   1.0330000000000000E-004  0.54206177995306282       0.70700185515935832        1.9447069338096483        1.0002127265880330      -0.14365919964653662     
   1.0340000000000001E-004  0.54447180985322352       0.71722839779668235        1.9343361306794975        1.0002375103923486      -0.15358628361416776     
   1.0350000000000001E-004  0.54697218568516137       0.72832298401374085        1.9233673937113327        1.0002641427749690      -0.16380262162397452     
   1.0360000000000001E-004  0.54956568927310101       0.74031476892861581        1.9117995455400418        1.0002924287035615      -0.17430204019818998     
   1.0370000000000000E-004  0.55225437676636280       0.75323562125494981        1.8996328482049964        1.0003220534523820      -0.18507041477371236     
   1.0380000000000000E-004  0.55503944415639317       0.76711811599790636        1.8868692089411052        1.0003525919135605      -0.19608540014419801     
   1.0390000000000000E-004  0.55792113291248080       0.78199249187577591        1.8735122546960739        1.0003835411693203      -0.20731734910690369     
   1.0400000000000001E-004  0.56089870358403338       0.79788274055714137        1.8595671998291596        1.0004143734387296      -0.21873152675828192     
   1.0410000000000001E-004  0.56397049784677000       0.81480225871191037        1.8450404564364327        1.0004445967091065      -0.23029133180406355     
   1.0420000000000000E-004  0.56713408617354788       0.83274974845867189        1.8299389886034731        1.0004738017055819      -0.24196178285563827     
   1.0430000000000000E-004  0.57038645713195235       0.85170621232892507        1.8142694812926958        1.0005016723697542      -0.25371219944733264     
   1.0440000000000000E-004  0.57372415300451718       0.87163387633208200        1.7980374606628509        1.0005279477585345      -0.26551701187597415     
   1.0450000000000001E-004  0.57714321678703773       0.89247765285057168        1.7812465387717928        1.0005523438119144      -0.27735410051060871     
   1.0460000000000001E-004  0.58063882203026218       0.91416936741688581        1.7638979405471016        1.0005744660301923      -0.28920092224696614     
   1.0470000000000000E-004  0.58420454362049590       0.93663451098062434        1.7459904026863100        1.0005937526275621      -0.30102960618664776     
   1.0480000000000000E-004  0.58783140233923237       0.95980086232756445        1.7275204354187199        1.0006094736953219      -0.31280273557338606     
   1.0490000000000000E-004  0.59150700979965243       0.98360808093435748        1.7084828447733127        1.0006207790060027      -0.32447134390329224     
   1.0500000000000000E-004  0.59521522751459399        1.0080172860944643        1.6888713548266985        1.0006267561689164      -0.33597579016677381     
   1.0510000000000001E-004  0.59893662545419202        1.0330196587653215        1.6686791539763073        1.0006264575595853      -0.34724911881736098     
   1.0520000000000001E-004  0.60264968054981949        1.0586431888280310        1.6478992008992135        1.0006188855483760      -0.35822186559698282     
   1.0530000000000000E-004  0.60633226398352491        1.0849567581174422        1.6265241485646058        1.0006029656909783      -0.36882723643076298     
   1.0540000000000000E-004  0.60996277705655211        1.1120706432494227        1.6045457810610886        1.0005775522637490      -0.37900584285022432     
   1.0550000000000000E-004  0.61352042109727234        1.1401321237149242        1.5819539206223121        1.0005414829563779      -0.38870924555887498     
   1.0560000000000001E-004  0.61698447078541663        1.1693144597858895        1.5587348644008365        1.0004936467556771      -0.39790123146473039     
   1.0570000000000001E-004  0.62033295352568285        1.1997977712269723        1.5348695536600054        1.0004330104844017      -0.40655535790162983     
   1.0580000000000000E-004  0.62354152134404839        1.2317421901163483        1.5103318083071073        1.0003586247610470      -0.41464795862111570     
   1.0590000000000000E-004  0.62658321753922830        1.2652575278088756        1.4850869680457981        1.0002697720449545      -0.42214855159186693     
   1.0600000000000000E-004  0.62942924827906488        1.3003787482314888        1.4590910760336975        1.0001664484046726      -0.42901358156653935     
   1.0610000000000000E-004  0.63205038950774650        1.3370602545419272        1.4322904338622529        1.0000500659911913      -0.43519016423866441     
   1.0620000000000001E-004  0.63441884232126233        1.3752006358182289        1.4046212634482753       0.99992388447981206      -0.44063038828265272     
   1.0630000000000000E-004  0.63651027408641381        1.4147005499427108        1.3760094302689936       0.99979273901451160      -0.44530862425411405     
   1.0640000000000000E-004  0.63830510169504084        1.4555416911366297        1.3463705749014769       0.99966202412422067      -0.44923021955398462     
   1.0650000000000000E-004  0.63978786686527611        1.4978604322373632        1.3156115021540637       0.99953635565572463      -0.45242162354998205     
   1.0660000000000000E-004  0.64094447401728494        1.5419819779623720        1.2836341200854964       0.99941877976126392      -0.45490184960118690     
   1.0670000000000001E-004  0.64175928266827409        1.5883823515565758        1.2503431269389997       0.99931135109443570      -0.45665284637433007     
   1.0679999999999999E-004  0.64221612777574433        1.6375574136867896        1.2156574214099356       0.99921704658782962      -0.45761858916398174     
   1.0690000000000000E-004  0.64230470838161291        1.6898074681230977        1.1795226080397336       0.99914147979413648      -0.45775040920976851     
   1.0700000000000000E-004  0.64202707448910867        1.7450045653308006        1.1419202607100623       0.99909101927680899      -0.45706770571601235     
   1.0710000000000000E-004  0.64139596591719583        1.8024846608226959        1.1028731677798502       0.99906656303825914      -0.45565531414628824     
   1.0720000000000000E-004  0.64042377377604931        1.8612289464363747        1.0624523357319360       0.99906084028820730      -0.45356735296022593     
   1.0730000000000001E-004  0.63911510562963925        1.9203768367848606        1.0207903542149381       0.99906705284637543      -0.45074228944259676     
   1.0739999999999999E-004  0.63747425111786526        1.9798557353123838       0.97809283266436164       0.99908883154804284      -0.44707346916246682     
   1.0750000000000000E-004  0.63551829567233165        2.0407111588366305       0.93463191599129658       0.99913295035467253      -0.44258236116232741     
   1.0760000000000000E-004  0.63327759629393576        2.1048265478540782       0.89072316195296874       0.99919433091381660      -0.43742072967845119     
   1.0770000000000000E-004  0.63078217636621836        2.1741339809564746       0.84670903575007550       0.99925965703327813      -0.43164893510796737     
   1.0780000000000000E-004  0.62805429018792358        2.2497539487740958       0.80295592587512754       0.99932404918176176      -0.42516624152289989     
   1.0789999999999999E-004  0.62511606922249696        2.3314651532775819       0.75983857011143741       0.99939203821939127      -0.41793834944471159     
   1.0800000000000000E-004  0.62199719760531058        2.4176372405687419       0.71770480696517591       0.99946309766071562      -0.41009647512216590     
   1.0810000000000000E-004  0.61873028346958636        2.5055541704061040       0.67685142470225568       0.99952881782481207      -0.40175001198739607     
   1.0820000000000000E-004  0.61534250431892645        2.5920196705464256       0.63752244714230155       0.99958335878193372      -0.39288892850883689     
   1.0830000000000000E-004  0.61185559278135537        2.6740913086578098       0.59990952163105860       0.99962728521904476      -0.38348596600408752     
   1.0839999999999999E-004  0.60829128045105740        2.7496519698955422       0.56414704627769030       0.99966281319755657      -0.37357013384032589     
   1.0849999999999999E-004  0.60467351412722903        2.8175832169381083       0.53031133692591581       0.99969065942619972      -0.36320809516475039     
   1.0860000000000000E-004  0.60102661918688627        2.8776053974621667       0.49842673581525609       0.99971076660103131      -0.35247232429053793     
   1.0870000000000000E-004  0.59737280025933803        2.9300034476197090       0.46847493186405043       0.99972362902843814      -0.34142867640404745     
   1.0880000000000000E-004  0.59373040432330360        2.9753847401771170       0.44040480808370575       0.99973039334919445      -0.33013531646043970     
   1.0890000000000000E-004  0.59011336758377186        3.0145057262502415       0.41414199395941065       0.99973233571946130      -0.31864125400676063     
   1.0899999999999999E-004  0.58653214517643038        3.0481575334644639       0.38959761262711989       0.99973067996462561      -0.30698416220717412     
   1.0910000000000000E-004  0.58299548290204073        3.0770949981088132       0.36667551077659954       0.99972675428656699      -0.29519341761050633     
   1.0920000000000000E-004  0.57951184219922092        3.1019973949976345       0.34527746610221666       0.99972204764505646      -0.28329862721413007     
   1.0930000000000000E-004  0.57608983196866315        3.1234522264542441       0.32530647103136001       0.99971801635542756      -0.27133745508020818     
   1.0940000000000000E-004  0.57273782004426566        3.1419547159280139       0.30666867162023337       0.99971581044623525      -0.25935760351564269     
   1.0949999999999999E-004  0.56946325793724939        3.1579164497704491       0.28927459308326853       0.99971611263098015      -0.24741296723256001     
   1.0959999999999999E-004  0.56627214359735045        3.1716779095903380       0.27304004032676588       0.99971914281348184      -0.23555727703784937     
   1.0970000000000000E-004  0.56316878521940394        3.1835213828223177       0.25788679476776810       0.99972477277170257      -0.22383853389726246     
   1.0980000000000001E-004  0.56015583706238492        3.1936824558621875       0.24374308158749436       0.99973266956681217      -0.21229583013726924     
   1.0990000000000002E-004  0.55723450407884778        3.2023595424843330       0.23054375964064455       0.99974241523260099      -0.20095855724369008     
   1.1000000000000002E-004  0.55440481591861657        3.2097215023333918       0.21823022905430989       0.99975358577702877      -0.18984725881842876     
   1.1010000000000002E-004  0.55166590024008333        3.2159136006938707       0.20675009890013296       0.99976579230632046      -0.17897529278127794     
   1.1020000000000002E-004  0.54901621581026938        3.2210620870705191       0.19605668693669642       0.99977869579464862      -0.16835061335767315     
   1.1030000000000001E-004  0.54645372925468449        3.2252776452444105       0.18610842935919347       0.99979200880201791      -0.15797731116360783     
   1.1040000000000001E-004  0.54397603622373214        3.2286579549649197       0.17686826466701522       0.99980549119430551      -0.14785679181736555     
   1.1050000000000002E-004  0.54158043735197026        3.2312895900590033       0.16830303839871696       0.99981894417809514      -0.13798856338763124     
   1.1060000000000002E-004  0.53926398264702835        3.2332494472271680       0.16038295894270060       0.99983220482197188      -0.12837069078896318     
   1.1070000000000002E-004  0.53702349910805580        3.2346058608501846       0.15308112108979266       0.99984514175132100      -0.11899999411746978     
   1.1080000000000002E-004  0.53485561260076131        3.2354195173843388       0.14637310378388779       0.99985765195156839      -0.10987208210225384     
   1.1090000000000001E-004  0.53275676911141223        3.2357442417178452       0.14023664168201844       0.99986965827461893      -0.10098129692073506     
   1.1100000000000001E-004  0.53072325583218616        3.2356276881746240       0.13465136570338210       0.99988110742237846       -9.2320644852633763E-002
   1.1110000000000002E-004  0.52875122223329507        3.2351119525862533       0.12959860371063492       0.99989196780910405       -8.3881765474314182E-002
   1.1120000000000002E-004  0.52683670133346072        3.2342341163793518       0.12506123083655218       0.99990222704650633       -7.5654952037731579E-002
   1.1130000000000002E-004  0.52497563074207954        3.2330267308608618       0.12102355937671394       0.99991188919111018       -6.7629215679435389E-002
   1.1140000000000001E-004  0.52316387278838827        3.2315182471548680       0.11747125940664560       0.99992097199205254       -5.9792382948194306E-002
   1.1150000000000001E-004  0.52139723304577268        3.2297333970254583       0.11439130232533223       0.99992950428125571       -5.2131221889143271E-002
   1.1160000000000002E-004  0.51967147677084458        3.2276935298295539       0.11177192076743481       0.99993752354409782       -4.4631584752595224E-002
   1.1170000000000002E-004  0.51798234305731805        3.2254169096882035       0.10960257982834953       0.99994507376487818       -3.7278556624613504E-002
   1.1180000000000002E-004  0.51632555671757596        3.2229189759002317       0.10787395589482429       0.99995220358502901       -3.0056600821027266E-002
   1.1190000000000001E-004  0.51469683802747124        3.2202125685432290       0.10657792050563675       0.99995896479126001       -2.2949695505693625E-002
   1.1200000000000001E-004  0.51309191054652903        3.2173081205097325       0.10570752750791801       0.99996541111071735       -1.5941458772983752E-002
   1.1210000000000001E-004  0.51150650728060143        3.2142138167908660       0.10525700241025682       0.99997159727683349       -9.0152612205309408E-003
   1.1220000000000002E-004  0.50993637549054560        3.2109357215877541       0.10522173328520790       0.99997757831974188       -2.1543266670894733E-003
   1.1230000000000002E-004  0.50837728047463371        3.2074778736837990       0.10559826288506358       0.99998340902984639        4.6581772568672691E-003
   1.1240000000000002E-004  0.50682500866859370        3.2038423498615733       0.10638428188477000       0.99998914354044777        1.1439056313835568E-002
   1.1250000000000001E-004  0.50527537041726234        3.2000292964983870       0.10757862329294987       0.99999483498373942        1.8205012070130991E-002
   1.1260000000000001E-004  0.50372420277894459        3.1960369305874776       0.10918125812224933        1.0000005351742582        2.4972566892185483E-002
   1.1270000000000002E-004  0.50216737272457002        3.1918615106853978       0.11119329257434352        1.0000062942736785        3.1757989096427096E-002
   1.1280000000000002E-004  0.50060078108457995        3.1874972780737538       0.11361696714369973        1.0000121603972145        3.8577216229385071E-002
   1.1290000000000002E-004  0.49902036756227752        3.1829363684586860       0.11645565821886716        1.0000181791262619        4.5445775052312801E-002
   1.1300000000000001E-004  0.49742211705874861        3.1781686945992988       0.11971388299384600        1.0000243928974795        5.2378697583683104E-002
   1.1310000000000001E-004  0.49580206747018696        3.1731818004005357       0.12339730880923661        1.0000308402448033        5.9390433494326510E-002
   1.1320000000000001E-004  0.49415631898063694        3.1679606872112260       0.12751276842020509        1.0000375548777822        6.6494759943073592E-002
   1.1330000000000002E-004  0.49248104468610093        3.1624876135705451       0.13206828315168551        1.0000445646000240        7.3704691561480559E-002
   1.1340000000000002E-004  0.49077250214588514        3.1567418704714147       0.13707309644510524        1.0000518900627635        8.1032393886201079E-002
   1.1350000000000001E-004  0.48902704520752299        3.1506995351550353       0.14253772080300298        1.0000595433851327        8.8489103362628746E-002
   1.1360000000000001E-004  0.48724113526274998        3.1443332081009325       0.14847400170557723        1.0000675266646555        9.6085058614648652E-002
   1.1370000000000001E-004  0.48541135107131894        3.1376117389094129       0.15489520250343158        1.0000758304513784       0.10382944579391436     
   1.1380000000000001E-004  0.48353439654937264        3.1304999479675644       0.16181611467050416        1.0000844322224398       0.11173036078041647     
   1.1390000000000002E-004  0.48160710651785282        3.1229583495397115       0.16925319798235350        1.0000932950191257       0.11979479014216322     
   1.1400000000000001E-004  0.47962645107741314        3.1149428773858765       0.17722475527351911        1.0001023662297661       0.12802860892753062     
   1.1410000000000001E-004  0.47758954028555584        3.1064046024084018       0.18575114578911123        1.0001115763789643       0.13643657904239417     
   1.1420000000000001E-004  0.47549363241138642        3.0972894102129316       0.19485503954918304        1.0001208378149380       0.14502231937110843     
   1.1430000000000001E-004  0.47333615125214085        3.0875375769761297       0.20456171328129891        1.0001300441742391       0.15378824076928813     
   1.1440000000000002E-004  0.47111472029779555        3.0770831467566708       0.21489938720347368        1.0001390704802622       0.16273545152041952     
   1.1450000000000002E-004  0.46882722004519400        3.0658529654578093       0.22589959773321322        1.0001477734685129       0.17186359386914213     
   1.1460000000000001E-004  0.46647186939331614        3.0537651765241471       0.23759759332366048        1.0001559917973186       0.18117055595936749     
   1.1470000000000001E-004  0.46404732689467532        3.0407269358427897       0.25003272910726082        1.0001635466397156       0.19065199163554258     
   1.1480000000000001E-004  0.46155280851576902        3.0266310667624943       0.26324882388748261        1.0001702449126830       0.20030064079599202     
   1.1490000000000001E-004  0.45898821813369722        3.0113513471154780       0.27729443404711329        1.0001758880096809       0.21010550799499539     
   1.1500000000000002E-004  0.45635428610649276        2.9947361202285241       0.29222299592830581        1.0001802895722691       0.22005104424984570     
   1.1510000000000001E-004  0.45365270260165980        2.9766000030506770       0.30809279506149689        1.0001833065932333       0.23011657619719444     
   1.1520000000000001E-004  0.45088622117997584        2.9567137522297213       0.32496674050577479        1.0001848871983889       0.24027635631845226     
   1.1530000000000001E-004  0.44805869743146343        2.9347930289460176       0.34291195040077493        1.0001851299080002       0.25050059238181316     
   1.1540000000000001E-004  0.44517502139857368        2.9104880792808587       0.36199916541565269        1.0001843364125000       0.26075746662029686     
   1.1550000000000002E-004  0.44224091393795639        2.8833782190929602       0.38230196961082630        1.0001830310528981       0.27101553806020523     
   1.1560000000000000E-004  0.43926262758653750        2.8529769356278409       0.40389570661494645        1.0001819327551469       0.28124542371649519     
   1.1570000000000001E-004  0.43624670313993086        2.8187542233413256       0.42685587721797891        1.0001819063531807       0.29141999098108723     
   1.1580000000000001E-004  0.43320001072150416        2.7801808460808823       0.45125579877884636        1.0001839567297501       0.30151375299911848     
   1.1590000000000001E-004  0.43013022874585394        2.7367935489009279       0.47716346591899406        1.0001892722546104       0.31150320074381832     
   1.1600000000000001E-004  0.42704661750480805        2.6882720842419996       0.50463772045207822        1.0001991598254585       0.32136768895900186     
   1.1610000000000000E-004  0.42396064885600709        2.6345128625214813       0.53372368468896880        1.0002146696907910       0.33108590445956176     
   1.1620000000000001E-004  0.42088611367451551        2.5756866237640170       0.56444696523314075        1.0002361126407209       0.34062385664292488     
   1.1630000000000001E-004  0.41783859057456807        2.5122819324509975       0.59680627546522746        1.0002632577411692       0.34992349476086726     
   1.1640000000000001E-004  0.41483433671528991        2.4451497103464814       0.63076577029329783        1.0002965703219098       0.35891332133327797     
   1.1650000000000001E-004  0.41188912248530424        2.3755451353029868       0.66625033323838689        1.0003380190306002       0.36754558836518542     
   1.1660000000000002E-004  0.40901851091256880        2.3051033123259357       0.70314572804048669        1.0003892682369493       0.37582162412842951     
   1.1670000000000000E-004  0.40624041738881572        2.2356506052402065       0.74130003237860542        1.0004483489978235       0.38375428949692181     
   1.1680000000000001E-004  0.40357697272447335        2.1688462502199406       0.78052056678522064        1.0005099343389405       0.39128995084282958     
   1.1690000000000001E-004  0.40105149479461949        2.1058151546764141       0.82056973086770668        1.0005708548058661       0.39830753107507905     
   1.1700000000000001E-004  0.39868304788039044        2.0469625781910490       0.86117291824218611        1.0006329137924772       0.40473509645444516     
   1.1710000000000001E-004  0.39648682154708043        1.9919919455219337       0.90204059380342194        1.0006969274287563       0.41061240502104290     
   1.1720000000000000E-004  0.39448122454656381        1.9400186551898826       0.94288701648240192        1.0007568970364971       0.41597782107198628     
   1.1730000000000001E-004  0.39269126886590006        1.8897936199671626       0.98343510325951744        1.0008038185602650       0.42075323904880046     
   1.1740000000000001E-004  0.39114200948095906        1.8401484486384132        1.0234205965719543        1.0008336614414504       0.42481084285056436     
   1.1750000000000001E-004  0.38984997874181010        1.7905369166423015        1.0626085967762036        1.0008486441925748       0.42811115128739696     
   1.1760000000000001E-004  0.38882270514258332        1.7412814045225027        1.1008128346285533        1.0008504656639212       0.43070713344973294     
   1.1770000000000000E-004  0.38806592601873263        1.6933012991497389        1.1379014119567792        1.0008358226106480       0.43263627398748411     
   1.1780000000000000E-004  0.38758896942172366        1.6475413257543199        1.1737901054268569        1.0008003738773930       0.43386778613773147     
   1.1790000000000001E-004  0.38740223890936376        1.6045169285050129        1.2084351424840021        1.0007438265564219       0.43435043010561936     
   1.1800000000000001E-004  0.38751080008850797        1.5642067529331709        1.2418298479391225        1.0006693189950295       0.43407020761438914     
   1.1810000000000001E-004  0.38791132598621764        1.5262252804034933        1.2740010307804575        1.0005804210136360       0.43305404897647337     
   1.1820000000000000E-004  0.38859470564684756        1.4900754566727772        1.3050019915837598        1.0004801732191044       0.43134018503520527     
   1.1830000000000000E-004  0.38955062961700548        1.4553350703961077        1.3349033037780362        1.0003716139896717       0.42895512819811149     
   1.1840000000000000E-004  0.39076970309221576        1.4217380557946568        1.3637837848585432        1.0002581046802264       0.42590904366359439     
   1.1850000000000001E-004  0.39224227911682802        1.3891751856144665        1.3917231148716569        1.0001432801672916       0.42220249312868818     
   1.1860000000000001E-004  0.39395610250808111        1.3576508458976668        1.4187966177236859        1.0000309669186331       0.41783741578174133     
   1.1870000000000001E-004  0.39589497278394825        1.3272235877079785        1.4450722561015938       0.99992500764264169       0.41282818254636255     
   1.1880000000000000E-004  0.39803921645006712        1.2979485920443397        1.4706095221845032       0.99982877123224734       0.40720761116539339     
   1.1890000000000000E-004  0.40036732343693060        1.2698343334142346        1.4954595067058047       0.99974449077399330       0.40102312318716288     
   1.1900000000000001E-004  0.40285762440905853        1.2428206047585153        1.5196653043278854       0.99967291021735527       0.39432418727171331     
   1.1910000000000001E-004  0.40548937704427773        1.2167788410421057        1.5432622812534191       0.99961354030972915       0.38714940815386156     
   1.1920000000000001E-004  0.40824324872387485        1.1915297350311367        1.5662783154419415       0.99956531539502935       0.37952237030209335     
   1.1930000000000000E-004  0.41110131346676659        1.1668696323796166        1.5887344157605634       0.99952717058354912       0.37145838178494106     
   1.1940000000000000E-004  0.41404664745573788        1.1425970763677451        1.6106459602805687       0.99949824797146669       0.36297643096908933     
   1.1950000000000000E-004  0.41706268700198812        1.1185336135987476        1.6320244062453417       0.99947778328257086       0.35410827033038456     
   1.1960000000000001E-004  0.42013261631743887        1.0945369741722055        1.6528790435157976       0.99946491302446472       0.34489990645530749     
   1.1970000000000001E-004  0.42323908697835166        1.0705079369413451        1.6732183534726843       0.99945860714737389       0.33540627154370417     
   1.1980000000000000E-004  0.42636448966643020        1.0463931663420445        1.6930507463300204       0.99945776795330110       0.32568346776399409     
   1.1990000000000000E-004  0.42949178320857523        1.0221852443834443        1.7123847093327775       0.99946139749894181       0.31578290635151907     
   1.2000000000000000E-004  0.43260560891803224       0.99791958664073444        1.7312285555641846       0.99946870993832959       0.30574902024321265     
   1.2010000000000001E-004  0.43569322333809540       0.97366749924986506        1.7495899759372975       0.99947913577240188       0.29561953551593428     
   1.2020000000000001E-004  0.43874483893906407       0.94952558038364787        1.7674755286215387       0.99949225385889362       0.28542641532179480     
   1.2030000000000000E-004  0.44175326743138332       0.92560300890420055        1.7848901408893543       0.99950772146006395       0.27519651121184530     
   1.2040000000000000E-004  0.44471310020295596       0.90200892689341350        1.8018366891970548       0.99952524328545100       0.26495224124010464     
   1.2050000000000000E-004  0.44761982619972768       0.87884186122922170        1.8183157432076325       0.99954457132534835       0.25471303361907821     
   1.2060000000000000E-004  0.45046922371369907       0.85618233005441724        1.8343255607774687       0.99956550264204080       0.24449770137446009     
   1.2070000000000001E-004  0.45325715468602218       0.83408896757686080        1.8498623758040136       0.99958785266387196       0.23432703589309548     
   1.2080000000000001E-004  0.45597969134870270       0.81259795100983023        1.8649209413917891       0.99961140920821878       0.22422549658848370     
   1.2090000000000000E-004  0.45863340378562395       0.79172518209665177        1.8794952154172968       0.99963589079118065       0.21422118885917299     
   1.2100000000000000E-004  0.46121563928794418       0.77147047612172170        1.8935790402474133       0.99966093200099182       0.20434407569384055     
   1.2110000000000000E-004  0.46372469200409361       0.75182288001247877        1.9071666853911307       0.99968610352641896       0.19462307890307390     
   1.2120000000000001E-004  0.46615983968076780       0.73276619330403581        1.9202531778277088       0.99971095759771078       0.18508305468742031     
   1.2130000000000001E-004  0.46852127705608809       0.71428387318705044        1.9328344125463293       0.99973508044246773       0.17574251357530257     
   1.2140000000000000E-004  0.47080999373682658       0.69636275123979019        1.9449070901931069       0.99975813475368913       0.16661256019235601     
   1.2150000000000000E-004  0.47302763557598315       0.67899530353474102        1.9564685559308757       0.99977988248316485       0.15769707825901122     
   1.2160000000000000E-004  0.47517637058051126       0.66218050964720399        1.9675166130584465       0.99980018714461427       0.14899385141373353     
   1.2170000000000000E-004  0.47725877177713966       0.64592354342090874        1.9780493663437184       0.99981900103016530       0.14049617983835933     
   1.2180000000000001E-004  0.47927772174555588       0.63023464404456975        1.9880651242847893       0.99983634435399427       0.13219457303386589     
   1.2190000000000000E-004  0.48123633772731217       0.61512753469321446        1.9975623651122429       0.99985228274497362       0.12407820910759883     
   1.2200000000000000E-004  0.48313791391387911       0.60061771274358711        2.0065397537341099       0.99986690748188167       0.11613599293623736     
   1.2210000000000001E-004  0.48498587721935021       0.58672085906597626        2.0149961877211151       0.99988032062679477       0.10835717453138799     
   1.2219999999999999E-004  0.48678375348870334       0.57345152710987723        2.0229308490466220       0.99989262541049739       0.10073158075098834     
   1.2229999999999999E-004  0.48853514188168151       0.56082219111408416        2.0303432422722505       0.99990392111066884        9.3249562363965810E-002
   1.2239999999999999E-004  0.49024369579595972       0.54884266935525050        2.0372332065742995       0.99991430116344304        8.5901770825657683E-002
   1.2250000000000000E-004  0.49191310907984842       0.53751989382516940        2.0436008961539986       0.99992385323136590        7.8678865812180546E-002
   1.2260000000000000E-004  0.49354710646633293       0.52685797069465845        2.0494467296211738       0.99993266020646854        7.1571228092509306E-002
   1.2270000000000000E-004  0.49514943711502113       0.51685846379322098        2.0547713131544043       0.99994080144757713        6.4568722831992872E-002
   1.2280000000000000E-004  0.49672387073022350       0.50752083218674748        2.0595753445987572       0.99994835389636438        5.7660535125335838E-002
   1.2290000000000001E-004  0.49827419616749558       0.49884295958427238        2.0638595064653860       0.99995539292695168        5.0835081377350815E-002
   1.2300000000000001E-004  0.49980422189566603       0.49082172374394356        2.0676243553832307       0.99996199288231935        4.4079986829330495E-002
   1.2310000000000001E-004  0.50131777754223650       0.48345356645558202        2.0708702143511530       0.99996822740258462        3.7382114880101923E-002
   1.2319999999999999E-004  0.50281871585826399       0.47673503598124278        2.0735970727157316       0.99997416962270003        3.0727631050137316E-002
   1.2329999999999999E-004  0.50431091462701794       0.47066328367832910        2.0758044973622809       0.99997989234748297        2.4102088047605445E-002
   1.2339999999999999E-004  0.50579827823712087       0.46523650405913763        2.0774915574678943       0.99998546825782497        1.7490521082970081E-002
   1.2349999999999999E-004  0.50728473879482616       0.46045431267737352        2.0786567642418774       0.99999097019197403        1.0877546043778465E-002
   1.2360000000000000E-004  0.50877425676234977       0.45631805941095160        2.0792980264996412       0.99999647151433069        4.2474569261555075E-003
   1.2370000000000000E-004  0.51027082117274070       0.45283107611645046        2.0794126225821508        1.0000020465670487       -2.4156788129585452E-003
   1.2380000000000000E-004  0.51177844950398410       0.44999885766447145        2.0789971889836227        1.0000077711887452       -9.1279264977526166E-003
   1.2390000000000000E-004  0.51330118731435848       0.44782917430793601        2.0780477260335335        1.0000137232775439       -1.5905390465917574E-002
   1.2400000000000001E-004  0.51484310776178388       0.44633211179598031        2.0765596210233390        1.0000199833705783       -2.2764118266511129E-002
   1.2410000000000001E-004  0.51640831116074903       0.44552003417913050        2.0745276892069473        1.0000266352108558       -2.9720000990883184E-002
   1.2420000000000001E-004  0.51800092477448068       0.44540746251570590        2.0719462330830574        1.0000337662752292       -3.6788668723561749E-002
   1.2429999999999999E-004  0.51962510309238163       0.44601086166177750        2.0688091202119505        1.0000414682411716       -4.3985381591140439E-002
   1.2440000000000002E-004  0.52128502888410733       0.44734832763530674        2.0651098794778608        1.0000498373747306       -5.1324918658703401E-002
   1.2450000000000002E-004  0.52298491531453140       0.44943917046386800        2.0608418151169214        1.0000589748421727       -5.8821469896914211E-002
   1.2460000000000002E-004  0.52472900930286837       0.45230339269771175        2.0559981368697784        1.0000689869556185       -6.6488540094906873E-002
   1.2470000000000002E-004  0.52652159604310766       0.45596107270184022        2.0505721034190056        1.0000799853837481       -7.4338875325253864E-002
   1.2480000000000002E-004  0.52836700409247761       0.46043167546483316        2.0445571746831348        1.0000920873669423       -8.2384427201875665E-002
   1.2490000000000003E-004  0.53026960963416614       0.46573333115678583        2.0379471669078697        1.0001054159589060       -9.0636367651129202E-002
   1.2500000000000003E-004  0.53223383740098706       0.47188214297084602        2.0307364029676709        1.0001201002208797       -9.9105164222355741E-002
   1.2510000000000003E-004  0.53426415439935893       0.47889160721014445        2.0229198494860796        1.0001362751559983      -0.10780071339365738     
   1.2520000000000001E-004  0.53636505121044109       0.48677224655672796        2.0144932328573510        1.0001540808410736      -0.11673250814055587     
   1.2530000000000001E-004  0.53854100468191168       0.49553156474538568        2.0054531287471278        1.0001736597736484      -0.12590978552307672     
   1.2540000000000001E-004  0.54079641579310811       0.50517442040172966        1.9957970246286045        1.0001951509188813      -0.13534156212859885     
   1.2550000000000001E-004  0.54313551800492554       0.51570388216574259        1.9855233622588386        1.0002186784661535      -0.14503642952254045     
   1.2560000000000002E-004  0.54556225491641253       0.52712256122990830        1.9746315755655832        1.0002443332481619      -0.15500196487095969     
   1.2570000000000002E-004  0.54808013136465950       0.53943432175181627        1.9631221464898534        1.0002721455796224      -0.16524363620917074     
   1.2580000000000002E-004  0.55069204781484660       0.55264615257301997        1.9509967029122102        1.0003020504437261      -0.17576316960096258     
   1.2590000000000002E-004  0.55340013485761408       0.56676985943187785        1.9382581746067959        1.0003338495232310      -0.18655650268924751     
   1.2600000000000003E-004  0.55620561150163861       0.58182313201648206        1.9249110025345342        1.0003671792067865      -0.19761165959190646     
   1.2610000000000003E-004  0.55910869252910289       0.59782949617584158        1.9109613639876635        1.0004014979847158      -0.20890709912173100     
   1.2620000000000000E-004  0.56210856376792162       0.61481672527621423        1.8964173375841593        1.0004361073663657      -0.22041121859821058     
   1.2630000000000001E-004  0.56520342809535817       0.63281349621038763        1.8812889010278280        1.0004702148295650      -0.23208362362575599     
   1.2640000000000001E-004  0.56839060202344049       0.65184443905804235        1.8655876493636541        1.0005030327845847      -0.24387839974035161     
   1.2650000000000001E-004  0.57166661982135070       0.67192418877901250        1.8493261594719730        1.0005338870847726      -0.25574893437460272     
   1.2660000000000001E-004  0.57502728785862767       0.69305147333400074        1.8325170137345488        1.0005622912534085      -0.26765300455607766     
   1.2670000000000002E-004  0.57846763173892579       0.71520450126124946        1.8151716162787519        1.0005879421049693      -0.27955622518661000     
   1.2680000000000002E-004  0.58198169104618980       0.73833884443632980        1.7972990475034472        1.0006106191078057      -0.29143201749531389     
   1.2690000000000002E-004  0.58556213963505399       0.76238863371167753        1.7789052504437972        1.0006300206823961      -0.30325732089022406     
   1.2700000000000002E-004  0.58919974631896233       0.78727130706054171        1.7599927795230794        1.0006456209670056      -0.31500518221384383     
   1.2710000000000003E-004  0.59288274528177065       0.81289559346361007        1.7405611628858431        1.0006566409211446      -0.32663730504405297     
   1.2720000000000003E-004  0.59659628170116863       0.83917197637207264        1.7206076973643523        1.0006621702514857      -0.33810035193074844     
   1.2730000000000000E-004  0.60032219836640632       0.86602456974217101        1.7001283220947858        1.0006613710506345      -0.34932838351465562     
   1.2740000000000001E-004  0.60403942636638885       0.89340313351817680        1.6791182013516304        1.0006536120677019      -0.36025066253048482     
   1.2750000000000001E-004  0.60772504498618563       0.92129387246364769        1.6575718065164509        1.0006384045570742      -0.37080092476545878     
   1.2760000000000001E-004  0.61135570780549731       0.94972772333181077        1.6354825271173565        1.0006151537152597      -0.38092336255997472     
   1.2770000000000001E-004  0.61490877248681863       0.97878490000476925        1.6128420013675253        1.0005829075566106      -0.39057295576607409     
   1.2780000000000002E-004  0.61836244585979616        1.0085942894414437        1.5896393367074912        1.0005403188477640      -0.39971173856584852     
   1.2790000000000002E-004  0.62169476374250243        1.0393257871445676        1.5658602407424684        1.0004858788971076      -0.40830477496324424     
   1.2800000000000002E-004  0.62488202363667023        1.0711735212772229        1.5414859717053542        1.0004182647402702      -0.41631819357747085     
   1.2810000000000002E-004  0.62789776397607511        1.1043292816622976        1.5164920718629888        1.0003365929450239      -0.42371843113376179     
   1.2820000000000003E-004  0.63071305181783877        1.1389490386931322        1.4908470111003398        1.0002405507743266      -0.43047072046639684     
   1.2830000000000000E-004  0.63329807541487648        1.1751205639382005        1.4645109916081918        1.0001305508325140      -0.43653689538806240     
   1.2840000000000000E-004  0.63562448289854634        1.2128447191192100        1.4374351427090790        1.0000080750454301      -0.44187568277774453     
   1.2850000000000001E-004  0.63766750441124864        1.2520440661862728        1.4095611356197377       0.99987613350295446      -0.44645004218451134     
   1.2860000000000001E-004  0.63940703151794653        1.2926070018515001        1.3808211246092386       0.99973932326794446      -0.45024094119742142     
   1.2870000000000001E-004  0.64082745713543565        1.3344621197915112        1.3511382067920659       0.99960300812081027      -0.45325678902589145     
   1.2880000000000001E-004  0.64191633065424303        1.3776595913203136        1.3204281606180173       0.99947195412021284      -0.45552479780358457     
   1.2890000000000002E-004  0.64266215327467446        1.4224230620298706        1.2886036066679800       0.99934946705864514      -0.45706290898515850     
   1.2900000000000002E-004  0.64305298955252044        1.4691342723693421        1.2555815083921997       0.99923794814208122      -0.45785158254043345     
   1.2910000000000002E-004  0.64307828445233628        1.5182251644127369        1.2212935246216015       0.99914081639162833      -0.45783783586912868     
   1.2920000000000002E-004  0.64273440622077438        1.5699810360727802        1.1856964537549572       0.99906379278542568      -0.45698587396444940     
   1.2930000000000003E-004  0.64202978805546396        1.6243093344362352        1.1487794806777458       0.99901269360674194      -0.45533268222234652     
   1.2940000000000000E-004  0.64098189572277720        1.6805960970645308        1.1105685401134480       0.99898791444009805      -0.45297236512809647     
   1.2950000000000000E-004  0.63960630670797780        1.7378087965174673        1.0711333852642921       0.99898199635252749      -0.44995411253500561     
   1.2960000000000001E-004  0.63791072346493105        1.7949270669086759        1.0306005977562087       0.99898781259085645      -0.44620706512752450     
   1.2970000000000001E-004  0.63590324782688656        1.8515610033432544       0.98916304252252019       0.99900894085674397      -0.44162435489715568     
   1.2980000000000001E-004  0.63360570141002714        1.9083842866330234       0.94707158512062062       0.99905350535327864      -0.43623447784645719     
   1.2990000000000001E-004  0.63105266736165078        1.9670297466153988       0.90461255597082069       0.99911777405036195      -0.43020750787852879     
   1.3000000000000002E-004  0.62827722301829969        2.0294438498730769       0.86209329072127971       0.99918674634733262      -0.42363495482825680     
   1.3010000000000002E-004  0.62530385401744737        2.0970632883970328       0.81984254265759215       0.99925252381117535      -0.41641874693331227     
   1.3020000000000002E-004  0.62215540274690617        2.1702357931775977       0.77820082261780854       0.99932018420226543      -0.40848013415391266     
   1.3030000000000002E-004  0.61885967840029421        2.2480828113119178       0.73748819593736936       0.99939294914787258      -0.39993776461523922     
   1.3040000000000000E-004  0.61544684169294306        2.3287307081761135       0.69797703566958091       0.99946326873077018      -0.39095401328352092     
   1.3050000000000000E-004  0.61194368191923276        2.4097264681488131       0.65989059091954871       0.99952257040254078      -0.38154430038589038     
   1.3060000000000000E-004  0.60837152339482758        2.4885157685350432       0.62340962340204964       0.99957023937378930      -0.37164684475073106     
   1.3070000000000001E-004  0.60474906132070583        2.5628932165493059       0.58866877216440106       0.99960991193015236      -0.36126921182486321     
   1.3080000000000001E-004  0.60109630370024880        2.6312966509035500       0.55575043969777216       0.99964336965955669      -0.35049553529708072     
   1.3090000000000001E-004  0.59743472268800979        2.6928760276951373       0.52468741605282165       0.99967018290471954      -0.33941838743814584     
   1.3100000000000001E-004  0.59378429621228157        2.7473931844359498       0.49547221625381344       0.99968995803370586      -0.32810467686737826     
   1.3110000000000002E-004  0.59016128654608990        2.7950563991264530       0.46806705028738183       0.99970334054120169      -0.31660027763920850     
   1.3120000000000002E-004  0.58657801764030137        2.8363569770796602       0.44241220583744312       0.99971165749661495      -0.30494209720500370     
   1.3130000000000002E-004  0.58304378813167468        2.8719345852669331       0.41843309209216084       0.99971636845671974      -0.29316410858362907     
   1.3140000000000002E-004  0.57956607831210938        2.9024777115331979       0.39604617347979687       0.99971884379036280      -0.28129950779167306     
   1.3150000000000000E-004  0.57615158116748011        2.9286571092404832       0.37516365198485424       0.99972034271313837      -0.26938292176113388     
   1.3160000000000000E-004  0.57280675140568860        2.9510868145551847       0.35569683644780259       0.99972197793061224      -0.25745288710005271     
   1.3170000000000000E-004  0.56953781660869141        2.9703061681546452       0.33755840857299191       0.99972462399614548      -0.24555266964832381     
   1.3180000000000001E-004  0.56635043978132293        2.9867762174699157       0.32066394052926483       0.99972883973433646      -0.23372842830151760     
   1.3190000000000001E-004  0.56324930146600682        3.0008846739821973       0.30493296843967066       0.99973486028025471      -0.22202560892249087     
   1.3200000000000001E-004  0.56023779653619354        3.0129549533200826       0.29028978542779793       0.99974265618009650      -0.21048524245429256     
   1.3210000000000001E-004  0.55731792254842882        3.0232563394270477       0.27666399984836154       0.99975202411581487      -0.19914141351026232     
   1.3220000000000001E-004  0.55449034202162883        3.0320136297937865       0.26399085332413730       0.99976267273783681      -0.18802027762020226     
   1.3230000000000002E-004  0.55175455868744838        3.0394155398299110       0.25221130003850512       0.99977428567585713      -0.17714031062476857     
   1.3240000000000002E-004  0.54910914304008973        3.0456216718418041       0.24127187500471869       0.99978656085029449      -0.16651330298191203     
   1.3250000000000000E-004  0.54655195711203874        3.0507681185407498       0.23112439849011501       0.99979922963057988      -0.15614564305950462     
   1.3260000000000000E-004  0.54408034657322724        3.0549718753233792       0.22172557342851995       0.99981206321582772      -0.14603955441681099     
   1.3270000000000000E-004  0.54169128812220568        3.0583342642997922       0.21303652917200200       0.99982487260726971      -0.13619413860760413     
   1.3280000000000000E-004  0.53938149538112434        3.0609435700749525       0.20502235371855626       0.99983750514267467      -0.12660617293873833     
   1.3290000000000000E-004  0.53714749108239968        3.0628770679294206       0.19765164532969770       0.99984984020325551      -0.11727065844866871     
   1.3300000000000001E-004  0.53498565330778503        3.0642025982021428       0.19089610304189808       0.99986178510334900      -0.10818116687195488     
   1.3310000000000001E-004  0.53289224429802762        3.0649798102438539       0.18473016652078034       0.99987327153960270       -9.9330034833734274E-002
   1.3320000000000001E-004  0.53086342816048715        3.0652611638368850       0.17913070897603589       0.99988425269494785       -9.0708468331537423E-002
   1.3330000000000001E-004  0.52889528242107242        3.0650927531733885       0.17407678149929939       0.99989470069473496       -8.2306605587254320E-002
   1.3340000000000002E-004  0.52698380710369486        3.0645149984819890       0.16954940409658015       0.99990460423822236       -7.4113571904419695E-002
   1.3350000000000002E-004  0.52512493347803246        3.0635632352843802       0.16553139726150334       0.99991396625783457       -6.6117541949204731E-002
   1.3359999999999999E-004  0.52331453349717327        3.0622682223264959       0.16200724777649533       0.99992280163714453       -5.8305810109788546E-002
   1.3370000000000000E-004  0.52154843001369289        3.0606565817493374       0.15896300293423860       0.99993113507316167       -5.0664868990343476E-002
   1.3380000000000000E-004  0.51982240737286234        3.0587511802900735       0.15638618797704407       0.99993899915874396       -4.3180495637747320E-002
   1.3390000000000000E-004  0.51813222186792485        3.0565714584956036       0.15426574194962051       0.99994643266466665       -3.5837847851475257E-002
   1.3400000000000000E-004  0.51647361162465566        3.0541337133422890       0.15259196788588092       0.99995347901101095       -2.8621565214352725E-002
   1.3410000000000001E-004  0.51484230561696009        3.0514513383855077       0.15135649412577035       0.99996018495517702       -2.1515870949836483E-002
   1.3420000000000001E-004  0.51323403165568082        3.0485350246142082       0.15055224428839420       0.99996659948647182       -1.4504671610371190E-002
   1.3430000000000001E-004  0.51164452331858723        3.0453929244510736       0.15017341408891571       0.99997277291358333       -7.5716523764964424E-003
   1.3440000000000001E-004  0.51006952588962551        3.0420307808454372       0.15021545372478684       0.99997875611933906       -7.0036710956187479E-004
   1.3450000000000002E-004  0.50850480144922716        3.0384520230487286       0.15067505498572764       0.99998459994917699        6.1256767656447993E-003
   1.3459999999999999E-004  0.50694613330462723        3.0346578301469238       0.15155014260699762       0.99999035469552489        1.2922937908754808E-002
   1.3469999999999999E-004  0.50538932997075026        3.0306471634043870       0.15283986966719088       0.99999606964258392        1.9707764238318499E-002
   1.3480000000000000E-004  0.50383022891888518        3.0264167690616972       0.15454461704384759        1.0000017926359315        2.6496318465656286E-002
   1.3490000000000000E-004  0.50226470029988612        3.0219611528202655       0.15666599719747243        1.0000075696410420        3.3304504856738033E-002
   1.3500000000000000E-004  0.50068865081836655        3.0172725270854106       0.15920686279610674        1.0000134442593185        4.0147896273694972E-002
   1.3510000000000000E-004  0.49909802788012797        3.0123407320388083       0.16217132094177433        1.0000194571753678        4.7041660973853358E-002
   1.3520000000000001E-004  0.49748882406671852        3.0071531315254649       0.16556475404805138        1.0000256455173060        5.4000489373235233E-002
   1.3530000000000001E-004  0.49585708193179873        3.0016944845581750       0.16939384875278218        1.0000320421146278        6.1038521530654775E-002
   1.3540000000000001E-004  0.49419889905628195        2.9959467928989705       0.17366663458626430        1.0000386746465602        6.8169275976464785E-002
   1.3550000000000001E-004  0.49251043328055050        2.9898891242844177       0.17839253453261783        1.0000455647022435        7.5405582745857153E-002
   1.3560000000000002E-004  0.49078790808466743        2.9834974095357554       0.18358243005415620        1.0000527267366381        8.2759521843651429E-002
   1.3569999999999999E-004  0.48902761828100089        2.9767442094655454       0.18924874349405485        1.0000601669957683        9.0242369672207681E-002
   1.3579999999999999E-004  0.48722593652656498        2.9695984442491237       0.19540554114001196        1.0000678823912483        9.7864554790690048E-002
   1.3590000000000000E-004  0.48537932171978537        2.9620250737293814       0.20206866031751680        1.0000758594937498       0.10563562531454150     
   1.3600000000000000E-004  0.48348433062833751        2.9539847101888310       0.20925586410023023        1.0000840736604053       0.11356423145522035     
   1.3610000000000000E-004  0.48153763398824628        2.9454331356289374       0.21698702664978153        1.0000924881965911       0.12165811343142860     
   1.3620000000000000E-004  0.47953603843580089        2.9363206826827688       0.22528435056083840        1.0001010535477024       0.12992407641127818     
   1.3630000000000001E-004  0.47747651528591051        2.9265914211872519       0.23417261505795750        1.0001097063018163       0.13836792512037580     
   1.3640000000000001E-004  0.47535623685485706        2.9161820709818742       0.24367944979640033        1.0001183680948267       0.14699431984838546     
   1.3650000000000001E-004  0.47317262209719479        2.9050205285755712       0.25383562524093950        1.0001269449589629       0.15580654221445858     
   1.3660000000000001E-004  0.47092339372184311        2.8930238546409575       0.26467534626434119        1.0001353268876652       0.16480614242701841     
   1.3669999999999999E-004  0.46860664724877193        2.8800955284070171       0.27623653010968319        1.0001433886929068       0.17399246194119961     
   1.3679999999999999E-004  0.46622092815483385        2.8661217413062929       0.28856104502061708        1.0001509924237073       0.18336203383062291     
   1.3689999999999999E-004  0.46376531668585630        2.8509665065915311       0.30169488088958385        1.0001579939237892       0.19290790877437658     
   1.3700000000000000E-004  0.46123952571775240        2.8344654551858182       0.31568822314819212        1.0001642565488589       0.20261904842363934     
   1.3710000000000000E-004  0.45864401476502181        2.8164184382723150       0.33059540619746741        1.0001696750185189       0.21248000023508481     
   1.3720000000000000E-004  0.45598011302276570        2.7965815507939280       0.34647473077091551        1.0001742086465539       0.22247106626472521     
   1.3730000000000000E-004  0.45325012275386217        2.7746599826897587       0.36338813128904590        1.0001779167764160       0.23256899386771090     
   1.3740000000000001E-004  0.45045734951698385        2.7503041722297046       0.38140066416760021        1.0001809869351641       0.24274796410906893     
   1.3750000000000001E-004  0.44760600613560558        2.7231128491698984       0.40057975728769080        1.0001837493641998       0.25298050818314083     
   1.3760000000000001E-004  0.44470097795820451        2.6926472112322815       0.42099412824699378        1.0001866847315681       0.26323813638858756     
   1.3770000000000001E-004  0.44174754084461104        2.6584599374396358       0.44271227930584356        1.0001904531014383       0.27349213746528039     
   1.3779999999999999E-004  0.43875125963730832        2.6201402109056033       0.46580054875637167        1.0001959582345294       0.28371569623717341     
   1.3789999999999999E-004  0.43571826804654878        2.5773710990798815       0.49032079049608690        1.0002043774458023       0.29388750831696808     
   1.3799999999999999E-004  0.43265590662510434        2.5299896473332693       0.51632768958450104        1.0002169918453170       0.30399364488656572     
   1.3810000000000000E-004  0.42957338699693220        2.4780361431068130       0.54386535268713754        1.0002347277076535       0.31402127905201777     
   1.3820000000000000E-004  0.42648199989453528        2.4217825318618846       0.57296237673259931        1.0002577196381728       0.32394195011413962     
   1.3830000000000000E-004  0.42339460567720705        2.3617443357337087       0.60362494865604521        1.0002855960626429       0.33369643886173678     
   1.3840000000000000E-004  0.42032464820931109        2.2986960856494205       0.63582936128130285        1.0003187249534138       0.34320463199832124     
   1.3850000000000001E-004  0.41728545822687496        2.2336974305171560       0.66951741771834872        1.0003591707089565       0.35240782374429147     
   1.3860000000000001E-004  0.41429073251256177        2.1680858854806369       0.70459706316467674        1.0004092978546950       0.36130569690053604     
   1.3870000000000001E-004  0.41135624127298459        2.1033585533156933       0.74094483871151695        1.0004683156718335       0.36992673121479502     
   1.3879999999999999E-004  0.40850134772155106        2.0409182785754161       0.77840316702070744        1.0005312412199241       0.37823870159643641     
   1.3889999999999999E-004  0.40574807998260332        1.9817753017861088       0.81677329793327669        1.0005935498989968       0.38611776507024798     
   1.3900000000000002E-004  0.40311725292024125        1.9263439438309604       0.85581672895639738        1.0006559820724201       0.39345270902143248     
   1.3910000000000002E-004  0.40062573805241669        1.8743913451639287       0.89527269776627172        1.0007213436184956       0.40025136969227004     
   1.3920000000000002E-004  0.39828973126179090        1.8251037484866282       0.93487918219655253        1.0007870013337266       0.40658033479859790     
   1.3930000000000002E-004  0.39613097837593386        1.7772785753529021       0.97438127424906273        1.0008440628122723       0.41241874317747151     
   1.3940000000000003E-004  0.39417682321220177        1.7297146281456732        1.0135311853080333        1.0008846445506803       0.41763909919833231     
   1.3950000000000003E-004  0.39245212267788598        1.6817256662255893        1.0520962976244883        1.0009078831374587       0.42213334401382868     
   1.3960000000000003E-004  0.39097254924951991        1.6334609388010337        1.0898774810700269        1.0009168542244717       0.42590003707764579     
   1.3970000000000001E-004  0.38974689475380186        1.5857635866747668        1.1267229714343880        1.0009113981508964       0.42899143254180977     
   1.3980000000000001E-004  0.38878450230759815        1.5396628900693585        1.1625288677003125        1.0008875187190649       0.43142269661370547     
   1.3990000000000001E-004  0.38809823155832696        1.4958701622148884        1.1972324788156685        1.0008422230484528       0.43315623597897429     
   1.4000000000000001E-004  0.38770013066798337        1.4545684280974134        1.2308066172524299        1.0007760307433404       0.43414655505115862     
   1.4010000000000002E-004  0.38759597770778015        1.4155114505384743        1.2632558547299526        1.0006919210291652       0.43437934725672545     
   1.4020000000000002E-004  0.38778425260840960        1.3782637336444152        1.2946122234566122        1.0005937223768129       0.43387538561183697     
   1.4030000000000002E-004  0.38825899030487193        1.3424146226833578        1.3249289636827637        1.0004852459433982       0.43267001318104020     
   1.4040000000000002E-004  0.38901291605444338        1.3076934752413822        1.3542728067278054        1.0003699649460629       0.43079007854994500     
   1.4050000000000003E-004  0.39003850621818875        1.2739911193443580        1.3827161360711751        1.0002511488077734       0.42824324083884252     
   1.4060000000000003E-004  0.39132718830788199        1.2413220252527486        1.4103304047961380        1.0001323096062378       0.42502405467161791     
   1.4070000000000003E-004  0.39286804739057934        1.2097604239922908        1.4371817371009730        1.0000173840233595       0.42113057426664152     
   1.4080000000000001E-004  0.39464694636907000        1.1793750710864219        1.4633288105525608       0.99991024602658918       0.41657848398705472     
   1.4090000000000001E-004  0.39664633203090766        1.1501796897675423        1.4888223359799486       0.99981385795480404       0.41140276885697463     
   1.4100000000000001E-004  0.39884580924550178        1.1221083248400621        1.5137052347948980       0.99972973179793934       0.40564756691644893     
   1.4110000000000001E-004  0.40122343069937222        1.0950164402955562        1.5380129749308793       0.99965803449780055       0.39935336986407521     
   1.4120000000000002E-004  0.40375734098576183        1.0687016762976524        1.5617740272357175       0.99959812303930484       0.39255061670907043     
   1.4130000000000002E-004  0.40642716999979445        1.0429345937379098        1.5850106332357585       0.99954906951921363       0.38526221297451874     
   1.4140000000000002E-004  0.40921457915377091        1.0174896757303189        1.6077399479042418       0.99950989912963151       0.37751082184966578     
   1.4150000000000002E-004  0.41210269241069075       0.99216967784925802        1.6299753545105915       0.99947958593168562       0.36932464079005273     
   1.4160000000000003E-004  0.41507481228251342       0.96682085444429855        1.6517276427249907       0.99945703397833741       0.36073859088149046     
   1.4170000000000003E-004  0.41811331244001820       0.94134046338265887        1.6730058797764027       0.99944118121707115       0.35179250926999683     
   1.4180000000000000E-004  0.42119946255507407       0.91567936471631906        1.6938180118736623       0.99943116155231171       0.34252958075374290     
   1.4190000000000001E-004  0.42431430383481594       0.88984133109182939        1.7141713044499873       0.99942637352042851       0.33299621016866460     
   1.4200000000000001E-004  0.42744005039243249       0.86387868020672609        1.7340726315899566       0.99942639188275861       0.32324171799507351     
   1.4210000000000001E-004  0.43056126850766913       0.83788314586704538        1.7535284973708354       0.99943080507129944       0.31331573073939273     
   1.4220000000000001E-004  0.43366534265065670       0.81197214073754997        1.7725446701173038       0.99943911773685989       0.30326328383992801     
   1.4230000000000002E-004  0.43674220452838963       0.78627254281448300        1.7911254591368131       0.99945078723481162       0.29312017616705061     
   1.4240000000000002E-004  0.43978365942072078       0.76090514134584974        1.8092728575525179       0.99946534631579553       0.28291166330140333     
   1.4250000000000002E-004  0.44278271800876162       0.73597239121397195        1.8269858783935380       0.99948250095962954       0.27265570497414049     
   1.4260000000000002E-004  0.44573317316593442       0.71155087378230042        1.8442603543784006       0.99950212199982391       0.26236920064531466     
   1.4270000000000003E-004  0.44862943752829393       0.68768870023088280        1.8610892883625301       0.99952413372630766       0.25207398523105662     
   1.4280000000000003E-004  0.45146653761804589       0.66440734158413339        1.8774636346879152       0.99954837084576154       0.24179976287502314     
   1.4290000000000000E-004  0.45424016012056789       0.64170693524657640        1.8933732623478807       0.99957448352499467       0.23158300951026273     
   1.4300000000000001E-004  0.45694669825238832       0.61957381933336564        1.9088078387990599       0.99960193015143783       0.22146282109583842     
   1.4310000000000001E-004  0.45958329239529999       0.59798883563680139        1.9237574563532895       0.99963004696660740       0.21147572279091029     
   1.4320000000000001E-004  0.46214787069091240       0.57693494643588428        1.9382129456006520       0.99965815291465110       0.20165136728779925     
   1.4330000000000001E-004  0.46463918704882567       0.55640300097233941        1.9521659270680392       0.99968564615705979       0.19201025156675136     
   1.4340000000000002E-004  0.46705684380621731       0.53639500807238771        1.9656087113592271       0.99971206468502738       0.18256362747042590     
   1.4350000000000002E-004  0.46940128339114806       0.51692484954076967        1.9785341645875754       0.99973710460535792       0.17331507809666943     
   1.4360000000000002E-004  0.47167373900160703       0.49801684066204766        1.9909356245971157       0.99976060464208460       0.16426292126369435     
   1.4370000000000002E-004  0.47387614157387076       0.47970282510977402        2.0028069058752624       0.99978251195268775       0.15540263539782503     
   1.4380000000000003E-004  0.47601098598537761       0.46201857051825440        2.0141423861300822       0.99980284390904661       0.14672874342491124     
   1.4390000000000000E-004  0.47808117585972715       0.44500014190860970        2.0249371394314419       0.99982165625214103       0.13823592549811023     
   1.4400000000000000E-004  0.48008987417373461       0.42868075184528942        2.0351870727452486       0.99983902170674011       0.12991940957482082     
   1.4410000000000001E-004  0.48204038192543325       0.41308838155477901        2.0448890293952910       0.99985501855556391       0.12177484502031809     
   1.4420000000000001E-004  0.48393605646429183       0.39824427973819077        2.0540408373069940       0.99986972630901139       0.11379790464030777     
   1.4430000000000001E-004  0.48578026981972294       0.38416230141674623        2.0626412950837612       0.99988322522510331       0.10598382151834830     
   1.4440000000000001E-004  0.48757639908514905       0.37084895713167243        2.0706901008710368       0.99989559715159904        9.8326994058136621E-002
   1.4450000000000002E-004  0.48932783703026389       0.35830399967317456        2.0781877359411300       0.99990692622863231        9.0820719541865741E-002
   1.4460000000000002E-004  0.49103801125314728       0.34652136902075559        2.0851353174082750       0.99991729890821290        8.3457062008093552E-002
   1.4470000000000002E-004  0.49271040279640682       0.33549033447688303        2.0915344337014865       0.99992680332400674        7.6226829798733658E-002
   1.4480000000000002E-004  0.49434855856371662       0.32519670469378120        2.0973869739746984       0.99993552830192145        6.9119627841318018E-002
   1.4490000000000003E-004  0.49595609629875581       0.31562401142541879        2.1026949598669002       0.99994356233924531        6.2123954374368059E-002
   1.4500000000000000E-004  0.49753670372300512       0.30675460611032551        2.1074603855969567       0.99995099273617305        5.5227320326766104E-002
   1.4510000000000000E-004  0.49909413394697161       0.29857063577861248        2.1116850703694965       0.99995790496823611        4.8416376401139660E-002
   1.4520000000000001E-004  0.50063219907451739       0.29105488623598186        2.1153705254949635       0.99996438232203955        4.1677037662021847E-002
   1.4530000000000001E-004  0.50215476345415466       0.28419149426667872        2.1185178374721207       0.99997050578550573        3.4994599650739568E-002
   1.4540000000000001E-004  0.50366573751747579       0.27796653968561763        2.1211275674760408       0.99997635416850095        2.8353842667242068E-002
   1.4550000000000001E-004  0.50516907271097411       0.27236853193377319        2.1231996671960225       0.99998200442261354        2.1739123387348794E-002
   1.4560000000000002E-004  0.50666875769692576       0.26738880745306981        2.1247334107220137       0.99998753212568015        1.5134454492388275E-002
   1.4570000000000002E-004  0.50816881578144646       0.26302185309483078        2.1257273421123131       0.99999301209975267        8.5235741114541835E-003
   1.4580000000000002E-004  0.50967330339378092       0.25926556859081079        2.1261792383569205       0.99999851913316484        1.8900077317671223E-003
   1.4590000000000002E-004  0.51118630936676923       0.25612147810413233        2.1260860876348762        1.0000041287799417       -4.7828742551854850E-003
   1.4600000000000000E-004  0.51271195473169462       0.25359489720324629        2.1254440830172268        1.0000099182116369       -1.1511799843110671E-002
   1.4610000000000000E-004  0.51425439272445472       0.25169505742942211        2.1242486320655036        1.0000159670965445       -1.8313535753111180E-002
   1.4620000000000000E-004  0.51581780869389460       0.25043518621421673        2.1224943830924499        1.0000223584784986       -2.5204820907159132E-002
   1.4630000000000001E-004  0.51740641960130340       0.24983253495963959        2.1201752691628410        1.0000291796241820       -3.2202289126038189E-002
   1.4640000000000001E-004  0.51902447280108510       0.24990834266600367        2.1172845711854080        1.0000365228020729       -3.9322377359657101E-002
   1.4650000000000001E-004  0.52067624379816169       0.25068771681021090        2.1138150016393258        1.0000444859498800       -4.6581216305056738E-002
   1.4660000000000001E-004  0.52236603269356852       0.25219940749159830        2.1097588105303267        1.0000531731834950       -5.3994501419618923E-002
   1.4670000000000002E-004  0.52409815906480528       0.25447544552623369        2.1051079149929137        1.0000626951009497       -6.1577344386091117E-002
   1.4680000000000002E-004  0.52587695509318888       0.25755061155542730        2.0998540534554770        1.0000731688401630       -6.9344107964046109E-002
   1.4690000000000002E-004  0.52770675687042068       0.26146170277068065        2.0939889643639269        1.0000847178655372       -7.7308231162874538E-002
   1.4700000000000002E-004  0.52959189400177498       0.26624656833654514        2.0875045880181702        1.0000974714750501       -8.5482056510887375E-002
   1.4710000000000000E-004  0.53153667787279313       0.27194289802298710        2.0803932881000780        1.0001115640394909       -9.3876676008484108E-002
   1.4720000000000000E-004  0.53354538919158756       0.27858677250442970        2.0726480870385604        1.0001271339703288      -0.10250181541378148     
   1.4730000000000000E-004  0.53562226549300840       0.28621102161066797        2.0642629067413498        1.0001443223646902      -0.11136577625708310     
   1.4740000000000000E-004  0.53777148888028203       0.29484348783287362        2.0552328038873178        1.0001632711269381      -0.12047544753548214     
   1.4750000000000001E-004  0.53999717295497662       0.30450535244978816        2.0455541876384498        1.0001841201219155      -0.12983638237641196     
   1.4760000000000001E-004  0.54230334515970657       0.31520974167068783        2.0352250080027989        1.0002070025704202      -0.13945290888094999     
   1.4770000000000001E-004  0.54469391650331800       0.32696087507496280        2.0242449057042684        1.0002320374763678      -0.14932821094964946     
   1.4780000000000001E-004  0.54717262554485280       0.33975402794467685        2.0126153194067768        1.0002593175222951      -0.15946428120166142     
   1.4790000000000002E-004  0.54974293943591701       0.35357653345596307        2.0003395527151309        1.0002888907739511      -0.16986162764607812     
   1.4800000000000002E-004  0.55240789436376703       0.36840993659938132        1.9874228097196251        1.0003207349191110      -0.18051862361997836     
   1.4809999999999999E-004  0.55516986949848579       0.38423321818497774        1.9738722121502210        1.0003547237713233      -0.19143043024151221     
   1.4820000000000000E-004  0.55803031536941494       0.40102674446178171        1.9596968114357338        1.0003905883061699      -0.20258750370630907     
   1.4830000000000000E-004  0.56098948783427194       0.41877630958071355        1.9449076014023081        1.0004278790027028      -0.21397384804643174     
   1.4840000000000000E-004  0.56404626156364335       0.43747639851936637        1.9295175194153842        1.0004659416292090      -0.22556536738325578     
   1.4850000000000000E-004  0.56719809480639982       0.45713170898586614        1.9135413960647849        1.0005039231244404      -0.23732886394900166     
   1.4860000000000001E-004  0.57044117651010273       0.47775613128998545        1.8969957823730539        1.0005408229319031      -0.24922232272167216     
   1.4870000000000001E-004  0.57377071078270891       0.49936884231317569        1.8798985629331320        1.0005755945326049      -0.26119699401977131     
   1.4880000000000001E-004  0.57718121058049876       0.52198785691559635        1.8622682730052169        1.0006072800479113      -0.27320131740503217     
   1.4890000000000001E-004  0.58066662985513351       0.54562210560962932        1.8441230952593397        1.0006351339214239      -0.28518591919986708     
   1.4900000000000002E-004  0.58422020017850884       0.57026363026968319        1.8254796203509382        1.0006586757297307      -0.29710799681711131     
   1.4910000000000002E-004  0.58783395030337871       0.59588163065652044        1.8063515882418866        1.0006776279538840      -0.30893291174237875     
   1.4919999999999999E-004  0.59149801585573758       0.62241984943693429        1.7867489219508776        1.0006917495648622      -0.32063139276256725     
   1.4930000000000000E-004  0.59519994523458419       0.64979825123003632        1.7666773501381918        1.0007006481099368      -0.33217262285319638     
   1.4940000000000000E-004  0.59892424427098578       0.67791927410452457        1.7461387508922996        1.0007036950638732      -0.34351604545688930     
   1.4950000000000000E-004  0.60265234553407820       0.70667824778011168        1.7251320677023578        1.0007001313525736      -0.35460652162301193     
   1.4960000000000000E-004  0.60636305671405422       0.73597692003993986        1.7036543738918448        1.0006893177402714      -0.36537672807743837     
   1.4970000000000001E-004  0.61003339772930276       0.76573845539472218        1.6817015705046758        1.0006709317309475      -0.37575678324116329     
   1.4980000000000001E-004  0.61363960894163028       0.79592187521450297        1.6592683994736959        1.0006448886502100      -0.38568602052220785     
   1.4990000000000001E-004  0.61715799717057973       0.82653388427222740        1.6363478511451230        1.0006109542827051      -0.39511958903040123     
   1.5000000000000001E-004  0.62056523985660006       0.85763625789725795        1.6129303731145406        1.0005683026947987      -0.40402567950596857     
   1.5010000000000002E-004  0.62383793601953919       0.88934701548650397        1.5890032901216395        1.0005153920027656      -0.41237580870912582     
   1.5019999999999999E-004  0.62695161656010279       0.92183337248463926        1.5645505115054528        1.0004503401735068      -0.42013560498214675     
   1.5029999999999999E-004  0.62987983191698660       0.95529462926793751        1.5395521972318580        1.0003716196407957      -0.42726287134771657     
   1.5040000000000000E-004  0.63259401702522666       0.98993479203276091        1.5139839306198333        1.0002786304913254      -0.43371364436971538     
   1.5050000000000000E-004  0.63506464820240582        1.0259281268132991        1.4878152809800875        1.0001718074054202      -0.43945001888143470     
   1.5060000000000000E-004  0.63726355401257617        1.0633852932497465        1.4610081701483413        1.0000523994809578      -0.44444273689064967     
   1.5070000000000000E-004  0.63916635058543414        1.1023317242175599        1.4335156872316164       0.99992239980922815      -0.44866868986876557     
   1.5080000000000001E-004  0.64075381226264250        1.1427112692159695        1.4052817706382044       0.99978482568914417      -0.45211020583014699     
   1.5090000000000001E-004  0.64201171783019251        1.1844237757565277        1.3762418049207392       0.99964394668908518      -0.45476064919550946     
   1.5100000000000001E-004  0.64292950896094525        1.2273930266652939        1.3463240959217773       0.99950484608508605      -0.45663053661420272     
   1.5110000000000001E-004  0.64349853096199217        1.2716436564475546        1.3154525987385242       0.99937227987588495      -0.45774107932022373     
   1.5120000000000002E-004  0.64371086505176633        1.3173505974049646        1.2835517890214359       0.99924981409828961      -0.45810078246755243     
   1.5129999999999999E-004  0.64355978013798143        1.3648223051005637        1.2505542380766190       0.99914041119045760      -0.45768490898496217     
   1.5139999999999999E-004  0.64304279538971643        1.4143942178844295        1.2164098819310043       0.99904807788101935      -0.45645031949013737     
   1.5150000000000000E-004  0.64216631085444409        1.4662408154478823        1.1810942344816402       0.99897840157895823      -0.45438949838214304     
   1.5160000000000000E-004  0.64094688262143107        1.5201638482215669        1.1446132479735098       0.99893563136528885      -0.45157002730367923     
   1.5170000000000000E-004  0.63940541161268249        1.5754726512407800        1.1070070314984424       0.99891764934086158      -0.44808787879805084     
   1.5180000000000000E-004  0.63755811676287943        1.6310994544541784        1.0683582214592322       0.99891625646841165      -0.44395691036327017     
   1.5190000000000001E-004  0.63541530662794277        1.6860177097078222        1.0288043712622486       0.99892661310800035      -0.43907826283401280     
   1.5200000000000001E-004  0.63299244634227680        1.7398230685237219       0.98854189296807160       0.99895440012297554      -0.43337220092915818     
   1.5210000000000001E-004  0.63031934552649738        1.7931264877947659       0.94781147993970727       0.99900653941630813      -0.42692644105537042     
   1.5220000000000001E-004  0.62743379527587240        1.8474471659867424       0.90687619580606427       0.99907645311616122      -0.41993096799130181     
   1.5229999999999999E-004  0.62436774817316287        1.9046211430898916       0.86601364964931715       0.99914846851926820      -0.41244946358043094     
   1.5239999999999999E-004  0.62114437751400442        1.9660592757246151       0.82551994239880333       0.99921576676337354      -0.40436584106284706     
   1.5249999999999999E-004  0.61778663649523691        2.0322292592130737       0.78569939045913006       0.99928408662773127      -0.39560793166470115     
   1.5260000000000000E-004  0.61432161091258075        2.1025404507464009       0.74683381093648027       0.99935726616506104      -0.38630136333237930     
   1.5270000000000000E-004  0.61077638214627250        2.1755626616056669       0.70915869431909151       0.99942867748510544      -0.37662237678891153     
   1.5280000000000000E-004  0.60717433191203984        2.2493881768000015       0.67286413530360978       0.99948941590845541      -0.36660297246422058     
   1.5290000000000000E-004  0.60353537322349460        2.3219931938829670       0.63810469965119854       0.99953790713918633      -0.35616935571191338     
   1.5300000000000001E-004  0.59987710611385858        2.3915388744061015       0.60499868740381313       0.99957829730092740      -0.34530393743275811     
   1.5310000000000001E-004  0.59621613541580198        2.4565767736233668       0.57362040456355334       0.99961369695197111      -0.33409397381632833     
   1.5320000000000001E-004  0.59256914840912578        2.5161354375806191       0.54399904472883964       0.99964396916964871      -0.32265648066547814     
   1.5330000000000001E-004  0.58895220717096353        2.5697077458309741       0.51612687409336910       0.99966802422256851      -0.31107059573880763     
   1.5339999999999999E-004  0.58537888050590592        2.6171830243884560       0.48996996076870047       0.99968586954855176      -0.29937355494939966     
   1.5349999999999999E-004  0.58185930070961522        2.6587558318667699       0.46547639238599636       0.99969869180783055      -0.28758685576591653     
   1.5359999999999999E-004  0.57840078738437761        2.6948293340923999       0.44258172142946428       0.99970807401253425      -0.27573523440763353     
   1.5370000000000002E-004  0.57500915265488095        2.7259256965899779       0.42121305265073605       0.99971544096058218      -0.26385100301504033     
   1.5380000000000003E-004  0.57168969612244136        2.7526127159116864       0.40129253699990386       0.99972191140804156      -0.25197163368299236     
   1.5390000000000003E-004  0.56844754153448862        2.7754510859350789       0.38274030593403641       0.99972832648305665      -0.24013702056886932     
   1.5400000000000003E-004  0.56528746850191713        2.7949616467184031       0.36547674102718997       0.99973528460650951      -0.22838779036557288     
   1.5410000000000003E-004  0.56221354643745092        2.8116088058481759       0.34942411605754220       0.99974315361804711      -0.21676381391028468     
   1.5420000000000001E-004  0.55922882048680556        2.8257953940817901       0.33450775364781471       0.99975208808893790      -0.20530237535250159     
   1.5430000000000001E-004  0.55633515591505645        2.8378646430490013       0.32065683616980234       0.99976206840106463      -0.19403626293816817     
   1.5440000000000001E-004  0.55353323670503207        2.8481059395118677       0.30780495875784908       0.99977295536993227      -0.18299231351187364     
   1.5450000000000001E-004  0.55082267402574825        2.8567620675357412       0.29589046607975789       0.99978454551982099      -0.17219075293065306     
   1.5460000000000002E-004  0.54820216979118142        2.8640365517838924       0.28485659570124433       0.99979661481318560      -0.16164531374037791     
   1.5470000000000002E-004  0.54566969096262130        2.8701003710893485       0.27465145314970396       0.99980894792411124      -0.15136390724983048     
   1.5480000000000002E-004  0.54322263047758546        2.8750977417763415       0.26522785024027584       0.99982135398024574      -0.14134958581873780     
   1.5490000000000002E-004  0.54085794468339021        2.8791509193398590       0.25654304431576413       0.99983367248141897      -0.13160154422782760     
   1.5500000000000003E-004  0.53857226363320909        2.8823640949046023       0.24855841702569936       0.99984577344983161      -0.12211600012272980     
   1.5510000000000003E-004  0.53636197613219949        2.8848265150239061       0.24123912699675198       0.99985755521952424      -0.11288689025771265     
   1.5520000000000003E-004  0.53422329373589372        2.8866149652307862       0.23455376268869887       0.99986894128881232      -0.10390638341082903     
   1.5530000000000001E-004  0.53215229725912883        2.8877957451295648       0.22847401380716459       0.99987987726533312       -9.5165240981572044E-002
   1.5540000000000001E-004  0.53014496919020104        2.8884262424295941       0.22297437200020287       0.99989032795754962       -8.6653070433980142E-002
   1.5550000000000001E-004  0.52819721623041260        2.8885561949677290       0.21803186605438629       0.99990027467540232       -7.8358499436268658E-002
   1.5560000000000001E-004  0.52630488554877741        2.8882287092550998       0.21362583312026651       0.99990971283578622       -7.0269299007516953E-002
   1.5570000000000002E-004  0.52446377722551218        2.8874810882281787       0.20973772459369933       0.99991864981923517       -6.2372482684123355E-002
   1.5580000000000002E-004  0.52266965459141079        2.8863455092063024       0.20635094358870809       0.99992710297162302       -5.4654393055552336E-002
   1.5590000000000002E-004  0.52091825336698017        2.8848495828113676       0.20345071046505669       0.99993509777488887       -4.7100780053685017E-002
   1.5600000000000002E-004  0.51920528995814530        2.8830168156499769       0.20102395278461227       0.99994266624785655       -3.9696876429220207E-002
   1.5610000000000003E-004  0.51752646904214661        2.8808669941500678       0.19905921597355380       0.99994984551918242       -3.2427475498029906E-002
   1.5620000000000003E-004  0.51587749047135945        2.8784165027630491       0.19754659134102415       0.99995667656720066       -2.5277009561008486E-002
   1.5630000000000000E-004  0.51425405546752723        2.8756785864966070       0.19647765861187150       0.99996320313063525       -1.8229628467139960E-002
   1.5640000000000001E-004  0.51265187208039542        2.8726635653035335       0.19584544063093379       0.99996947077493747       -1.1269277070154644E-002
   1.5650000000000001E-004  0.51106665991977207        2.8693790059917372       0.19564436841760635       0.99997552610148588       -4.3797703692264175E-003
   1.5660000000000001E-004  0.50949415421404087        2.8658298559259165       0.19587025521544987       0.99998141607932101        2.4551342661254046E-003
   1.5670000000000001E-004  0.50793010929217330        2.8620185415870107       0.19652027860220311       0.99998718747389881        9.2516680183411370E-003
   1.5680000000000002E-004  0.50637030162823293        2.8579450336004406       0.19759297013345645       0.99999288634523797        1.6025984723823227E-002
   1.5690000000000002E-004  0.50481053262449471        2.8536068798454450       0.19908821228787676       0.99999855759363621        2.2794098071501005E-002
   1.5700000000000002E-004  0.50324663133644298        2.8489992079973203       0.20100724277368265        1.0000042445273118        2.9571821774748992E-002
   1.5710000000000002E-004  0.50167445736494110        2.8441146974735134       0.20335266659766926        1.0000099884280658        3.6374712622700839E-002
   1.5720000000000003E-004  0.50008990414382981        2.8389435197508495       0.20612847660263789        1.0000158280951947        4.3218016426838500E-002
   1.5730000000000003E-004  0.49848890282521591        2.8334732448892646       0.20934008347904065        1.0000217993526928        5.0116617096272291E-002
   1.5740000000000000E-004  0.49686742696091724        2.8276887106753703       0.21299435655510823        1.0000279345075136        5.7084989244202834E-002
   1.5750000000000001E-004  0.49522149815000754        2.8215718490329662       0.21709967691514276        1.0000342617447104        6.4137153904598565E-002
   1.5760000000000001E-004  0.49354719278079401        2.8151014622059853       0.22166600459775143        1.0000408044685685        7.1286637682234921E-002
   1.5770000000000001E-004  0.49184064993631144        2.8082529385899506       0.22670496175563226        1.0000475805514892        7.8546433754024855E-002
   1.5780000000000001E-004  0.49009808045955028        2.8009978947286847       0.23222993343328380        1.0000546014929030        8.5928959536433272E-002
   1.5790000000000002E-004  0.48831577713765667        2.7933037259161435       0.23825618731769183        1.0000618714841201        9.3446007848315499E-002
   1.5800000000000002E-004  0.48649012604130870        2.7851330431746288       0.24480101313604852        1.0000693864186865       0.10110868491985454     
   1.5810000000000002E-004  0.48461761911919732        2.7764429669186681       0.25188388157805441        1.0000771328722491       0.10892733022277598     
   1.5820000000000002E-004  0.48269486800686295        2.7671842361783123       0.25952662133892979        1.0000850869491442       0.11691140437163713     
   1.5830000000000003E-004  0.48071861927446569        2.7573000776785004       0.26775361069348769        1.0000932130738220       0.12506932493033349     
   1.5840000000000000E-004  0.47868577185968952        2.7467247577531073       0.27659197802840119        1.0001014628155516       0.13340823982743685     
   1.5850000000000000E-004  0.47659339828706143        2.7353817145319428       0.28607180328460746        1.0001097738459681       0.14193371883839290     
   1.5860000000000001E-004  0.47443877449400501        2.7231811450953956       0.29622631060298410        1.0001180704139399       0.15064938948821172     
   1.5870000000000001E-004  0.47221942752415630        2.7100169178784728       0.30709204288111192        1.0001262658813839       0.15955656899950338     
   1.5880000000000001E-004  0.46993321281835321        2.6957627149110572       0.31870900867403318        1.0001342684267389       0.16865394809498740     
   1.5890000000000001E-004  0.46757842868922422        2.6802674182718516       0.33112079103671732        1.0001419901912592       0.17793738485042326     
   1.5900000000000002E-004  0.46515396101124673        2.6633499807966023       0.34437460318660840        1.0001493592548352       0.18739982133509647     
   1.5910000000000002E-004  0.46265943351158595        2.6447943975024537       0.35852126579305743        1.0001563322065807       0.19703125767938104     
   1.5920000000000002E-004  0.46009532352721139        2.6243459257947839       0.37361506431789682        1.0001629049881144       0.20681863296749720     
   1.5930000000000002E-004  0.45746299580997268        2.6017103263183583       0.38971342645862794        1.0001691216848132       0.21674546467116279     
   1.5940000000000003E-004  0.45476462086916208        2.5765584451328079       0.40687635010927714        1.0001750863176271       0.22679126761607007     
   1.5950000000000000E-004  0.45200299010590395        2.5485386486165140       0.42516552643575345        1.0001809907174319       0.23693116597591957     
   1.5960000000000000E-004  0.44918131004190115        2.5172990827419142       0.44464315500036466        1.0001871771127697       0.24713667141592061     
   1.5970000000000001E-004  0.44630311474340867        2.4825200781657371       0.46537053465229139        1.0001942359932350       0.25737882313440286     
   1.5980000000000001E-004  0.44337241126023857        2.4439540485155322       0.48740657239044083        1.0002030821790029       0.26763375117240989     
   1.5990000000000001E-004  0.44039405818084465        2.4014662946290732       0.51080626190955147        1.0002148841452290       0.27788777885514748     
   1.6000000000000001E-004  0.43737421654907044        2.3550670985285840       0.53561884034368923        1.0002307332906699       0.28813592402783528     
   1.6010000000000002E-004  0.43432061522146265        2.3049270126460923       0.56188484061918231        1.0002511559847986       0.29836857474966633     
   1.6020000000000002E-004  0.43124247304197671        2.2513767855382740       0.58963115139062428        1.0002759267162680       0.30855067519880380     
   1.6030000000000002E-004  0.42815015036312448        2.1949078095919288       0.61886420797624098        1.0003047077108920       0.31861194312664054     
   1.6040000000000002E-004  0.42505477259860180        2.1361933955158157       0.64956350354294834        1.0003383233228862       0.32846881062278160     
   1.6050000000000003E-004  0.42196803082607348        2.0761256511356687       0.68167881627177795        1.0003792445450630       0.33807240014292539     
   1.6060000000000000E-004  0.41890230725424737        2.0158162324434055       0.71513210247256431        1.0004297788691119       0.34743537198289759     
   1.6070000000000000E-004  0.41587149543807317        1.9564961249676438       0.74981957810579836        1.0004889752827826       0.35658895290302883     
   1.6080000000000001E-004  0.41289247385299083        1.8993049472931931       0.78560793482830604        1.0005521590575641       0.36549725283325224     
   1.6090000000000001E-004  0.40998543108841762        1.8450427218989642       0.82232654487422696        1.0006151044895910       0.37403565933762678     
   1.6100000000000001E-004  0.40717099983940302        1.7939882098031874       0.85976708505360211        1.0006781990103653       0.38208543030532266     
   1.6110000000000001E-004  0.40446653580953307        1.7458373343149889       0.89769765347172292        1.0007443382035714       0.38963552206177249     
   1.6120000000000002E-004  0.40188717963147463        1.6997587510864216       0.93588216340894004        1.0008124842681416       0.39675095304515406     
   1.6130000000000002E-004  0.39945176243297442        1.6545854400028068       0.97409007484805432        1.0008751087046703       0.40344163963735608     
   1.6140000000000002E-004  0.39718592428307470        1.6091829736245571        1.0120958360331906        1.0009232793300897       0.40960259344750716     
   1.6150000000000002E-004  0.39511717032966537        1.5629123764888579        1.0496818686171441        1.0009536368215706       0.41509985940572536     
   1.6160000000000000E-004  0.39326697183652054        1.5159217976406001        1.0866526806478749        1.0009683883435498       0.41988273911309787     
   1.6170000000000000E-004  0.39164917327781013        1.4690320848839522        1.1228508015802747        1.0009689508007684       0.42398593739635354     
   1.6180000000000000E-004  0.39027530055284093        1.4232799087822254        1.1581627338181066        1.0009527121731747       0.42744687881208404     
   1.6190000000000001E-004  0.38915916209562024        1.3794379513494244        1.1925151643761156        1.0009159664774898       0.43025099415276469     
   1.6200000000000001E-004  0.38831575494289938        1.3377879375074149        1.2258687953052876        1.0008574221588988       0.43234787511032952     
   1.6210000000000001E-004  0.38775693940728273        1.2981846240529336        1.2582138853225073        1.0007788408353027       0.43369778061906267     
   1.6220000000000001E-004  0.38748869483607057        1.2602709768492550        1.2895668350927654        1.0006838692345739       0.43429835494548108     
   1.6230000000000001E-004  0.38751146235147804        1.2236879178626412        1.3199658720670024        1.0005766367117941       0.43417638463437674     
   1.6240000000000002E-004  0.38782203954256467        1.1881977639349446        1.3494649997406309        1.0004609240836047       0.43336175364233348     
   1.6250000000000002E-004  0.38841535307641012        1.1537144127335879        1.3781269410033579        1.0003401776590759       0.43186867406748525     
   1.6260000000000002E-004  0.38928537922343975        1.1202688397939689        1.4060165761285406        1.0002179682556411       0.42969599132063313     
   1.6270000000000000E-004  0.39042506421643469        1.0879442641646486        1.4331960366315837        1.0000981636932060       0.42684053117659598     
   1.6280000000000000E-004  0.39182536292249714        1.0568092312401189        1.4597217180182600       0.99998450019642338       0.42330937864460405     
   1.6290000000000000E-004  0.39347389308521630        1.0268680464646014        1.4856427837072399       0.99987993116404206       0.41912234721002051     
   1.6300000000000000E-004  0.39535413148674292       0.99803819547629513        1.5110006353674432       0.99978629833890598       0.41430683571310695     
   1.6310000000000001E-004  0.39744594929708466       0.97015465482636587        1.5358291001982636       0.99970444405462489       0.40889249461063160     
   1.6320000000000001E-004  0.39972742712430176       0.94299380238512831        1.5601552675863273       0.99963447576952968       0.40290982083172311     
   1.6330000000000001E-004  0.40217696665073049       0.91630663764752618        1.5840007931715396       0.99957591345871788       0.39639091176168018     
   1.6340000000000001E-004  0.40477455668491263       0.88985176168306801        1.6073832715523872       0.99952774337645078       0.38936879869931190     
   1.6350000000000002E-004  0.40750174253170945       0.86342158797796476        1.6303172690087173       0.99948856716837253       0.38187476367971268     
   1.6360000000000002E-004  0.41034068957182251       0.83685923298372689        1.6528148793567583       0.99945693117033030       0.37393646050001855     
   1.6369999999999999E-004  0.41327316885431831       0.81006700355645311        1.6748860113094581       0.99943171437053224       0.36557993986993831     
   1.6380000000000000E-004  0.41628019945513633       0.78300874174036250        1.6965387537157302       0.99941234140260182       0.35683561181630302     
   1.6390000000000000E-004  0.41934253429546581       0.75570731596566321        1.7177799744633511       0.99939867397095461       0.34774418044353800     
   1.6400000000000000E-004  0.42244160097359412       0.72823698206569898        1.7386159507740455       0.99939067044023433       0.33835738354074135     
   1.6410000000000000E-004  0.42556033604266236       0.70071018598094781        1.7590526193080436       0.99938807874635527       0.32873164211728606     
   1.6420000000000001E-004  0.42868361489068285       0.67325994641669618        1.7790951637416050       0.99939037987252100       0.31891806301471753     
   1.6430000000000001E-004  0.43179833578412080       0.64602077105528133        1.7987470300183404       0.99939697710126474       0.30895512936469449     
   1.6440000000000001E-004  0.43489333769048261       0.61911166306917798        1.8180087924951902       0.99940743772487073       0.29886845131104323     
   1.6450000000000001E-004  0.43795923866516301       0.59262400414263361        1.8368773653710200       0.99942159100486960       0.28867705471985577     
   1.6460000000000002E-004  0.44098817596364404       0.56661573576653523        1.8553458575108923       0.99943942786876583       0.27840185153940217     
   1.6470000000000002E-004  0.44397343442592385       0.54111201663406672        1.8734040646117585       0.99946089189233300       0.26807150248971429     
   1.6479999999999999E-004  0.44690903344984129       0.51611154333866638        1.8910393583081024       0.99948569929502984       0.25772325188080486     
   1.6490000000000000E-004  0.44978941246392340       0.49159687863694917        1.9082376582221485       0.99951327883890773       0.24739934286582280     
   1.6500000000000000E-004  0.45260934800405733       0.46754649754555971        1.9249842470134411       0.99954283846906966       0.23714150639442017     
   1.6510000000000000E-004  0.45536412574018198       0.44394608216409892        1.9412643300128138       0.99957350162772585       0.22698612893394277     
   1.6520000000000000E-004  0.45804986117539381       0.42079695818972340        1.9570633645592981       0.99960444303630591       0.21696159589895461     
   1.6530000000000001E-004  0.46066380064187579       0.39812039022756662        1.9723672469215909       0.99963497797887280       0.20708795872836933     
   1.6540000000000001E-004  0.46320446318287317       0.37595750958819069        1.9871624467469893       0.99966459427117293       0.19737818956249392     
   1.6550000000000001E-004  0.46567157504194712       0.35436559472563328        2.0014361462048100       0.99969294142195708       0.18784006532575223     
   1.6560000000000001E-004  0.46806584299776177       0.33341200415225841        2.0151764027506580       0.99971979948407441       0.17847796392281462     
   1.6570000000000002E-004  0.47038866719700029       0.31316720979633234        2.0283723288265190       0.99974504563934097       0.16929424461352990     
   1.6579999999999999E-004  0.47264189238285109       0.29369818544749238        2.0410142719414797       0.99976862671741573       0.16029017563104314     
   1.6589999999999999E-004  0.47482764079562062       0.27506302945600264        2.0530939759794773       0.99979053835452303       0.15146646083621523     
   1.6600000000000000E-004  0.47694822542774645       0.25730727377536661        2.0646047047750038       0.99981080993969795       0.14282343127884051     
   1.6610000000000000E-004  0.47900612258597242       0.24046196165400732        2.0755413122813753       0.99982949397895327       0.13436097868325214     
   1.6620000000000000E-004  0.48100397566459085       0.22454331111451578        2.0859002488834673       0.99984665873940481       0.12607831461478367     
   1.6630000000000000E-004  0.48294460663025524       0.20955362604781205        2.0956795003779334       0.99986238340281319       0.11797364726024984     
   1.6640000000000001E-004  0.48483102146731244       0.19548305867164084        2.1048784639405049       0.99987675504618045       0.11004386677588657     
   1.6650000000000001E-004  0.48666640487694912       0.18231184305883452        2.1134977723384356       0.99988986670615820       0.10228431083009770     
   1.6660000000000001E-004  0.48845410527786431       0.17001268139084053        2.1215390820272439       0.99990181588625637        9.4688648323449046E-002
   1.6670000000000001E-004  0.49019761350045660       0.15855304893552460        2.1290048419280492       0.99991270308709479        8.7248884092575085E-002
   1.6680000000000002E-004  0.49190053832172681       0.14789727088771429        2.1358980579431321       0.99992263022515770        7.9955460908398779E-002
   1.6689999999999999E-004  0.49356658141735793       0.13800829841635404        2.1422220649099426       0.99993169904643620        7.2797424423042573E-002
   1.6699999999999999E-004  0.49519951465654394       0.12884916536000626        2.1479803140462774       0.99994000970508068        6.5762619253003099E-002
   1.6710000000000000E-004  0.49680316174280004       0.12038414259159647        2.1531761806767697       0.99994765961814558        5.8837891582705346E-002
   1.6720000000000000E-004  0.49838138479849986       0.11257962675980829        2.1578127944061070       0.99995474265158268        5.2009280317247088E-002
   1.6730000000000000E-004  0.49993807552129810       0.10540480753019624        2.1618928919802443       0.99996134866139097        4.5262185356392745E-002
   1.6740000000000000E-004  0.50147715008448746        9.8832158151098998E-002   2.1654186918374858       0.99996756338278003        3.8581507833161416E-002
   1.6750000000000001E-004  0.50300254683170387        9.2837790566176956E-002   2.1683917887552848       0.99997346862237901        3.1951762113704395E-002
   1.6760000000000001E-004  0.50451822588863648        8.7401711121822004E-002   2.1708130667818111       0.99997914270217747        2.5357161578248633E-002
   1.6770000000000001E-004  0.50602816999659572        8.2508007140056697E-002   2.1726826287384586       0.99998466110121476        1.8781682345766913E-002
   1.6780000000000001E-004  0.50753638606464790        7.8144989164984427E-002   2.1739997408271332       0.99999009724602528        1.2209109241614132E-002
   1.6789999999999999E-004  0.50904690709892220        7.4305308715428384E-002   2.1747627912114122       0.99999552341340436        5.6230685703921330E-003
   1.6799999999999999E-004  0.51056379428791787        7.0986066855190072E-002   2.1749692618282150        1.0000010117171341       -9.9294801758956978E-004
   1.6809999999999999E-004  0.51209113910057935        6.8188924807219886E-002   2.1746157130694073        1.0000066351609431       -7.6555648061830623E-003
   1.6820000000000000E-004  0.51363306529920938        6.5920224172395958E-002   2.1736977813525105        1.0000124687458571       -1.4381504920592567E-002
   1.6830000000000003E-004  0.51519373079113828        6.4191120272910712E-002   2.1722101899896558        1.0000185906249164       -2.1187571376721313E-002
   1.6840000000000003E-004  0.51677732924951048        6.3017727656716427E-002   2.1701467741731459        1.0000250832944859       -2.8090622523694552E-002
   1.6850000000000003E-004  0.51838809142583409        6.2421272403401430E-002   2.1675005213325385        1.0000320348013620       -3.5107537504480334E-002
   1.6860000000000003E-004  0.52003028605019919        6.2428240523474406E-002   2.1642636286078503        1.0000395399285720       -4.2255166301213440E-002
   1.6870000000000003E-004  0.52170822015808349        6.3070505149922115E-002   2.1604275797530406        1.0000477012963649       -4.9550257286854332E-002
   1.6880000000000001E-004  0.52342623857578574        6.4385407104603123E-002   2.1559832444174738        1.0000566302859013       -5.7009353886969136E-002
   1.6890000000000001E-004  0.52518872212009338        6.6415753490930610E-002   2.1509210033883086        1.0000664476500474       -6.4648650546314509E-002
   1.6900000000000002E-004  0.52700008381230234        6.9209686915378224E-002   2.1452309039841673        1.0000772836452099       -7.2483797396153446E-002
   1.6910000000000002E-004  0.52886476204715505        7.2820364056060988E-002   2.1389028501185603        1.0000892774964811       -8.0529644987411067E-002
   1.6920000000000002E-004  0.53078720916150757        7.7305367853258727E-002   2.1319268313431277        1.0001025760338269       -8.8799925242731351E-002
   1.6930000000000002E-004  0.53277187333458931        8.2725765254138287E-002   2.1242931939291463        1.0001173314180303       -9.7306875844866830E-002
   1.6940000000000002E-004  0.53482317148266434        8.9144717201695464E-002   2.1159929542772833        1.0001336980350977      -0.10606083186125470     
   1.6950000000000003E-004  0.53694545104186076        9.6625556770506077E-002   2.1070181501820322        1.0001518288543756      -0.11506983036006023     
   1.6960000000000003E-004  0.53914293951467562       0.10522928598722246        2.0973622185767820        1.0001718717482466      -0.12433929720274513     
   1.6970000000000003E-004  0.54141968256259454       0.11501151193163177        2.0870203799217446        1.0001939663150088      -0.13387190024509776     
   1.6980000000000001E-004  0.54377947425734863       0.12601895469723234        2.0759900011103056        1.0002182413439569      -0.14366764400612195     
   1.6990000000000001E-004  0.54622578611673323       0.13828580818280392        2.0642709039181515        1.0002448120668697      -0.15372422882891276     
   1.7000000000000001E-004  0.54876170289296855       0.15183039548556071        2.0518655883400267        1.0002737748611779      -0.16403759944845039     
   1.7010000000000001E-004  0.55138987006471329       0.16665269750187583        2.0387793521704474        1.0003051955490769      -0.17460248020100849     
   1.7020000000000002E-004  0.55411244804791127       0.18273339502730337        2.0250203088550922        1.0003390870403488      -0.18541258923423967     
   1.7030000000000002E-004  0.55693105466138959       0.20003499506072159        2.0105993286818169        1.0003753735919680      -0.19646021271310266     
   1.7040000000000002E-004  0.55984667009703748       0.21850536870787027        1.9955299435577967        1.0004138433677188      -0.20773495756424976     
   1.7050000000000002E-004  0.56285947865139185       0.23808360600605188        1.9798282508485610        1.0004540977287322      -0.21922180895425283     
   1.7060000000000003E-004  0.56596863989755608       0.25870753791187445        1.9635128219464164        1.0004955117681098      -0.23089898656996033     
   1.7070000000000003E-004  0.56917202247352428       0.28032169303206389        1.9466045752256669        1.0005372229291014      -0.24273633741293568     
   1.7080000000000003E-004  0.57246597964686641       0.30288402711307227        1.9291265316167454        1.0005781611471589      -0.25469497022051552     
   1.7090000000000001E-004  0.57584526602159936       0.32636970433934842        1.9111033574161223        1.0006171241972694      -0.26672850454418684     
   1.7100000000000001E-004  0.57930316041258245       0.35077068157025132        1.8925606270781188        1.0006528877584011      -0.27878579479772853     
   1.7110000000000001E-004  0.58283176718787344       0.37609080753900348        1.8735238048821952        1.0006843252840358      -0.29081448948258604     
   1.7120000000000001E-004  0.58642234504423296       0.40233727626482979        1.8540170259785551        1.0007105066918200      -0.30276447823982433     
   1.7130000000000002E-004  0.59006540490258896       0.42951021611886103        1.8340618238715116        1.0007307498995319      -0.31459026587899835     
   1.7140000000000002E-004  0.59375034836224228       0.45759270839795646        1.8136759882929745        1.0007446067787016      -0.32625145423427493     
   1.7150000000000002E-004  0.59746466228438211       0.48654349996972707        1.7928727528204611        1.0007517800267109      -0.33771073711167726     
   1.7160000000000002E-004  0.60119301034191752       0.51629423147803410        1.7716604968576846        1.0007520038356030      -0.34892949719588456     
   1.7170000000000003E-004  0.60491672649824124       0.54675232020929299        1.7500430594027598        1.0007449659179546      -0.35986254412849977     
   1.7180000000000003E-004  0.60861406813326524       0.57780978063080990        1.7280205725075000        1.0007303470972515      -0.37045508406671385     
   1.7190000000000000E-004  0.61226119836674642       0.60935720099528867        1.7055904862100251        1.0007079657494009      -0.38064498516591005     
   1.7200000000000001E-004  0.61583346256565696       0.64130088033610599        1.6827483227794646        1.0006778855309084      -0.39037072527732836     
   1.7210000000000001E-004  0.61930634792785422       0.67358029294700095        1.6594878209857100        1.0006402941748129      -0.39958111921798922     
   1.7220000000000001E-004  0.62265569606942373       0.70618296327669128        1.6358005068313410        1.0005950972975401      -0.40824015055935997     
   1.7230000000000001E-004  0.62585719003342732       0.73915422648446738        1.6116751115586370        1.0005414540926065      -0.41632233372723976     
   1.7240000000000002E-004  0.62888554514147477       0.77259971797259963        1.5870973050974069        1.0004776748962121      -0.42380094939787266     
   1.7250000000000002E-004  0.63171393287615230       0.80667871699782034        1.5620498027507619        1.0004017439076021      -0.43063820090266985     
   1.7260000000000002E-004  0.63431410200898297       0.84158714033904269        1.5365123616435756        1.0003122284503285      -0.43678596226378447     
   1.7270000000000002E-004  0.63665751243384983       0.87753073100417189        1.5104610471151352        1.0002089604517732      -0.44219712744257605     
   1.7280000000000003E-004  0.63871727071175299       0.91469197558948245        1.4838666041674307        1.0000930589222194      -0.44683852593307022     
   1.7290000000000003E-004  0.64047009071251904       0.95319777197915134        1.4566924857744876       0.99996643677735153      -0.45069527570317464     
   1.7300000000000000E-004  0.64189751746176094       0.99309772766497351        1.4288935173599286       0.99983137942860156      -0.45376424644408586     
   1.7310000000000001E-004  0.64298614638968510        1.0343638931259991        1.4004159571008143       0.99969067715439452      -0.45604449286054044     
   1.7320000000000001E-004  0.64372687667359141        1.0769197498408227        1.3711990175987445       0.99954812061190490      -0.45753515601494427     
   1.7330000000000001E-004  0.64411354100231855        1.1206966702490253        1.3411774403161090       0.99940852680293080      -0.45824100857643391     
   1.7340000000000001E-004  0.64414170333831122        1.1657000424534618        1.3102849842200799       0.99927686184141340      -0.45817278549389978     
   1.7350000000000002E-004  0.64380851555466478        1.2120522689539404        1.2784593276417509       0.99915724007054130      -0.45733363923516596     
   1.7360000000000002E-004  0.64311433531055784        1.2599764885452591        1.2456488832071706       0.99905304328078348      -0.45570599155101665     
   1.7370000000000002E-004  0.64206573702450309        1.3096990440180072        1.2118206661174051       0.99896819013379745      -0.45326706563571334     
   1.7380000000000002E-004  0.64067776386417319        1.3612805341727288        1.1769667083197266       0.99890735395545183      -0.45003455214070670     
   1.7390000000000003E-004  0.63897238679843615        1.4144311838164569        1.1411076287384407       0.99887302425698932      -0.44608830690695173     
   1.7400000000000000E-004  0.63697202046693935        1.4684155626478146        1.1042962863024863       0.99886174213272350      -0.44151074872836810     
   1.7410000000000000E-004  0.63469374912715004        1.5221711441054377        1.0666260792766131       0.99886588739277671      -0.43628951734512827     
   1.7420000000000001E-004  0.63215260309680221        1.5746950443359529        1.0282409338819809       0.99888255026273431      -0.43032179318879699     
   1.7430000000000001E-004  0.62937143674381302        1.6255686354682322       0.98933434025109612       0.99891785205992489      -0.42356466812014010     
   1.7440000000000001E-004  0.62638470542460889        1.6753081534789906       0.95013165190553384       0.99897655756417580      -0.41614859302832730     
   1.7450000000000001E-004  0.62322956812533836        1.7252729978576162       0.91087067817533462       0.99905050958940222      -0.40826587013346310     
   1.7460000000000002E-004  0.61993484543399158        1.7771534350452056       0.87179866617621737       0.99912478134768190      -0.39995595038191589     
   1.7470000000000002E-004  0.61652152097117041        1.8323225713904105       0.83317818702651447       0.99919344212225802      -0.39109545106202093     
   1.7480000000000002E-004  0.61301115675011153        1.8913692045610251       0.79527740510778511       0.99926184666316042      -0.38161845582576959     
   1.7490000000000002E-004  0.60942900279421197        1.9539711143830711       0.75834217088704570       0.99933408483867447      -0.37164646622524811     
   1.7500000000000003E-004  0.60579940863370241        2.0190665803991816       0.72257503683321200       0.99940524755684745      -0.36135852749743019     
   1.7510000000000000E-004  0.60214235806946126        2.0851678173588843       0.68813659787170689       0.99946721792506543      -0.35081253629884035     
   1.7520000000000000E-004  0.59847495767721481        2.1506738987258256       0.65515645925966215       0.99951711478347482      -0.33994834216984832     
   1.7530000000000001E-004  0.59481342785546698        2.2141104242287706       0.62373600630114989       0.99955801072334249      -0.32872330452335841     
   1.7540000000000001E-004  0.59117290005316125        2.2742723002453626       0.59394218513225017       0.99959388008159633      -0.31719509409533364     
   1.7550000000000001E-004  0.58756684688554217        2.3302746635534253       0.56580328769879706       0.99962598439200179      -0.30548429558809059     
   1.7560000000000001E-004  0.58400725028301170        2.3815436079526000       0.53931327120268424       0.99965344004694112      -0.29369490416902616     
   1.7570000000000002E-004  0.58050460375568491        2.4277838490131796       0.51444149912710380       0.99967545918124312      -0.28187820382933609     
   1.7580000000000002E-004  0.57706743485336975        2.4689415814217486       0.49114180669093255       0.99969247988025400      -0.27004877139217764     
