   0.0000000000000000       0.50000000000000000        8.8392262235406221E-019   1.8849555921538761        1.0000000000000000        0.0000000000000000     
   1.0000000000000001E-007  0.50302267543506285        5.3463997143160774E-004   1.8846186619385172        1.0000111968389502       -1.1608281009365487E-002
   2.0000000000000002E-007  0.50605459099044425        2.1973985766247047E-003   1.8834945009360227        1.0000282171313335       -2.3246007803333191E-002
   2.9999999999999999E-007  0.50909538384456088        4.9949778551677581E-003   1.8815842810308496        1.0000454183210812       -3.4901589458114696E-002
   4.0000000000000003E-007  0.51214460203245604        8.9303092713224081E-003   1.8788916145514192        1.0000628216174519       -4.6562971079729364E-002
   5.0000000000000008E-007  0.51520165154423891        1.4002569666977693E-002   1.8754225365956199        1.0000804361737026       -5.8217531946922842E-002
   5.9999999999999997E-007  0.51826574309591145        2.0207241474652474E-002   1.8711854614917978        1.0000982550580075       -6.9852013216376643E-002
   7.0000000000000007E-007  0.52133583896099245        2.7536223785041263E-002   1.8661911098663664        1.0001162515651187       -8.1452481298113333E-002
   8.0000000000000007E-007  0.52441060033592046        3.5977998280010921E-002   1.8604524029893148        1.0001343759958092       -9.3004326408648919E-002
   9.0000000000000007E-007  0.52748833573455600        4.5517843890536550E-002   1.8539843219417065        1.0001525529472444      -0.10449228763810431     
   1.0000000000000002E-006  0.53056695083953498        5.6138083544156885E-002   1.8468037311184078        1.0001706790444098      -0.11590048319483734     
   1.1000000000000001E-006  0.53364390014048713        6.7818333708213357E-002   1.8389291684757447        1.0001886209865760      -0.12721241544110382     
   1.1999999999999999E-006  0.53671614049637095        8.0535716813774222E-002   1.8303806084209862        1.0002062138060297      -0.13841091405740807     
   1.3000000000000000E-006  0.53978008657024057        9.4264991234265683E-002   1.8211792066300789        1.0002232594543552      -0.14947798795258829     
   1.4000000000000001E-006  0.54283156809202626       0.10897855850293071        1.8113470385003054        1.0002395262686843      -0.16039457834757598     
   1.5000000000000000E-006  0.54586578942652630       0.12464633036050306        1.8009068435464237        1.0002547503691492      -0.17114024380039899     
   1.6000000000000001E-006  0.54887729317320832       0.14123547377041779        1.7898817860625613        1.0002686405562584      -0.18169285449844291     
   1.7000000000000000E-006  0.55185993147868362       0.15871008012016646        1.7782952369934211        1.0002808883018928      -0.19202841036104359     
   1.8000000000000001E-006  0.55480685103703276       0.17703084072059247        1.7661705755639188        1.0002911834780426      -0.20212110590041563     
   1.9000000000000000E-006  0.55771049909392933       0.19615483911572468        1.7535310035821385        1.0002992348207616      -0.21194373100283473     
   2.0000000000000003E-006  0.56056265698122887       0.21603558287599395        1.7403993628370646        1.0003047919625239      -0.22146841837548728     
   2.1000000000000002E-006  0.56335450353003491       0.23662339090230738        1.7267979484164877        1.0003076639452766      -0.23066763976897320     
   2.2000000000000001E-006  0.56607670373297969       0.25786622334220899        1.7127483184138892        1.0003077284081896      -0.23951524534799548     
   2.3000000000000000E-006  0.56871951064139048       0.27971099159879720        1.6982711112889834        1.0003049269793634      -0.24798727268954651     
   2.3999999999999999E-006  0.57127286156081458       0.30210531734392720        1.6833858924061362        1.0002992461241778      -0.25606226381457975     
   2.5000000000000002E-006  0.57372644278874751       0.32499963165795703        1.6681110557347554        1.0002906876724131      -0.26372094181256900     
   2.6000000000000001E-006  0.57606970159124704       0.34834943377653060        1.6524638025810157        1.0002792376105452      -0.27094528656409422     
   2.7000000000000004E-006  0.57829180448394146       0.37211749184650300        1.6364602072318351        1.0002648432770225      -0.27771725247655948     
   2.8000000000000003E-006  0.58038157521458644       0.39627575319535452        1.6201153609655845        1.0002474075040129      -0.28401751999463515     
   2.9000000000000002E-006  0.58232748251745392       0.42080673924832385        1.6034435659562427        1.0002268038099624      -0.28982471179301239     
   3.0000000000000001E-006  0.58411776589981523       0.44570423520103436        1.5864585352275200        1.0002029108727895      -0.29511541827598514     
   3.1000000000000004E-006  0.58574076527342811       0.47097313455092232        1.5691735473315314        1.0001756593281315      -0.29986518214230856     
   3.2000000000000003E-006  0.58718544501612613       0.49662835637520480        1.5516015071536535        1.0001450807644205      -0.30405034692443855     
   3.3000000000000002E-006  0.58844198757026489       0.52269282592710686        1.5337548777080605        1.0001113473997865      -0.30765044631867328     
   3.4000000000000001E-006  0.58950226108045800       0.54919459790144276        1.5156454755321755        1.0000747875548353      -0.31065058383252192     
   3.5000000000000004E-006  0.59036000856754545       0.57616329317207782        1.4972841686562368        1.0000358636520748      -0.31304303508653897     
   3.6000000000000003E-006  0.59101073150906502       0.60362610296138797        1.4786805715569051       0.99999511359879245      -0.31482730230594447     
   3.7000000000000002E-006  0.59145137216684041       0.63160368853338267        1.4598428714871763       0.99995307913447229      -0.31600826365548390     
   3.8000000000000000E-006  0.59167995903590742       0.66010637927675575        1.4407779159264547       0.99991026004589545      -0.31659286311655860     
   3.9000000000000008E-006  0.59169535231736337       0.68913114461010072        1.4214916295843654       0.99986712568354952      -0.31658660277502637     
   4.0000000000000007E-006  0.59149716657243967       0.71865985726019344        1.4019897309661320       0.99982418068260237      -0.31599137476410921     
   4.1000000000000006E-006  0.59108591393607723       0.74865932280892511        1.3822786285245623       0.99978204451422170      -0.31480559121617319     
   4.2000000000000004E-006  0.59046332847450655       0.77908336452654348        1.3623663358729987       0.99974149714092142      -0.31302652869944358     
   4.3000000000000003E-006  0.58963270466385387       0.80987686938055692        1.3422632675401456       0.99970345366526248      -0.31065386053584293     
   4.4000000000000002E-006  0.58859906881027224       0.84098108112669545        1.3219828581362794       0.99966885569983854      -0.30769269649098036     
   4.5000000000000001E-006  0.58736913143526559       0.87233874784787668        1.3015420601528052       0.99963851379409641      -0.30415449217052604     
   4.6000000000000000E-006  0.58595111316117066       0.90389730021373416        1.2809618508738314       0.99961297847061492      -0.30005532029250714     
   4.6999999999999999E-006  0.58435456203965042       0.93560835957522448        1.2602678477447375       0.99959251319637255      -0.29541277826182932     
   4.7999999999999998E-006  0.58259018195375412       0.96742267934002590        1.2394909908513603       0.99957717673172863      -0.29024394963772354     
   4.9000000000000005E-006  0.58066959005141927       0.99928093153293462        1.2186680945129211       0.99956694051659067      -0.28456613724030910     
   5.0000000000000004E-006  0.57860491306171169        1.0311022032329502        1.1978420256340383       0.99956174045022861      -0.27839978670977422     
   5.1000000000000003E-006  0.57640821988370017        1.0627732541406070        1.1770613975921549       0.99956141644487118      -0.27177085869258411     
   5.2000000000000002E-006  0.57409093025689051        1.0941420276345200        1.1563799155813352       0.99956558946566798      -0.26470965874669522     
   5.3000000000000009E-006  0.57166343423151700        1.1250183869833674        1.1358557048222782       0.99957359439556193      -0.25724539990126177     
   5.4000000000000008E-006  0.56913511582432685        1.1551836494812051        1.1155509225329445       0.99958456184168121      -0.24939919345049386     
   5.5000000000000007E-006  0.56651479824630702        1.1844084179989161        1.0955316710288872       0.99959763218988251      -0.24118007533368377     
   5.6000000000000006E-006  0.56381140915338068        1.2124758739071637        1.0758678720408879       0.99961218589664247      -0.23258747931782289     
   5.7000000000000005E-006  0.56103451893363088        1.2392057713245026        1.0566325906047616       0.99962795407882499      -0.22361992375626277     
   5.8000000000000004E-006  0.55819445095043485        1.2644735867052224        1.0379004625506929       0.99964494430808226      -0.21428579999406253     
   5.9000000000000003E-006  0.55530188877162423        1.2882201685932806        1.0197453142064263       0.99966323301744475      -0.20461058022214093     
   6.0000000000000002E-006  0.55236715960856286        1.3104497643018791        1.0022375057208355       0.99968275736967838      -0.19463672624748032     
   6.1000000000000000E-006  0.54939950309224495        1.3312176090597010       0.98544170414835075       0.99970322235211984      -0.18441665248015626     
   6.2000000000000008E-006  0.54640659575975303        1.3506109769615875       0.96941561273565469       0.99972415091115563      -0.17400245012777793     
   6.3000000000000007E-006  0.54339445046546409        1.3687286518461854       0.95420978715508165       0.99974502075435612      -0.16343690494324298     
   6.4000000000000006E-006  0.54036763729533011        1.3856630648961297       0.93986829011077921       0.99976540416696047      -0.15274882909597307     
   6.5000000000000004E-006  0.53732967059688885        1.4014876104124576       0.92642974133428013       0.99978505046420707      -0.14195327925081075     
   6.6000000000000003E-006  0.53428340269507613        1.4162498253227351       0.91392834261931533       0.99980389624451527      -0.13105528565603913     
   6.7000000000000002E-006  0.53123132130673323        1.4299697946172354       0.90239461951513167       0.99982202223643846      -0.12005494780818851     
   6.8000000000000001E-006  0.52817571721358747        1.4426424697830451       0.89185581207643960       0.99983958833388953      -0.10895204073714389     
   6.9000000000000009E-006  0.52511874026356076        1.4542424417558693       0.88233598707082050       0.99985677336409717       -9.7749089449220117E-002
   7.0000000000000007E-006  0.52206238542766903        1.4647298784509570       0.87385600481636705       0.99987373386774203       -8.6452697889702917E-002
   7.1000000000000006E-006  0.51900845131734341        1.4740566371377593       0.86643346736717353       0.99989058449856316       -7.5073477382778184E-002
   7.2000000000000005E-006  0.51595850184731074        1.4821718849104775       0.86008273117051071       0.99990739538374696       -6.3625144956541452E-002
   7.3000000000000004E-006  0.51291384718041666        1.4890268498952597       0.85481501568077189       0.99992419928346077       -5.2123332243700304E-002
   7.4000000000000003E-006  0.50987554836344506        1.4945785558295468       0.85063859824923815       0.99994100224981264       -4.0584488809131604E-002
   7.5000000000000002E-006  0.50684444311128640        1.4987925543144027       0.84755906197271924       0.99995779370353521       -2.9025075253799194E-002
   7.6000000000000001E-006  0.50382118736267001        1.5016447660322676       0.84557955516925254       0.99997455404164726       -1.7461100338518762E-002
   7.6999999999999991E-006  0.50080630704485019        1.5031225803051669       0.84470102465429131       0.99999125954756019       -5.9079583239822339E-003
   7.8000000000000016E-006  0.49780025545525591        1.5032253567019962       0.84492239371133848        1.0000078851293659        5.6195128510671977E-003
   7.9000000000000006E-006  0.49480347285464232        1.5019644411321564       0.84624066655052654        1.0000244057557408        1.7106847949021550E-002
   8.0000000000000013E-006  0.49181644567065158        1.4993627614657217       0.84865095191469708        1.0000407974597665        2.8539736182495359E-002
   8.1000000000000004E-006  0.48883976292024267        1.4954540157029970       0.85214640860882762        1.0000570386986185        3.9903852525134953E-002
   8.2000000000000011E-006  0.48587416710444348        1.4902814191051488       0.85671812523402435        1.0000731127795479        5.1184816921352093E-002
   8.3000000000000002E-006  0.48292059610298177        1.4838959436486969       0.86235495537911377        1.0000890119381858        6.2368352486106261E-002
   8.4000000000000009E-006  0.47998021192741946        1.4763539715827467       0.86904333696693004        1.0001047432730403        7.3440689259418282E-002
   8.4999999999999999E-006  0.47705441229917345        1.4677143007040521       0.87676712859124017        1.0001203361813282        8.4389222189987803E-002
   8.6000000000000007E-006  0.47414482275129893        1.4580344892119608       0.88550749365981662        1.0001358496409596        9.5203348967107901E-002
   8.7000000000000014E-006  0.47125327131534983        1.4473666209513285       0.89524285087041078        1.0001513763860117       0.10587530589266063     
   8.8000000000000004E-006  0.46838175513820757        1.4357527032517745       0.90594888510793081        1.0001670395253670       0.11640068808535364     
   8.9000000000000012E-006  0.46553241783260557        1.4232200762870022       0.91759857752255503        1.0001829767638162       0.12677824625704767     
   9.0000000000000002E-006  0.46270756499644611        1.4097774093961670       0.93016217560302361        1.0001993091467734       0.13700855926635949     
   9.1000000000000010E-006  0.45990974792229755        1.3954120662038578       0.94360699972723849        1.0002160959945643       0.14709137451568113     
   9.2000000000000000E-006  0.45714193589209856        1.3800897957652878       0.95789699359263747        1.0002332854142897       0.15702183308596943     
   9.3000000000000007E-006  0.45440777135060395        1.3637577728025352       0.97299199105404954        1.0002506783129654       0.16678640344568221     
   9.3999999999999998E-006  0.45171186175956418        1.3463518417009530       0.98884679356121075        1.0002679283215041       0.17635993319955912     
   9.5000000000000005E-006  0.44906001938268270        1.3278082672335481        1.0054103018205027        1.0002845943143259       0.18570544203562592     
   9.5999999999999996E-006  0.44645933854657638        1.3080792700085964        1.0226250576198381        1.0003002408028896       0.19477773827118855     
   9.7000000000000020E-006  0.44391802458587826        1.2871502326833544        1.0404275452316156        1.0003145508345916       0.20353053335637883     
   9.8000000000000010E-006  0.44144497050793513        1.2650551113022146        1.0587494246270543        1.0003273920331339       0.21192489013835461     
   9.9000000000000001E-006  0.43904919248033092        1.2418859468222561        1.0775195553557089        1.0003387850568750       0.21993558073398223     
   1.0000000000000001E-005  0.43673932290828621        1.2177930450721097        1.0966663565885408        1.0003487721755215       0.22755230028966100     
   1.0100000000000000E-005  0.43452335393842167        1.1929744568438154        1.1161199121032339        1.0003572491727883       0.23477492337236588     
   1.0200000000000001E-005  0.43240871577755929        1.1676562221259190        1.1358133698406503        1.0003638577986413       0.24160503331219552     
   1.0300000000000000E-005  0.43040261944469665        1.1420674423960053        1.1556835414895863        1.0003680060969566       0.24803790736502659     
   1.0400000000000000E-005  0.42851247781713647        1.1164157228199942        1.1756709731457500        1.0003690072989022       0.25405866534458332     
   1.0499999999999999E-005  0.42674620321802598        1.0908683928206055        1.1957199259542097        1.0003662596488154       0.25964378621759626     
   1.0600000000000002E-005  0.42511225685471837        1.0655431965980282        1.2157786014046013        1.0003593739876770       0.26476629939813778     
   1.0700000000000001E-005  0.42361943974181399        1.0405093904833558        1.2357996677165586        1.0003481994853647       0.26940142537484146     
   1.0800000000000002E-005  0.42227650470839734        1.0157973577620392        1.2557408840458644        1.0003327671427755       0.27352995524642554     
   1.0900000000000001E-005  0.42109170464865331       0.99141296748381136        1.2755655313869247        1.0003132134046020       0.27713854332669524     
   1.1000000000000001E-005  0.42007237592947649       0.96735251305648406        1.2952424591983731        1.0002897397633685       0.28021790902409388     
   1.1100000000000000E-005  0.41922462064469573       0.94361496049755778        1.3147457421327013        1.0002626260545864       0.28276074731943529     
   1.1200000000000001E-005  0.41855312477510564       0.92020971317074740        1.3340540872950923        1.0002322741131897       0.28476078402264782     
   1.1300000000000000E-005  0.41806113009760720       0.89715949628044944        1.3531501701702195        1.0001992382158411       0.28621333025344958     
   1.1400000000000001E-005  0.41775055082339546       0.87449895737324657        1.3720200149467883        1.0001642073900903       0.28711659990108290     
   1.1500000000000002E-005  0.41762218853867916       0.85227015406116935        1.3906524313335415        1.0001279346627236       0.28747254696481778     
   1.1600000000000001E-005  0.41767597005372203       0.83051634754401027        1.4090384426628721        1.0000911412262854       0.28728629900944724     
   1.1700000000000001E-005  0.41791113551927561       0.80927551060095615        1.4271706300173777        1.0000544399062952       0.28656417120000055     
   1.1800000000000001E-005  0.41832633600117997       0.78857474897915114        1.4450423727132842        1.0000183120683284       0.28531117793258082     
   1.1900000000000001E-005  0.41891963562264067       0.76842647541245634        1.4626470490646184       0.99998314122487864       0.28352935033260795     
   1.2000000000000000E-005  0.41968843116043492       0.74882675379913011        1.4799773216901588       0.99994927640809506       0.28121779447540035     
   1.2100000000000001E-005  0.42062930932028353       0.72975583733526272        1.4970246364980799       0.99991708659319833       0.27837458159466055     
   1.2200000000000000E-005  0.42173787900230419       0.71118060809725792        1.5137790143799212       0.99988697703564633       0.27499972920832033     
   1.2300000000000001E-005  0.42300863402111638       0.69305840491866222        1.5302291333867166       0.99985935994196129       0.27109807805378811     
   1.2400000000000002E-005  0.42443490528937211       0.67534161063590858        1.5463626206190564       0.99983459502566185       0.26668095636959960     
   1.2500000000000001E-005  0.42600894285356689       0.65798236203570337        1.5621664266374689       0.99981292854416326       0.26176606032772809     
   1.2600000000000001E-005  0.42772213190701719       0.64093684128738693        1.5776271546164726       0.99979445757589902       0.25637569206401939     
   1.2700000000000000E-005  0.42956530731601039       0.62416878084635807        1.5927312565096081       0.99977913319092582       0.25053408109265651     
   1.2800000000000001E-005  0.43152910381420279       0.60765201031187954        1.6074650694106825       0.99976679850851213       0.24426474964161091     
   1.2900000000000000E-005  0.43360427404736795       0.59137203115545189        1.6218147222836581       0.99975724455337023       0.23758872782426987     
   1.3000000000000001E-005  0.43578192288559947       0.57532669055378260        1.6357659773611910       0.99975026333072325       0.23052400226134001     
   1.3100000000000000E-005  0.43805363502767392       0.55952605300769986        1.6493040756611594       0.99974568209634096       0.22308609515715846     
   1.3200000000000001E-005  0.44041150356038472       0.54399157459378289        1.6624136378271164       0.99974337331361873       0.21528932302310097     
   1.3300000000000000E-005  0.44284808813126975       0.52875469961169808        1.6750786425429016       0.99974324413303373       0.20714816813322431     
   1.3400000000000000E-005  0.44535633981652262       0.51385503012054923        1.6872824775654713       0.99974521508997560       0.19867830145904344     
   1.3499999999999999E-005  0.44792952847562406       0.49933825129217191        1.6990080416928537       0.99974919840092002       0.18989702966004035     
   1.3600000000000000E-005  0.45056119853656301       0.48525400831699544        1.7102378716624109       0.99975508306104133       0.18082317959417862     
   1.3699999999999999E-005  0.45324516464105480       0.47165391473008095        1.7209542731441585       0.99976272937115285       0.17147659426221451     
   1.3800000000000002E-005  0.45597554431465154       0.45858983029342887        1.7311394444479422       0.99977197175618648       0.16187746630183220     
   1.3900000000000002E-005  0.45874681479983964       0.44611248842885787        1.7407755905621085       0.99978262683375885       0.15204570144696433     
   1.4000000000000001E-005  0.46155387713896529       0.43427049625036979        1.7498450311632379       0.99979450344419407       0.14200042831713780     
   1.4100000000000002E-005  0.46439211209279102       0.42310969056799652        1.7583303088455229       0.99980741218758207       0.13175969385791067     
   1.4200000000000001E-005  0.46725741744769145       0.41267279928982836        1.7662143030589430       0.99982117321630104       0.12134032889901214     
   1.4300000000000002E-005  0.47014622230227449       0.40299933955593270        1.7734803529106706       0.99983562191249664       0.11075794195078537     
   1.4400000000000001E-005  0.47305547903720768       0.39412568036331086        1.7801123893853759       0.99985061261210884       0.10002699523260702     
   1.4500000000000002E-005  0.47598263694080828       0.38608520251106676        1.7860950753120293       0.99986602069310804        8.9160924590484830E-002
   1.4600000000000001E-005  0.47892560280267815       0.37890849916419161        1.7914139498960902       0.99988174339012015        7.8172278022183295E-002
   1.4700000000000002E-005  0.48188269359374930       0.37262357377313904        1.7960555738019544       0.99989769963049424        6.7072856609722148E-002
   1.4800000000000001E-005  0.48485258531747261       0.36725600672735287        1.8000076706710593       0.99991382903303638        5.5873851231622050E-002
   1.4900000000000001E-005  0.48783426081788406       0.36282907910136913        1.8032592612457989       0.99993009023554058        4.4585971911473454E-002
   1.5000000000000000E-005  0.49082695813613725       0.35936385136462767        1.8058007867867161       0.99994645865405163        3.3219571116347289E-002
   1.5100000000000001E-005  0.49383012005197385       0.35687919590464429        1.8076242186464022       0.99996292381492091        2.1784760817662563E-002
   1.5200000000000000E-005  0.49684334482057602       0.35539179112762598        1.8087231516356557       0.99997948628849331        1.0291526300508128E-002
   1.5299999999999999E-005  0.49986633776606249       0.35491608850697526        1.8090928794049919       0.99999615427992516       -1.2501620360292332E-003
   1.5399999999999998E-005  0.50289886322368593       0.35546426341422216        1.8087304504523334        1.0000129399471736       -1.2830237968370253E-002
   1.5500000000000001E-005  0.50594069625171334       0.35704615810962492        1.8076347036816638        1.0000298555127169       -2.4438429100992604E-002
   1.5600000000000003E-005  0.50899157349804447       0.35966922164601473        1.8058062826775654        1.0000469092422619       -3.6064146622611801E-002
   1.5700000000000002E-005  0.51205114257296103       0.36333844723926623        1.8032476280779226        1.0000641013717926       -4.7696374842118520E-002
   1.5800000000000001E-005  0.51511890924442505       0.36805630154978602        1.7999629476251215        1.0000814200994432       -5.9323559523880083E-002
   1.5900000000000004E-005  0.51819418175568366       0.37382263129982629        1.7959581636443509        1.0000988377729785       -7.0933493482239193E-002
   1.6000000000000003E-005  0.52127601164203130       0.38063453840534761        1.7912408385061083        1.0001163072828150       -8.2513196563604591E-002
   1.6100000000000002E-005  0.52436313071691254       0.38848621693700808        1.7858200794846444        1.0001337588178796       -9.4048785893382517E-002
   1.6200000000000001E-005  0.52745388449337294       0.39736874406842865        1.7797064250735277        1.0001510971856331      -0.10552533657033865     
   1.6300000000000000E-005  0.53054616332038806       0.40726982401557971        1.7729117157345953        1.0001681998546474      -0.11692673112019838     
   1.6400000000000002E-005  0.53363733397142377       0.41817349628138856        1.7654489529160589        1.0001849160351632      -0.12823550631505634     
   1.6500000000000001E-005  0.53672417624107671       0.43005983582117457        1.7573321506888753        1.0002010671259349      -0.13943271016816372     
   1.6600000000000000E-005  0.53980283089090897       0.44290469144233391        1.7485761842921512        1.0002164489502707      -0.15049779569987443     
   1.6699999999999999E-005  0.54286876644207482       0.45667952664699896        1.7391966389876603        1.0002308362898908      -0.16140858863378227     
   1.6800000000000002E-005  0.54591677192465449       0.47135144641429289        1.7292096609785237        1.0002439900148632      -0.17214137593411885     
   1.6900000000000001E-005  0.54894098004757541       0.48688349574359435        1.7186318092510755        1.0002556670104292      -0.18267116420124022     
   1.7000000000000000E-005  0.55193491983393261       0.50323528872064227        1.7074799030700090        1.0002656323982579      -0.19297214285360650     
   1.7099999999999999E-005  0.55489159010632705       0.52036401702814539        1.6957708580793609        1.0002736722028087      -0.20301835000360363     
   1.7200000000000001E-005  0.55780353713007058       0.53822586376957082        1.6835215049167107        1.0002796033123178      -0.21278447420600799     
   1.7300000000000000E-005  0.56066291378994748       0.55677780766458185        1.6707483893207449        1.0002832765296872      -0.22224663972694458     
   1.7400000000000003E-005  0.56346149685328095       0.57597974831748100        1.6574675624469490        1.0002845687193358      -0.23138294311305568     
   1.7500000000000002E-005  0.56619064532494179       0.59579681852960242        1.6436943825949435        1.0002833624540264      -0.24017348078017051     
   1.7600000000000001E-005  0.56884119845465975       0.61620168320634316        1.6294433602739105        1.0002795164575424      -0.24859968174026140     
   1.7700000000000003E-005  0.57140333872498472       0.63717657435363528        1.6147280815296954        1.0002728357879052      -0.25664295285986560     
   1.7800000000000002E-005  0.57386647419174253       0.65871479107673070        1.5995612339284013        1.0002630557906658      -0.26428293124890717     
   1.7900000000000001E-005  0.57621920957719641       0.68082140942574543        1.5839547326792349        1.0002498541030433      -0.27149593199715738     
   1.8000000000000000E-005  0.57844946434893785       0.70351299856475946        1.5679199053792425        1.0002328987998803      -0.27825433459773757     
   1.8100000000000003E-005  0.58054475440902342       0.72681621050063838        1.5514676548135711        1.0002119270859833      -0.28452752713780238     
   1.8200000000000002E-005  0.58249259730918013       0.75076520319686613        1.5346085004550802        1.0001868313082889      -0.29028454846798002     
   1.8300000000000001E-005  0.58428096123452022       0.77539797059707660        1.5173524204334075        1.0001577168908931      -0.29549782540208136     
   1.8400000000000000E-005  0.58589868089664821       0.80075177815814713        1.4997084836361618        1.0001248997855758      -0.30014668947068501     
   1.8500000000000002E-005  0.58733580219679837       0.82685804431979038        1.4816843577550485        1.0000888376494852      -0.30421912707409443     
   1.8600000000000001E-005  0.58858382843327361       0.85373718621354366        1.4632858588096764        1.0000500295125656      -0.30771083638411340     
   1.8700000000000001E-005  0.58963581655530473       0.88139415264956122        1.4445167236846572        1.0000089426400705      -0.31062195633406292     
   1.8800000000000000E-005  0.59048630292383930       0.90981554794618336        1.4253787280624706       0.99996601140693997      -0.31295303194360563     
   1.8900000000000002E-005  0.59113110035919059       0.93896931174662313        1.4058721614600693       0.99992171164387600      -0.31470221486421984     
   1.9000000000000001E-005  0.59156705437225121       0.96880773807773912        1.3859965605088154       0.99987666324837721      -0.31586503275848593     
   1.9100000000000000E-005  0.59179184081575131       0.99927405648255130        1.3657515496478123       0.99983168759876861      -0.31643654882414379     
   1.9199999999999999E-005  0.59180384605868674        1.0303118190344447        1.3451376772920369       0.99978776421918880      -0.31641421199047381     
   1.9300000000000002E-005  0.59160216169200919        1.0618751260524002        1.3241572506232044       0.99974588673604592      -0.31579907279580283     
   1.9400000000000004E-005  0.59118675819198518        1.0939367120527193        1.3028152925975720       0.99970689527473489      -0.31459396234408904     
   1.9500000000000003E-005  0.59055887258073692        1.1264906610983505        1.2811207608560509       0.99967140530568210      -0.31279973441164827     
   1.9600000000000002E-005  0.58972154093615292        1.1595473497175830        1.2590880163977507       0.99963989602437286      -0.31041312538951554     
   1.9700000000000001E-005  0.58868010721002428        1.1931199437224203        1.2367382737309303       0.99961289224942385      -0.30742980839873890     
   1.9800000000000000E-005  0.58744246241239562        1.2272039463331381        1.2141005813441601       0.99959107101404421      -0.30385290352380356     
   1.9900000000000003E-005  0.58601875711286155        1.2617534898794869        1.1912119652722351       0.99957513424635791      -0.29970225404943673     
   2.0000000000000002E-005  0.58442050101887932        1.2966598181831641        1.1681167898083702       0.99956544066479003      -0.29501676217075656     
   2.0100000000000001E-005  0.58265928056433280        1.3317382711812404        1.1448659580835980       0.99956161583636804      -0.28984446325809665     
   2.0200000000000000E-005  0.58074558858130532        1.3667297239078244        1.1215168428313489       0.99956247442313539      -0.28422300582088034     
   2.0300000000000002E-005  0.57868831767654860        1.4013204801898482        1.0981344122358629       0.99956643319669847      -0.27816181799706946     
   2.0400000000000001E-005  0.57649525439583382        1.4351806001531022        1.0747929999342043       0.99957223840199250      -0.27163918572686352     
   2.0500000000000000E-005  0.57417442725825418        1.4680145493503443        1.0515772409719442       0.99957954729235987      -0.26461948139836550     
   2.0599999999999999E-005  0.57173560217814701        1.4996116813232956        1.0285806621233000       0.99958894499721473      -0.25708246836830873     
   2.0700000000000002E-005  0.56919098559042747        1.5298811102019416        1.0059015142178571       0.99960135021484364      -0.24904744912477772     
   2.0800000000000001E-005  0.56655464484514717        1.5588591231498501       0.98363704647997319       0.99961720343462235      -0.24057705093928874     
   2.0900000000000000E-005  0.56384095374518661        1.5866868406864181       0.96187844003046719       0.99963599296999628      -0.23175794086368115     
   2.0999999999999999E-005  0.56106287541928590        1.6135664238280389       0.94070827529724721       0.99965639909887771      -0.22267005132801293     
   2.1100000000000001E-005  0.55823086765115826        1.6397100426916005       0.92020095261601542       0.99967687882338396      -0.21336168481051146     
   2.1200000000000004E-005  0.55535276808252887        1.6652950662000221       0.90042495170446246       0.99969627687236162      -0.20384223606323623     
   2.1300000000000003E-005  0.55243448880263857        1.6904338106794867       0.88144514437774513       0.99971414089004462      -0.19409292071470108     
   2.1400000000000002E-005  0.54948102399901055        1.7151603065056718       0.86332377996912191       0.99973066893788443      -0.18408690469707320     
   2.1500000000000001E-005  0.54649727399852044        1.7394321539842732       0.84611977206433697       0.99974642019791182      -0.17380797696660680     
   2.1600000000000003E-005  0.54348842740701198        1.7631431565392737       0.82988684608974361       0.99976198783999881      -0.16326056625018873     
   2.1700000000000002E-005  0.54045991410906780        1.7861417279090390       0.81467151570967367       0.99977778144086271      -0.15246978108573650     
   2.1800000000000001E-005  0.53741710533295262        1.8082505808120610       0.80051170689661433       0.99979396395399944      -0.14147463600442864     
   2.1900000000000000E-005  0.53436496616385809        1.8292844171907312       0.78743640131756487       0.99981050374961222      -0.13031909945253539     
   2.2000000000000003E-005  0.53130780213349604        1.8490637784983741       0.77546623059332609       0.99982727168223240      -0.11904461572022282     
   2.2100000000000002E-005  0.52824915021848184        1.8674245024737750       0.76461469810519922       0.99984412671297873      -0.10768576467436797     
   2.2200000000000001E-005  0.52519179575637709        1.8842231488145420       0.75488965568459476       0.99986096503412514       -9.6268997043266566E-002
   2.2300000000000000E-005  0.52213786605358647        1.8993392338791319       0.74629474485432690       0.99987773362455434       -8.4813477336099161E-002
   2.2400000000000002E-005  0.51908895259722576        1.9126752332650585       0.73883063724597842       0.99989442120944694       -7.3332909847333108E-002
   2.2500000000000001E-005  0.51604623004096217        1.9241552082371367       0.73249601727535540       0.99991104048690027       -6.1837490257074162E-002
   2.2600000000000000E-005  0.51301055743066359        1.9337227190067467       0.72728831913889957       0.99992761107806738       -5.0335506712275310E-002
   2.2700000000000000E-005  0.50998255903637657        1.9413384928099175       0.72320426124835069       0.99994414760759465       -3.8834433717310976E-002
   2.2800000000000002E-005  0.50696268807507527        1.9469781576248355       0.72024022664019161       0.99996065369981801       -2.7341550372202681E-002
   2.2900000000000004E-005  0.50395127828003861        1.9506302413072587       0.71839252993823688       0.99997712080732759       -1.5864200256642542E-002
   2.3000000000000003E-005  0.50094858779449469        1.9522945595658250       0.71765759987213451       0.99999353033112082       -4.4098167215850144E-003
   2.3100000000000002E-005  0.49795483865140294        1.9519810652955891       0.71803209525338740        1.0000098575913712        7.0141800265728421E-003
   2.3200000000000001E-005  0.49497025402172301        1.9497091976620544       0.71951296375331097        1.0000260765804525        1.8400537628655868E-002
   2.3300000000000004E-005  0.49199509475086178        1.9455077419284619       0.72209744634898609        1.0000421646873003        2.9742318646013566E-002
   2.3400000000000003E-005  0.48902969656356138        1.9394151867809248       0.72578302461954447        1.0000581066640661        4.1032984354756726E-002
   2.3500000000000002E-005  0.48607450973373761        1.9314805406887199       0.73056730193725161        1.0000738970248613        5.2266350992069353E-002
   2.3600000000000001E-005  0.48313014390003023        1.9217645365186589       0.73644780224420636        1.0000895398956369        6.3436339891194987E-002
   2.3700000000000000E-005  0.48019742179276892        1.9103411074192163       0.74342166143749500        1.0001050452502565        7.4536430792724873E-002
   2.3800000000000003E-005  0.47727744626173380        1.8972989466676600       0.75148517865732833        1.0001204208752557        8.5558750066362529E-002
   2.3900000000000002E-005  0.47437168391132289        1.8827428662888197       0.76063319190616030        1.0001356604518901        9.6492785293048236E-002
   2.4000000000000001E-005  0.47148206423155031        1.8667945479773305       0.77085825130890218        1.0001507303868959       0.10732386175382318     
   2.4100000000000000E-005  0.46861108396514994        1.8495921557208701       0.78214959195899025        1.0001655610693956       0.11803172409576461     
   2.4200000000000002E-005  0.46576189278523106        1.8312881953602171       0.79449196274694500        1.0001800509643790       0.12858981083031157     
   2.4300000000000001E-005  0.46293832216386094        1.8120450329853051       0.80786444462189921        1.0001940920480454       0.13896596677497849     
   2.4400000000000000E-005  0.46014481406041380        1.7920276935445940       0.82223947176392165        1.0002076193554439       0.14912523291428087     
   2.4499999999999999E-005  0.45738622322634864        1.7713939879108502       0.83758231199592548        1.0002206742162558       0.15903480615554480     
   2.4600000000000002E-005  0.45466751622211271        1.7502826099673621       0.85385121714491541        1.0002334533460944       0.16867025028265178     
   2.4700000000000004E-005  0.45199346350735325        1.7288004649913633       0.87099828492692466        1.0002463046891903       0.17802085746922414     
   2.4800000000000003E-005  0.44936848542127428        1.7070109704171261       0.88897080163178521        1.0002596382962230       0.18709134917579415     
   2.4900000000000002E-005  0.44679681643360886        1.6849253347303974       0.90771256053008487        1.0002737546343818       0.19589761850856061     
   2.5000000000000001E-005  0.44428305376858446        1.6624989623299979       0.92716453463198589        1.0002886424259811       0.20445628778852162     
   2.5100000000000004E-005  0.44183296475619632        1.6396352615932777       0.94726446716047130        1.0003038414289249       0.21277100637368196     
   2.5200000000000003E-005  0.43945421889725228        1.6161990690452341       0.96794544497560353        1.0003184689386093       0.22082117059235548     
   2.5300000000000002E-005  0.43715661886895352        1.5920409934258859       0.98913415668468829        1.0003314532971106       0.22855926061927556     
   2.5400000000000001E-005  0.43495155163496402        1.5670314278538191        1.0107499635296133        1.0003419072600468       0.23592002836394910     
   2.5500000000000003E-005  0.43285076249281401        1.5410987385393493        1.0327057911911905        1.0003494576714635       0.24283892834575610     
   2.5600000000000002E-005  0.43086495987226747        1.5142618497820202        1.0549111054007574        1.0003543168904008       0.24927140304832870     
   2.5700000000000001E-005  0.42900290844627714        1.4866460915830693        1.0772762025154909        1.0003570106589510       0.25520301028646308     
   2.5800000000000000E-005  0.42727143861057171        1.4584749114430999        1.0997163602918369        1.0003579122192310       0.26064505461188436     
   2.5900000000000003E-005  0.42567630337621953        1.4300379466660922        1.1221545261095023        1.0003568805429031       0.26561873756935361     
   2.6000000000000002E-005  0.42422335104463188        1.4016442139247327        1.1445220689345241        1.0003532252089191       0.27013709373001255     
   2.6100000000000001E-005  0.42291934929806801        1.3735738309275793        1.1667580968472859        1.0003459893294329       0.27419411739156396     
   2.6200000000000000E-005  0.42177205866389217        1.3460410669870697        1.1888083481866691        1.0003343521095716       0.27776523036385792     
   2.6300000000000002E-005  0.42078959841247010        1.3191765754128215        1.2106245156615594        1.0003179261342614       0.28081673650991662     
   2.6400000000000001E-005  0.41997948067191954        1.2930298554294710        1.2321643067213166        1.0002968356271360       0.28331806336959958     
   2.6500000000000000E-005  0.41934774815092907        1.2675870948584016        1.2533919918744554        1.0002715999697480       0.28525075870526168     
   2.6599999999999999E-005  0.41889848650725081        1.2427965282854043        1.2742789299225608        1.0002429266927355       0.28661115023524963     
   2.6699999999999998E-005  0.41863375966207678        1.2185936953499743        1.2948036274832229        1.0002115238014342       0.28740708684919813     
   2.6800000000000001E-005  0.41855386475436801        1.1949214053860349        1.3149511532086098        1.0001779989767410       0.28765153701805352     
   2.6900000000000000E-005  0.41865775259459198        1.1717421780858759        1.3347120036413895        1.0001428572500177       0.28735637019729598     
   2.6999999999999999E-005  0.41894347379809521        1.1490432399538058        1.3540806836487047        1.0001065644037916       0.28652869454083785     
   2.7099999999999998E-005  0.41940855034080876        1.1268354190403076        1.3730542885282704        1.0000696236513704       0.28517049755249779     
   2.7200000000000000E-005  0.42005020967523249        1.1051477238974843        1.3916312948082099        1.0000326195126501       0.28328083810238996     
   2.7300000000000000E-005  0.42086544426023709        1.0840194265002498        1.4098106450268382       0.99999620683439194       0.28085900196244923     
   2.7399999999999999E-005  0.42185088775401719        1.0634913613801347        1.4275911055256096       0.99996105415632996       0.27790704806521377     
   2.7500000000000004E-005  0.42300254509827234        1.0435979683128522        1.4449708209008818       0.99992777299119928       0.27443088014282774     
   2.7600000000000003E-005  0.42431546710437934        1.0243612974886742        1.4619469917498193       0.99989686590162075       0.27043992131386563     
   2.7700000000000006E-005  0.42578348930355131        1.0057877320730764        1.4785156411331464       0.99986870904132574       0.26594610651061013     
   2.7800000000000005E-005  0.42739913942302321       0.98786761512591603        1.4946714748784322       0.99984356370808902       0.26096300266518146     
   2.7900000000000004E-005  0.42915376278704942       0.97057741375308859        1.5104078564444903       0.99982159949267313       0.25550551810767214     
   2.8000000000000003E-005  0.43103784337595524       0.95388363869789983        1.5257169028926780       0.99980291173135771       0.24959015406220494     
   2.8100000000000005E-005  0.43304143947489160       0.93774755492743023        1.5405896772154026       0.99978752664770409       0.24323538799101171     
   2.8200000000000004E-005  0.43515462880059563       0.92212979246631899        1.5550164248991942       0.99977539839130158       0.23646172751076650     
   2.8300000000000003E-005  0.43736787273572608       0.90699423035719917        1.5689867946165601       0.99976640786948034       0.22929119994217681     
   2.8400000000000003E-005  0.43967225007249255       0.89231086234600754        1.5824899974608946       0.99976037126370354       0.22174637024677529     
   2.8500000000000002E-005  0.44205955384191109       0.87805764038117240        1.5955148872866858       0.99975705925787361       0.21384921123334641     
   2.8600000000000004E-005  0.44452227501013569       0.86422146024100421        1.6080499728652637       0.99975622239173279       0.20562019504366261     
   2.8700000000000003E-005  0.44705351470481325       0.85079849427430854        1.6200833913518564       0.99975761534639096       0.19707785923674756     
   2.8800000000000002E-005  0.44964687069355885       0.83779403418913378        1.6316028781549603       0.99976101420753605       0.18823890911413382     
   2.8900000000000001E-005  0.45229633589057039       0.82522194252470027        1.6425957624697722       0.99976622379344104       0.17911873606805559     
   2.9000000000000004E-005  0.45499623152915569       0.81310376958959707        1.6530490051441660       0.99977307590223430       0.16973212664983056     
   2.9100000000000003E-005  0.45774118154759169       0.80146758671313589        1.6629492816997222       0.99978142177549267       0.16009392603118638     
   2.9200000000000002E-005  0.46052612224685502       0.79034660390529998        1.6722831022335070       0.99979112291313477       0.15021948455904502     
   2.9300000000000001E-005  0.46334633447403389       0.77977767741780424        1.6810369545442490       0.99980204352520674       0.14012481620940459     
   2.9400000000000003E-005  0.46619748417285045       0.76979983280861675        1.6891974562262630       0.99981404646816929       0.12982649151272282     
   2.9500000000000002E-005  0.46907565942194612       0.76045291275813731        1.6967515038206034       0.99982699298324706       0.11934134756355762     
   2.9600000000000001E-005  0.47197739606761269       0.75177642571288616        1.7036864111988401       0.99984074539738599       0.10868611751128870     
   2.9700000000000000E-005  0.47489968815459871       0.74380863191826097        1.7099900335983058       0.99985517141680824        9.7877070638048583E-002
   2.9800000000000003E-005  0.47783998264146033       0.73658586795245784        1.7156508770335634       0.99987014871746427        8.6929726445436117E-002
   2.9900000000000002E-005  0.48079615998615155       0.73014208565824623        1.7206581947772672       0.99988556882557922        7.5858671931399349E-002
   3.0000000000000001E-005  0.48376650324428055       0.72450856733932822        1.7250020733833717       0.99990133968123129        6.4677487252953775E-002
   3.0100000000000000E-005  0.48674965850247498       0.71971377644824208        1.7286735104418507       0.99991738672880959        5.3398765329248594E-002
   3.0200000000000002E-005  0.48974458924176495       0.71578330563514381        1.7316644855964858       0.99993365259084155        4.2034204920941398E-002
   3.0300000000000001E-005  0.49275052666819430       0.71273988173697811        1.7339680251065350       0.99995009561297021        3.0594753514793561E-002
   3.0400000000000000E-005  0.49576691749518570       0.71060339686489138        1.7355782595409164       0.99996668749653694        1.9090781773539733E-002
   3.0499999999999999E-005  0.49879337008676861       0.70939094442385064        1.7364904737735367       0.99998341024282467        7.5322762084341841E-003
   3.0599999999999998E-005  0.50182959942340721       0.70911684425911981        1.7367011481594559        1.0000002526113165       -4.0709588488679763E-003
   3.0700000000000001E-005  0.50487537104325664       0.70979264599585168        1.7362079897619471        1.0000172062483514       -1.5709094472309056E-002
   3.0799999999999996E-005  0.50793044391845410       0.71142710442896440        1.7350099527222638        1.0000342616041440       -2.7372067247302862E-002
   3.0899999999999999E-005  0.51099451214389424       0.71402612577265001        1.7331072472156568        1.0000514037429031       -3.9049366936066116E-002
   3.1000000000000001E-005  0.51406714533332498       0.71759268819588584        1.7305013368073825        1.0000686081729502       -5.0729822948641506E-002
   3.1100000000000004E-005  0.51714772773106610       0.72212673999962484        1.7271949241840692        1.0000858369036019       -6.2401393023590906E-002
   3.1200000000000006E-005  0.52023539629028792       0.72762508717925523        1.7231919254719270        1.0001030348784425       -7.4050961697064238E-002
   3.1300000000000002E-005  0.52332897842092352       0.73408129585208026        1.7184974334790468        1.0001201270588713       -8.5664161380446496E-002
   3.1400000000000004E-005  0.52642693076920910       0.74148563540660883        1.7131176696812986        1.0001370165572772       -9.7225234346214870E-002
   3.1500000000000007E-005  0.52952728116026382       0.74982509165057687        1.7070599239943200        1.0001535842378777      -0.10871696070295869     
   3.1600000000000002E-005  0.53262757676896377       0.75908348282014637        1.7003324804104420        1.0001696900594619      -0.12012067777625729     
   3.1700000000000005E-005  0.53572484238129270       0.76924171429325838        1.6929445258424987        1.0001851763329059      -0.13141641342448637     
   3.1800000000000007E-005  0.53881555303820061       0.78027821001443243        1.6849060391094517        1.0001998725321977      -0.14258314362580840     
   3.1900000000000003E-005  0.54189562485338505       0.79216955970133962        1.6762276577235304        1.0002136009028084      -0.15359916455491657     
   3.2000000000000005E-005  0.54496042594733274       0.80489142025312188        1.6669205222719887        1.0002261814424327      -0.16444253821637772     
   3.2100000000000001E-005  0.54800480586684097       0.81841969577238638        1.6569961015960453        1.0002374345229341      -0.17509153756560641     
   3.2200000000000003E-005  0.55102313679077852       0.83273197099485174        1.6464660056192488        1.0002471796215782      -0.18552498689787883     
   3.2300000000000006E-005  0.55400935413992125       0.84780913293842730        1.6353417973046354        1.0002552291362907      -0.19572238465700031     
   3.2400000000000001E-005  0.55695697970481561       0.86363707333139894        1.6236348187241822        1.0002613778839613      -0.20566372323291154     
   3.2500000000000004E-005  0.55985910945185380       0.88020831480461770        1.6113560461718077        1.0002653910580848      -0.21532899104688405     
   3.2600000000000000E-005  0.56270835293483779       0.89752336488375273        1.5985159844248735        1.0002669954158643      -0.22469744870273656     
   3.2700000000000002E-005  0.56549672223393832       0.91559158419771347        1.5851246002544079        1.0002658793838923      -0.23374688660906265     
   3.2800000000000004E-005  0.56821548309248571       0.93443136318067166        1.5711912814277926        1.0002617067687021      -0.24245315273191981     
   3.2900000000000000E-005  0.57085499581136379       0.95406943068168293        1.5567247933997754        1.0002541443625566      -0.25079022326463252     
   3.3000000000000003E-005  0.57340459731145854       0.97453915646618561        1.5417331993434749        1.0002428968772268      -0.25873091924859160     
   3.3100000000000005E-005  0.57585259881629769       0.99587775806692092        1.5262237170894466        1.0002277373162578      -0.26624807398904909     
   3.3200000000000001E-005  0.57818646567372811        1.0181224090335297        1.5102025093722449        1.0002085221756332      -0.27331569111663662     
   3.3300000000000003E-005  0.58039320101022740        1.0413054066899827        1.4936744338834693        1.0001851903123327      -0.27990959053141207     
   3.3399999999999999E-005  0.58245988287719153        1.0654488178523405        1.4766428019995479        1.0001577576295806      -0.28600732199610135     
   3.3500000000000001E-005  0.58437423954773471        1.0905593727228282        1.4591091967215875        1.0001263267564739      -0.29158763056755971     
   3.3600000000000004E-005  0.58612512907774195        1.1166247474193423        1.4410733790975714        1.0000911250059821      -0.29663019337149754     
   3.3699999999999999E-005  0.58770282833566323        1.1436126066049612        1.4225332791259169        1.0000525636817823      -0.30111639399355539     
   3.3800000000000002E-005  0.58909910453315151        1.1714736609151906        1.4034850416614850        1.0000112879868643      -0.30503140043069271     
   3.3900000000000004E-005  0.59030708357989103        1.2001493743081257        1.3839231035139794       0.99996817306178054      -0.30836687561541815     
   3.4000000000000000E-005  0.59132095801699092        1.2295838109201109        1.3638403326688711       0.99992423147623877      -0.31112266499431235     
   3.4100000000000002E-005  0.59213561859106323        1.2597376422399256        1.3432283562415424       0.99988044307877522      -0.31330548496048338     
   3.4199999999999998E-005  0.59274630992301969        1.2906010072734884        1.3220782879295023       0.99983758101592946      -0.31492366392368787     
   3.4300000000000000E-005  0.59314840214601783        1.3222012600869204        1.3003820603795759       0.99979614510277659      -0.31597934239364295     
   3.4400000000000003E-005  0.59333739552341969        1.3546019937178417        1.2781344181131651       0.99975647662671696      -0.31646209790738439     
   3.4499999999999998E-005  0.59330935397987117        1.3878910564554736        1.2553353586862657       0.99971901964233734      -0.31634878692312296     
   3.4600000000000001E-005  0.59306190268141634        1.4221572678063688        1.2319925243571157       0.99968458774508284      -0.31561225805740040     
   3.4699999999999996E-005  0.59259553810101206        1.4574581155268229        1.2081228854698622       0.99965444011412863      -0.31423689510893854     
   3.4800000000000006E-005  0.59191458980562617        1.4937837998971346        1.1837532254229444       0.99962999418630893      -0.31223330465643795     
   3.4900000000000008E-005  0.59102712340366159        1.5310261049073204        1.1589195578423763       0.99961219678745150      -0.30964142849067394     
   3.5000000000000004E-005  0.58994343046819564        1.5689627063692553        1.1336664147251092       0.99960089760952597      -0.30651567556068643     
   3.5100000000000006E-005  0.58867347763983413        1.6072672131063532        1.1080472840300535       0.99959472030210073      -0.30289732236335248     
   3.5200000000000002E-005  0.58722466422916175        1.6455509167954603        1.0821268293828881       0.99959167665018911      -0.29879036467772968     
   3.5300000000000004E-005  0.58560159602299500        1.6834329972735189        1.0559840689653393       0.99959027557932589      -0.29415816231534109     
   3.5400000000000007E-005  0.58380834977067175        1.7206235913828800        1.0297143072294945       0.99959044346166193      -0.28894772712293876     
   3.5500000000000002E-005  0.58185178096742685        1.7569942469155306        1.0034274755716814       0.99959349933202690      -0.28313062068850259     
   3.5600000000000005E-005  0.57974359817117993        1.7926096113609857       0.97724228268577740       0.99960102491689284      -0.27673433576657319     
   3.5700000000000007E-005  0.57749975065863512        1.8277062728423450       0.95127833558929697       0.99961343781805945      -0.26983990444298134     
   3.5800000000000003E-005  0.57513743874353052        1.8626250032725240       0.92564999087305355       0.99962940528556710      -0.26254422659031051     
   3.5900000000000005E-005  0.57267173416233341        1.8977197788208842       0.90046459548731339       0.99964650407904454      -0.25491210590111685     
   3.6000000000000001E-005  0.57011398413446313        1.9332718239509419       0.87582467307468836       0.99966255726093245      -0.24695094707935333     
   3.6100000000000003E-005  0.56747256712801153        1.9694299998998877       0.85183088845214894       0.99967667184412734      -0.23862390606388473     
   3.6200000000000006E-005  0.56475487519187129        2.0061866613343562       0.82858240854550358       0.99968935096583933      -0.22988917699435665     
   3.6300000000000001E-005  0.56196895989539253        2.0433865417476507       0.80617357215789909       0.99970179131295389      -0.22073705576851638     
   3.6400000000000004E-005  0.55912398526075480        2.0807584964202666       0.78468855804304960       0.99971498697812300      -0.21120280309739584     
   3.6500000000000000E-005  0.55622964698050248        2.1179572741563026       0.76419692080144430       0.99972922257756658      -0.20135297651517739     
   3.6600000000000002E-005  0.55329526485249758        2.1546043649993920       0.74475198634538942       0.99974412916098698      -0.19125913034207806     
   3.6700000000000004E-005  0.55032912317069338        2.1903214097450485       0.72639224505944600       0.99975907873863257      -0.18097597657380715     
   3.6800000000000000E-005  0.54733822403243759        2.2247541865146427       0.70914447756882948       0.99977357621056417      -0.17053320125706592     
   3.6900000000000002E-005  0.54432834067436264        2.2575881024043922       0.69302705816082111       0.99978744593972735      -0.15993991860825540     
   3.7000000000000005E-005  0.54130420512642863        2.2885571248383720       0.67805244067289994       0.99980080726369558      -0.14919508514022664     
   3.7100000000000001E-005  0.53826972372446458        2.3174478042288120       0.66422859912049148       0.99981394098531440      -0.13829728290093954     
   3.7200000000000003E-005  0.53522817382803756        2.3440994113167659       0.65155970630311033       0.99982715188074023      -0.12725045363196932     
   3.7299999999999999E-005  0.53218236104284766        2.3684008623747563       0.64004647629106592       0.99984068200727194      -0.11606537289062627     
   3.7400000000000001E-005  0.52913472708144116        2.3902851110149146       0.62968649318663406       0.99985468036491376      -0.10475836251432936     
   3.7500000000000003E-005  0.52608740995545156        2.4097218535644043       0.62047467120990452       0.99986920973898641       -9.3348961347851700E-002
   3.7599999999999999E-005  0.52304226918731411        2.4267094905878288       0.61240385174388401       0.99988426875623071       -8.1857722688999671E-002
   3.7700000000000002E-005  0.52000089376486347        2.4412671870802800       0.60546547473043000       0.99989981469385503       -7.0304646586776404E-002
   3.7800000000000004E-005  0.51696460848284342        2.4534276377925579       0.59965025002814454       0.99991578093084255       -5.8708304287239055E-002
   3.7900000000000000E-005  0.51393448829397692        2.4632308812446606       0.59494877114820988       0.99993208819298784       -4.7085506129546137E-002
   3.8000000000000002E-005  0.51091138414636095        2.4707192906559716       0.59135203764784627       0.99994865099859098       -3.5451322729719618E-002
   3.8099999999999998E-005  0.50789595962485801        2.4759337296044390       0.58885187236740444       0.99996538109092414       -2.3819302142095614E-002
   3.8200000000000000E-005  0.50488873580035110        2.4789107911969350       0.58744123224302014       0.99998218926055560       -1.2201778606162575E-002
   3.8300000000000003E-005  0.50189014132769427        2.4796810200964812       0.58711441763069883       0.99999898643548613       -6.1021260258036479E-004
   3.8399999999999998E-005  0.49890056519491488        2.4782680134173138       0.58786718695618834        1.0000156844180241        1.0944465225110785E-002
   3.8500000000000007E-005  0.49592041003869020        2.4746883201537431       0.58969678242238277        1.0000321965077490        2.2451515706701460E-002
   3.8600000000000003E-005  0.49295014423732564        2.4689520909750295       0.59260187012327725        1.0000484381088977        3.3900060341044008E-002
   3.8700000000000006E-005  0.48999035100294908        2.4610644562012634       0.59658239554265480        1.0000643274075027        4.5278761748602056E-002
   3.8800000000000008E-005  0.48704177248694386        2.4510276276573224       0.60163935403449809        1.0000797863208473        5.6575530315430035E-002
   3.8900000000000004E-005  0.48410534667487631        2.4388437251876529       0.60777447661509609        1.0000947421571982        6.7777293471038433E-002
   3.9000000000000006E-005  0.48118223492103057        2.4245183153857686       0.61498983548901021        1.0001091307792180        7.8869896583626975E-002
   3.9100000000000002E-005  0.47827383879752039        2.4080646150281377       0.62328738220996127        1.0001229023501108        8.9838240313315360E-002
   3.9200000000000004E-005  0.47538180701481808        2.3895082548422608       0.63266844380715592        1.0001360307657348       0.10066678191712242     
   3.9300000000000007E-005  0.47250803670828734        2.3688924406351721       0.64313321549911873        1.0001485269987498       0.11134050011666695     
   3.9400000000000002E-005  0.46965467811607969        2.3462832910683979       0.65468029551524054        1.0001604541439417       0.12184630338241050     
   3.9500000000000005E-005  0.46682415663975724        2.3217750603928984       0.66730629678759679        1.0001719377843563       0.13217461268282002     
   3.9600000000000000E-005  0.46401922960403064        2.2954948762005940       0.68100552833786487        1.0001831607714824       0.14232049253206655     
   3.9700000000000003E-005  0.46124309377838407        2.2676065047192213       0.69576966034683752        1.0001943299205494       0.15228337099590247     
   3.9800000000000005E-005  0.45849954986195718        2.2383124512010757       0.71158718720071923        1.0002056086939410       0.16206435763926277     
   3.9900000000000001E-005  0.45579320720101429        2.2078533838796326       0.72844243347077531        1.0002170288794108       0.17166079017041469     
   4.0000000000000003E-005  0.45312967451958308        2.1765035393246661       0.74631389284643879        1.0002284225636540       0.18105910617570425     
   4.0100000000000006E-005  0.45051563961571339        2.1445606989824655       0.76517192902972619        1.0002394376892385       0.19022910664643666     
   4.0200000000000001E-005  0.44795871992929703        2.1123299010812935       0.78497629428872751        1.0002496853318872       0.19912396153463133     
   4.0300000000000004E-005  0.44546700960394559        2.0801014952084387       0.80567435525844622        1.0002589918266631       0.20768916061170598     
   4.0399999999999999E-005  0.44304839685772840        2.0481261272184423       0.82720100753337855        1.0002676142884164       0.21587901895721204     
   4.0500000000000002E-005  0.44070994628711568        2.0165907244114702       0.84948070459629932        1.0002762190402776       0.22367300003714993     
   4.0600000000000004E-005  0.43845778655244255        1.9855995388624430       0.87243091872683665        1.0002855259786874       0.23108081654849819     
   4.0700000000000000E-005  0.43629781029163911        1.9551629967375710       0.89596536095704438        1.0002957708546947       0.23812967232230114     
   4.0800000000000002E-005  0.43423700766844103        1.9251961819761914       0.91999527510779722        1.0003063361349516       0.24483829478023644     
   4.0900000000000005E-005  0.43228468397239717        1.8955296867998228       0.94442836643746941        1.0003158561790613       0.25119297855930911     
   4.1000000000000000E-005  0.43045263936155376        1.8659370596438387       0.96916671453897285        1.0003228099152679       0.25714199164438861     
   4.1100000000000003E-005  0.42875387109761975        1.8361813899689365       0.99410604808617042        1.0003262632471046       0.26261380459949851     
   4.1199999999999999E-005  0.42720027829376533        1.8060759908768271        1.0191381128734747        1.0003262654896059       0.26754833680158652     
   4.1300000000000001E-005  0.42580063221063030        1.7755434576952631        1.0441558686845811        1.0003236066730146       0.27192096140977562     
   4.1400000000000003E-005  0.42456006861781848        1.7446516431605261        1.0690593730734173        1.0003190952565895       0.27574428278793855     
   4.1499999999999999E-005  0.42348139840510435        1.7136107239796368        1.0937598637913915        1.0003128736610596       0.27904862289945054     
   4.1600000000000002E-005  0.42256731383992124        1.6827305930081375        1.1181808717855506        1.0003042510112823       0.28185602500190188     
   4.1700000000000004E-005  0.42182206800785099        1.6523533860696107        1.1422570342792964        1.0002921267829992       0.28416454817989745     
   4.1800000000000000E-005  0.42125169578389676        1.6227839005689331        1.1659322866672510        1.0002756448576147       0.28595008992045562     
   4.1900000000000002E-005  0.42086278979141711        1.5942385993174395        1.1891588122069419        1.0002546153976282       0.28718072079792484     
   4.1999999999999998E-005  0.42066062060099041        1.5668243999647589        1.2118970755402494        1.0002295075271352       0.28783247541763851     
   4.2100000000000007E-005  0.42064763941741118        1.5405465997715795        1.2341163778038029        1.0002011519827960       0.28789801221019756     
   4.2200000000000003E-005  0.42082305397636416        1.5153363542521348        1.2557951457644501        1.0001704185685480       0.28738616044938009     
   4.2300000000000005E-005  0.42118349368488900        1.4910851127844584        1.2769204800031673        1.0001380342615755       0.28631554801351256     
   4.2400000000000007E-005  0.42172422511886931        1.4676757566042533        1.2974869325318135        1.0001045539042066       0.28470688930179328     
   4.2500000000000003E-005  0.42244025059449630        1.4450049626118893        1.3174947752044579        1.0000704177375892       0.28257718355887135     
   4.2600000000000005E-005  0.42332687838817690        1.4229956745447652        1.3369481028701613        1.0000360303368143       0.27993705651581507     
   4.2700000000000008E-005  0.42437971424192217        1.4016011652644600        1.3558530611931523        1.0000018236563488       0.27679099135333690     
   4.2800000000000004E-005  0.42559426719692078        1.3808030898226786        1.3742163837105239       0.99996829154680023       0.27313953763430615     
   4.2900000000000006E-005  0.42696544490913929        1.3606058388273850        1.3920443226968646       0.99993599418129164       0.26898251032628595     
   4.3000000000000002E-005  0.42848716945830873        1.3410290526372535        1.4093419827755731       0.99990553281358618       0.26432228857008511     
   4.3100000000000004E-005  0.43015223261282182        1.3220997290363916        1.4261130104520818       0.99987749856162067       0.25916642468712547     
   4.3200000000000007E-005  0.43195239174707634        1.3038450420287602        1.4423595517446393       0.99985240649682916       0.25352894463732495     
   4.3300000000000002E-005  0.43387863001032273        1.2862867138438960        1.4580823676664829       0.99983063451617060       0.24743006539140081     
   4.3400000000000005E-005  0.43592148283720522        1.2694374583108314        1.4732810004624974       0.99981238609676970       0.24089452208275408     
   4.3500000000000000E-005  0.43807135539522096        1.2532996257062097        1.4879539112725630       0.99979768775782252       0.23394910373733643     
   4.3600000000000003E-005  0.44031879445556432        1.2378657935409789        1.5020985518284622       0.99978641855772943       0.22662016591530895     
   4.3700000000000005E-005  0.44265470847650046        1.2231207662136043        1.5157113737056236       0.99977835881170329       0.21893177478502809     
   4.3800000000000001E-005  0.44507053678614678        1.2090443334682019        1.5287878054096620       0.99977324137028056       0.21090481429244867     
   4.3900000000000003E-005  0.44755836442321917        1.1956141926491901        1.5413222354030234       0.99977079270374336       0.20255703045081938     
   4.4000000000000006E-005  0.45011097833423880        1.1828086003564280        1.5533080317529278       0.99977075791667824       0.19390373762128182     
   4.4100000000000001E-005  0.45272186617812982        1.1706085100379211        1.5647376140386040       0.99977291046606076       0.18495882563587104     
   4.4200000000000004E-005  0.45538516820559249        1.1589991131328377        1.5756025777640086       0.99977705097287395       0.17573575071591604     
   4.4299999999999999E-005  0.45809560025583268        1.1479708055592923        1.5858938601293227       0.99978300041420443       0.16624830227346510     
   4.4400000000000002E-005  0.46084836832577414        1.1375196498866458        1.5956019300687203       0.99979059211308663       0.15651105417333563     
   4.4500000000000004E-005  0.46363909221785327        1.1276474122592164        1.6047169844048577       0.99979966538829124       0.14653950165859189     
   4.4600000000000000E-005  0.46646374926257028        1.1183612509875325        1.6132291347100827       0.99981006212955825       0.13634994368829209     
   4.4700000000000002E-005  0.46931864172752530        1.1096731328942737        1.6211285743144226       0.99982162630634042       0.12595919700610522     
   4.4800000000000005E-005  0.47220038533048603        1.1015990553372776        1.6284057201280326       0.99983420573136117       0.11538423134696847     
   4.4900000000000000E-005  0.47510591236465932        1.0941581532790208        1.6350513286061725       0.99984765505143713       0.10464180195647799     
   4.5000000000000003E-005  0.47803248151602767        1.0873717674339098        1.6410565884164385       0.99986183903348502        9.3748134793653931E-002
   4.5099999999999998E-005  0.48097768699804516        1.0812625390934052        1.6464131941257185       0.99987663537229987        8.2718695539456086E-002
   4.5200000000000001E-005  0.48393946140891730        1.0758535808851486        1.6511134057366759       0.99989193657652842        7.1568055697291119E-002
   4.5300000000000003E-005  0.48691606888243988        1.0711677553057604        1.6551500983274909       0.99990765079378519        6.0309850566838477E-002
   4.5399999999999999E-005  0.48990608715480877        1.0672270791344365        1.6585168052599581       0.99992370149926157        4.8956818117731463E-002
   4.5500000000000001E-005  0.49290837872120719        1.0640522547335562        1.6612077570426420       0.99994002628619738        3.7520899934702819E-002
   4.5600000000000004E-005  0.49592205231630615        1.0616623140007309        1.6632179167728369       0.99995657493519241        2.6013387935093352E-002
   4.5700000000000000E-005  0.49894641639987786        1.0600743571935585        1.6645430121554379       0.99997330694446995        1.4445099286568787E-002
   4.5800000000000009E-005  0.50198092641401226        1.0593033706542485        1.6651795635241629       0.99999018867755063        2.8265676987392044E-003
   4.5900000000000004E-005  0.50502512746986405        1.0593621111791760        1.6651249070678449        1.0000071902400640       -8.8317570465768405E-003
   4.6000000000000007E-005  0.50807859392785482        1.0602610488847755        1.6643772124352203        1.0000242821871712       -2.0519306702599192E-002
   4.6100000000000002E-005  0.51114086718462848        1.0620083639071274        1.6629354940264689        1.0000414321538456       -3.2225192388745355E-002
   4.6200000000000005E-005  0.51421139294037210        1.0646099943521381        1.6607996155019147        1.0000586015068325       -4.3938004668672488E-002
   4.6300000000000007E-005  0.51728945934315029        1.0680697328878443        1.6579702872441648        1.0000757421304660       -5.5645618598174837E-002
   4.6400000000000003E-005  0.52037413769058838        1.0723893788056855        1.6544490568263961        1.0000927933807930       -6.7335008862829962E-002
   4.6500000000000005E-005  0.52346422765355372        1.0775689611328720        1.6502382927282064        1.0001096793260826       -7.8992081775927023E-002
   4.6600000000000008E-005  0.52655820922028929        1.0836070468192813        1.6453411613149660        1.0001263064754500       -9.0601535987013926E-002
   4.6700000000000003E-005  0.52965420364370863        1.0905011492937242        1.6397615965762007        1.0001425621403233      -0.10214676793103483     
   4.6800000000000006E-005  0.53274994528419184        1.0982482527939670        1.6335042614378847        1.0001583136673802      -0.11360984045015828     
   4.6900000000000002E-005  0.53584276529238584        1.1068454639187546        1.6265744981539518        1.0001734086882736      -0.12497153921520786     
   4.7000000000000004E-005  0.53892958634618271        1.1162907902467543        1.6189782639447299        1.0001876765639113      -0.13621153442576237     
   4.7100000000000006E-005  0.54200692517265869        1.1265840245937258        1.6107220464708170        1.0002009308906590      -0.14730865818494954     
   4.7200000000000002E-005  0.54507089659413610        1.1377276807313859        1.6018127527102317        1.0002129728235349      -0.15824128831265938     
   4.7300000000000005E-005  0.54811721007553427        1.1497278880415385        1.5922575647390562        1.0002235945157845      -0.16898780214257750     
   4.7400000000000000E-005  0.55114114848386153        1.1625951300817456        1.5820637580284926        1.0002325815333115      -0.17952703548790408     
   4.7500000000000003E-005  0.55413752027138441        1.1763446976682270        1.5712384822241847        1.0002397130532725      -0.18983865500345570     
   4.7600000000000005E-005  0.55710058152355002        1.1909967190371986        1.5597885105047939        1.0002447588274854      -0.19990333424340842     
   4.7700000000000001E-005  0.56002393331276878        1.2065756350727270        1.5477199713506802        1.0002474725054993      -0.20970262319323943     
   4.7800000000000003E-005  0.56290041066877705        1.2231090073017923        1.5350380839000062        1.0002475823919881      -0.21921842996732330     
   4.7900000000000006E-005  0.56572198743457902        1.2406255837956972        1.5217469224619726        1.0002447829333234      -0.22843210473309300     
   4.8000000000000001E-005  0.56847972080721265        1.2591526152308461        1.5078492334919928        1.0002387331238118      -0.23732324107897881     
   4.8100000000000004E-005  0.57116374667380465        1.2787125329679394        1.4933463166022836        1.0002290700808687      -0.24586847740782372     
   4.8199999999999999E-005  0.57376332186972745        1.2993192955868915        1.4782379609918954        1.0002154445897140      -0.25404072804445349     
   4.8300000000000002E-005  0.57626691924605722        1.3209749771711297        1.4625224083712329        1.0001975784047266      -0.26180928412862392     
   4.8400000000000004E-005  0.57866240299405869        1.3436674584861814        1.4461963022202895        1.0001753346101070      -0.26914106627570461     
   4.8500000000000000E-005  0.58093731989448583        1.3673702708991116        1.4292545859844736        1.0001487851137894      -0.27600302876974514     
   4.8600000000000002E-005  0.58307931924224432        1.3920455892563743        1.4116903299549617        1.0001182558161392      -0.28236538144562001     
   4.8700000000000005E-005  0.58507665852039525        1.4176509565622111        1.3934944948690287        1.0000843310834595      -0.28820497292527181     
   4.8800000000000000E-005  0.58691868729188623        1.4441495342965129        1.3746556777863816        1.0000478044982268      -0.29350789864005150     
   4.8900000000000003E-005  0.58859615689390821        1.4715226367752849        1.3551599332211663        1.0000095751571478      -0.29827023540613556     
   4.8999999999999998E-005  0.59010119304270714        1.4997822821253837        1.3349908154759040       0.99997050896923512      -0.30249596329409800     
   4.9100000000000001E-005  0.59142681802796249        1.5289807579180270        1.3141298332618678       0.99993130845459688      -0.30619182856013338     
   4.9200000000000003E-005  0.59256609358237444        1.5592139486313592        1.2925575263309348       0.99989244404522337      -0.30936008590951952     
   4.9299999999999999E-005  0.59351127531202108        1.5906154255468239        1.2702553367200518       0.99985419424925859      -0.31199139693429428     
   4.9400000000000008E-005  0.59425360214520406        1.6233390662465570        1.2472082959280553       0.99981682624847934      -0.31406134303392247     
   4.9500000000000004E-005  0.59478418451665738        1.6575295476685270        1.2234082278829292       0.99978089602595599      -0.31553434434618644     
   4.9600000000000006E-005  0.59509589217850489        1.6932830115037221        1.1988567580422071       0.99974751224503733      -0.31637661913538184     
   4.9700000000000009E-005  0.59518550544453686        1.7306048148988755        1.1735672511710322       0.99971827856636541      -0.31657398950480492     
   4.9800000000000004E-005  0.59505489421542468        1.7693766193178744        1.1475652270019148       0.99969474169330441      -0.31614394265841494     
   4.9900000000000007E-005  0.59471005902149165        1.8093483275358344        1.1208877802486739       0.99967754147416954      -0.31513079974971714     
   5.0000000000000002E-005  0.59415814219843921        1.8501678129596104        1.0935835055366403       0.99966583636110440      -0.31358113116363862     
   5.0100000000000005E-005  0.59340424379626588        1.8914510433777325        1.0657144819412301       0.99965763795090234      -0.31151101268644310     
   5.0200000000000007E-005  0.59245028648985687        1.9328795816789768        1.0373603415849371       0.99965114526912469      -0.30888904904585551     
   5.0300000000000003E-005  0.59129679362785725        1.9742977662238503        1.0086219590057410       0.99964616001365691      -0.30565561436954902     
   5.0400000000000005E-005  0.58994659913782888        2.0157747422944881       0.97962109173790080       0.99964421462027464      -0.30177177436259922     
   5.0500000000000008E-005  0.58840796220884461        2.0576029226615553       0.95049431060125378       0.99964709112230299      -0.29726022405570640     
   5.0600000000000003E-005  0.58669449623079695        2.1002263729202548       0.92138382108288086       0.99965497311657081      -0.29219936551167830     
   5.0700000000000006E-005  0.58482183477979710        2.1441209215758805       0.89243057432476502       0.99966590663193755      -0.28666991336626380     
   5.0800000000000002E-005  0.58280369179631730        2.1896655102375702       0.86377305092639822       0.99967712401471276      -0.28070031476108881     
   5.0900000000000004E-005  0.58065015724440427        2.2370424910885025       0.83554951421872170       0.99968698827020175      -0.27426151868491039     
   5.1000000000000006E-005  0.57836907165885743        2.2861879554535300       0.80789818549761472       0.99969576428897144      -0.26731257556342225     
   5.1100000000000002E-005  0.57596889879777513        2.3367928850371178       0.78095229989076020       0.99970473936002202      -0.25985069761704421     
   5.1200000000000004E-005  0.57346062104940532        2.3883419377282733       0.75483232693647706       0.99971478845527229      -0.25192277176070688     
   5.1300000000000000E-005  0.57085742209330281        2.4401737331389208       0.72964015169914564       0.99972571315688652      -0.24359791472036565     
   5.1400000000000003E-005  0.56817283322716217        2.4915510698406913       0.70545783916557825       0.99973664368439386      -0.23493313952551892     
   5.1500000000000005E-005  0.56541889937931411        2.5417334904035678       0.68234989334254170       0.99974679296265556      -0.22595855240061496     
   5.1600000000000001E-005  0.56260543351499048        2.5900445546959254       0.66036636399104820       0.99975587947161382      -0.21668360124352018     
   5.1700000000000003E-005  0.55974036455869225        2.6359244565267965       0.63954508800972376       0.99976409733557370      -0.20711119197227598     
   5.1800000000000005E-005  0.55683053782301761        2.6789596468380301       0.61991289438292696       0.99977187305661042      -0.19724835346441827     
   5.1900000000000001E-005  0.55388237262542317        2.7188873077660318       0.60148636716187553       0.99977964494264970      -0.18711015202847137     
   5.2000000000000004E-005  0.55090215567634671        2.7555799272647716       0.58427270993360714       0.99978775321241453      -0.17671874780197133     
   5.2099999999999999E-005  0.54789603825751321        2.7890189130274634       0.56827091445632993       0.99979642385721867      -0.16610055510055508     
   5.2200000000000002E-005  0.54486989053785295        2.8192655128057087       0.55347317392752338       0.99980579221713239      -0.15528344912328471     
   5.2300000000000004E-005  0.54182913887667394        2.8464344018539256       0.53986639563169914       0.99981593262748081      -0.14429468557846559     
   5.2400000000000000E-005  0.53877864272565767        2.8706722532202997       0.52743367495119953       0.99982688186677648      -0.13315972648255475     
   5.2500000000000002E-005  0.53572262251357861        2.8921415214653088       0.51615563077006565       0.99983865150985940      -0.12190182917074739     
   5.2600000000000005E-005  0.53266463425685762        2.9110087157853122       0.50601155026518763       0.99985123191272818      -0.11054209643926728     
   5.2700000000000000E-005  0.52960758358582638        2.9274362261381626       0.49698033081530019       0.99986459276359496       -9.9099706425415185E-002
   5.2800000000000003E-005  0.52655377119540192        2.9415768548216015       0.48904123195391419       0.99987868378760547       -8.7592149728484073E-002
   5.2899999999999998E-005  0.52350496048373119        2.9535703478066031       0.48217446232502109       0.99989343689918342       -7.6035413980447664E-002
   5.3000000000000001E-005  0.52046245737991259        2.9635413555787729       0.47636162925739639       0.99990876956242580       -6.4444125437376376E-002
   5.3100000000000003E-005  0.51742719329824727        2.9715983757644615       0.47158607624022170       0.99992458853454236       -5.2831678729554778E-002
   5.3199999999999999E-005  0.51439980463412882        2.9778333386768425       0.46783312964800033       0.99994079328722174       -4.1210378449298105E-002
   5.3300000000000001E-005  0.51138070521582946        2.9823215894896786       0.46509027222238442       0.99995727877977869       -2.9591601134452118E-002
   5.3399999999999997E-005  0.50837015078848879        2.9851220946766786       0.46334725750662620       0.99997393754013719       -1.7985973553109841E-002
   5.3499999999999999E-005  0.50536829637926417        2.9862777542189285       0.46259617674712128       0.99999066116320345       -6.4035585906315100E-003
   5.3600000000000002E-005  0.50237524830019253        2.9858157361458852       0.46283148736359025        1.0000073413710957        5.1459596707305365E-003
   5.3699999999999997E-005  0.49939111285007132        2.9837477967700794       0.46405000917591771        1.0000238709390585        1.6653098465470736E-002
   5.3800000000000000E-005  0.49641604373880421        2.9800705814696955       0.46625089195744851        1.0000401445971387        2.8108411218922869E-002
   5.3900000000000002E-005  0.49345028997552365        2.9747659181504984       0.46943555564874001        1.0000560600055377        3.9502338205722687E-002
   5.3999999999999998E-005  0.49049424552170806        2.9678011394741763       0.47360760220502518        1.0000715189243361        5.0825075748632639E-002
   5.4100000000000000E-005  0.48754850142629347        2.9591294980454772       0.47877269567818403        1.0000864286899940        6.2066466000203102E-002
   5.4199999999999996E-005  0.48461390039973229        2.9486907710269508       0.48493840466409371        1.0001007040534806        7.3215906029744468E-002
   5.4299999999999998E-005  0.48169159286164537        2.9364121864807271       0.49211399842491538        1.0001142693187215        8.4262267687689935E-002
   5.4400000000000001E-005  0.47878309255540424        2.9222098397196432       0.50031018470849453        1.0001270605210308        9.5193809411130884E-002
   5.4499999999999997E-005  0.47589032897991757        2.9059907964917633       0.50953877344772902        1.0001390271673387       0.10599804928468538     
   5.4599999999999999E-005  0.47301569319320386        2.8876560871176657       0.51981224687019301        1.0001501329026161       0.11666156539133177     
   5.4700000000000001E-005  0.47016207286210315        2.8671047916697927       0.53114321383623175        1.0001603547716456       0.12716970230201774     
   5.4799999999999997E-005  0.46733287155637460        2.8442394279133620       0.54354372629119063        1.0001696816733279       0.13750620554986931     
   5.4900000000000006E-005  0.46453200625646701        2.8189728857335665       0.55702444288673780        1.0001781141472244       0.14765289168830828     
   5.5000000000000009E-005  0.46176387659402407        2.7912372134185914       0.57159364386506040        1.0001856694957301       0.15758958374107421     
   5.5100000000000011E-005  0.45903330217424737        2.7609946040301323       0.58725613579156988        1.0001923969747486       0.16729465782663461     
   5.5200000000000007E-005  0.45634543369712199        2.7282508287925147       0.60401213064925052        1.0001984044748962       0.17674654415341587     
   5.5300000000000009E-005  0.45370566023582254        2.6930709117504250       0.62185622019746589        1.0002038877889983       0.18592622089659983     
   5.5400000000000012E-005  0.45111955657673192        2.6555958350794593       0.64077655499144259        1.0002091394592061       0.19482006979170530     
   5.5500000000000007E-005  0.44859292989321553        2.6160575766437182       0.66075423072351369        1.0002144956964274       0.20342137044767786     
   5.5600000000000010E-005  0.44613202794534912        2.5747881638715882       0.68176266333030688        1.0002201998008393       0.21172798412036656     
   5.5700000000000005E-005  0.44374392953520453        2.5322171109803349       0.70376653378373910        1.0002262309386496       0.21973505334624208     
   5.5800000000000008E-005  0.44143699730181002        2.4888518649397322       0.72671995793713950        1.0002322327658186       0.22742522825920647     
   5.5900000000000010E-005  0.43922104646995463        2.4452391316071287       0.75056407188865149        1.0002376816240128       0.23476309435142662     
   5.6000000000000006E-005  0.43710677823440836        2.4019116584155071       0.77522503836811196        1.0002422735528564       0.24170081489477932     
   5.6100000000000008E-005  0.43510438963378084        2.3593325547560604       0.80061391503103030        1.0002462533465504       0.24819537908286388     
   5.6200000000000011E-005  0.43322210622689605        2.3178523487126128       0.82662917659585688        1.0002503182894715       0.25422721052631914     
   5.6300000000000006E-005  0.43146593560690061        2.2776882312919393       0.85316103593292270        1.0002550192347988       0.25980463015273664     
   5.6400000000000009E-005  0.42984128166036578        2.2389228509126249       0.88009530983064155        1.0002600911731532       0.26494679223719414     
   5.6500000000000005E-005  0.42835537295678944        2.2015124486300564       0.90731493049346768        1.0002643404582776       0.26965575783732487     
   5.6600000000000007E-005  0.42701836121471237        2.1652995975860776       0.93469935637791624        1.0002662685109118       0.27389978856594477     
   5.6700000000000009E-005  0.42584180317666565        2.1300386976016816       0.96212424553695264        1.0002649548807205       0.27762263258490161     
   5.6800000000000005E-005  0.42483548126404769        2.0954466278318451       0.98946385688084482        1.0002605019505895       0.28077290595182292     
   5.6900000000000007E-005  0.42400501851925981        2.0612775737537308        1.0165965629687190        1.0002537279341956       0.28333139956717823     
   5.7000000000000003E-005  0.42335200121344319        2.0273995762413151        1.0434113355010752        1.0002453840439387       0.28531588341918140     
   5.7100000000000006E-005  0.42287622127740698        1.9938403743584192        1.0698121969174539        1.0002354934500102       0.28676102997789110     
   5.7200000000000008E-005  0.42257823190900706        1.9607814959257941        1.0957190538257398        1.0002232621139182       0.28768973173787765     
   5.7300000000000004E-005  0.42246052126295697        1.9285038477153766        1.1210657038154319        1.0002075828573140       0.28809632730743012     
   5.7400000000000006E-005  0.42252675743745405        1.8973085758748138        1.1457972251503565        1.0001877724740926       0.28795138191536751     
   5.7500000000000009E-005  0.42277984676925412        1.8674432881359768        1.1698686285312618        1.0001640427063196       0.28722228616745488     
   5.7600000000000004E-005  0.42322011552636618        1.8390560009597263        1.1932451736222718        1.0001373992866307       0.28589453891267080     
   5.7700000000000007E-005  0.42384456800497111        1.8121842034220035        1.2159033604120502        1.0001090979043283       0.28398038528351904     
   5.7800000000000002E-005  0.42464737055260826        1.7867724745807110        1.2378312112402905        1.0000800939542482       0.28151180480851906     
   5.7900000000000005E-005  0.42562107662697934        1.7627048816001434        1.2590270881455978        1.0000508374802299       0.27852512721111577     
   5.8000000000000007E-005  0.42675792220200265        1.7398388483378306        1.2794972509246385        1.0000214338277489       0.27504764912099250     
   5.8100000000000003E-005  0.42805068474694075        1.7180321674763701        1.2992529449431158       0.99999194881838471       0.27109245828333162     
   5.8200000000000005E-005  0.42949290943743890        1.6971602965658110        1.3183078007590392       0.99996263453546197       0.26666137127152323     
   5.8300000000000008E-005  0.43107860915262536        1.6771247165367449        1.3366759671466100       0.99993398480565088       0.26175202805807912     
   5.8400000000000003E-005  0.43280171359688546        1.6578546631488700        1.3543710120617860       0.99990665223017805       0.25636479473404733     
   5.8500000000000006E-005  0.43465554787041399        1.6393046908886209        1.3714053950214256       0.99988130947743048       0.25050685940765927     
   5.8600000000000001E-005  0.43663252451199669        1.6214500710339841        1.3877902599564047       0.99985852842965406       0.24419303084941354     
   5.8700000000000004E-005  0.43872411324824556        1.6042814383967006        1.4035353553217724       0.99983871336847585       0.23744417504850335     
   5.8800000000000006E-005  0.44092105671948312        1.5877995857384890        1.4186489802997966       0.99982208893458380       0.23028467635409214     
   5.8900000000000002E-005  0.44321374470929270        1.5720109156414890        1.4331379302702851       0.99980872412753430       0.22274004139357051     
   5.9000000000000004E-005  0.44559264110580227        1.5569237944810672        1.4470074535717754       0.99979857037703945       0.21483521847656845     
   5.9100000000000000E-005  0.44804866798677501        1.5425458872298645        1.4602612393599319       0.99979149813444090       0.20659370529128718     
   5.9200000000000002E-005  0.45057348093649235        1.5288824518360755        1.4729014475821320       0.99978732557401173       0.19803724005166423     
   5.9300000000000005E-005  0.45315960906103092        1.5159355072757992        1.4849287803630933       0.99978583936750542       0.18918581629183526     
   5.9400000000000000E-005  0.45580047025906417        1.5037037405145957        1.4963425869646936       0.99978680995830438       0.18005783689173799     
   5.9500000000000003E-005  0.45849029664323177        1.4921829803422506        1.5071409930917057       0.99979000330638523       0.17067032007595351     
   5.9600000000000005E-005  0.46122401325301510        1.4813670437083000        1.5173210470926433       0.99979518997275996       0.16103913270150769     
   5.9700000000000001E-005  0.46399710828806401        1.4712487580037421        1.5268788778229792       0.99980215161343566       0.15117924376763489     
   5.9800000000000003E-005  0.46680552105883244        1.4618209890859903        1.5358098602017520       0.99981068484680991       0.14110498340953587     
   5.9899999999999999E-005  0.46964556047030825        1.4530775471803015        1.5441087845233901       0.99982060280161078       0.13083028178971443     
   6.0000000000000002E-005  0.47251385583490757        1.4450138898107598        1.5517700249797337       0.99983173499608213       0.12036886001909562     
   6.0100000000000004E-005  0.47540733462924967        1.4376275854913023        1.5587877023778063       0.99984392630708507       0.10973435341569276     
   6.0200000000000000E-005  0.47832321836659808        1.4309185387800352        1.5651558361683375       0.99985703571637297        9.8940361916070280E-002
   6.0300000000000002E-005  0.48125902723755537        1.4248890041067772        1.5708684817343219       0.99987093522704040        8.8000436531149098E-002
   6.0400000000000004E-005  0.48421258548616414        1.4195434318770057        1.5759198503049803       0.99988550909055529        7.6928022940466564E-002
   6.0500000000000000E-005  0.48718202167080354        1.4148881952604797        1.5803044103067150       0.99990065333351963        6.5736385860965280E-002
   6.0600000000000003E-005  0.49016576028941383        1.4109312448864677        1.5840169705035887       0.99991627530706706        5.4438539381997629E-002
   6.0699999999999998E-005  0.49316250322487226        1.4076817400565140        1.5870527463739323       0.99993229307103537        4.3047201275566098E-002
   6.0800000000000001E-005  0.49617120102114354        1.4051496955024658        1.5894074119808586       0.99994863440443771        3.1574786145925529E-002
   6.0900000000000003E-005  0.49919101500994439        1.4033456702361051        1.5910771397030556       0.99996523537111226        2.0033440110353382E-002
   6.0999999999999999E-005  0.50222127183113596        1.4022805152080584        1.5920586300721027       0.99998203843177302        8.4351169590136162E-003
   6.1099999999999994E-005  0.50526141206623343        1.4019651886143727        1.5923491336178477       0.99999899013845539       -3.2083105183466944E-003
   6.1199999999999997E-005  0.50831093466749500        1.4024106420689531        1.5919464660618945        1.0000160385120849       -1.4884913838042246E-002
   6.1299999999999999E-005  0.51136933876684953        1.4036277770989030        1.5908490175843137        1.0000331302268957       -2.6582558137548295E-002
   6.1400000000000002E-005  0.51443606439897704        1.4056274697912001        1.5890557562572634        1.0000502077273019       -3.8288750062697274E-002
   6.1500000000000004E-005  0.51751043374173511        1.4084206642321904        1.5865662251371211        1.0000672063869585       -4.9990497696395228E-002
   6.1599999999999993E-005  0.52059159462703419        1.4120185304637043        1.5833805317587646        1.0000840519173182       -6.1674196454824769E-002
   6.1699999999999995E-005  0.52367846820282915        1.4164326760859838        1.5794993279962899        1.0001006581484766       -7.3325553900763993E-002
   6.1799999999999998E-005  0.52676970274037116        1.4216753995878861        1.5749237777015628        1.0001169252220552       -8.4929562022517668E-002
   6.1900000000000000E-005  0.52986363553417193        1.4277599668771843        1.5696555090887676        1.0001327382559662       -9.6470522750564669E-002
   6.2000000000000003E-005  0.53295826442068628        1.4347008826273153        1.5636965484551670        1.0001479663623669      -0.10793212532090661     
   6.2100000000000005E-005  0.53605122945284112        1.4425141152451992        1.5570492320680871        1.0001624619006770      -0.11929756163988967     
   6.2200000000000008E-005  0.53913980357184488        1.4512172211511711        1.5497160935084209        1.0001760596650175      -0.13054965886956374     
   6.2300000000000010E-005  0.54222088873153573        1.4608293024669434        1.5416997249398905        1.0001885758229818      -0.14167099536428804     
   6.2400000000000012E-005  0.54529101104705102        1.4713707270814143        1.5330026121841969        1.0001998064305824      -0.15264396293323404     
   6.2500000000000015E-005  0.54834630575636167        1.4828625509889399        1.5236269452638507        1.0002095256816941      -0.16345074227356249     
   6.2600000000000004E-005  0.55138248081154762        1.4953256199623803        1.5135744077590665        1.0002174844095593      -0.17407317193108973     
   6.2700000000000006E-005  0.55439474797021049        1.5087793728616326        1.5028459493677111        1.0002234098478595      -0.18449251173839010     
   6.2800000000000009E-005  0.55737771425069882        1.5232404304483838        1.4914415466752113        1.0002270078650259      -0.19468912226615179     
   6.2900000000000011E-005  0.56032523611227447        1.5387211317219012        1.4793599578641536        1.0002279687283271      -0.20464209479131426     
   6.3000000000000013E-005  0.56323025410712990        1.5552282638927133        1.4665984787206510        1.0002259770035986      -0.21432886802502191     
   6.3100000000000002E-005  0.56608464429672589        1.5727623093111582        1.4531527102026640        1.0002207259359162      -0.22372486802396732     
   6.3200000000000005E-005  0.56887913771523591        1.5913175863043276        1.4390163509021916        1.0002119372756233      -0.23280323329638686     
   6.3300000000000007E-005  0.57160336139984735        1.6108836713245569        1.4241810275939573        1.0001993890497904      -0.24153476633317866     
   6.3400000000000010E-005  0.57424603728475498        1.6314484352796665        1.4086361694929996        1.0001829545616709      -0.24988837669881508     
   6.3500000000000012E-005  0.57679534180752801        1.6530028844803222        1.3923689154735577        1.0001626527150236      -0.25783235624582290     
   6.3600000000000014E-005  0.57923938913936435        1.6755477344741467        1.3753640239633091        1.0001387012644225      -0.26533671038321549     
   6.3700000000000003E-005  0.58156675184992634        1.6991012608134439        1.3576037458444918        1.0001115529467914      -0.27237636911074664     
   6.3800000000000006E-005  0.58376688210992045        1.7237074985270322        1.3390676419342751        1.0000818848860762      -0.27893444152933849     
   6.3900000000000008E-005  0.58583027189280168        1.7494433574504453        1.3197323992775154        1.0000505141827756      -0.28500397044418341     
   6.4000000000000011E-005  0.58774822990073039        1.7764227412825320        1.2995718301105799        1.0000182381135343      -0.29058634353510376     
   6.4100000000000013E-005  0.58951227734790901        1.8047953639309111        1.2785573871688254       0.99998564812338464      -0.29568525272098400     
   6.4200000000000002E-005  0.59111334123087433        1.8347377765792514        1.2566596001182011       0.99995302579203016      -0.30029726131834017     
   6.4300000000000004E-005  0.59254110574118357        1.8664344676053872        1.2338506969540490       0.99992044169403094      -0.30440311750999371     
   6.4400000000000007E-005  0.59378402288265775        1.9000483646358111        1.2101082586911041       0.99988808624616698      -0.30796595514632508     
   6.4500000000000009E-005  0.59483037497540481        1.9356834433324093        1.1854191853810661       0.99985667264147027      -0.31094082542020191     
   6.4600000000000012E-005  0.59567023774687877        1.9733476344575014        1.1597828702881008       0.99982758057903820      -0.31329358651028733     
   6.4700000000000001E-005  0.59629743632320087        2.0129301164593896        1.1332127326239172       0.99980245213864327      -0.31501864069174840     
   6.4800000000000003E-005  0.59671025279906165        2.0542092927730482        1.1057363125796718       0.99978235628363310      -0.31614131210632140     
   6.4900000000000005E-005  0.59691012093304985        2.0969020798764171        1.0773953965486542       0.99976714510979370      -0.31669858821063618     
   6.5000000000000008E-005  0.59689874174776647        2.1407509031411585        1.0482479575549530       0.99975560904546890      -0.31670837374738647     
   6.5100000000000010E-005  0.59667552916694711        2.1856261145797418        1.0183723326389722       0.99974642610121445      -0.31615032914666175     
   6.5199999999999999E-005  0.59623770267286125        2.2316067772312795       0.98787159350083564       0.99973916734871682      -0.31497740497083759     
   6.5300000000000002E-005  0.59558358984401139        2.2790013088630876       0.95687450431052845       0.99973452573118737      -0.31315332903586351     
   6.5400000000000004E-005  0.59471654552631992        2.3282877222590610       0.92553080718975600       0.99973356607652397      -0.31068571251019617     
   6.5500000000000006E-005  0.59364570451284704        2.3799864369141202       0.89400264762679027       0.99973654450033755      -0.30762316128387501     
   6.5600000000000009E-005  0.59238255289994346        2.4345066277732141       0.86245712006543152       0.99974231910106803      -0.30401721143539961     
   6.5700000000000011E-005  0.59093655813592350        2.4920101388567550       0.83106319982009824       0.99974893401023734      -0.29988581111252127     
   6.5800000000000000E-005  0.58931419933039353        2.5523181198467193       0.79999126982073265       0.99975487910496086      -0.29521135098668405     
   6.5900000000000003E-005  0.58752188079376644        2.6148688348502040       0.76941071965571262       0.99975993369305050      -0.28997068154091954     
   6.6000000000000005E-005  0.58556907271807590        2.6787378466361504       0.73948350768449578       0.99976482460466110      -0.28416665469960967     
   6.6100000000000007E-005  0.58346865883774235        2.7427361541461655       0.71035620659761767       0.99977010395585231      -0.27783321967923102     
   6.6200000000000010E-005  0.58123513792128156        2.8055803462759643       0.68215462175003172       0.99977552877358911      -0.27101580809138459     
   6.6299999999999999E-005  0.57888270163492739        2.8660899421790007       0.65498241801481050       0.99978041284462404      -0.26375120382237993     
   6.6400000000000001E-005  0.57642405918256168        2.9233443066668676       0.62892213769890182       0.99978428820732124      -0.25606383315264047     
   6.6500000000000004E-005  0.57387002608198801        2.9767521031810031       0.60403663219242465       0.99978711606649551      -0.24797263595716554     
   6.6600000000000006E-005  0.57122983239745784        3.0260332100287264       0.58037046157881744       0.99978909576685371      -0.23949543183003638     
   6.6700000000000009E-005  0.56851190214705050        3.0711473740236590       0.55795171460234771       0.99979049393235275      -0.23064855486308011     
   6.6799999999999997E-005  0.56572462119294109        3.1122104715491328       0.53679433259234977       0.99979161699828556      -0.22144699594827269     
   6.6900000000000000E-005  0.56287670651662391        3.1494252454256872       0.51690053247076517       0.99979282658093482      -0.21190714935363111     
   6.7000000000000002E-005  0.55997711894206947        3.1830349888786587       0.49826293690779372       0.99979452067381014      -0.20205038383048990     
   6.7100000000000005E-005  0.55703470510155539        3.2132968001885529       0.48086632698569887       0.99979706867964813      -0.19190475047987435     
   6.7200000000000007E-005  0.55405779352125228        3.2404673312468431       0.46468917886977601       0.99980074603601166      -0.18150379368270259     
   6.7299999999999996E-005  0.55105389225230794        3.2647950391284732       0.44970516835326690       0.99980570570590954      -0.17088336365508633     
   6.7399999999999998E-005  0.54802953907701668        3.2865154491165263       0.43588470649500283       0.99981199114359298      -0.16007808113770039     
   6.7500000000000001E-005  0.54499028662015159        3.3058479483152605       0.42319644489312713       0.99981957225274010      -0.14911874320587606     
   6.7600000000000003E-005  0.54194077597620505        3.3229936736564207       0.41160863624348232       0.99982838270489682      -0.13803116391099757     
   6.7700000000000006E-005  0.53888485183333523        3.3381343872107623       0.40109025379239011       0.99983834566794627      -0.12683628201309199     
   6.7800000000000008E-005  0.53582568471526926        3.3514322276049846       0.39161182567661817       0.99984938525524503      -0.11555105359103500     
   6.7899999999999997E-005  0.53276588124107893        3.3630301556796773       0.38314599234795921       0.99986142738762729      -0.10418963106054176     
   6.7999999999999999E-005  0.52970757568150995        3.3730528755732996       0.37566782977130553       0.99987439552206991       -9.2764470175021166E-002
   6.8100000000000002E-005  0.52665250365774618        3.3816080375063784       0.36915499511621341       0.99988820579291571       -8.1287178476032534E-002
   6.8200000000000004E-005  0.52360206220358885        3.3887875748530241       0.36358775080818118       0.99990276401663125       -6.9769058254617128E-002
   6.8300000000000007E-005  0.52055736092939164        3.3946690617434778       0.35894891419367553       0.99991796515677200       -5.8221384552103746E-002
   6.8399999999999996E-005  0.51751926809466309        3.3993170045762997       0.35522376878798373       0.99993369475061933       -4.6655495311280944E-002
   6.8499999999999998E-005  0.51448845419930478        3.4027840050099036       0.35239996217147196       0.99994983138587490       -3.5082773172142957E-002
   6.8600000000000000E-005  0.51146543466592531        3.4051117534702819       0.35046740677454996       0.99996624942417489       -2.3514580846587571E-002
   6.8700000000000003E-005  0.50845061240041944        3.4063318294616520       0.34941819324926443       0.99998282142396056       -1.1962190151592497E-002
   6.8800000000000005E-005  0.50544432050545718        3.4064662986804319       0.34924652170517789       0.99999942005393205       -4.3672368869685489E-004
   6.8899999999999994E-005  0.50244686508847847        3.4055281080230349       0.34994865315935830        1.0000159195251401        1.1050885782303290E-002
   6.8999999999999997E-005  0.49945856791859222        3.4035212786983533       0.35152288183854752        1.0000321966359202        2.2489921090979203E-002
   6.9099999999999999E-005  0.49647980861063468        3.4004409013430701       0.35396952758972927        1.0000481316811436        3.3869897749975238E-002
   6.9200000000000002E-005  0.49351106599036232        3.3962729432987340       0.35729094625928726        1.0000636094288817        4.5180576587473861E-002
   6.9300000000000004E-005  0.49055295834532286        3.3909938816663705       0.36149155430792768        1.0000785202469085        5.6411969390762068E-002
   6.9399999999999993E-005  0.48760628243778115        3.3845701816371623       0.36657786169809270        1.0000927613105286        6.7554325333354370E-002
   6.9500000000000009E-005  0.48467205150750647        3.3769576491476778       0.37255850401740093        1.0001062376617231        7.8598075638339537E-002
   6.9600000000000011E-005  0.48175153306534502        3.3681006991681466       0.37944426086241634        1.0001188627458799        8.9533705491683782E-002
   6.9700000000000014E-005  0.47884628809163593        3.3579315961679672       0.38724804284824332        1.0001305580699429       0.10035152056269024     
   6.9800000000000016E-005  0.47595821414124628        3.3463697390316960       0.39598482493650322        1.0001412517791339       0.11104128634704971     
   6.9900000000000005E-005  0.47308959542209345        3.3333210941554752       0.40567149954907328        1.0001508766038467       0.12159174338705482     
   7.0000000000000007E-005  0.47024316237471986        3.3186779346561832       0.41632662065924048        1.0001593683714258       0.13199004275869400     
   7.0100000000000010E-005  0.46742216075082965        3.3023190856183402       0.42797001227855880        1.0001666669572293       0.14222120195783028     
   7.0200000000000012E-005  0.46463042491713807        3.2841109030069027       0.44062222310062682        1.0001727218725815       0.15226773325171988     
   7.0300000000000015E-005  0.46187244268917726        3.2639092015890308       0.45430382395762586        1.0001775037688414       0.16210961760709913     
   7.0400000000000004E-005  0.45915339191314664        3.2415622554213939       0.46903456376713937        1.0001810206029464       0.17172475539866194     
   7.0500000000000006E-005  0.45647912661975837        3.2169148074024072       0.48483241604723371        1.0001833335171852       0.18108990470215125     
   7.0600000000000008E-005  0.45385609735479754        3.1898128078097390       0.50171255178391327        1.0001845646536258       0.19018194105729724     
   7.0700000000000011E-005  0.45129120715406879        3.1601085687561405       0.51968625682632641        1.0001848902277433       0.19897910683720094     
   7.0800000000000013E-005  0.44879162653778243        3.1276665217220065       0.53875977489795090        1.0001845188355494       0.20746185423774019     
   7.0900000000000002E-005  0.44636460950839507        3.0923710916453544       0.55893302200913086        1.0001836660337837       0.21561300374315953     
   7.1000000000000005E-005  0.44401736347842319        3.0541401000114314       0.58019812329102793        1.0001825436717355       0.22341725976421137     
   7.1100000000000007E-005  0.44175703132604471        3.0129482854121838       0.60253780176219385        1.0001813760824532       0.23086056516232015     
   7.1200000000000009E-005  0.43959083399488103        2.9688637720707858       0.62592377764489882        1.0001804228292730       0.23792993635097559     
   7.1300000000000012E-005  0.43752639315740305        2.9220937268523941       0.65031540059776516        1.0001799462746217       0.24461376634716314     
   7.1400000000000014E-005  0.43557214584209014        2.8730250858071593       0.67565857700764675        1.0001800396983993       0.25090058497514028     
   7.1500000000000003E-005  0.43373756165345878        2.8222379931637653       0.70188466877391875        1.0001803850816904       0.25677319916820307     
   7.1600000000000006E-005  0.43203282641070667        2.7704714239888180       0.72890899240242746        1.0001802905466506       0.26220064422468187     
   7.1700000000000008E-005  0.43046792538367107        2.7185370441521925       0.75662952941665784        1.0001792975770232       0.26713980902648637     
   7.1800000000000011E-005  0.42905150303634781        2.6672043037424364       0.78492783728303028        1.0001779059081159       0.27155602064501083     
   7.1900000000000013E-005  0.42779017203804537        2.6171007525287031       0.81367364971770084        1.0001773337758075       0.27544829319221925     
   7.2000000000000002E-005  0.42668887231525726        2.5686648002338388       0.84273141305026866        1.0001780988640454       0.27884711684010571     
   7.2100000000000004E-005  0.42575230105179512        2.5221519586379864       0.87196445366946718        1.0001789100183371       0.28177577666501619     
   7.2200000000000007E-005  0.42498640010140626        2.4776622824318015       0.90123474454791419        1.0001774595845516       0.28421254605335577     
   7.2300000000000009E-005  0.42439833530665477        2.4351599121143077       0.93040154175039069        1.0001724224190676       0.28609723020141181     
   7.2400000000000012E-005  0.42399450964380819        2.3944890722571848       0.95932385097460660        1.0001644461718786       0.28737693988134166     
   7.2500000000000000E-005  0.42377812336963072        2.3554133523833509       0.98786760434306786        1.0001551477995845       0.28804438540170313     
   7.2600000000000003E-005  0.42374847944932592        2.3176895261193158        1.0159135519020916        1.0001453938866753       0.28813443869530064     
   7.2700000000000005E-005  0.42390268453125340        2.2811520808642354        1.0433614207034938        1.0001346197092773       0.28768901752576398     
   7.2800000000000008E-005  0.42423818431037386        2.2457678996671624        1.0701293723204610        1.0001215045149281       0.28672504802692483     
   7.2900000000000010E-005  0.42475400884579462        2.2116357648484684        1.0961510606469838        1.0001050633917268       0.28522841519025899     
   7.2999999999999999E-005  0.42544994352903731        2.1789359861804054        1.1213731238430316        1.0000852479183213       0.28317103711527208     
   7.3100000000000001E-005  0.42632449182955390        2.1478583487137390        1.1457543675282023        1.0000628531314126       0.28053364089877597     
   7.3200000000000004E-005  0.42737319433677912        2.1185402122253412        1.1692661443302013        1.0000390421740699       0.27731944226871352     
   7.3300000000000006E-005  0.42858837870925659        2.0910340609465199        1.1918927007710862        1.0000148577659933       0.27355418592538017     
   7.3400000000000009E-005  0.42996031660813655        2.0653063701752652        1.2136305234201470       0.99999093959113217       0.26927616041504238     
   7.3500000000000011E-005  0.43147893554158839        2.0412575942274285        1.2344864187433251       0.99996751366088876       0.26452320183800365     
   7.3600000000000000E-005  0.43313512474060029        2.0187499659146368        1.2544747069037434       0.99994458134037989       0.25932312829096338     
   7.3700000000000002E-005  0.43492114622237504        1.9976330636367454        1.2736142109302597       0.99992215739170587       0.25369074370890954     
   7.3800000000000005E-005  0.43683025278058318        1.9777623307228522        1.2919256536424082       0.99990042884022212       0.24763083021624940     
   7.3900000000000007E-005  0.43885595092030877        1.9590098886825098        1.3094297947177009       0.99987978560475499       0.24114428413918590     
   7.4000000000000010E-005  0.44099134829798164        1.9412691509128794        1.3261463395291579       0.99986074766757438       0.23423424209654944     
   7.4099999999999999E-005  0.44322882902788974        1.9244553127657043        1.3420934513998684       0.99984384821716066       0.22691009050839137     
   7.4200000000000001E-005  0.44556008286268117        1.9085035161512456        1.3572876291608389       0.99982952788289203       0.21918869039438674     
   7.4300000000000004E-005  0.44797637911737193        1.8933659467161341        1.3717437405461874       0.99981807152157631       0.21109328519402945     
   7.4400000000000006E-005  0.45046894018479811        1.8790086227303424        1.3854750767026591       0.99980959300145700       0.20265109787447039     
   7.4500000000000008E-005  0.45302929555898758        1.8654082841761308        1.3984933697679898       0.99980405654115068       0.19389063623855021     
   7.4599999999999997E-005  0.45564954652971473        1.8525495864191439        1.4108087700465557       0.99980131690510210       0.18483942783216642     
   7.4700000000000000E-005  0.45832252032666798        1.8404226997309980        1.4224298072124049       0.99980116307330003       0.17552253728631168     
   7.4800000000000002E-005  0.46104182606863819        1.8290213669401107        1.4333633664032803       0.99980335527301101       0.16596190993669416     
   7.4900000000000005E-005  0.46380184026505100        1.8183414345340241        1.4436147033183042       0.99980765110021452       0.15617639049697915     
   7.5000000000000007E-005  0.46659765119998198        1.8083798375855644        1.4531875102851823       0.99981382066192359       0.14618218166719801     
   7.5099999999999996E-005  0.46942498571255586        1.7991339891828766        1.4620840332412310       0.99982165304850534       0.13599350696636306     
   7.5199999999999998E-005  0.47228013392365303        1.7906015020425723        1.4703052305920359       0.99983095722549731       0.12562329060965094     
   7.5300000000000001E-005  0.47515988041889690        1.7827801572074842        1.4778509599640730       0.99984156014905878       0.11508373443902027     
   7.5400000000000003E-005  0.47806144529746253        1.7756680336688835        1.4847201776314916       0.99985330410626527       0.10438673612763093     
   7.5500000000000006E-005  0.48098243527123119        1.7692637221982721        1.4909111368457244       0.99986604440051674        9.3544142812355499E-002
   7.5600000000000008E-005  0.48392080321175635        1.7635665629278841        1.4964215743079576       0.99987964780948346        8.2567866579448979E-002
   7.5699999999999997E-005  0.48687481370349256        1.7585768638542960        1.5012488775518458       0.99989399175301330        7.1469901422729729E-002
   7.5799999999999999E-005  0.48984301202995850        1.7542960729515376        1.5053902293670933       0.99990896388986295        6.0262285401848498E-002
   7.5900000000000002E-005  0.49282419421959595        1.7507268956612809        1.5088427281037720       0.99992446176881522        4.8957042937046488E-002
   7.6000000000000004E-005  0.49581737621085875        1.7478733628947738        1.5116034847335549       0.99994039224914932        3.7566136830549879E-002
   7.6100000000000007E-005  0.49882176073194245        1.7457408593065116        1.5136696987219724       0.99995667049630099        2.6101445319324172E-002
   7.6199999999999995E-005  0.50183670113969192        1.7443361227644443        1.5150387152542373       0.99997321850518772        1.4574772403872316E-002
   7.6299999999999998E-005  0.50486166203737759        1.7436672242793234        1.5157080663949303       0.99998996314903033        2.9978916971084724E-003
   7.6400000000000000E-005  0.50789617698537737        1.7437435348200894        1.5156754983241805        1.0000068338352390       -8.6173823431337348E-003
   7.6500000000000003E-005  0.51093980398830463        1.7445756823855534        1.5149389860995317        1.0000237598818573       -2.0259105109219615E-002
   7.6600000000000005E-005  0.51399207968488603        1.7461755004373374        1.5134967365406826        1.0000406677358193       -3.1915105911371179E-002
   7.6699999999999994E-005  0.51705247326800896        1.7485559707170304        1.5113471789016548        1.0000574781349656       -4.3572897585303839E-002
   7.6799999999999997E-005  0.52012034111160088        1.7517311556416932        1.5084889420438956        1.0000741034386975       -5.5219602906121122E-002
   7.6900000000000013E-005  0.52319488294313632        1.7557161043428249        1.5049208159154481        1.0000904452797157       -6.6841907640121462E-002
   7.7000000000000015E-005  0.52627510007981226        1.7605267202505348        1.5006416943575789        1.0001063926042255       -7.8426046963942092E-002
   7.7100000000000004E-005  0.52935975571957206        1.7661795793671669        1.4956504957877657        1.0001218201382132       -8.9957824516627913E-002
   7.7200000000000006E-005  0.53244733656757381        1.7726916905267480        1.4899460582077555        1.0001365872998218      -0.10142265794952622     
   7.7300000000000009E-005  0.53553601421435837        1.7800801949869087        1.4835270053957790        1.0001505373849164      -0.11280563273056238     
   7.7400000000000011E-005  0.53862360383993224        1.7883620139776313        1.4763915824474312        1.0001634968687128      -0.12409153523305036     
   7.7500000000000014E-005  0.54170751707239262        1.7975534719885282        1.4685374608448283        1.0001752744920673      -0.13526482661613623     
   7.7600000000000016E-005  0.54478470550045355        1.8076699510119274        1.4599615161788999        1.0001856599627612      -0.14630951439857839     
   7.7700000000000005E-005  0.54785159157714058        1.8187256676020453        1.4506595851606641        1.0001944222761134      -0.15720888405873162     
   7.7800000000000007E-005  0.55090398477911406        1.8307336941474317        1.4406262121133344        1.0002013083311001      -0.16794507396517974     
   7.7900000000000010E-005  0.55393698352706355        1.8437063598759014        1.4298543978335099        1.0002060433642173      -0.17849851527270424     
   7.8000000000000012E-005  0.55694486835552903        1.8576561699690728        1.4183353646142118        1.0002083356583564      -0.18884731774849489     
   7.8100000000000015E-005  0.55992099972008835        1.8725973650719254        1.4060583490935390        1.0002078887819064      -0.19896675626086499     
   7.8200000000000003E-005  0.56285774433933156        1.8885482043876325        1.3930104286589406        1.0002044246240469      -0.20882908177557802     
   7.8300000000000006E-005  0.56574646443517118        1.9055339931022790        1.3791763776688335        1.0001977189888105      -0.21840391505508297     
   7.8400000000000008E-005  0.56857760906585486        1.9235907889479251        1.3645385386896489        1.0001876478713663      -0.22765943958211757     
   7.8500000000000011E-005  0.57134093853201007        1.9427696100562803        1.3490766859887877        1.0001742366950050      -0.23656444983357944     
   7.8600000000000013E-005  0.57402588661154463        1.9631408167578899        1.3327678622793473        1.0001576973020498      -0.24509100135580578     
   7.8700000000000002E-005  0.57662201279741632        1.9847981370359866        1.3155861954829162        1.0001384335396535      -0.25321699952765891     
   7.8800000000000004E-005  0.57911941776940912        2.0078615286366830        1.2975027555563017        1.0001169992245416      -0.26092771176160090     
   7.8900000000000007E-005  0.58150892435035928        2.0324777373582688        1.2784855884122659        1.0000940079843357      -0.26821514744375718     
   7.9000000000000009E-005  0.58378182841225679        2.0588170898410461        1.2585001455125520        1.0000700169905117      -0.27507473370324204     
   7.9100000000000012E-005  0.58592917410695011        2.0870648757961332        1.2375103774169021        1.0000454296697385      -0.28149974552648210     
   7.9200000000000001E-005  0.58794080772067636        2.1174059311773434        1.2154807292224474        1.0000204725586836      -0.28747524561486426     
   7.9300000000000003E-005  0.58980475329711424        2.1500022690964506        1.1923791118943989       0.99999529085824068      -0.29297438980462071     
   7.9400000000000006E-005  0.59150747255148095        2.1849664657310286        1.1681806010329734       0.99997015880334639      -0.29796015319228719     
   7.9500000000000008E-005  0.59303525206799501        2.2223380903523320        1.1428712338412106       0.99994570337074984      -0.30239375731336088     
   7.9600000000000010E-005  0.59437632904298643        2.2620752754041589        1.1164510991081340       0.99992297374389072      -0.30624719016602742     
   7.9700000000000013E-005  0.59552254976551244        2.3040749821093893        1.0889361997253062       0.99990323651545010      -0.30951344318131596     
   7.9800000000000002E-005  0.59646917593112259        2.3482290961804666        1.0603593740816142       0.99988745705983295      -0.31220654175153412     
   7.9900000000000004E-005  0.59721276676756541        2.3945070272663247        1.0307716161780167       0.99987562263152219      -0.31434568066661228     
   8.0000000000000007E-005  0.59774880974441014        2.4430342724916474        1.0002453804563647       0.99986656004667196      -0.31592957230661523     
   8.0100000000000009E-005  0.59807113128558997        2.4941241881093923       0.96887954385878605       0.99985885597353374      -0.31692390234130391     
   8.0200000000000011E-005  0.59817395812690843        2.5482303119016856       0.93680262747708687       0.99985231194327395      -0.31728074683665275     
   8.0300000000000000E-005  0.59805511045348947        2.6058196074810702       0.90417029172725871       0.99984836565362234      -0.31697861390074578     
   8.0400000000000003E-005  0.59771741318475535        2.6672038062674961       0.87115713151660512       0.99984841676182856      -0.31604300064523289     
   8.0500000000000005E-005  0.59716701389360993        2.7323771932592629       0.83794795075057782       0.99985170858256611      -0.31452080230728341     
   8.0600000000000008E-005  0.59641009200887973        2.8008926891350323       0.80473314743514579       0.99985561933720668      -0.31243615615822751     
   8.0700000000000010E-005  0.59545074818240806        2.8718007827654546       0.77170668010270682       0.99985819554987809      -0.30977791961286744     
   8.0799999999999999E-005  0.59429172568196065        2.9436964737323512       0.73906188648397964       0.99985953084069412      -0.30652392708634441     
   8.0900000000000001E-005  0.59293725497471295        3.0149151009612756       0.70698444418231721       0.99986053034402123      -0.30266232290828649     
   8.1000000000000004E-005  0.59139551400770352        3.0838406592822052       0.67564550582129446       0.99986144744133432      -0.29819597652654001     
   8.1100000000000006E-005  0.58967850710912417        3.1492001492601505       0.64519630438829656       0.99986182097150500      -0.29314569550926767     
   8.1200000000000009E-005  0.58779991873312110        3.2102177512689938       0.61576360675721586       0.99986115922278695      -0.28755207501573876     
   8.1300000000000011E-005  0.58577304344443049        3.2665961804389063       0.58744678041168219       0.99985922957951767      -0.28146261841228248     
   8.1400000000000000E-005  0.58360977554905513        3.3183840190092027       0.56031820976061508       0.99985592274124102      -0.27491085647151359     
   8.1500000000000002E-005  0.58132054822543944        3.3658162780073635       0.53442691896994643       0.99985114789327767      -0.26790651524188475     
   8.1600000000000005E-005  0.57891497581304874        3.4091907456443327       0.50980321097427206       0.99984499761492240      -0.26044401993386557     
   8.1700000000000007E-005  0.57640284804643249        3.4488007212923524       0.48646220515884753       0.99983791029857139      -0.25252040885384947     
   8.1800000000000010E-005  0.57379480731966515        3.4849139903301167       0.46440577664014382       0.99983061241958038      -0.24414934390861756     
   8.1899999999999999E-005  0.57110229572140536        3.5177766417950513       0.44362370199257206       0.99982387488663460      -0.23536426941435756     
   8.2000000000000001E-005  0.56833691528484587        3.5476231480105929       0.42409504581107693       0.99981827220505248      -0.22621179342795558     
   8.2100000000000003E-005  0.56550965301675959        3.5746826739684225       0.40579029418023183       0.99981408890817902      -0.21674100390988532     
   8.2200000000000006E-005  0.56263035082962032        3.5991794261701640       0.38867408918698143       0.99981137987926583      -0.20699449475514842     
   8.2300000000000008E-005  0.55970754021874181        3.6213290806367651       0.37270806601817036       0.99981009985575231      -0.19700411575469595     
   8.2399999999999997E-005  0.55674855557710079        3.6413341833950170       0.35785330433179113       0.99981021298388650      -0.18679139083619598     
   8.2500000000000000E-005  0.55375977068127191        3.6593804993798877       0.34407212145144489       0.99981174089754399      -0.17637076431619886     
   8.2600000000000002E-005  0.55074683062800545        3.6756350542203897       0.33132917345461033       0.99981475493738403      -0.16575356168516642     
   8.2700000000000004E-005  0.54771481476620476        3.6902457738203376       0.31959198680889617       0.99981933982843985      -0.15495119927606466     
   8.2800000000000007E-005  0.54466832090709372        3.7033422704133212       0.30883110003493586       0.99982555527368422      -0.14397704201138442     
   8.2899999999999996E-005  0.54161149136318731        3.7150372902652209       0.29901998169089428       0.99983341063874565      -0.13284696468821608     
   8.2999999999999998E-005  0.53854800957478943        3.7254284444349470       0.29013484653704802       0.99984285651041294      -0.12157899895173316     
   8.3100000000000001E-005  0.53548109121772913        3.7345999749786616       0.28215444411258128       0.99985378993300478      -0.11019251241346963     
   8.3200000000000003E-005  0.53241348428303581        3.7426244187597328       0.27505985664577048       0.99986606751012885       -9.8707281397958424E-002
   8.3300000000000005E-005  0.52934748381013164        3.7495641007818388       0.26883431965182131       0.99987952093001675       -8.7142686389429819E-002
   8.3400000000000008E-005  0.52628496114577894        3.7554724244989965       0.26346306645168704       0.99989397111732337       -7.5517136925271497E-002
   8.3499999999999997E-005  0.52322740485928665        3.7603949534998122       0.25893319319957758       0.99990923909384055       -6.3847744651917768E-002
   8.3599999999999999E-005  0.52017596968973479        3.7643702963648855       0.25523354059132253       0.99992515310514385       -5.2150212167420551E-002
   8.3700000000000002E-005  0.51713153019515479        3.7674308162989161       0.25235458966703894       0.99994155233786819       -4.0438883777585824E-002
   8.3800000000000004E-005  0.51409473652954707        3.7696031902271745       0.25028837075377586       0.99995828799480058       -2.8726904882873754E-002
   8.3900000000000006E-005  0.51106607059448206        3.7709088418880214       0.24902838575637351       0.99997522248412962       -1.7026445142414068E-002
   8.3999999999999995E-005  0.50804590155713436        3.7713642701598933       0.24856954465434455       0.99999222740525640       -5.3489534110160121E-003
   8.4099999999999998E-005  0.50503454027932659        3.7709812874526056       0.24890811716046918        1.0000091808141314        6.2945756802832041E-003
   8.4200000000000014E-005  0.50203229255625403        3.7697671740955667       0.25004170025707584        1.0000259641454581        1.7893335420593390E-002
   8.4300000000000016E-005  0.49903951125672980        3.7677247592506045       0.25196920162321562        1.0000424591650321        2.9436448155909622E-002
   8.4400000000000005E-005  0.49605664754480799        3.7648524336329694       0.25469083839989265        1.0000585451723403        4.0912719909650813E-002
   8.4500000000000008E-005  0.49308430130905240        3.7611440890660526       0.25820815035265127        1.0000740967158306        5.2310416943998642E-002
   8.4600000000000010E-005  0.49012327073304657        3.7565889729950070       0.26252402627206023        1.0000889821617382        6.3617078285700401E-002
   8.4700000000000012E-005  0.48717460062262485        3.7511714394555535       0.26764274257206289        1.0001030635380392        7.4819385531899721E-002
   8.4800000000000015E-005  0.48423962866997661        3.7448705714853863       0.27357001357842026        1.0001161981620967        8.5903119605856559E-002
   8.4900000000000004E-005  0.48132002825025494        3.7376596454576161       0.28031305399641093        1.0001282425245985        9.6853239939532751E-002
   8.5000000000000006E-005  0.47841784566212942        3.7295054067915796       0.28788065511010508        1.0001390587745282       0.10765411899581651     
   8.5100000000000009E-005  0.47553552895319517        3.7203671326033354       0.29628327709903257        1.0001485236551797       0.11828995273281365     
   8.5200000000000011E-005  0.47267594487670223        3.7101954652213540       0.30553315933281039        1.0001565389751168       0.12874533448333461     
   8.5300000000000013E-005  0.46984238073077839        3.6989310199899941       0.31564444711936029        1.0001630415648655       0.13900592430567957     
   8.5400000000000016E-005  0.46703852980736243        3.6865028236791315       0.32663332451792532        1.0001680095971401       0.14905906919459092     
   8.5500000000000005E-005  0.46426846384646403        3.6728267208963703       0.33851812678272974        1.0001714614575370       0.15889414598046625     
   8.5600000000000007E-005  0.46153660348818698        3.6578039996714451       0.35131938204632274        1.0001734439842023       0.16850234378092421     
   8.5700000000000010E-005  0.45884770664238678        3.6413206277098169       0.36505970292648654        1.0001740100035210       0.17787563219184538     
   8.5800000000000012E-005  0.45620690051870277        3.6232476244916989       0.37976342414783754        1.0001731910143807       0.18700483920324812     
   8.5900000000000014E-005  0.45361977838580109        3.6034431467031043       0.39545587867150800        1.0001709786496933       0.19587712895338852     
   8.6000000000000003E-005  0.45109255912850676        3.5817567121924894       0.41216224360695725        1.0001673336947370       0.20447366774362097     
   8.6100000000000006E-005  0.44863226423142261        3.5580354862553962       0.42990598187820600        1.0001622371306176       0.21276868076549613     
   8.6200000000000008E-005  0.44624681593710419        3.5321316326683494       0.44870704173193610        1.0001557761678805       0.22073104872153171     
   8.6300000000000011E-005  0.44394493609307550        3.5039085786398663       0.46858009248260141        1.0001482241479092       0.22832872423466402     
   8.6400000000000013E-005  0.44173577268798064        3.4732433006318217       0.48953307245805722        1.0001400473879365       0.23553462424098229     
   8.6500000000000002E-005  0.43962832101074589        3.4400224559406714       0.51156613013606478        1.0001317913744581       0.24233110963063459     
   8.6600000000000004E-005  0.43763089206480993        3.4041333112463490       0.53467070242084547        1.0001238792557825       0.24871006441732649     
   8.6700000000000007E-005  0.43575098322366845        3.3654557762818009       0.55882822271200583        1.0001164560587736       0.25466781277356765     
   8.6800000000000009E-005  0.43399575111413979        3.3238671161506588       0.58400807561604240        1.0001094312760770       0.26019768323706782     
   8.6900000000000012E-005  0.43237284721473251        3.2792716770954522       0.61016498175223921        1.0001027284121282       0.26528513639505402     
   8.7000000000000001E-005  0.43089098809319076        3.2316600180932302       0.63723660725494113        1.0000965044647609       0.26990826387354577     
   8.7100000000000003E-005  0.42955973756128635        3.1811848703349210       0.66514226502384277        1.0000910705086929       0.27404233724016369     
   8.7200000000000005E-005  0.42838851169802444        3.1282231867895383       0.69378301890269334        1.0000865035720827       0.27766449670905191     
   8.7300000000000008E-005  0.42738534130530453        3.0733883369057544       0.72304285766564025        1.0000824067477621       0.28075592861260174     
   8.7400000000000010E-005  0.42655593176500106        3.0174742895068021       0.75279068711680586        1.0000782705544178       0.28330343745712228     
   8.7500000000000013E-005  0.42590341671976084        2.9613483031648764       0.78288352826780017        1.0000741376869011       0.28530360426291146     
   8.7600000000000002E-005  0.42542925357846001        2.9058371701027474       0.81317125993310935        1.0000706282102818       0.28676677302706927     
   8.7700000000000004E-005  0.42513506191169675        2.8516499745101989       0.84350184262759542        1.0000679553209892       0.28771045633443709     
   8.7800000000000006E-005  0.42502382261569088        2.7993458211619000       0.87372474925601706        1.0000649635379557       0.28813779035769815     
   8.7900000000000009E-005  0.42509897638389610        2.7493219243487155       0.90369174252358331        1.0000597200813095       0.28801970397805021     
   8.8000000000000011E-005  0.42536214698754082        2.7018007627204335       0.93325774103862125        1.0000513668259770       0.28730932235263523     
   8.8100000000000000E-005  0.42581164544999967        2.6568261356564324       0.96228537625322796        1.0000409738047333       0.28598272855998402     
   8.8200000000000003E-005  0.42644293366761543        2.6142949856333808       0.99065266366168614        1.0000302713828153       0.28406354168607700     
   8.8300000000000005E-005  0.42725033623268543        2.5740310428979316        1.0182590223920751        1.0000198233057886       0.28160418593817571     
   8.8400000000000007E-005  0.42822848109003214        2.5358712094670373        1.0450259453821873        1.0000086490219011       0.27864433007204170     
   8.8500000000000010E-005  0.42937255525070767        2.4997241586319783        1.0708932678034306       0.99999535964413733       0.27518679031540838     
   8.8599999999999999E-005  0.43067755767918231        2.4655798546616250        1.0958148616714150       0.99997943378850296       0.27120788479506963     
   8.8700000000000001E-005  0.43213732778261865        2.4334776218258396        1.1197565933423979       0.99996155912159534       0.26668702937727157     
   8.8800000000000004E-005  0.43374400369278804        2.4034580920527557        1.1426965373918367       0.99994306197855276       0.26162936984042640     
   8.8900000000000006E-005  0.43548820122046583        2.3755242470232290        1.1646256292450465       0.99992511495813219       0.25606798461993446     
   8.9000000000000008E-005  0.43735976285055062        2.3496245040205537        1.1855470965568735       0.99990829937963221       0.25004988703000536     
   8.9100000000000011E-005  0.43934864776436688        2.3256569462503984        1.2054742379111307       0.99989265104380742       0.24361849478034034     
   8.9200000000000000E-005  0.44144557506982091        2.3034859158825247        1.2244271989743525       0.99987797684604685       0.23680285257430536     
   8.9300000000000002E-005  0.44364225530845747        2.2829614223597745        1.2424297410955463       0.99986416275412660       0.22961659774311929     
   8.9400000000000005E-005  0.44593125717677135        2.2639351289975527        1.2595067188442222       0.99985131906600166       0.22206373041099589     
   8.9500000000000007E-005  0.44830567400283761        2.2462706155378527        1.2756824964089053       0.99983975914402479       0.21414631490898259     
   8.9600000000000009E-005  0.45075877358401628        2.2298483074303999        1.2909801621421313       0.99982988826055130       0.20587042493916238     
   8.9699999999999998E-005  0.45328376526533254        2.2145666177618599        1.3054212503171811       0.99982208334507450       0.19724888417368364     
   8.9800000000000001E-005  0.45587373779701562        2.2003409288033660        1.3190256989303912       0.99981661154293133       0.18830112873594604     
   8.9900000000000003E-005  0.45852174754063091        2.1871016282090476        1.3318118667387568       0.99981359918125323       0.17905132838156196     
   9.0000000000000006E-005  0.46122099517342197        2.1747919181364743        1.3437965298342316       0.99981304048139119       0.16952593284076273     
   9.0100000000000008E-005  0.46396502343603985        2.1633657358536706        1.3549948450973359       0.99981482808154098       0.15975145917186662     
   9.0199999999999997E-005  0.46674788561733177        2.1527859026351104        1.3654203004443737       0.99981878946279623       0.14975291454619902     
   9.0299999999999999E-005  0.46956425867481677        2.1430225206726328        1.3750846787980611       0.99982471929505179       0.13955292502504260     
   9.0400000000000002E-005  0.47240949582239333        2.1340516109958121        1.3839980560660139       0.99983240339202106       0.12917145572438585     
   9.0500000000000004E-005  0.47527962692234671        2.1258539845162674        1.3921688422749092       0.99984163388829106       0.11862593862263814     
   9.0600000000000007E-005  0.47817132113587069        2.1184143387678622        1.3996038649899436       0.99985221724813289       0.10793162871948846     
   9.0699999999999996E-005  0.48108182699034463        2.1117205674148338        1.4063084873359890       0.99986397732101773        9.7102048664578347E-002
   9.0799999999999998E-005  0.48400890252675888        2.1057632602185770        1.4122867496716653       0.99987675544325738        8.6149429019980656E-002
   9.0900000000000000E-005  0.48695074442831165        2.1005353639738629        1.4175415233823045       0.99989040898286552        7.5085092944299436E-002
   9.1000000000000003E-005  0.48990592129472077        2.0960319719044711        1.4220746663742729       0.99990480930968828        6.3919766835107084E-002
   9.1100000000000005E-005  0.49287331319467387        2.0922502024139442        1.4258871718175066       0.99991983966927345        5.2663814049217827E-002
   9.1200000000000008E-005  0.49585205760284196        2.0891891305544208        1.4289793038873009       0.99993539316659863        4.1327404616270776E-002
   9.1299999999999997E-005  0.49884150068338240        2.0868497454634651        1.4313507161526304       0.99995137083424912        2.9920633362120783E-002
   9.1399999999999999E-005  0.50184115244763361        2.0852349167785285        1.4330005498444611       0.99996767973412015        1.8453603351155388E-002
   9.1500000000000015E-005  0.50485064433720539        2.0843493609383401        1.4339275104226215       0.99998423099385247        6.9364875500006031E-003
   9.1600000000000017E-005  0.50786968801446863        2.0841996039659412        1.4341299215411594        1.0000009377386794       -4.6204220657759228E-003
   9.1700000000000006E-005  0.51089803444870940        2.0847939410491532        1.4336057558492261        1.0000177129111465       -1.6206671896033684E-002
   9.1800000000000009E-005  0.51393543262749675        2.0861423947944155        1.4323526421068042        1.0000344670224295       -2.7811607526465897E-002
   9.1900000000000011E-005  0.51698158732295196        2.0882566704412397        1.4303678479954005        1.0000511059431729       -3.9424336235360839E-002
   9.2000000000000014E-005  0.52003611526740912        2.0911501111795237        1.4276482377708073        1.0000675287163583       -5.1033689108175774E-002
   9.2100000000000016E-005  0.52309849889035087        2.0948376667865221        1.4241902037081371        1.0000836254201946       -6.2628178819829669E-002
   9.2200000000000005E-005  0.52616803644862231        2.0993358876809785        1.4199895704355119        1.0000992751465381       -7.4195946240965399E-002
   9.2300000000000007E-005  0.52924378704676800        2.1046629611899115        1.4150414716896580        1.0001143440719116       -8.5724685064539244E-002
   9.2400000000000010E-005  0.53232450884196036        2.1108388150715336        1.4093402000060515        1.0001286835605074       -9.7201527432588156E-002
   9.2500000000000012E-005  0.53540858890274079        2.1178853241742148        1.4028790313477322        1.0001421282954315      -0.10861287482556882     
   9.2600000000000015E-005  0.53849396408763850        2.1258266672182899        1.3956500287618123        1.0001544944501730      -0.11994415518423313     
   9.2700000000000004E-005  0.54157803414798966        2.1346898906069316        1.3876438317314654        1.0001655782197325      -0.13117949989116759     
   9.2800000000000006E-005  0.54465757134183146        2.1445057383923829        1.3788494406377356        1.0001751554149878      -0.14230134743612491     
   9.2900000000000008E-005  0.54772863507445180        2.1553097930863379        1.3692540081025655        1.0001829834109663      -0.15329001015006297     
   9.3000000000000011E-005  0.55078650484922043        2.1671439434010087        1.3588426500629898        1.0001888074416883      -0.16412327977497823     
   9.3100000000000013E-005  0.55382564888195085        2.1800581677303086        1.3475982878679564        1.0001923737046177      -0.17477619863854449     
   9.3200000000000016E-005  0.55683974707098383        2.1941125862969066        1.3355015273970412        1.0001934517454680      -0.18522117313859165     
   9.3300000000000005E-005  0.55982178258783810        2.2093796927197507        1.3225305719530602        1.0001918673818675      -0.19542863147183367     
   9.3400000000000007E-005  0.56276420257746895        2.2259466304970110        1.3086611539212010        1.0001875442381425      -0.20536839217153863     
   9.3500000000000009E-005  0.56565912356946679        2.2439173247121422        1.2938664610533592        1.0001805464101532      -0.21501176981187625     
   9.3600000000000012E-005  0.56849852517524047        2.2634141957546094        1.2781170365813797        1.0001711072797543      -0.22433415826037159     
   9.3700000000000014E-005  0.57127435177357766        2.2845790403425523        1.2613806632930826        1.0001596226920173      -0.23331739585060690     
   9.3800000000000003E-005  0.57397844946933718        2.3075724419802004        1.2436223165968898        1.0001465871118451      -0.24195073914844734     
   9.3900000000000006E-005  0.57660230867361062        2.3325708008829764        1.2248043907671393        1.0001324693225342      -0.25022907433729419     
   9.4000000000000008E-005  0.57913665313451146        2.3597599239294804        1.2048875263957359        1.0001175649783713      -0.25814758229044604     
   9.4100000000000010E-005  0.58157100812897089        2.3893244607249025        1.1838324060692440        1.0001019135887643      -0.26569378922128645     
   9.4200000000000013E-005  0.58389347534503244        2.4214338495712848        1.1616027205063451        1.0000853886114205      -0.27284046275171736     
   9.4300000000000002E-005  0.58609098731439258        2.4562282530951780        1.1381690797579942        1.0000680037311782      -0.27954463062614315     
   9.4400000000000004E-005  0.58815018726773061        2.4938117210175736        1.1135130851196353        1.0000503048730214      -0.28575673320035738     
   9.4500000000000007E-005  0.59005868590169475        2.5342621996889916        1.0876304803068726        1.0000335204196780      -0.29143807347127604     
   9.4600000000000009E-005  0.59180605059002100        2.5776648945717251        1.0605327762567731        1.0000191273226553      -0.29657615356328387     
   9.4700000000000011E-005  0.59338386771303342        2.6241637287191879        1.0322480734571837        1.0000079108253956      -0.30118345144378078     
   9.4800000000000000E-005  0.59478460149694279        2.6740078261003379        1.0028229759348166       0.99999931112416762      -0.30527505984673586     
   9.4900000000000003E-005  0.59599975584831311        2.7275565895636134       0.97232684372197298       0.99999197785239191      -0.30884152592578856     
   9.5000000000000005E-005  0.59701892422232961        2.7852113079536336       0.94085699212591345       0.99998527805634996      -0.31184262964155990     
   9.5100000000000008E-005  0.59783128715459211        2.8472686496972690       0.90854139810225054       0.99998009406740196      -0.31422894681281394     
   9.5200000000000010E-005  0.59842888764626700        2.9137302809871328       0.87553658460090011       0.99997771616902409      -0.31597102507088654     
   9.5300000000000013E-005  0.59880885498986891        2.9841316913661364       0.84202153538327285       0.99997808029225743      -0.31707220041195089     
   9.5400000000000001E-005  0.59897225666791620        3.0574600154773397       0.80819001722047734       0.99997979194468622      -0.31756225318243209     
   9.5500000000000004E-005  0.59892089037692942        3.1322154614061772       0.77424304729049076       0.99998164424769642      -0.31747700684746810     
   9.5600000000000006E-005  0.59865513675638737        3.2066309307109373       0.74038311449799532       0.99998324403452887      -0.31682831490174401     
   9.5700000000000009E-005  0.59817408050853171        3.2789918997470546       0.70681095365385160       0.99998429188357019      -0.31558880082463608     
   9.5800000000000011E-005  0.59747735629333543        3.3479381062458233       0.67372256403123920       0.99998387577796843      -0.31371308264016712     
   9.5900000000000000E-005  0.59656765367421261        3.4126380274692441       0.64130326912838387       0.99998105225927369      -0.31117520049555497     
   9.6000000000000002E-005  0.59545228755030144        3.4727968812536409       0.60971868783336025       0.99997599114558133      -0.30799025779627548     
   9.6100000000000005E-005  0.59414234155070866        3.5285295114530881       0.57910625600826426       0.99996969769570987      -0.30420613384648543     
   9.6200000000000007E-005  0.59264979087738667        3.5801687930097512       0.54957161583666303       0.99996257303227110      -0.29987338926340407     
   9.6300000000000010E-005  0.59098505754516673        3.6280886285914273       0.52119101945299218       0.99995383565050677      -0.29501604481406463     
   9.6399999999999999E-005  0.58915678411852623        3.6725953399760813       0.49401691374672829       0.99994247779403778      -0.28962654739264460     
   9.6500000000000001E-005  0.58717348828710136        3.7138986277103934       0.46808271836003906       0.99992841844941827      -0.28368706373131919     
   9.6600000000000003E-005  0.58504522408179871        3.7521381607069144       0.44340500510288600       0.99991269175187047      -0.27719733232516847     
   9.6700000000000006E-005  0.58278394870512429        3.7874291288039310       0.41998409511251494       0.99989672872140278      -0.27018733235185050     
   9.6800000000000008E-005  0.58040275230055571        3.8198983358708061       0.39780514865934563       0.99988155757427444      -0.26270873466627559     
   9.6899999999999997E-005  0.57791471786305459        3.8496996360280340       0.37684090672370024       0.99986753780889348      -0.25481577954685097     
   9.7000000000000000E-005  0.57533201591861016        3.8770116449902075       0.35705573309972866       0.99985459938128796      -0.24654992390097363     
   9.7100000000000002E-005  0.57266549654272780        3.9020263781541007       0.33840981676550652       0.99984262417079151      -0.23793522373572204     
   9.7200000000000004E-005  0.56992474956826578        3.9249364749552673       0.32086255059928082       0.99983168687941959      -0.22898288062786290     
   9.7300000000000007E-005  0.56711842885042196        3.9459251682054557       0.30437469448262877       0.99982208777024750      -0.21969952955670377     
   9.7400000000000009E-005  0.56425460625632806        3.9651601162796060       0.28890944626735870       0.99981424975656508      -0.21009448452798890     
   9.7499999999999998E-005  0.56134101100330114        3.9827905708117708       0.27443278285943801       0.99980858095227076      -0.20018363280166229     
   9.7600000000000001E-005  0.55838511947636482        3.9989468502576937       0.26091343680973728       0.99980537224128641      -0.18998991628795520     
   9.7700000000000003E-005  0.55539412482521744        4.0137411898257467       0.24832276113697055       0.99980475363690080      -0.17954154991648399     
   9.7800000000000006E-005  0.55237483698420531        4.0272693213044573       0.23663460628919641       0.99980670115280068      -0.16886935519532451     
   9.7900000000000008E-005  0.54933356146208256        4.0396123882674884       0.22582523958883255       0.99981107232159161      -0.15800424258616855     
   9.7999999999999997E-005  0.54627599321250842        4.0508389637257176       0.21587329010829243       0.99981764997249845      -0.14697537547333878     
   9.8099999999999999E-005  0.54320714676385640        4.0610070243509053       0.20675968974636816       0.99982618119932565      -0.13580913804502520     
   9.8200000000000002E-005  0.54013132975521727        4.0701657817762333       0.19846758808560541       0.99983640593794676      -0.12452878776909430     
   9.8300000000000004E-005  0.53705215717940114        4.0783573031283948       0.19098223138380324       0.99984807474484494      -0.11315457971888292     
   9.8400000000000007E-005  0.53397259730904856        4.0856178823528015       0.18429080753386845       0.99986095795176633      -0.10170415339613274     
   9.8499999999999995E-005  0.53089503765240187        4.0919791476576446       0.17838226607712132       0.99987484888693290       -9.0193020628867374E-002
   9.8599999999999998E-005  0.52782136037918437        4.0974689079272357       0.17324712534003089       0.99988956357266201       -7.8635049826074027E-002
   9.8700000000000000E-005  0.52475301940576102        4.1021117679348773       0.16887727870400426       0.99990493871520536       -6.7042887731478623E-002
   9.8800000000000016E-005  0.52169111433663762        4.1059295560433471       0.16526581015403610       0.99992082902377200       -5.5428296849476137E-002
   9.8900000000000019E-005  0.51863645898587907        4.1089416085925183       0.16240682689934050       0.99993710448965201       -4.3802408306142453E-002
   9.9000000000000008E-005  0.51558964393396423        4.1111649498467093       0.16029531428380211       0.99995364774975981       -3.2175903335313748E-002
   9.9100000000000010E-005  0.51255109362225759        4.1126143983517407       0.15892701622679850       0.99997035161975978       -2.0559139069547566E-002
   9.9200000000000012E-005  0.50952111893892782        4.1133026226956559       0.15829834274244176       0.99998711673355622       -8.9622370108602030E-003
   9.9300000000000015E-005  0.50649996636951622        4.1132401635671547       0.15840630499443398        1.0000038492529579        2.6048525491533738E-003
   9.9400000000000017E-005  0.50348786475254648        4.1124354369632181       0.15924847763920297        1.0000204586597128        1.4132299136500935E-002
   9.9500000000000006E-005  0.50048507062713476        4.1108947274614431       0.16082298785456733        1.0000368555738459        2.5610345360401018E-002
   9.9600000000000009E-005  0.49749191305929880        4.1086221719801959       0.16312853030925728        1.0000529495845683        3.7029257548839310E-002
   9.9700000000000011E-005  0.49450883879139834        4.1056197343253897       0.16616440705034607        1.0000686471173090        4.8379266072940547E-002
   9.9800000000000013E-005  0.49153645860308204        4.1018871688133913       0.16993059087772777        1.0000838493175159        5.9650486177194185E-002
   9.9900000000000016E-005  0.48857559580637083        4.0974219671366399       0.17442781014885719        1.0000984499214882        7.0832808961989527E-002
   1.0000000000000000E-004  0.48562733770324473        4.0922192770566390       0.17965765205837436        1.0001123330590018        8.1915750552879377E-002
   1.0010000000000001E-004  0.48269309049777293        4.0862717744895871       0.18562268006995075        1.0001253709809501        9.2888245646003467E-002
   1.0020000000000001E-004  0.47977463741491505        4.0795694635773438       0.19232655968254631        1.0001374218527939       0.10373838034606657     
   1.0030000000000001E-004  0.47687419849933088        4.0720993741729483       0.19977418503119010        1.0001483279048442       0.11445306209575749     
   1.0040000000000001E-004  0.47399448875994604        4.0638451290843411       0.20797179737762614        1.0001579146819983       0.12501764672025448     
   1.0050000000000000E-004  0.47113876908579855        4.0547863576654795       0.21692708593310056        1.0001659925118378       0.13541556331928550     
   1.0060000000000001E-004  0.46831088215409389        4.0448979324730985       0.22664926260644869        1.0001723617432954       0.14562801661580566     
   1.0070000000000001E-004  0.46551526406888283        4.0341490073898285       0.23714910591527558        1.0001768236890909       0.15563388667511438     
   1.0080000000000001E-004  0.46275692275471564        4.0225018356751265       0.24843897606893006        1.0001791989616275       0.16540998078111940     
   1.0090000000000001E-004  0.46004137752458085        4.0099103443481487       0.26053281273257189        1.0001793536539731       0.17493179994840419     
   1.0100000000000002E-004  0.45737456165865215        3.9963184450677294       0.27344613682611613        1.0001772310146275       0.18417492981207176     
   1.0110000000000000E-004  0.45476270039006234        3.9816580919143751       0.28719608249509304        1.0001728816729731       0.19311701301148670     
   1.0120000000000001E-004  0.45221218800732443        3.9658471892931573       0.30180147598675694        1.0001664801371144       0.20173998456661149     
   1.0130000000000001E-004  0.44972949812153001        3.9487876523503975       0.31728294370963289        1.0001583119397053       0.21003188792477195     
   1.0140000000000001E-004  0.44732116529638288        3.9303642513793990       0.33366296550337193        1.0001487187878895       0.21798726919596650     
   1.0150000000000001E-004  0.44499386848694517        3.9104452880892988       0.35096569894248253        1.0001380039550807       0.22560512883134357     
   1.0160000000000000E-004  0.44275462108231561        3.8888864863792425       0.36921632056601716        1.0001263270178995       0.23288400525501973     
   1.0170000000000001E-004  0.44061102567537425        3.8655393944231813       0.38843962488008033        1.0001136472926215       0.23981513685861988     
   1.0180000000000001E-004  0.43857149094429948        3.8402646271487022       0.40865776710761581        1.0000997870005921       0.24637649552676882     
   1.0190000000000001E-004  0.43664526208683924        3.8129480696387015       0.42988736008563877        1.0000846458776982       0.25253175282540308     
   1.0200000000000001E-004  0.43484213672954064        3.7835149608268739       0.45213654242736867        1.0000684959446917       0.25823736128545499     
   1.0210000000000000E-004  0.43317186226218862        3.7519340641792467       0.47540285953463973        1.0000521568266709       0.26345681728171000     
   1.0220000000000000E-004  0.43164339004331481        3.7182046642398010       0.49967250704062405        1.0000368145245715       0.26817494203344600     
   1.0230000000000001E-004  0.43026429994876814        3.6823254302435351       0.52492057388365754        1.0000234338031688       0.27240113252031295     
   1.0240000000000001E-004  0.42904074833756867        3.6442556006700819       0.55111088074652337        1.0000121042809047       0.27615492788068186     
   1.0250000000000001E-004  0.42797813014212560        3.6038897007412714       0.57819388574611330        1.0000019314421993       0.27944082354950039     
   1.0260000000000000E-004  0.42708215049479015        3.5610683329307911       0.60610263895990568       0.99999180131654763       0.28223221408071070     
   1.0270000000000000E-004  0.42635940390320848        3.5156336579697194       0.63474907036949824       0.99998152982763389       0.28448145482151443     
   1.0280000000000001E-004  0.42581661896147849        3.4675127315658729       0.66402374089966765       0.99997224156153852       0.28615133723949665     
   1.0290000000000001E-004  0.42545874275489587        3.4167922747726269       0.69379996203947381       0.99996529263128886       0.28723925456552213     
   1.0300000000000001E-004  0.42528736091398184        3.3637537038082521       0.72393961556874686       0.99996077621747537       0.28777023351990133     
   1.0310000000000001E-004  0.42530104351595077        3.3088656298249046       0.75429726400876906       0.99995739069217127       0.28776912662375992     
   1.0320000000000000E-004  0.42549745795073007        3.2527550620080024       0.78472219226447759       0.99995378535212742       0.28724286854735481     
   1.0330000000000000E-004  0.42587525160116046        3.1961741539076249       0.81506065085380386       0.99994962608790228       0.28618440639254938     
   1.0340000000000001E-004  0.42643407211101797        3.1399556701500835       0.84515954712381847       0.99994526239462644       0.28458334171251842     
   1.0350000000000001E-004  0.42717310099351508        3.0849406127276811       0.87487061219736817       0.99994078644187001       0.28243089952527295     
   1.0360000000000001E-004  0.42808946121370212        3.0318802277831467       0.90405395282754375       0.99993568929372911       0.27972108521593059     
   1.0370000000000000E-004  0.42917740842990060        2.9813423482295285       0.93258122474253713       0.99992943383229071       0.27645431173682294     
   1.0380000000000000E-004  0.43042868481624685        2.9336613269304603       0.96033913701446316       0.99992207843301806       0.27264349135522653     
   1.0390000000000000E-004  0.43183391527489884        2.8889517599797028       0.98723283571795650       0.99991414104497622       0.26831506713112135     
   1.0400000000000001E-004  0.43338420154119417        2.8471734741177261        1.0131876092741308       0.99990596935406173       0.26350019939633706     
   1.0410000000000001E-004  0.43507184579150365        2.8082127214164649        1.0381479305435555       0.99989742662391889       0.25822179232371878     
   1.0420000000000000E-004  0.43688988303470139        2.7719450930985325        1.0620745163155239       0.99988815179045010       0.25248792311862528     
   1.0430000000000000E-004  0.43883106652536757        2.7382641384129656        1.0849411001504994       0.99987804054907636       0.24629682488368279     
   1.0440000000000000E-004  0.44088716625015034        2.7070802133221239        1.1067322610361872       0.99986746480485034       0.23964926498370254     
   1.0450000000000001E-004  0.44304897370975088        2.6783048284367887        1.1274424558242500       0.99985711446304537       0.23255888064119806     
   1.0460000000000001E-004  0.44530686432696370        2.6518353285887200        1.1470755005736579       0.99984767315066492       0.22505426970382295     
   1.0470000000000000E-004  0.44765150177776147        2.6275479885928501        1.1656436595924473       0.99983958068760792       0.21717318182516879     
   1.0480000000000000E-004  0.45007432904970862        2.6053003802253700        1.1831659907599876       0.99983299060474862       0.20895357319978458     
   1.0490000000000000E-004  0.45256771995206579        2.5849396015912416        1.1996661475041857       0.99982787451957866       0.20042655549868965     
   1.0500000000000000E-004  0.45512486826876258        2.5663120919459601        1.2151701087251485       0.99982416223176984       0.19161373136828688     
   1.0510000000000001E-004  0.45773957210742522        2.5492719542958380        1.2297042618076932       0.99982183510158618       0.18252856808821169     
   1.0520000000000001E-004  0.46040604495767351        2.5336864348145620        1.2432940526152017       0.99982094970457847       0.17317992241007629     
   1.0530000000000000E-004  0.46311881342959504        2.5194385374862311        1.2559632037884132       0.99982161097262279       0.16357574809957814     
   1.0540000000000000E-004  0.46587269982613988        2.5064274344828541        1.2677333743582386       0.99982392680944832       0.15372574748449808     
   1.0550000000000000E-004  0.46866285799673352        2.4945674967517339        1.2786240975115899       0.99982796893597725       0.14364258520518486     
   1.0560000000000001E-004  0.47148482785704660        2.4837866489718858        1.2886528570357390       0.99983375135236530       0.13334187747537696     
   1.0570000000000001E-004  0.47433458391703470        2.4740245368350879        1.2978352096359258       0.99984122678953502       0.12284142256100143     
   1.0580000000000000E-004  0.47720856543527429        2.4652307903972743        1.3061849047536183       0.99985029582650409       0.11216013741396746     
   1.0590000000000000E-004  0.48010368513355622        2.4573635166354357        1.3137139848975525       0.99986082207808913       0.10131703797256714     
   1.0600000000000000E-004  0.48301731867424230        2.4503880607643884        1.3204328666427660       0.99987264815638954        9.0330447761758054E-002
   1.0610000000000000E-004  0.48594727915812402        2.4442760246774662        1.3263504089230229       0.99988560920854708        7.9217494272379188E-002
   1.0620000000000001E-004  0.48889178107654158        2.4390045047606144        1.3314739754719398       0.99989954271666637        6.7993873408021752E-002
   1.0630000000000000E-004  0.49184939741824552        2.4345555130847094        1.3358094955550985       0.99991429445114388        5.6673824513544392E-002
   1.0640000000000000E-004  0.49481901271761891        2.4309155518241052        1.3393615240125609       0.99992972116560674        4.5270249590014022E-002
   1.0650000000000000E-004  0.49779977399533676        2.4280753110341959        1.3421332991916266       0.99994569091529351        3.3794918014385646E-002
   1.0660000000000000E-004  0.50079104083681714        2.4260294633686352        1.3441267959045353       0.99996208176714474        2.2258712783809087E-002
   1.0670000000000001E-004  0.50379233526903078        2.4247765352104769        1.3453427698818048       0.99997877952571801        1.0671888917677898E-002
   1.0679999999999999E-004  0.50680329165002047        2.4243188393964923        1.3457807902421570       0.99999567490271790       -9.5567071761668715E-004
   1.0690000000000000E-004  0.50982360645132907        2.4246624605963092        1.3454392570242999        1.0000126603938384       -1.2614206890337303E-002
   1.0700000000000000E-004  0.51285298758835052        2.4258172900048569        1.3443154016078951        1.0000296270178273       -2.4293840837375937E-002
   1.0710000000000000E-004  0.51589110283964179        2.4277971145971171        1.3424052687316963        1.0000464609753541       -3.5984330826727126E-002
   1.0720000000000000E-004  0.51893752692728801        2.4306197737232229        1.3397036797785096        1.0000630403422488       -4.7674822497678265E-002
   1.0730000000000001E-004  0.52199168693842690        2.4343073891695548        1.3362041781649936        1.0000792320169936       -5.9353589643750419E-002
   1.0739999999999999E-004  0.52505280597376269        2.4388866814532975        1.3318989585216920        1.0000948891271659       -7.1007767602437294E-002
   1.0750000000000000E-004  0.52811984532893330        2.4443893925088154        1.3267787819676107        1.0001098493198965       -8.2623091457990447E-002
   1.0760000000000000E-004  0.53119144613936053        2.4508528378044709        1.3208328799360858        1.0001239346093809       -9.4183667200414170E-002
   1.0770000000000000E-004  0.53426587225522415        2.4583206125040276        1.3140488484815025        1.0001369536833471      -0.10567182075015966     
   1.0780000000000000E-004  0.53734095706602392        2.4668434745546519        1.3064125334979360        1.0001487077991886      -0.11706809107099639     
   1.0789999999999999E-004  0.54041405796226816        2.4764804227311021        1.2979079046738331        1.0001590012870696      -0.12835144681416844     
   1.0800000000000000E-004  0.54348202280956692        2.4872999769516708        1.2885169127755631        1.0001676571840730      -0.13949980574959292     
   1.0810000000000000E-004  0.54654117286767612        2.4993816512513094        1.2782193221483718        1.0001745372116255      -0.15049090421815323     
   1.0820000000000000E-004  0.54958730534840672        2.5128175942170827        1.2669925106392068        1.0001795630335479      -0.16130348681872328     
   1.0830000000000000E-004  0.55261571522595698        2.5277143398921815        1.2548112369074123        1.0001827329953241      -0.17191865119273822     
   1.0839999999999999E-004  0.55562122864395247        2.5441945402185246        1.2416473958974206        1.0001841260913917      -0.18232099796837922     
   1.0849999999999999E-004  0.55859822870375198        2.5623984418167893        1.2274698213580919        1.0001838847722557      -0.19249905234682099     
   1.0860000000000000E-004  0.56154064081136412        2.5824847236814348        1.2122442492193222        1.0001821731082952      -0.20244434803126210     
   1.0870000000000000E-004  0.56444183717365592        2.6046301652365358        1.1959336152658571        1.0001791186230387      -0.21214874692575394     
   1.0880000000000000E-004  0.56729443534875246        2.6290275773234066        1.1784988967197938        1.0001747630470725      -0.22160014465343059     
   1.0890000000000000E-004  0.57009002015031007        2.6558817042629985        1.1599006775590206        1.0001690613291052      -0.23077767342143862     
   1.0899999999999999E-004  0.57281890216455189        2.6854036306619422        1.1401014810268855        1.0001619640330672      -0.23964856601841200     
   1.0910000000000000E-004  0.57547009921339343        2.7178056574802643        1.1190686687718119        1.0001535778292703      -0.24816926381772303     
   1.0920000000000000E-004  0.57803171444119184        2.7533001245724473        1.0967774429470818        1.0001443257191420      -0.25629224304244730     
   1.0930000000000000E-004  0.58049171411700562        2.7921058515008177        1.0732133889775997        1.0001349716806196      -0.26397709677291781     
   1.0940000000000000E-004  0.58283880766219731        2.8344628089044974        1.0483742484569254        1.0001264123429656      -0.27120079568863220     
   1.0949999999999999E-004  0.58506288833940323        2.8806481449703263        1.0222712074072373        1.0001193096274836      -0.27796038000343609     
   1.0959999999999999E-004  0.58715456861056414        2.9309764470325192       0.99493056588644579        1.0001138419196307      -0.28426422324056388     
   1.0970000000000000E-004  0.58910393501314429        2.9857598976177977       0.96639666139564040        1.0001098300393259      -0.29011504059546062     
   1.0980000000000001E-004  0.59089946313774477        3.0452084010876099       0.93673608148676690        1.0001071219806490      -0.29549447262070860     
   1.0990000000000002E-004  0.59252810242785670        3.1092723674444054       0.90604195213072158        1.0001057233267205      -0.30035990126804679     
   1.1000000000000002E-004  0.59397648549973547        3.1774707712419898       0.87443631659799126        1.0001054977691028      -0.30465823021839716     
   1.1010000000000002E-004  0.59523262794340115        3.2487888296479892       0.84206888591633633        1.0001059885501931      -0.30835051052442525     
   1.1020000000000002E-004  0.59628774085524516        3.3217350107007371       0.80911197337931939        1.0001068382224667      -0.31142813978679634     
   1.1030000000000001E-004  0.59713735458928585        3.3945812107765345       0.77575327628714874        1.0001083708714693      -0.31390723002530541     
   1.1040000000000001E-004  0.59777994861754113        3.4656965969576987       0.74218859848077756        1.0001112045076825      -0.31581024705546779     
   1.1050000000000002E-004  0.59821343741734867        3.5338249399633481       0.70861599030096967        1.0001147646482262      -0.31714692238267078     
   1.1060000000000002E-004  0.59843309634739306        3.5982147174367229       0.67523223995150972        1.0001166286291556      -0.31789575812876103     
   1.1070000000000002E-004  0.59843313562822165        3.6586118421499716       0.64223039443151098        1.0001146159136616      -0.31800719310418346     
   1.1080000000000002E-004  0.59821039577517199        3.7151628142543132       0.60979427294129629        1.0001089863192845      -0.31744168660151673     
   1.1090000000000001E-004  0.59776684580439288        3.7682598638561076       0.57808884297593610        1.0001016204359079      -0.31620596424149933     
   1.1100000000000001E-004  0.59710880889834461        3.8183602039421638       0.54725120545866579        1.0000934501336165      -0.31434557013513320     
   1.1110000000000002E-004  0.59624386271601204        3.8658316544317524       0.51738760099645131        1.0000834624433614      -0.31190300648495822     
   1.1120000000000002E-004  0.59517821520720804        3.9108731639403809       0.48857659204496356        1.0000700033734633      -0.30888739490667916     
   1.1130000000000002E-004  0.59391668157070820        3.9535224533833886       0.46087414276792527        1.0000523972162709      -0.30528053581013764     
   1.1140000000000001E-004  0.59246477247552154        3.9937229710794058       0.43431689846009397        1.0000313893170982      -0.30106527961424062     
   1.1150000000000001E-004  0.59083080501431140        4.0314053320029402       0.40892327693886305        1.0000084408053096      -0.29624801140353818     
   1.1160000000000002E-004  0.58902653051975873        4.0665474645508839       0.38469425008788394       0.99998482832254243      -0.29086036436313878     
   1.1170000000000002E-004  0.58706598012662681        4.0991997301758234       0.36161545628686625       0.99996126767158777      -0.28494623921011447     
   1.1180000000000002E-004  0.58496338449481233        4.1294803823672321       0.33966079474980704       0.99993802705095036      -0.27854725931231128     
   1.1190000000000001E-004  0.58273152610205825        4.1575548306531873       0.31879664673923847       0.99991521259413041      -0.27169428798283096     
   1.1200000000000001E-004  0.58038124582165607        4.1836110236838948       0.29898576477115801       0.99989301264980024      -0.26440635417044045     
   1.1210000000000001E-004  0.57792192365713979        4.2078383912986927       0.28019024501374296       0.99987180630874906      -0.25669482831636276     
   1.1220000000000002E-004  0.57536235470288588        4.2304131747693301       0.26237344521883876       0.99985213387086225      -0.24856944378066037     
   1.1230000000000002E-004  0.57271150955171712        4.2514900849083421       0.24550102056164799       0.99983458765841693      -0.24004329588075732     
   1.1240000000000002E-004  0.56997890880365498        4.2711989736786133       0.22954136922066026       0.99981969392795089      -0.23113542295226966     
   1.1250000000000001E-004  0.56717457162651341        4.2896449665691527       0.21446575394897086       0.99980783071130608      -0.22187096977929546     
   1.1260000000000001E-004  0.56430866932921564        4.3069107121291399       0.20024827891187039       0.99979919406636175      -0.21227967758206556     
   1.1270000000000002E-004  0.56139107892406637        4.3230597366090802       0.18686581635599514       0.99979380518261796      -0.20239361594849573     
   1.1280000000000002E-004  0.55843099468772162        4.3381402050504017       0.17429791884681964       0.99979154388421465      -0.19224493074075891     
   1.1290000000000002E-004  0.55543667712825706        4.3521886238833982       0.16252672006016697       0.99979219264710717      -0.18186409873546841     
   1.1300000000000001E-004  0.55241534898153688        4.3652331868229064       0.15153681439809169       0.99979547912899458      -0.17127888489065501     
   1.1310000000000001E-004  0.54937320746304319        4.3772965897446827       0.14131510563913316       0.99980111017169815      -0.16051396831767348     
   1.1320000000000001E-004  0.54631550898991821        4.3883982367530860       0.13185062089056016       0.99980879505506626      -0.14959107271007929     
   1.1330000000000002E-004  0.54324668643305574        4.3985558354572101       0.12313429327550640       0.99981825901047250      -0.13852939844780260     
   1.1340000000000002E-004  0.54017047035532639        4.4077864365986752       0.11515872225285408       0.99982924941821427      -0.12734617459177838     
   1.1350000000000001E-004  0.53708999845859162        4.4161070106368108       0.10791792325277610       0.99984153735881887      -0.11605719789941803     
   1.1360000000000001E-004  0.53400790701052669        4.4235346700911045       0.10140707869749190       0.99985491672371973      -0.10467728104957517     
   1.1370000000000001E-004  0.53092640421673476        4.4300866492904882        9.5622301010030344E-002  0.99986920240532284       -9.3220578750719679E-002
   1.1380000000000001E-004  0.52784732877572960        4.4357801476344569        9.0560415751647291E-002  0.99988422843853619       -8.1700794528887913E-002
   1.1390000000000002E-004  0.52477219804380515        4.4406321142202678        8.6218770144564014E-002  0.99989984633833595       -7.0131290642323554E-002
   1.1400000000000001E-004  0.52170225009014670        4.4446590231789003        8.2595069456687834E-002  0.99991592357946224       -5.8525133798789972E-002
   1.1410000000000001E-004  0.51863848312068084        4.4478766675413723        7.9687241512459026E-002  0.99993234209560877       -4.6895107039698229E-002
   1.1420000000000001E-004  0.51558169466751225        4.4502999844874012        7.7493327932117897E-002  0.99994899662525449       -3.5253714277846730E-002
   1.1430000000000001E-004  0.51253252191681919        4.4519429152196350        7.6011399787239489E-002  0.99996579280492803       -2.3613192582591539E-002
   1.1440000000000002E-004  0.50949148365075836        4.4528182972793910        7.5239495046630911E-002  0.99998264499398859       -1.1985540957145673E-002
   1.1450000000000002E-004  0.50645902364520701        4.4529377842989497        7.5175575307732737E-002  0.99999947385161603       -3.8256638934078399E-004
   1.1460000000000001E-004  0.50343555493903891        4.4523117845626405        7.5817499842845332E-002   1.0000162037334832        1.1184057559332525E-002
   1.1470000000000001E-004  0.50042150417169395        4.4509494125815214        7.7163015695855819E-002   1.0000327600650711        2.2702726768517156E-002
   1.1480000000000001E-004  0.49741735508915957        4.4488584558249693        7.9209763368516636E-002   1.0000490668379927        3.4161846147899404E-002
   1.1490000000000001E-004  0.49442369035449724        4.4460453584980542        8.1955298472474250E-002   1.0000650443311567        4.5549781687202369E-002
   1.1500000000000002E-004  0.49144123097827036        4.4425152247779636        8.5397130447431052E-002   1.0000806071496422        5.6854831496212670E-002
   1.1510000000000001E-004  0.48847087299541014        4.4382718452226086        8.9532779946151442E-002   1.0000956626389326        6.8065218501201855E-002
   1.1520000000000001E-004  0.48551372146531835        4.4333177509473911        9.4359856642498754E-002   1.0001101096618268        7.9169101318182028E-002
   1.1530000000000001E-004  0.48257112243452416        4.4276542996464832        9.9876158851607888E-002   1.0001238376534343        9.0154591624173205E-002
   1.1540000000000001E-004  0.47964469421175165        4.4212817941939226       0.10607979548939907        1.0001367258131373       0.10100976041597513     
   1.1550000000000002E-004  0.47673636005145648        4.4141996270920210       0.11296932940961668        1.0001486421846397       0.11172260670556318     
   1.1560000000000000E-004  0.47384838505277072        4.4064064296043481       0.12054393904445336        1.0001594424466873       0.12228095957349025     
   1.1570000000000001E-004  0.47098342059491111        4.3979001873430379       0.12880359282631942        1.0001689682922372       0.13267228630302824     
   1.1580000000000001E-004  0.46814455954810003        4.3886782705974330       0.13774922823744556        1.0001770456586812       0.14288338907016698     
   1.1590000000000001E-004  0.46533540423028902        4.3787373151712794       0.14738292513630932        1.0001834834210406       0.15289999259430093     
   1.1600000000000001E-004  0.46256014607268903        4.3680728814353031       0.15770806182820468        1.0001880737392472       0.16270625801354197     
   1.1610000000000000E-004  0.45982365071129938        4.3566788204708837       0.16872944294487727        1.0001905958486526       0.17228429931203093     
   1.1620000000000001E-004  0.45713153477638296        4.3445462888398714       0.18045339130378926        1.0001908254706542       0.18161382378277996     
   1.1630000000000001E-004  0.45449021209420326        4.3316623768757587       0.19288780178873116        1.0001885519072080       0.19067205585704106     
   1.1640000000000001E-004  0.45190687959293291        4.3180083451989049       0.20604216362156130        1.0001836038845695       0.19943411738133315     
   1.1650000000000001E-004  0.44938941131163002        4.3035574951745126       0.21992756634050781        1.0001758829674248       0.20787400446048604     
   1.1660000000000002E-004  0.44694613935797045        4.2882727298723040       0.23455671080994994        1.0001653997375721       0.21596619922287402     
   1.1670000000000000E-004  0.44458552867914364        4.2721038967921112       0.24994394410150106        1.0001523036052862       0.22368777183988078     
   1.1680000000000001E-004  0.44231579868730397        4.2549850681758192       0.26610531945656324        1.0001368931327874       0.23102057238993740     
   1.1690000000000001E-004  0.44014459901233227        4.2368320664637027       0.28305864463576935        1.0001195936879845       0.23795284461618665     
   1.1700000000000001E-004  0.43807888297000896        4.2175408325418848       0.30082342422281338        1.0001008943409806       0.24447942304004067     
   1.1710000000000001E-004  0.43612510302622093        4.1969876780496964       0.31942053509115226        1.0000812505966137       0.25059976967007519     
   1.1720000000000000E-004  0.43428974718098817        4.1750329743142647       0.33887142634810058        1.0000609806649230       0.25631363734609991     
   1.1730000000000001E-004  0.43258005268365107        4.1515301405547183       0.35919664794684697        1.0000402053140480       0.26161517374707022     
   1.1740000000000001E-004  0.43100454872471811        4.1263413893288057       0.38041363143903983        1.0000188870092008       0.26648758573179521     
   1.1750000000000001E-004  0.42957302164667122        4.0993599017395468       0.40253388901605264       0.99999699479758841       0.27090140491231923     
   1.1760000000000001E-004  0.42829567566756643        4.0705345276122298       0.42556010442480069       0.99997474941040421       0.27481896014764945     
   1.1770000000000000E-004  0.42718168549088209        4.0398884003005389       0.44948380185758374       0.99995281977301587       0.27820523991134527     
   1.1780000000000000E-004  0.42623782685218281        4.0075195619240729       0.47428418722849380       0.99993230450861514       0.28104136744787217     
   1.1790000000000001E-004  0.42546803666119665        3.9735738329033046       0.49992823241297546       0.99991438420856249       0.28333309765928455     
   1.1800000000000001E-004  0.42487428823822476        3.9381905419955086       0.52637122002854109       0.99989970873573042       0.28510587473741955     
   1.1810000000000001E-004  0.42445827560116550        3.9014377701288110       0.55355630082106255       0.99988788463743306       0.28638412224985671     
   1.1820000000000000E-004  0.42422271038897424        3.8632662694468438       0.58141200598694753       0.99987759468252080       0.28716562168814552     
   1.1830000000000000E-004  0.42417114046106619        3.8235093066715304       0.60984849948730269       0.99986757346882971       0.28741244941199739     
   1.1840000000000000E-004  0.42430627307052765        3.7819351250942348       0.63875556281137813       0.99985784408628109       0.28707372125811453     
   1.1850000000000001E-004  0.42462806717802121        3.7383290999260814       0.66800543577975280       0.99984993001617373       0.28612788073189449     
   1.1860000000000001E-004  0.42513313802318542        3.6925662575477944       0.69746027169627511       0.99984541659999626       0.28460583019764818     
   1.1870000000000001E-004  0.42581595835796865        3.6446495908220293       0.72697969737008106       0.99984412124359179       0.28256674393420517     
   1.1880000000000000E-004  0.42667083152295759        3.5947243919511100       0.75642381176265305       0.99984396859959590       0.28004646387694598     
   1.1890000000000000E-004  0.42769307576901877        3.5430959470600314       0.78565201046138200       0.99984286805227618       0.27703171394924864     
   1.1900000000000001E-004  0.42887868848128835        3.4902559511775073       0.81452270929995563       0.99984046526386472       0.27348577998095697     
   1.1910000000000001E-004  0.43022299650395973        3.4368870005659087       0.84289756614747258       0.99983784086980143       0.26939224223877711     
   1.1920000000000001E-004  0.43171944580762539        3.3838098286668954       0.87064823156168103       0.99983592642714725       0.26476940469425669     
   1.1930000000000000E-004  0.43335941927570215        3.3318742927836662       0.89766130719571813       0.99983463920205773       0.25965186542934299     
   1.1940000000000000E-004  0.43513309839653846        3.2818354710546256       0.92383990923840087       0.99983331842537360       0.25406944531401549     
   1.1950000000000000E-004  0.43703063739716907        3.2342642446840659       0.94910336891970293       0.99983148154418067       0.24804244047419038     
   1.1960000000000001E-004  0.43904291801055251        3.1895179003668357       0.97338672352817956       0.99982907132685728       0.24158668657391308     
   1.1970000000000001E-004  0.44116168612519185        3.1477643193949056       0.99664017779266756       0.99982627546686920       0.23471704882180391     
   1.1980000000000000E-004  0.44337929834881512        3.1090338801437745        1.0188280590005656       0.99982332350723346       0.22744742099650361     
   1.1990000000000000E-004  0.44568836821669638        3.0732723746513346        1.0399271747795280       0.99982042501197166       0.21979063530577150     
   1.2000000000000000E-004  0.44808147345697336        3.0403795186168332        1.0599249201273824       0.99981779776614899       0.21175989606671025     
   1.2010000000000001E-004  0.45055101959349103        3.0102305169563746        1.0788175219025065       0.99981569620866328       0.20337105334955358     
   1.2020000000000001E-004  0.45308928957880601        2.9826857882683999        1.0966085776338865       0.99981439690331242       0.19464419842334882     
   1.2030000000000000E-004  0.45568864010117294        2.9575954175134087        1.1133078177898774       0.99981415449119249       0.18560373842424419     
   1.2040000000000000E-004  0.45834176120564446        2.9348027497192692        1.1289299411921425       0.99981515879396232       0.17627700447708600     
   1.2050000000000000E-004  0.46104190875258622        2.9141487210328743        1.1434934215713917       0.99981751568539323       0.16669204719079481     
   1.2060000000000000E-004  0.46378305065528919        2.8954766903780449        1.1570192795726610       0.99982125533088506       0.15687544921380561     
   1.2070000000000001E-004  0.46655991361250748        2.8786369440121802        1.1695298881426335       0.99982635660543318       0.14685079097569734     
   1.2080000000000001E-004  0.46936795127663189        2.8634902213387594        1.1810479010227470       0.99983277305154172       0.13663802488413629     
   1.2090000000000000E-004  0.47220326902126553        2.8499100148967575        1.1915953729812960       0.99984045077767547       0.12625366038874547     
   1.2100000000000000E-004  0.47506253702645923        2.8377837231383269        1.2011931007059209       0.99984933589545977       0.11571146419040548     
   1.2110000000000000E-004  0.47794291144095108        2.8270128993126522        1.2098601760050534       0.99985937405409009       0.10502334907647114     
   1.2120000000000001E-004  0.48084197106324827        2.8175128758594461        1.2176137187049603       0.99987050625047624        9.4200201740860648E-002
   1.2130000000000001E-004  0.48375766865478431        2.8092120114631314        1.2244687465099606       0.99988266442357776        8.3252514199695662E-002
   1.2140000000000000E-004  0.48668829223061416        2.8020507541347559        1.2304381395525834       0.99989576873646990        7.2190783384758234E-002
   1.2150000000000000E-004  0.48963243120915656        2.7959806578706869        1.2355326636837609       0.99990972703257108        6.1025708052048759E-002
   1.2160000000000000E-004  0.49258894352319754        2.7909634373722483        1.2397610249960447       0.99992443610891490        4.9768242094757262E-002
   1.2170000000000000E-004  0.49555692138294766        2.7869701192818450        1.2431299359055552       0.99993978392999183        3.8429567056430157E-002
   1.2180000000000001E-004  0.49853565465889910        2.7839803298967949        1.2456441795849393       0.99995565201128400        2.7021037996777460E-002
   1.2190000000000000E-004  0.50152459167850860        2.7819817414918950        1.2473066645070077       0.99997191741266667        1.5554138011569692E-002
   1.2200000000000000E-004  0.50452329769428450        2.7809696858630346        1.2481184641957901       0.99998845410457382        4.0404592052425284E-003
   1.2210000000000001E-004  0.50753141151582559        2.7809469358141152        1.2480788394373719        1.0000051336959797       -7.5082865093489288E-003
   1.2219999999999999E-004  0.51054860090905807        2.7819236529686648        1.2471852413440390        1.0000218257072708       -1.9080235248464701E-002
   1.2229999999999999E-004  0.51357451741518023        2.7839175025061453        1.2454332941442736        1.0000383976882565       -3.0663333185624184E-002
   1.2239999999999999E-004  0.51660875124279348        2.7869539403620003        1.2428167567073487        1.0000547155442061       -4.2245311959549732E-002
   1.2250000000000000E-004  0.51965078684637411        2.7910666798224519        1.2393274619869594        1.0000706444682796       -5.3813696653441927E-002
   1.2260000000000000E-004  0.52269995976342265        2.7962983433505579        1.2349552339122489        1.0000860508009968       -6.5355863132434563E-002
   1.2270000000000000E-004  0.52575541512976853        2.8027013066290811        1.2296877820185370        1.0001008049672446       -7.6859153205831005E-002
   1.2280000000000000E-004  0.52881606790461555        2.8103387371406421        1.2235105758513252        1.0001147854169308       -8.8311043014460230E-002
   1.2290000000000001E-004  0.53188056414395934        2.8192858172299564        1.2164067045916855        1.0001278830597204       -9.9699335132237221E-002
   1.2300000000000001E-004  0.53494724157754947        2.8296311218072123        1.2083567333259828        1.0001400052751808      -0.11101231471087072     
   1.2310000000000001E-004  0.53801408628394731        2.8414780945936875        1.1993385764241267        1.0001510780911043      -0.12223877510437844     
   1.2319999999999999E-004  0.54107868062615239        2.8549465368491855        1.1893274210302252        1.0001610450518865      -0.13336779175003347     
   1.2329999999999999E-004  0.54413813640834119        2.8701739908397186        1.1782957490103552        1.0001698618062080      -0.14438812013311858     
   1.2339999999999999E-004  0.54718900757274480        2.8873168644386480        1.1662135214817380        1.0001774870868998      -0.15528713999101604     
   1.2349999999999999E-004  0.55022718025774131        2.9065510999697941        1.1530486011591456        1.0001838735437527      -0.16604938476234879     
   1.2360000000000000E-004  0.55324774601103643        2.9280721804979559        1.1387674850786225        1.0001889650081079      -0.17665489959957362     
   1.2370000000000000E-004  0.55624487637538089        2.9520943336437102        1.1233363928806765        1.0001927087539075      -0.18707793753201341     
   1.2380000000000000E-004  0.55921173150945402        2.9788489527560551        1.1067226974406836        1.0001950890557234      -0.19728673049837792     
   1.2390000000000000E-004  0.56214044760107174        3.0085824532805563        1.0888966031747067        1.0001961788175833      -0.20724506640072302     
   1.2400000000000001E-004  0.56502224879367824        3.0415537798202048        1.0698329062250496        1.0001961906381294      -0.21691594710422646     
   1.2410000000000001E-004  0.56784770806153673        3.0780310954378347        1.0495126659370895        1.0001954947862559      -0.22626660735373472     
   1.2420000000000001E-004  0.57060713471186675        3.1182852289878555        1.0279247284512385        1.0001945746983780      -0.23527292574639977     
   1.2429999999999999E-004  0.57329099327848065        3.1625741012666748        1.0050672538260197        1.0001939238554842      -0.24392060712682087     
   1.2440000000000002E-004  0.57589017080634508        3.2111089096385372       0.98094957130043736        1.0001939402184841      -0.25220159257237923     
   1.2450000000000002E-004  0.57839586723183956        3.2639926217724624       0.95559461775858623        1.0001948895085828      -0.26010715824629072     
   1.2460000000000002E-004  0.58079899665098145        3.3211290056156568       0.92904183452004818        1.0001969303145852      -0.26762200743567321     
   1.2470000000000002E-004  0.58308927300299407        3.3821191996081805       0.90134997907339753        1.0002000993351914      -0.27472296227290954     
   1.2480000000000002E-004  0.58525446528057368        3.4461883911382167       0.87259929674077985        1.0002041677156843      -0.28138086050438571     
   1.2490000000000003E-004  0.58728049538275051        3.5121980666088559       0.84289299328339418        1.0002085370380038      -0.28756000887916006     
   1.2500000000000003E-004  0.58915270029837441        3.5787756953735492       0.81235796977059160        1.0002126254405528      -0.29321748309865925     
   1.2510000000000003E-004  0.59085782250481023        3.6445350770430354       0.78114358297810227        1.0002166016326481      -0.29831415924914073     
   1.2520000000000001E-004  0.59238571969441711        3.7083051933842048       0.74941669379331433        1.0002213844186927      -0.30283564609460478     
   1.2530000000000001E-004  0.59372955952663420        3.7692851011411159       0.71735377043058068        1.0002274092543448      -0.30679743465949788     
   1.2540000000000001E-004  0.59488363898814833        3.8270969586851868       0.68513403151007291        1.0002334917600919      -0.31021807142986163     
   1.2550000000000001E-004  0.59584022146824867        3.8817567120127614       0.65293651496247485        1.0002374250850825      -0.31308519442652527     
   1.2560000000000002E-004  0.59658900782909274        3.9335871955922759       0.62093902532214562        1.0002376197925256      -0.31535072671697484     
   1.2570000000000002E-004  0.59712068387947193        3.9830843004060248       0.58931446484318706        1.0002340196500037      -0.31696122729703796     
   1.2580000000000002E-004  0.59743117755665531        4.0307543397793104       0.55822289900481481        1.0002275822972262      -0.31789619270571434     
   1.2590000000000002E-004  0.59752216200103503        4.0769660149178470       0.52780252981839382        1.0002190563528719      -0.31817938253562161     
   1.2600000000000003E-004  0.59739750734072616        4.1218663209544628       0.49816450470099233        1.0002082006675472      -0.31785372179545235     
   1.2610000000000003E-004  0.59705940120779766        4.1653831448735010       0.46939357682038929        1.0001939325798204      -0.31694458428310801     
   1.2620000000000000E-004  0.59650757275637489        4.2072985876230664       0.44155240476075452        1.0001751107238066      -0.31544255818280909     
   1.2630000000000001E-004  0.59574171856659974        4.2473525498889151       0.41468575639790484        1.0001513895577312      -0.31331607645403187     
   1.2640000000000001E-004  0.59476467051228177        4.2853350319508623       0.38882250173205207        1.0001235538610533      -0.31054018652461057     
   1.2650000000000001E-004  0.59358386955863485        4.3211409958730629       0.36397586213689037        1.0000931233875503      -0.30711846208087018     
   1.2660000000000001E-004  0.59221048803133847        4.3547823058702075       0.34014375859088058        1.0000615974221641      -0.30308487208881746     
   1.2670000000000002E-004  0.59065727702111825        4.3863672519598920       0.31731069744720608        1.0000299009570928      -0.29848833526271351     
   1.2680000000000002E-004  0.58893658463652820        4.4160644442125729       0.29545132383189471       0.99999836218241633      -0.29337292625167988     
   1.2690000000000002E-004  0.58705934457503162        4.4440657732669129       0.27453469703702166       0.99996706790245893      -0.28776601044909556     
   1.2700000000000002E-004  0.58503513555422537        4.4705570774461805       0.25452812438253286       0.99993623408408738      -0.28167813197753039     
   1.2710000000000003E-004  0.58287290772717992        4.4956993338672513       0.23539984932260730       0.99990637090747370      -0.27511097121502237     
   1.2720000000000003E-004  0.58058180931836767        4.5196196024696560       0.21712049385944626       0.99987822544784588      -0.26806715007486909     
   1.2730000000000000E-004  0.57817172011666873        4.5424094709122800       0.19966355791485724       0.99985260381755592      -0.26055711642419094     
   1.2740000000000001E-004  0.57565337294363550        4.5641285054477168       0.18300540102899393       0.99983019117328287      -0.25260135418151053     
   1.2750000000000001E-004  0.57303813789331404        4.5848104932701288       0.16712505468725597       0.99981144232487118      -0.24422869873364147     
   1.2760000000000001E-004  0.57033761564213714        4.6044707133653242       0.15200405874592410       0.99979655839145232      -0.23547270927298056     
   1.2770000000000001E-004  0.56756317967016057        4.6231129685004300       0.13762637521653895       0.99978552443235025      -0.22636794909713864     
   1.2780000000000002E-004  0.56472557474567198        4.6407355852160759       0.12397835097416572       0.99977817280265147      -0.21694726616921364     
   1.2790000000000002E-004  0.56183463314421089        4.6573359971446529       0.11104867760290466       0.99977424512821622      -0.20724037642727169     
   1.2800000000000002E-004  0.55889912546920717        4.6729138389401870        9.8828307870515150E-002  0.99977343984294054      -0.19727354541693998     
   1.2810000000000002E-004  0.55592673186520825        4.6874726782116749        8.7310310812009753E-002  0.99977544290848486      -0.18706996404540890     
   1.2820000000000003E-004  0.55292410345145715        4.7010206273126283        7.6489667726551594E-002  0.99977994505101597      -0.17665042914791118     
   1.2830000000000000E-004  0.54989697896612155        4.7135701266504544        6.6363024106003463E-002  0.99978665034117364      -0.16603405352593609     
   1.2840000000000000E-004  0.54685032384277577        4.7251371941165381        5.6928417339787749E-002  0.99979528015071983      -0.15523885893000913     
   1.2850000000000001E-004  0.54378846572804074        4.7357404060550969        4.8184999179573168E-002  0.99980557494487343      -0.14428220201205458     
   1.2860000000000001E-004  0.54071520886495905        4.7453998243210149        4.0132768168344574E-002  0.99981729512731687      -0.13318103906607773     
   1.2870000000000001E-004  0.53763391832559559        4.7541360225552420        3.2772322560731343E-002  0.99983022136254229      -0.12195205935189116     
   1.2880000000000001E-004  0.53454757464555835        4.7619693049186020        2.6104639913906130E-002  0.99984415451119579      -0.11061171944946403     
   1.2890000000000002E-004  0.53145880560093839        4.7689191603565737        2.0130886267399201E-002  0.99985891531718796       -9.9176208540602925E-002
   1.2900000000000002E-004  0.52836990428743502        4.7750039453515969        1.4852255321071886E-002  0.99987434384234197       -8.7661372273094049E-002
   1.2910000000000002E-004  0.52528284235248979        4.7802407554834927        1.0269836220601056E-002  0.99989029865883239       -7.6082622600510907E-002
   1.2920000000000002E-004  0.52219928523591952        4.7846454355977333        6.3845074967437687E-003  0.99990665584204541       -6.4454856665249485E-002
   1.2930000000000003E-004  0.51912061369952611        4.7882326791433636        3.1968539798923612E-003  0.99992330764217685       -5.2792402148403042E-002
   1.2940000000000000E-004  0.51604795353073929        4.7910161734513403        7.0710334507220751E-004  0.99994016087061399       -4.1108999769187055E-002
   1.2950000000000000E-004  0.51298221349505890        4.7930087574618208       -1.0849211034919121E-003  0.99995713492308502       -2.9417827613997700E-002
   1.2960000000000001E-004  0.50992413044984874        4.7942225673139705       -2.1798343764395517E-003  0.99997415949347224       -1.7731563855063512E-002
   1.2970000000000001E-004  0.50687431990598386        4.7946691527663283       -2.5787129968877220E-003  0.99999117202114407       -6.0624830212329195E-003
   1.2980000000000001E-004  0.50383333008206432        4.7943595492957227       -2.2831094474333874E-003   1.0000081149028182        5.5774233926883573E-003
   1.2990000000000001E-004  0.50080169745997771        4.7933042959555179       -1.2950591868226558E-003   1.0000249326265989        1.7176312775842025E-002
   1.3000000000000002E-004  0.49778000188110422        4.7915134012755587        3.8291919755638337E-004   1.0000415689684978        2.8722354624511014E-002
   1.3010000000000002E-004  0.49476891927852801        4.7889962578867475        2.7478307042792249E-003   1.0000579643077525        4.0203601376931741E-002
   1.3020000000000002E-004  0.49176927019573957        4.7857615080381342        5.7962180607007557E-003   1.0000740531508814        5.1607876037114551E-002
   1.3030000000000002E-004  0.48878206232447730        4.7818168668575529        9.5241843946052007E-003   1.0000897619492224        6.2922684486068955E-002
   1.3040000000000000E-004  0.48580852550516240        4.7771689162885833        1.3927426023175093E-002   1.0001050072715492        7.4135158461896833E-002
   1.3050000000000000E-004  0.48285013811003646        4.7718228900991013        1.9001277269139916E-002   1.0001196943519279        8.5232030774150674E-002
   1.3060000000000000E-004  0.47990864461324489        4.7657824783403910        2.4740769388595513E-002   1.0001337160604264        9.6199643332549739E-002
   1.3070000000000001E-004  0.47698606550247530        4.7590496882269564        3.1140705782058284E-002   1.0001469522352775       0.10702398343529355     
   1.3080000000000001E-004  0.47408470241778883        4.7516248042708042        3.8195755316285690E-002   1.0001592694144601       0.11769073983402885     
   1.3090000000000001E-004  0.47120714336033359        4.7435064840783765        4.5900565134372309E-002   1.0001705208266185       0.12818536960846952     
   1.3100000000000001E-004  0.46835627462022339        4.7346920167146909        5.4249893495820864E-002   1.0001805467275982       0.13849316350174398     
   1.3110000000000002E-004  0.46553530709586238        4.7251777573337170        6.3238762314523550E-002   1.0001891750596896       0.14859929597008589     
   1.3120000000000002E-004  0.46274782399887243        4.7149597267633645        7.2862627770494029E-002   1.0001962224605900       0.15848884382132997     
   1.3130000000000002E-004  0.45999785378174052        4.7040343312918562        8.3117565670268054E-002   1.0002014955726575       0.16814675200297166     
   1.3140000000000002E-004  0.45728996611597039        4.6923991201154127        9.4000465947197881E-002   1.0002047925490718       0.17755771926209665     
   1.3150000000000000E-004  0.45462938035313050        4.6800534618340794       0.10550922771096226        1.0002059047493981       0.18670597285913401     
   1.3160000000000000E-004  0.45202206668871936        4.6669989946869652       0.11764294286665423        1.0002046190280052       0.19557490957552548     
   1.3170000000000000E-004  0.44947481324476468        4.6532396944431529       0.13040205343893047        1.0002007219493507       0.20414661380396670     
   1.3180000000000001E-004  0.44699523088537435        4.6387814125816362       0.14378846713570925        1.0001940085438268       0.21240133295394212     
   1.3190000000000001E-004  0.44459167192377763        4.6236307691888001       0.15780561980646310        1.0001842992246410       0.22031708845109987     
   1.3200000000000001E-004  0.44227304984979843        4.6077933237045485       0.17245848354711737        1.0001714681771876       0.22786970019806776     
   1.3210000000000001E-004  0.44004856512324964        4.5912709845960693       0.18775353443594855        1.0001554836250015       0.23503354581324251     
   1.3220000000000001E-004  0.43792736543482819        4.5740586645998498       0.20369870980705213        1.0001364543329176       0.24178328741214752     
   1.3230000000000002E-004  0.43591819483591848        4.5561402597596663       0.22030339220591505        1.0001146680919069       0.24809651328883145     
   1.3240000000000002E-004  0.43402910890393448        4.5374841585339087       0.23757844273633802        1.0000906006668424       0.25395675999617534     
   1.3250000000000000E-004  0.43226734226945701        4.5180387050934803       0.25553625848780487        1.0000648730704402       0.25935582966411075     
   1.3260000000000000E-004  0.43063939824759168        4.4977283785553386       0.27419074496014806        1.0000381483423437       0.26429397013977002     
   1.3270000000000000E-004  0.42915137823126037        4.4764519102172544       0.29355699530830104        1.0000109884312598       0.26877674533231627     
   1.3280000000000000E-004  0.42780948067950358        4.4540840924886060       0.31365040563131980       0.99998372961486759       0.27280858137669511     
   1.3290000000000000E-004  0.42662049266317281        4.4304834563144633       0.33448500487907251       0.99995645882862494       0.27638492572386003     
   1.3300000000000001E-004  0.42559200486148147        4.4055078962920478       0.35607099925331087       0.99992915259618698       0.27948687435282360     
   1.3310000000000001E-004  0.42473207312547201        4.3790390330050384       0.37841189816918125       0.99990195269813653       0.28208248732867996     
   1.3320000000000001E-004  0.42404822082105015        4.3510129712859849       0.40150193122494915       0.99987542782700678       0.28413647070036535     
   1.3330000000000001E-004  0.42354604480392494        4.3214502753934081       0.42532450793206911       0.99985060346437904       0.28562477453638579     
   1.3340000000000002E-004  0.42322808825441371        4.2904732485393069       0.44985202451468154       0.99982864424489482       0.28654595151935280     
   1.3350000000000002E-004  0.42309373517844201        4.2582974826448261       0.47504652517925627       0.99981032771145983       0.28692101478595761     
   1.3359999999999999E-004  0.42314042543904024        4.2251904436941956       0.50086008883447308       0.99979565810811089       0.28677972021601761     
   1.3370000000000000E-004  0.42336566948342658        4.1914026470161669       0.52723390160026407       0.99978391192753890       0.28614030330110929     
   1.3380000000000000E-004  0.42376867890572234        4.1570919059500957       0.55409593646332311       0.99977411140647154       0.28499541312059845     
   1.3390000000000000E-004  0.42435037783389656        4.1222699482904410       0.58135849221021219       0.99976563724993295       0.28331473746643066     
   1.3400000000000000E-004  0.42511141306320155        4.0867958398636981       0.60891761693415947       0.99975861353758522       0.28106502288457524     
   1.3410000000000001E-004  0.42604934049864229        4.0504209364522961       0.63665588151817909       0.99975380213693765       0.27823588823140355     
   1.3420000000000001E-004  0.42715722035999681        4.0128650753382376       0.66444808680584555       0.99975198021585554       0.27485301437502724     
   1.3430000000000001E-004  0.42842500308420611        3.9738907413186988       0.69216744149210452       0.99975316053063079       0.27096649414781976     
   1.3440000000000001E-004  0.42984271791251327        3.9333519813848099       0.71968933438613258       0.99975629743561978       0.26662076715816557     
   1.3450000000000002E-004  0.43140285806337425        3.8912186799818667       0.74689181923633463       0.99975984555383102       0.26182932051653229     
   1.3459999999999999E-004  0.43310013774884010        3.8475916891345494       0.77365478442844793       0.99976276273008913       0.25657506086524584     
   1.3469999999999999E-004  0.43492921238312238        3.8027176345179248       0.79986081581675350       0.99976508306702139       0.25083565686379261     
   1.3480000000000000E-004  0.43688263201753175        3.7569946617918681       0.82539897227679682       0.99976757466579314       0.24461169390033866     
   1.3490000000000000E-004  0.43895064192442951        3.7109527140128344       0.85016983334221874       0.99977088714231555       0.23793451247046360     
   1.3500000000000000E-004  0.44112250081894716        3.6652025029521198       0.87408902069539851       0.99977501533540492       0.23085088353789404     
   1.3510000000000000E-004  0.44338795494727973        3.6203655134245407       0.89708774861668794       0.99977944004989916       0.22340087695885572     
   1.3520000000000001E-004  0.44573796229696455        3.5770070946033772       0.91911111531261191       0.99978363180029961       0.21560641486175644     
   1.3530000000000001E-004  0.44816467992356235        3.5355900829853026       0.94011584220784772       0.99978740965291790       0.20747476941667084     
   1.3540000000000001E-004  0.45066113243029737        3.4964547405573634       0.96006864157219729       0.99979095463492917       0.19900928591010097     
   1.3550000000000001E-004  0.45322087256126437        3.4598211064259110       0.97894534475512651       0.99979461601296171       0.19021798553099639     
   1.3560000000000002E-004  0.45583774759618717        3.4258054344541429       0.99673031989968508       0.99979872456294305       0.18111622899318103     
   1.3569999999999999E-004  0.45850578900990785        3.3944422218572421        1.0134157319532207       0.99980351285013536       0.17172495971880747     
   1.3579999999999999E-004  0.46121921042112235        3.3657057835336714        1.0290005032179452       0.99980911981848375       0.16206762636833130     
   1.3590000000000000E-004  0.46397248040198963        3.3395284265974543        1.0434890638077576       0.99981562442830185       0.15216768814622059     
   1.3600000000000000E-004  0.46676042652248706        3.3158147092639294        1.0568900521986977       0.99982307517197344       0.14204729456196674     
   1.3610000000000000E-004  0.46957833447439268        3.2944524245248306        1.0692150974534282       0.99983150398382648       0.13172693210710271     
   1.3620000000000000E-004  0.47242202120250476        3.2753211309165726        1.0804777525636400       0.99984092774148758       0.12122557496283083     
   1.3630000000000001E-004  0.47528787288909435        3.2582988289102972        1.0906925961557081       0.99985134478189641       0.11056095497914593     
   1.3640000000000001E-004  0.47817284768240553        3.2432671234003529        1.0998744908158580       0.99986273207079657        9.9749752212933154E-002
   1.3650000000000001E-004  0.48107444874593985        3.2301150745942606        1.1080379763192358       0.99987504526157567        8.8807663985182431E-002
   1.3660000000000001E-004  0.48399067595641904        3.2187419136479622        1.1151967760632582       0.99988822138281153        7.7749394816613526E-002
   1.3669999999999999E-004  0.48691996516598934        3.2090588178991908        1.1213633985636544       0.99990218289512189        6.6588630951957190E-002
   1.3679999999999999E-004  0.48986112278211930        3.2009899576830181        1.1265488193278548       0.99991684180697471        5.5338047059456975E-002
   1.3689999999999999E-004  0.49281326129162512        3.1944730392903513        1.1307622302863929       0.99993210296737245        4.4009367221674499E-002
   1.3700000000000000E-004  0.49577573898627214        3.1894595395762946        1.1340108453444508       0.99994786635143451        3.2613477688489170E-002
   1.3710000000000000E-004  0.49874810507402118        3.1859147806318826        1.1362997517433984       0.99996402850612431        2.1160576402735939E-002
   1.3720000000000000E-004  0.50173004991875658        3.1838179520637060        1.1376317978611905       0.99998048344930590        9.6603390735650312E-003
   1.3730000000000000E-004  0.50472135939195462        3.1831621552512779        1.1380075093407609       0.99999712330609358       -1.8779123700796111E-003
   1.3740000000000001E-004  0.50772187206190733        3.1839545183252818        1.1374250272819189        1.0000138388733808       -1.3445045869376497E-002
   1.3750000000000001E-004  0.51073143793066134        3.1862164095475820        1.1358800646363807        1.0000305202188093       -2.5031958996944683E-002
   1.3760000000000001E-004  0.51374987742094047        3.1899837593396221        1.1333658798808630        1.0000470573316407       -3.6629415192419475E-002
   1.3770000000000001E-004  0.51677693914634992        3.1953074927766254        1.1298732701177561        1.0000633407447883       -4.8227866892564655E-002
   1.3779999999999999E-004  0.51981225462542591        3.2022540564401929        1.1253905891703053        1.0000792622249508       -5.9817258083186657E-002
   1.3789999999999999E-004  0.52285528760430122        3.2109059917990717        1.1199037999079260        1.0000947156387099       -7.1386802805521204E-002
   1.3799999999999999E-004  0.52590527520792274        3.2213624915403125        1.1133965728593092        1.0001095981628738       -8.2924746097277430E-002
   1.3810000000000000E-004  0.52896115816901734        3.2337398473137551        1.1058504452847771        1.0001238121925555       -9.4418128125839315E-002
   1.3820000000000000E-004  0.53202149848806879        3.2481716555675315        1.0972450563306355        1.0001372684544028      -0.10585258381568810     
   1.3830000000000000E-004  0.53508438571251271        3.2648085879920350        1.0875584745087505        1.0001498906857376      -0.11721221576302905     
   1.3840000000000000E-004  0.53814733787371860        3.2838174496330175        1.0767676344064021        1.0001616217941709      -0.12847956495753104     
   1.3850000000000001E-004  0.54120720938889055        3.3053791370987957        1.0648489010166238        1.0001724305144377      -0.13963567062740945     
   1.3860000000000001E-004  0.54426012384575206        3.3296849694790898        1.0517787831722951        1.0001823166864585      -0.15066016781154698     
   1.3870000000000001E-004  0.54730145115468276        3.3569306912398211        1.0375348211064446        1.0001913131531563      -0.16153135138141028     
   1.3879999999999999E-004  0.55032584275919361        3.3873071964785542        1.0220966740358866        1.0001994842493187      -0.17222617845543214     
   1.3889999999999999E-004  0.55332732543242202        3.4209866678368503        1.0054474246131695        1.0002069246668921      -0.18272030937934464     
   1.3900000000000002E-004  0.55629943937770909        3.4581025327657713       0.98757508824007234        1.0002137660216137      -0.19298846891774182     
   1.3910000000000002E-004  0.55923539328740834        3.4987218189147984       0.96847426241324241        1.0002201970265505      -0.20300551166795935     
   1.3920000000000002E-004  0.56212819895216759        3.5428099178897963       0.94814779046590691        1.0002264919103265      -0.21274838411056521     
   1.3930000000000002E-004  0.56497073083347948        3.5901913204776661       0.92660828838610798        1.0002330234773602      -0.22219855731643456     
   1.3940000000000003E-004  0.56775561393088192        3.6405152828799823       0.90387943349571409        1.0002402290488073      -0.23134384167883523     
   1.3950000000000003E-004  0.57047481363959918        3.6932400946904265       0.87999708027782231        1.0002484730160075      -0.24017746291261344     
   1.3960000000000003E-004  0.57311889060952514        3.7476491527366886       0.85501056353442317        1.0002578167731559      -0.24869192468829485     
   1.3970000000000001E-004  0.57567622846570965        3.8029045385779141       0.82898469184110746        1.0002678341941726      -0.25686786258754624     
   1.3980000000000001E-004  0.57813299350952385        3.8581309672800361       0.80200250552168439        1.0002777120960713      -0.26466378148089637     
   1.3990000000000001E-004  0.58047452870634286        3.9125123089016567       0.77416769082961179        1.0002867751085960      -0.27201802738892156     
   1.4000000000000001E-004  0.58268779087273581        3.9653826251095468       0.74560435050830887        1.0002951510799274      -0.27887091808884462     
   1.4010000000000002E-004  0.58476298087687772        4.0162998567345873       0.71645236713432436        1.0003038392238022      -0.28519662335387258     
   1.4020000000000002E-004  0.58669251268664047        4.0650931535287240       0.68685969554472015        1.0003137115005472      -0.29101428927944745     
   1.4030000000000002E-004  0.58846773202009361        4.1118722739129216       0.65697605919663504        1.0003241691042171      -0.29635688315340425     
   1.4040000000000002E-004  0.59007629387301630        4.1569854701284097       0.62695153756792077        1.0003329064418798      -0.30121867528454488     
   1.4050000000000003E-004  0.59150301125924809        4.2009207253797820       0.59693830898713496        1.0003373575814831      -0.30553390286753523     
   1.4060000000000003E-004  0.59273392229680311        4.2441671270204253       0.56708978533781706        1.0003366064642618      -0.30921470126261313     
   1.4070000000000003E-004  0.59376026784442981        4.2870766072834625       0.53755357983267482        1.0003318529907350      -0.31221471120765704     
   1.4080000000000001E-004  0.59457922870758251        4.3297732105298223       0.50846124067085907        1.0003249278312016      -0.31455629755726011     
   1.4090000000000001E-004  0.59519098502573298        4.3721389699312869       0.47992121171752355        1.0003163762679290      -0.31629887198715734     
   1.4100000000000001E-004  0.59559462524602824        4.4138729195944206       0.45201850326250725        1.0003048533499335      -0.31748300709097343     
   1.4110000000000001E-004  0.59578615477270669        4.4545930515514591       0.42481909063846196        1.0002882046873762      -0.31809912985057259     
   1.4120000000000002E-004  0.59575968717749095        4.4939422577070660       0.39837448812233212        1.0002651382420660      -0.31809990946118227     
   1.4130000000000002E-004  0.59551052895803935        4.5316664970949043       0.37272355404148783        1.0002360437903695      -0.31743775373490424     
   1.4140000000000002E-004  0.59503809787029482        4.5676493147938144       0.34789187458218984        1.0002025337280986      -0.31609532789433664     
   1.4150000000000002E-004  0.59434702043964960        4.6019045109326244       0.32389095906829007        1.0001664250470814      -0.31409173363170501     
   1.4160000000000003E-004  0.59344598621656208        4.6345412482871646       0.30071902984181031        1.0001290147629143      -0.31146833936384805     
   1.4170000000000003E-004  0.59234539844764811        4.6657192334498401       0.27836368190415811        1.0000909467077750      -0.30826835612685366     
   1.4180000000000000E-004  0.59105532716793518        4.6956076006769170       0.25680557287354649        1.0000524912900974      -0.30452233254614808     
   1.4190000000000001E-004  0.58958461453243505        4.7243546984816458       0.23602204555435358        1.0000139128477765      -0.30024436670000632     
   1.4200000000000001E-004  0.58794110774973074        4.7520707086405611       0.21598993446956904       0.99997568993352415      -0.29543686260949020     
   1.4210000000000001E-004  0.58613253518505182        4.7788219147236601       0.19668733693448423       0.99993853675861299      -0.29009859227360679     
   1.4220000000000001E-004  0.58416743947773442        4.8046339965416918       0.17809451382160635       0.99990330288808316      -0.28423179445765206     
   1.4230000000000002E-004  0.58205572027839947        4.8295012139389746       0.16019421502214481       0.99987083853377412      -0.27784644186950874     
   1.4240000000000002E-004  0.57980864312921898        4.8533983335373394       0.14297168518533643       0.99984187436711158      -0.27096152948087104     
   1.4250000000000002E-004  0.57743844239397624        4.8762925226965317       0.12641452135596243       0.99981693748075240      -0.26360400595685524     
   1.4260000000000002E-004  0.57495775097203172        4.8981531525320650       0.11051248706596711       0.99979631204226438      -0.25580622638699463     
   1.4270000000000003E-004  0.57237904533932937        4.9189583898114595        9.5257343235077313E-002  0.99978004505196272      -0.24760284636418323     
   1.4280000000000003E-004  0.56971420691669361        4.9386983919925296        8.0642722904027533E-002  0.99976798692887481      -0.23902795487692335     
   1.4290000000000000E-004  0.56697424180393763        4.9573756231328447        6.6664049499518652E-002  0.99975985044430371      -0.23011295994515310     
   1.4300000000000001E-004  0.56416915680827429        4.9750031690956336        5.3318480363951301E-002  0.99975527256969887      -0.22088543632718341     
   1.4310000000000001E-004  0.56130795731546068        4.9916019749333982        4.0604849110079971E-002  0.99975386789747756      -0.21136891305511857     
   1.4320000000000001E-004  0.55839871824995047        5.0071977629182278        2.8523580315391137E-002  0.99975526694403205      -0.20158342313966196     
   1.4330000000000001E-004  0.55544868393749991        5.0218181492461289        1.7076557099779663E-002  0.99975913700233920      -0.19154653618170475     
   1.4340000000000002E-004  0.55246436823427247        5.0354902544239595        6.2669343961310603E-003  0.99976518759651689      -0.18127455606013076     
   1.4350000000000002E-004  0.54945164194321428        5.0482389339297669       -3.9010957685259862E-003  0.99977316543341077      -0.17078359868895202     
   1.4360000000000002E-004  0.54641580431943260        5.0600856439375672       -1.3422569948979363E-002  0.99978284460383682      -0.16009035541409833     
   1.4370000000000002E-004  0.54336163939465365        5.0710478885314920       -2.2292027783958925E-002  0.99979401687253200      -0.14921246383529563     
   1.4380000000000003E-004  0.54029345885392688        5.0811391557598649       -3.0503773984255599E-002  0.99980648494568392      -0.13816851133287000     
   1.4390000000000000E-004  0.53721513223888551        5.0903692301667558       -3.8052111595242764E-002  0.99982005961854603      -0.12697776656599002     
   1.4400000000000000E-004  0.53413010603443023        5.0987447654221008       -4.4931537420027756E-002  0.99983456021085881      -0.11565976070583002     
   1.4410000000000001E-004  0.53104141565106944        5.1062700065427364       -5.1136897464148623E-002  0.99984981693368125      -0.10423383080878426     
   1.4420000000000001E-004  0.52795169555375976        5.1129475591637128       -5.6663505590335062E-002  0.99986567383060654       -9.2718711552288308E-002
   1.4430000000000001E-004  0.52486319237585377        5.1187791287317097       -6.1507231393243933E-002  0.99988199132839772       -8.1132226271957986E-002
   1.4440000000000001E-004  0.52177778444549872        5.1237661830702725       -6.5664564149919474E-002  0.99989864774842108       -6.9491097294816506E-002
   1.4450000000000002E-004  0.51869700945871033        5.1279105164004442       -6.9132659057283316E-002  0.99991553968628888       -5.7810872810562089E-002
   1.4460000000000002E-004  0.51562210054946211        5.1312147103138477       -7.1909370826689828E-002  0.99993258120156703       -4.6105951625481208E-002
   1.4470000000000002E-004  0.51255402996490340        5.1336824970054158       -7.3993278165251697E-002  0.99994970209772693       -3.4389683919456904E-002
   1.4480000000000002E-004  0.50949355893835413        5.1353190344137944       -7.5383701514152260E-002  0.99996684546201420       -2.2674526471509374E-002
   1.4490000000000003E-004  0.50644129214871347        5.1361311034730637       -7.6080715354218731E-002  0.99998396471348627       -1.0972232648463467E-002
   1.4500000000000000E-004  0.50339773512583652        5.1361272370741684       -7.6085155768123136E-002   1.0000010203469811        7.0593616915691146E-004
   1.4510000000000000E-004  0.50036335301665358        5.1353177876372671       -7.5398623594912312E-002   1.0000179765169728        1.2348988715235544E-002
   1.4520000000000001E-004  0.49733862932197381        5.1337149333491556       -7.4023483409026591E-002   1.0000347975658197        2.3945979255940889E-002
   1.4530000000000001E-004  0.49432412334585002        5.1313326188133903       -7.1962858586429188E-002   1.0000514446034274        3.5485786245358038E-002
   1.4540000000000001E-004  0.49132052509973584        5.1281864235699848       -6.9220622701256923E-002   1.0000678722586085        4.6956900963312696E-002
   1.4550000000000001E-004  0.48832870634244635        5.1242933496511807       -6.5801387345649609E-002   1.0000840257444532        5.8347235440722192E-002
   1.4560000000000002E-004  0.48534976636310923        5.1196715173906515       -6.1710486103563555E-002   1.0000998384027906        6.9643962184990194E-002
   1.4570000000000002E-004  0.48238507111752182        5.1143397582252295       -5.6953953831352190E-002   1.0001152299198326        8.0833400922292548E-002
   1.4580000000000002E-004  0.47943628450374143        5.1083170958295545       -5.1538499486643082E-002   1.0001301054496647        9.1900972213219509E-002
   1.4590000000000002E-004  0.47650539099885425        5.1016221158710486       -4.5471469590829733E-002   1.0001443557796694       0.10283123453416128     
   1.4600000000000000E-004  0.47359470975574741        5.0942722431677234       -3.8760798341713087E-002   1.0001578587140698       0.11360801683224032     
   1.4610000000000000E-004  0.47070690141185190        5.0862829583308313       -3.1414939573070719E-002   1.0001704813887486       0.12421464892661638     
   1.4620000000000000E-004  0.46784497017976479        5.0776669993757126       -2.3442775905358898E-002   1.0001820832209358       0.13463427540254255     
   1.4630000000000001E-004  0.46501226503068377        5.0684336102349521       -1.4853501281977731E-002   1.0001925186795346       0.14485021710276214     
   1.4640000000000001E-004  0.46221248454920955        5.0585879106526832       -5.6564755286717117E-003   1.0002016389582467       0.15484632183967148     
   1.4650000000000001E-004  0.45944968986607337        5.0481304684172708        4.1389466210981496E-003   1.0002092915352410       0.16460722363917499     
   1.4660000000000001E-004  0.45672832872495950        5.0370571549371421        1.4523604657428107E-002   1.0002153168450163       0.17411842072770159     
   1.4670000000000002E-004  0.45405327136244023        5.0253593595913264        2.5488726942910864E-002   1.0002195420715216       0.18336609236261583     
   1.4680000000000002E-004  0.45142985617614695        5.0130246273271135        3.7026114269023705E-002   1.0002217733198910       0.19233661229998422     
   1.4690000000000002E-004  0.44886394148363901        5.0000377645295453        4.9128294583120957E-002   1.0002217889439939       0.20101578657119976     
   1.4700000000000002E-004  0.44636195948216956        4.9863824219702355        6.1788634779983170E-002   1.0002193382299354       0.20938793969511521     
   1.4710000000000000E-004  0.44393096704428497        4.9720431021519484        7.5001404676237851E-002   1.0002141499680910       0.21743507010972732     
   1.4720000000000000E-004  0.44157868315341375        4.9570074410075149        8.8761801684399927E-002   1.0002059540504651       0.22513635498972812     
   1.4730000000000000E-004  0.43931349451601936        4.9412684897609429       0.10306595862290469        1.0001945158597212       0.23246826657056568     
   1.4740000000000000E-004  0.43714440125505594        4.9248265994793963       0.11791096601336212        1.0001796783687165       0.23940544140794678     
   1.4750000000000001E-004  0.43508087058554101        4.9076904299081452       0.13329493852966129        1.0001614027520986       0.24592224187382516     
   1.4760000000000001E-004  0.43313257635327113        4.8898766126287700       0.14921714043519005        1.0001397965935210       0.25199472671521578     
   1.4770000000000001E-004  0.43130903110635249        4.8714077236385984       0.16567815905604460        1.0001151212450288       0.25760259033018151     
   1.4780000000000001E-004  0.42961916096382280        4.8523084521726503       0.18268008565603150        1.0000877759317055       0.26273060623480482     
   1.4790000000000002E-004  0.42807091824857357        4.8326001404550443       0.20022663866205187        1.0000582633310298       0.26736923539735130     
   1.4800000000000002E-004  0.42667105271016065        4.8122941556659633       0.21832315201491567        1.0000271454121314       0.27151426686924607     
   1.4809999999999999E-004  0.42542514809161031        4.7913848149236236       0.23697635237005368       0.99999499777851830       0.27516553734398164     
   1.4820000000000000E-004  0.42433796462399859        4.7698428437181599       0.25619385673671519       0.99996236690536222       0.27832484625427906     
   1.4830000000000000E-004  0.42341400902204729        4.7476106691862769       0.27598333089258409       0.99992973404247165       0.28099321480878059     
   1.4840000000000000E-004  0.42265811046667007        4.7246012754210174       0.29635126269424794       0.99989749594753208       0.28316781363773930     
   1.4850000000000000E-004  0.42207568453755534        4.7007027893961162       0.31730134466598253       0.99986598283742034       0.28483936733132925     
   1.4860000000000001E-004  0.42167240742812634        4.6757910747179743       0.33883255754428088       0.99983553440760997       0.28599151193819172     
   1.4870000000000001E-004  0.42145325292617919        4.6497517577179757       0.36093720835150694       0.99980662473926307       0.28660380852624218     
   1.4880000000000001E-004  0.42142120076964745        4.6225106193389971       0.38359933753789671       0.99977996397048208       0.28665898256270372     
   1.4890000000000001E-004  0.42157621388245442        4.5940670551080158       0.40679391458149194       0.99975645278196323       0.28615212748334223     
   1.4900000000000002E-004  0.42191509455165788        4.5645205971173430       0.43048694074271421       0.99973691043522350       0.28509650179489987     
   1.4910000000000002E-004  0.42243248769419961        4.5340780960991491       0.45463602725780550       0.99972166926333650       0.28352019724620675     
   1.4919999999999999E-004  0.42312269500896432        4.5030319929405742       0.47919058064755010       0.99971031207371897       0.28145245622221654     
   1.4930000000000000E-004  0.42398137000507891        4.4717088763052422       0.50409086251864521       0.99970182624028292       0.27890600333732346     
   1.4940000000000000E-004  0.42500604041486190        4.4403994742486201       0.52926603921438686       0.99969518419494274       0.27586711988020840     
   1.4950000000000000E-004  0.42619501361030443        4.4092911099485432       0.55463245619717660       0.99968999970085348       0.27230294900812629     
   1.4960000000000000E-004  0.42754524775516367        4.3784260044179959       0.58009390523395732       0.99968676723702954       0.26818494133453169     
   1.4970000000000001E-004  0.42905049309716498        4.3477007069026135       0.60554492083782996       0.99968644536579498       0.26351454762169441     
   1.4980000000000001E-004  0.43070088069840029        4.3169056755967796       0.63087634422513084       0.99968964322610854       0.25833255954975326     
   1.4990000000000001E-004  0.43248425777644395        4.2857879988994405       0.65598077080373840       0.99969600852817275       0.25270320516813399     
   1.5000000000000001E-004  0.43438851529312794        4.2541142211936487       0.68075547179333074       0.99970427009404250       0.24668253867817599     
   1.5010000000000002E-004  0.43640353910742968        4.2217169092068421       0.70510215297034873       0.99971288652570833       0.24029274480874871     
   1.5019999999999999E-004  0.43852172539657197        4.1885209155326120       0.72892514071685177       0.99972083424516534       0.23351968676937507     
   1.5029999999999999E-004  0.44073704129373087        4.1545536041752387       0.75213054829666293       0.99972801192207383       0.22633411780496823     
   1.5040000000000000E-004  0.44304350434484019        4.1199440122511692       0.77462798928850829       0.99973504067117203       0.21872063614957790     
   1.5050000000000000E-004  0.44543409196811495        4.0849127765568163       0.79633434668461622       0.99974268145213807       0.21069496317657938     
   1.5060000000000000E-004  0.44790058123627802        4.0497530266676609       0.81717763013767875       0.99975132259039090       0.20230083439839577     
   1.5070000000000000E-004  0.45043416655261126        4.0148040576564936       0.83709905076794522       0.99976084332553150       0.19359259128792206     
   1.5080000000000001E-004  0.45302634107522183        3.9804221803456152       0.85605271535281824       0.99977082017496444       0.18461668097748996     
   1.5090000000000001E-004  0.45566956954672433        3.9469539660605730       0.87400362925699848       0.99978083616241653       0.17540189905605361     
   1.5100000000000001E-004  0.45835755176246573        3.9147156654274773       0.89092520121103846       0.99979068338554800       0.16596015974373104     
   1.5110000000000001E-004  0.46108513228458919        3.8839801753251391       0.90679716657913545       0.99980039667543619       0.15629364636474563     
   1.5120000000000002E-004  0.46384802880006515        3.8549709746666485       0.92160426076830571       0.99981017231548519       0.14640289207940094     
   1.5129999999999999E-004  0.46664254198973815        3.8278614859333877       0.93533551187305297       0.99982025665356633       0.13629225124666372     
   1.5139999999999999E-004  0.46946534203181783        3.8027781559828329       0.94798383979770584       0.99983086273039090       0.12597185423750656     
   1.5150000000000000E-004  0.47231335791312018        3.7798058375993286       0.95954568848305477       0.99984213243787656       0.11545690180756177     
   1.5160000000000000E-004  0.47518375158804210        3.7589944288064365       0.97002054832650564       0.99985413461184158       0.10476571012242852     
   1.5170000000000000E-004  0.47807394149583737        3.7403660193511645       0.97941034708560804       0.99986688101101961        9.3917656971404195E-002
   1.5180000000000000E-004  0.48098164061720300        3.7239219951697478       0.98771875732814718       0.99988034564100470        8.2931637847996051E-002
   1.5190000000000001E-004  0.48390488571461793        3.7096497057028524       0.99495048853923507       0.99989448008980342        7.1825181570956922E-002
   1.5200000000000001E-004  0.48684204709237733        3.6975284362665959        1.0011106217063830       0.99990922310931551        6.0614118533975553E-002
   1.5210000000000001E-004  0.48979181724447579        3.6875345524144492        1.0062040226250288       0.99992450557691948        4.9312609503575570E-002
   1.5220000000000001E-004  0.49275318179501298        3.6796457736212269        1.0102348498061631       0.99994025278779186        3.7933362128193815E-002
   1.5229999999999999E-004  0.49572537790341081        3.6738446053917531        1.0132061586020504       0.99995638550495902        2.6487918603113329E-002
   1.5239999999999999E-004  0.49870784482509650        3.6701210000956146        1.0151195954266128       0.99997282065537652        1.4986951549025481E-002
   1.5249999999999999E-004  0.50170016992762323        3.6684743257859376        1.0159751733996141       0.99998947207191113        3.4405417230608392E-003
   1.5260000000000000E-004  0.50470203208991093        3.6689147112943021        1.0157711213600460        1.0000062514206218       -8.1415670215968725E-003
   1.5270000000000000E-004  0.50771314340675422        3.6714638110635716        1.0145038007425540        1.0000230692928529       -1.9749727981312071E-002
   1.5280000000000000E-004  0.51073318956229885        3.6761549994659557        1.0121676883007986        1.0000398363801455       -3.1374154734373411E-002
   1.5290000000000000E-004  0.51376176908584448        3.6830329640606787        1.0087554266084369        1.0000564646333832       -4.3004673167015429E-002
   1.5300000000000001E-004  0.51679833192447233        3.6921526188816434        1.0042579484695093        1.0000728683363327       -5.4630448741741743E-002
   1.5310000000000001E-004  0.51984211842815742        3.7035772117279926       0.99866468538739805        1.0000889649962115       -6.6239678483280218E-002
   1.5320000000000001E-004  0.52289210107829975        3.7173754599528119       0.99196387340326053        1.0001046760955044       -7.7819248053107415E-002
   1.5330000000000001E-004  0.52594693312619289        3.7336175094346999       0.98414297140736295        1.0001199280309621       -8.9354371582957670E-002
   1.5339999999999999E-004  0.52900491049372012        3.7523694938414947       0.97518920566032885        1.0001346540578688      -0.10082826702664803     
   1.5349999999999999E-004  0.53206395484239466        3.7736864983597611       0.96509024724324510        1.0001487987974014      -0.11222197222056592     
   1.5359999999999999E-004  0.53512162443887723        3.7976038395020462       0.95383501314034780        1.0001623278824312      -0.12351448597402806     
   1.5370000000000002E-004  0.53817515241730574        3.8241268060652360       0.94141455354957471        1.0001752458211350      -0.13468350168017984     
   1.5380000000000003E-004  0.54122149681652121        3.8532193913548780       0.92782294992607328        1.0001876236176466      -0.14570702102686209     
   1.5390000000000003E-004  0.54425736696169047        3.8847930553551260       0.91305811429138650        1.0001996316233372      -0.15656596329134581     
   1.5400000000000003E-004  0.54727917857085218        3.9186970512111645       0.89712238450496495        1.0002115605965198      -0.16724733899820177     
   1.5410000000000003E-004  0.55028289693480137        3.9547121107342402       0.88002290136786454        1.0002237985762701      -0.17774658695341392     
   1.5420000000000001E-004  0.55326376288083456        3.9925491288675041       0.86177196190808680        1.0002367279829796      -0.18806666367254671     
   1.5430000000000001E-004  0.55621595031976456        4.0318539275718122       0.84238781390231487        1.0002505391383696      -0.19821146673472281     
   1.5440000000000001E-004  0.55913225531394806        4.0722186057275094       0.82189648911154134        1.0002650342915924      -0.20817349826374282     
   1.5450000000000001E-004  0.56200395291885363        4.1132000233569128       0.80033497145774835        1.0002795828514426      -0.21792054549795145     
   1.5460000000000002E-004  0.56482097689140187        4.1543465896497187       0.77775511606658432        1.0002933879518852      -0.22739096849845331     
   1.5470000000000002E-004  0.56757253811461039        4.1952346730140118       0.75422662562289233        1.0003060404142143      -0.23650663359644022     
   1.5480000000000002E-004  0.57024810850090801        4.2355140598856345       0.72983698242237838        1.0003180154097346      -0.24520258944537651     
   1.5490000000000002E-004  0.57283831800847085        4.2749572136426108       0.70468743033827719        1.0003305959629254      -0.25345702023457234     
   1.5500000000000003E-004  0.57533497647234244        4.3135010399460478       0.67888664268053145        1.0003450117324328      -0.26129711539104605     
   1.5510000000000003E-004  0.57772968142140924        4.3512656517261057       0.65254571887503299        1.0003612713924570      -0.26876888312006375     
   1.5520000000000003E-004  0.58001156666825893        4.3885357753142138       0.62577748330205962        1.0003776182876025      -0.27588704285092674     
   1.5530000000000001E-004  0.58216589313266986        4.4256987024517640       0.59869960339098949        1.0003912453940202      -0.28260221282809833     
   1.5540000000000001E-004  0.58417508801211138        4.4631470839727898       0.57143743866732644        1.0003999318991805      -0.28881438171676610     
   1.5550000000000001E-004  0.58602221826737566        4.5011711221537229       0.54412219004351758        1.0004033570184436      -0.29442546235982892     
   1.5560000000000001E-004  0.58769477022477745        4.5398746991197720       0.51688354693119798        1.0004029790235587      -0.29939068395491286     
   1.5570000000000002E-004  0.58918590207676325        4.5791450840852228       0.48984041466949585        1.0004005694371818      -0.30373083605307738     
   1.5580000000000002E-004  0.59049225494341029        4.6186853201315463       0.46309456113637903        1.0003966054580984      -0.30750075100996638     
   1.5590000000000002E-004  0.59161017884199218        4.6580932934618273       0.43672951442159408        1.0003897909577351      -0.31074156999373925     
   1.5600000000000002E-004  0.59253305523782251        4.6969565608331401       0.41081337041522714        1.0003779539828348      -0.31345092704121830     
   1.5610000000000003E-004  0.59325132478013820        4.7349327150485037       0.38540232714956807        1.0003594274720209      -0.31558608988222803     
   1.5620000000000003E-004  0.59375500144406113        4.7717965702763827       0.36054258625040414        1.0003338857530990      -0.31709069038435966     
   1.5630000000000000E-004  0.59403683864810009        4.8074500624538707       0.33627028628850419        1.0003022934699517      -0.31792455349170623     
   1.5640000000000001E-004  0.59409414358959989        4.8419024389815091       0.31261059472314456        1.0002662585715734      -0.31807993993093087     
   1.5650000000000001E-004  0.59392859347197502        4.8752337754532515       0.28957735190183054        1.0002272973367743      -0.31757873585424273     
   1.5660000000000001E-004  0.59354480315236946        4.9075545577477211       0.26717406326164261        1.0001864211761300      -0.31645649935435383     
   1.5670000000000001E-004  0.59294869030275510        4.9389707256824309       0.24539616639430428        1.0001441632122221      -0.31474494812570758     
   1.5680000000000002E-004  0.59214633979538889        4.9695595251562823       0.22423389991227907        1.0001008653179271      -0.31246186968379414     
   1.5690000000000002E-004  0.59114362050446090        4.9993579496590383       0.20367501989078551        1.0000569745505818      -0.30961073644207793     
   1.5700000000000002E-004  0.58994639297845941        5.0283628302728571       0.18370688271353164        1.0000131993383290      -0.30618715778094863     
   1.5710000000000002E-004  0.58856094822579774        5.0565397414700586       0.16431775383062802       0.99997048921489118      -0.30218742913296676     
   1.5720000000000003E-004  0.58699441397861984        5.0838368089586501       0.14549745206001241       0.99992988176094943      -0.29761502569177856     
   1.5730000000000003E-004  0.58525504889301150        5.1101993179188208       0.12723756146366294       0.99989231122798639      -0.29248296627502951     
   1.5740000000000000E-004  0.58335240816981415        5.1355817739416327       0.10953144715582835       0.99985847112761983      -0.28681239308281958     
   1.5750000000000001E-004  0.58129734497066399        5.1599555058674964        9.2374233074118420E-002  0.99982877228685962      -0.28062923233542381     
   1.5760000000000001E-004  0.57910181645047076        5.1833114510335623        7.5762798322710295E-002  0.99980338004308589      -0.27396093704921837     
   1.5770000000000001E-004  0.57677851312895467        5.2056589341677224        5.9695777450435951E-002  0.99978228469487540      -0.26683445980334430     
   1.5780000000000001E-004  0.57434038387489406        5.2270218204773542        4.4173528900180142E-002  0.99976536618475476      -0.25927556358948017     
   1.5790000000000002E-004  0.57180014380037547        5.2474334548268260        2.9198050573728061E-002  0.99975243699911964      -0.25130897391386936     
   1.5800000000000002E-004  0.56916983707337754        5.2669315086496020        1.4772844509660432E-002  0.99974326519082124      -0.24295880126713523     
   1.5810000000000002E-004  0.56646052335976205        5.2855534566189828        9.0274711799327723E-004  0.99973758511971289      -0.23424882892885199     
   1.5820000000000002E-004  0.56368213599538008        5.3033330389525917       -1.2406253092822866E-002  0.99973510528450471      -0.22520251111971276     
   1.5830000000000003E-004  0.56084351063884574        5.3202978023624450       -2.5147191398314096E-002  0.99973551923175630      -0.21584276247864403     
   1.5840000000000000E-004  0.55795253560007119        5.3364676639617565       -3.7312286338815517E-002  0.99973851965631433      -0.20619173158102733     
   1.5850000000000000E-004  0.55501635209591071        5.3518543778292003       -4.8893082870712944E-002  0.99974381233950482      -0.19627072399922876     
   1.5860000000000001E-004  0.55204153919847443        5.3664617555075527       -5.9880586388412510E-002  0.99975112582728975      -0.18610032622564993     
   1.5870000000000001E-004  0.54903424333915818        5.3802864732214877       -7.0265396795471669E-002  0.99976021497032275      -0.17570066820373173     
   1.5880000000000001E-004  0.54600024067979669        5.3933192853068350       -8.0037849241599041E-002  0.99977085898283558      -0.16509170592807665     
   1.5890000000000001E-004  0.54294494204560773        5.4055464615615003       -8.9188163429725159E-002  0.99978285650655485      -0.15429341582807901     
   1.5900000000000002E-004  0.53987336104096562        5.4169512822639438       -9.7706598978320278E-002  0.99979602031230075      -0.14332584188441619     
   1.5910000000000002E-004  0.53679006790906370        5.4275154576695428      -0.10558361155558263       0.99981017354103474      -0.13220899301535480     
   1.5920000000000002E-004  0.53369914687913389        5.4372203764783373      -0.11281000393297852       0.99982514825249968      -0.12096263122866607     
   1.5930000000000002E-004  0.53060416810097544        5.4460481250010853      -0.11937706721057234       0.99984078608361882      -0.10960601044041274     
   1.5940000000000003E-004  0.52750817946142914        5.4539822716891013      -0.12527670866194285       0.99985694034996286       -9.8157621716140203E-002
   1.5950000000000000E-004  0.52441371889926125        5.4610084431386596      -0.13050156424751166       0.99987347868121212       -8.6634986741470216E-002
   1.5960000000000000E-004  0.52132284473165114        5.4671147264942741      -0.13504509543754811       0.99989028540409897       -7.5054522565914120E-002
   1.5970000000000001E-004  0.51823717992248663        5.4722919335840103      -0.13890167116363822       0.99990726299645660       -6.3431485724737308E-002
   1.5980000000000001E-004  0.51515796593893604        5.4765337585598326      -0.14206663611420767       0.99992433242345580       -5.1779992855596466E-002
   1.5990000000000001E-004  0.51208612230280171        5.4798368569035558      -0.14453636671714681       0.99994143223165133       -4.0113106035756248E-002
   1.6000000000000001E-004  0.50902230887611577        5.4822008696719164      -0.14630831576163628       0.99995851658537183       -2.8442967947089098E-002
   1.6010000000000002E-004  0.50596698883934699        5.4836284144126557      -0.14738104626130902       0.99997555246692227       -1.6780972411350792E-002
   1.6020000000000002E-004  0.50292049120669002        5.4841250668956922      -0.14775425462542477       0.99999251634542508       -5.1379565681108743E-003
   1.6030000000000002E-004  0.49988307238477414        5.4836993451557579      -0.14742878324069036        1.0000093904345992        6.4755955984653578E-003
   1.6040000000000002E-004  0.49685497670205081        5.4823626958635439      -0.14640662268178339        1.0000261587660364        1.8049346411894884E-002
   1.6050000000000003E-004  0.49383649604080487        5.4801294855535057      -0.14469090357899245        1.0000428033065687        2.9572900962523737E-002
   1.6060000000000000E-004  0.49082802872345938        5.4770169950961742      -0.14228587822478356        1.0000593002882008        4.1035612658324783E-002
   1.6070000000000000E-004  0.48783013765216310        5.4730454102864421      -0.13919689209135688        1.0000756169131286        5.2426403750055223E-002
   1.6080000000000001E-004  0.48484360737157856        5.4682377960450816      -0.13543034546687416        1.0000917086005152        6.3733607686030203E-002
   1.6090000000000001E-004  0.48186949922757638        5.4626200364084241      -0.13099364536097019        1.0001075169487190        7.4944841894657083E-002
   1.6100000000000001E-004  0.47890920313174040        5.4562207168553156      -0.12589514764751839        1.0001229685792676        8.6046921882925634E-002
   1.6110000000000001E-004  0.47596448365956073        5.4490709157937927      -0.12014408932300626        1.0001379749131729        9.7025827359322261E-002
   1.6120000000000002E-004  0.47303751755805518        5.4412038634582593      -0.11375051073059228        1.0001524329774778       0.10786673116067574     
   1.6130000000000002E-004  0.47013091924449524        5.4326544380971926      -0.10672516705232157        1.0001662271549996       0.11855409621532584     
   1.6140000000000002E-004  0.46724775102113730        5.4234584742090899       -9.9079428784523332E-002   1.0001792316049478       0.12907183441034628     
   1.6150000000000002E-004  0.46439151569396714        5.4136518675046332       -9.0825171714953482E-002   1.0001913127007231       0.13940350723725031     
   1.6160000000000000E-004  0.46156613151225939        5.4032694835713846       -8.1974658365551428E-002   1.0002023308466401       0.14953253257625179     
   1.6170000000000000E-004  0.45877589280733966        5.3923439073042152       -7.2540414689032204E-002   1.0002121409320546       0.15944234694563555     
   1.6180000000000000E-004  0.45602542415363723        5.3809041030000584       -6.2535107716966298E-002   1.0002205909367266       0.16911647081346232     
   1.6190000000000001E-004  0.45331964038363415        5.3689740819999638       -5.1971431254060674E-002   1.0002275188238035       0.17853843853342538     
   1.6200000000000001E-004  0.45066372789505049        5.3565716867556983       -4.0862006730763178E-002   1.0002327486471341       0.18769158942626449     
   1.6210000000000001E-004  0.44806316266713392        5.3437075931604818       -2.9219304285690802E-002   1.0002360876141223       0.19655876768762304     
   1.6220000000000001E-004  0.44552377588801512        5.3303846046748440       -1.7055584984175413E-002   1.0002373261248845       0.20512203003778623     
   1.6230000000000001E-004  0.44305186652888529        5.3165972884584596       -4.3828589652078823E-003   1.0002362423983504       0.21336248397916588     
   1.6240000000000002E-004  0.44065434204025161        5.3023320162708272        8.7871527472472635E-003   1.0002326118966209       0.22126035145471584     
   1.6250000000000002E-004  0.43833884886578106        5.2875675103756841        2.2443069311241987E-002   1.0002262198296707       0.22879527127828805     
   1.6260000000000002E-004  0.43611384015917515        5.2722760433062348        3.6573929638011378E-002   1.0002168737993460       0.23594674501050467     
   1.6270000000000000E-004  0.43398852797290105        5.2564254617528015        5.1169308509894797E-002   1.0002044140330035       0.24269454948648483     
   1.6280000000000000E-004  0.43197268715426840        5.2399821456636380        6.6219464809787437E-002   1.0001887213390805       0.24901894959754273     
   1.6290000000000000E-004  0.43007631720537598        5.2229148361034010        8.1715504438538950E-002   1.0001697263619336       0.25490067299540353     
   1.6300000000000000E-004  0.42830921452119075        5.2051989780372514        9.7649533332643965E-002   1.0001474256940028       0.26032081390185535     
   1.6310000000000001E-004  0.42668054201284994        5.1868209017225446       0.11401477865164319        1.0001219078464325       0.26526099715661888     
   1.6320000000000001E-004  0.42519848960310891        5.1677809331230034       0.13080566750270667        1.0000933851698077       0.26970412520785092     
   1.6330000000000001E-004  0.42387009303098672        5.1480945050214633       0.14801786493154151        1.0000622190056569       0.27363578098093810     
   1.6340000000000001E-004  0.42270123007124405        5.1277905978195424       0.16564827491306136        1.0000289207141770       0.27704593457776194     
   1.6350000000000002E-004  0.42169676279108353        5.1069073283229072       0.18369499180087903       0.99999411634088686       0.27993021235526588     
   1.6360000000000002E-004  0.42086076372824222        5.0854850945833308       0.20215715655556415       0.99995847777540181       0.28228988145031259     
   1.6369999999999999E-004  0.42019675579709770        5.0635582156531846       0.22103463708297447       0.99992264211240522       0.28413004460167768     
   1.6380000000000000E-004  0.41970790316159678        5.0411463715472271       0.24032743816629959       0.99988715299605357       0.28545627635913745     
   1.6390000000000000E-004  0.41939710423836957        5.0182473492436275       0.26003477421201526       0.99985245228769626       0.28627076970031773     
   1.6400000000000000E-004  0.41926694797359054        4.9948327182239343       0.28015381213690166       0.99981892895343982       0.28656957943566047     
   1.6410000000000000E-004  0.41931950241399996        4.9708481545962959       0.30067819708608423       0.99978700438416790       0.28634246345689679     
   1.6420000000000001E-004  0.41955592551194787        4.9462201059167636       0.32159657880512393       0.99975721146468288       0.28557606114765283     
   1.6430000000000001E-004  0.41997594220475987        4.9208700316767953       0.34289141546770341       0.99973021821420516       0.28425983411672012     
   1.6440000000000001E-004  0.42057732880427645        4.8947361296678675       0.36453829752596162       0.99970676138293868       0.28239273896509809     
   1.6450000000000001E-004  0.42135564880121806        4.8678000150277505       0.38650588022068805       0.99968748769818272       0.27998759996419609     
   1.6460000000000002E-004  0.42230449491175448        4.8401126845915758       0.40875625992136766       0.99967274308094001       0.27707025663442519     
   1.6470000000000002E-004  0.42341631449239286        4.8118116017038357       0.43124537117140971       0.99966239745113694       0.27367225006092843     
   1.6479999999999999E-004  0.42468357543684671        4.7831206638339152       0.45392289188181090       0.99965582104531447       0.26981899636044693     
   1.6490000000000000E-004  0.42609975394821892        4.7543283130360061       0.47673139086091698       0.99965209099574637       0.26551881612791001     
   1.6500000000000000E-004  0.42765959334067133        4.7257456398699027       0.49960501929454043       0.99965038359787417       0.26075950377134066     
   1.6510000000000000E-004  0.42935839382112040        4.6976538072327543       0.52246863590836068       0.99965035673241143       0.25551641197481034     
   1.6520000000000000E-004  0.43119063399371177        4.6702553080282563       0.54523841830885234       0.99965227163179704       0.24976977642020609     
   1.6530000000000001E-004  0.43314867836170434        4.6436436283657381       0.56782448747837244       0.99965673592711646       0.24352267207462561     
   1.6540000000000001E-004  0.43522236963494654        4.6177999072902125       0.59013506765306623       0.99966420935113387       0.23680927742946523     
   1.6550000000000001E-004  0.43739982954225837        4.5926155004470282       0.61208083053411422       0.99967458728996339       0.22968799287823344     
   1.6560000000000001E-004  0.43966906468482964        4.5679308380201284       0.63357791507242478       0.99968711782562036       0.22222260469789487     
   1.6570000000000002E-004  0.44201953331529259        4.5435777576407190       0.65454880236744206       0.99970067453259037       0.21446141840626415     
   1.6579999999999999E-004  0.44444295386037036        4.5194150439140239       0.67492133180806524       0.99971419313577703       0.20642484899844524     
   1.6589999999999999E-004  0.44693314180229549        4.4953522443572353       0.69462699057906141       0.99972702440128236       0.19810651753479330     
   1.6600000000000000E-004  0.44948516934924804        4.4713614501791223       0.71359974659724279       0.99973905409372088       0.18948554332439665     
   1.6610000000000000E-004  0.45209438576773620        4.4474790286691928       0.73177616950867463       0.99975058864633326       0.18054288778579897     
   1.6620000000000000E-004  0.45475575974280547        4.4237997453643061       0.74909679668005480       0.99976211203791332       0.17127420161741091     
   1.6630000000000000E-004  0.45746372899931342        4.4004655333188740       0.76550809698790057       0.99977404813630710       0.16169478165876064     
   1.6640000000000001E-004  0.46021245996144211        4.3776511178592727       0.78096420801299171       0.99978662346921299       0.15183657864192474     
   1.6650000000000001E-004  0.46299627749740918        4.3555487922744485       0.79542784585042414       0.99979985342193367       0.14174041115926972     
   1.6660000000000001E-004  0.46581004417919730        4.3343544831371910       0.80887020096358708       0.99981361317764073       0.13144746517072634     
   1.6670000000000001E-004  0.46864937536736972        4.3142566500239585       0.82127000028269814       0.99982773300482308       0.12099307999788937     
   1.6680000000000002E-004  0.47151068395532836        4.2954287012691097       0.83261210101824279       0.99984207152594751       0.11040394307175810     
   1.6689999999999999E-004  0.47439110893222464        4.2780248035177237       0.84288598135372661       0.99985654942267976        9.9698249833286970E-002
   1.6699999999999999E-004  0.47728839297610948        4.2621784469221069       0.85208438272426401       0.99987114888952178        8.8887638426514398E-002
   1.6710000000000000E-004  0.48020075693284081        4.2480029405368924       0.86020222293860016       0.99988589400660910        7.7979696074803900E-002
   1.6720000000000000E-004  0.48312679486087595        4.2355930678877201       0.86723579340463941       0.99990082636063049        6.6980208278828460E-002
   1.6730000000000000E-004  0.48606539473819144        4.2250273029151373       0.87318219473930980       0.99991598485181821        5.5894766656583092E-002
   1.6740000000000000E-004  0.48901568013446428        4.2163701703615803       0.87803894657567783       0.99993139310747170        4.4729688431869544E-002
   1.6750000000000001E-004  0.49197696531280444        4.2096744840017895       0.88180371393995083       0.99994705417286311        3.3492383042719481E-002
   1.6760000000000001E-004  0.49494871722684747        4.2049832988325511       0.88447410937694049       0.99996295057200502        2.2191358698163934E-002
   1.6770000000000001E-004  0.49793052005016514        4.2023314718926024       0.88604754750579762       0.99997904757595979        1.0836038377791223E-002
   1.6780000000000001E-004  0.50092203990557793        4.2017467574884195       0.88652114181470421       0.99999529807172161       -5.6349894280680176E-004
   1.6789999999999999E-004  0.50392298890788045        4.2032503801005614       0.88589164144037325        1.0000116480742602       -1.1996790878329545E-002
   1.6799999999999999E-004  0.50693308849270902        4.2068570423162504       0.88415540896078759        1.0000280424994785       -2.3453261273805523E-002
   1.6809999999999999E-004  0.50995203241608211        4.2125743408122238       0.88130844047733925        1.0000444311513108       -3.4922495048807657E-002
   1.6820000000000000E-004  0.51297944986965915        4.2204015835957804       0.87734642820327324        1.0000607749503072       -4.6394533021354933E-002
   1.6830000000000003E-004  0.51601486888977088        4.2303280285732683       0.87226486513060220        1.0000770522170865       -5.7860188516874973E-002
   1.6840000000000003E-004  0.51905767958106508        4.2423305936748168       0.86605919335619030        1.0000932643231100       -6.9311349668077241E-002
   1.6850000000000003E-004  0.52210709537538424        4.2563711194898035       0.85872500462716495        1.0001094392436118       -8.0741172926419066E-002
   1.6860000000000003E-004  0.52516210841318456        4.2723933080888417       0.85025831552403630        1.0001256304566331       -9.2143993219204037E-002
   1.6870000000000003E-004  0.52822143213995909        4.2903195172473483       0.84065596151915956        1.0001419079990530      -0.10351470262015731     
   1.6880000000000001E-004  0.53128342120797423        4.3100476749763112       0.82991618030578995        1.0001583388364930      -0.11484732770879709     
   1.6890000000000001E-004  0.53434595819866748        4.3314487211578028       0.81803947545664146        1.0001749565406812      -0.12613264368525434     
   1.6900000000000002E-004  0.53740630301799774        4.3543652073576125       0.80502984746458994        1.0001917265042084      -0.13735498085018294     
   1.6910000000000002E-004  0.54046091940870788        4.3786119848334977       0.79089642502996726        1.0002085222137311      -0.14848893914274930     
   1.6920000000000002E-004  0.54350532541912400        4.4039802009703966       0.77565540384664322        1.0002251367478940      -0.15949741501665718     
   1.6930000000000002E-004  0.54653405048075254        4.4302459391938731       0.75933200746614427        1.0002413528645087      -0.17033281480607457     
   1.6940000000000002E-004  0.54954079262884969        4.4571845333249573       0.74196198237080446        1.0002570746367330      -0.18094302059411491     
   1.6950000000000003E-004  0.55251881590763563        4.4845906744888051       0.72359205019305617        1.0002724787887658      -0.19128205600816783     
   1.6960000000000003E-004  0.55546149179738535        4.5123028649186567       0.70427891764092099        1.0002880919144861      -0.20132252212200202     
   1.6970000000000003E-004  0.55836271525635828        4.5402287421045200       0.68408696688322890        1.0003046831398021      -0.21106388284813007     
   1.6980000000000001E-004  0.56121683887546692        4.5683657775511612       0.66308547572171783        1.0003229248941963      -0.22052986677435682     
   1.6990000000000001E-004  0.56401790796341433        4.5968105453599479       0.64134673715250490        1.0003429204343925      -0.22975177450890463     
   1.7000000000000001E-004  0.56675835422115117        4.6257499689875772       0.61894625666052128        1.0003638545095979      -0.23874228964005101     
   1.7010000000000001E-004  0.56942775240779575        4.6554304400269189       0.59596510008997861        1.0003840619678983      -0.24747267130174036     
   1.7020000000000002E-004  0.57201247033693114        4.6861060097468856       0.57249291746641051        1.0004016248147549      -0.25586837840033277     
   1.7030000000000002E-004  0.57449674329032674        4.7179746321116536       0.54862922625728971        1.0004152485521454      -0.26382991942540951     
   1.7040000000000002E-004  0.57686485926611319        4.7511191763637948       0.52448109841813906        1.0004248649194287      -0.27127013312667086     
   1.7050000000000002E-004  0.57910332933478093        4.7854727356172528       0.50015737198297705        1.0004314620913728      -0.27814653368700987     
   1.7060000000000003E-004  0.58120185816772063        4.8208214121245074       0.47576165166440026        1.0004361618680782      -0.28446843612154527     
   1.7070000000000003E-004  0.58315263771120562        4.8568437483989513       0.45138707688441221        1.0004391922066123      -0.29027475070138087     
   1.7080000000000003E-004  0.58494846690632873        4.8931721641174013       0.42711456116612972        1.0004395143125386      -0.29559791449852774     
   1.7090000000000001E-004  0.58658088260088759        4.9294559741120620       0.40301400827173001        1.0004353227543854      -0.30043718822358567     
   1.7100000000000001E-004  0.58803943366036016        4.9654091717426070       0.37914655364032612        1.0004249845299469      -0.30475571775658672     
   1.7110000000000001E-004  0.58931241443781390        5.0008347355869871       0.35556597319311783        1.0004077702857219      -0.30849898602797310     
   1.7120000000000001E-004  0.59038844840500426        5.0356256455368786       0.33231859041993039        1.0003839889476409      -0.31161995318499058     
   1.7130000000000002E-004  0.59125804298391904        5.0697482655085970       0.30944226556750176        1.0003545870745256      -0.31409519391627533     
   1.7140000000000002E-004  0.59191453856534726        5.1032159518769147       0.28696557869812417        1.0003205984472707      -0.31592532751122182     
   1.7150000000000002E-004  0.59235429033172504        5.1360606826822002       0.26490799790897934        1.0002828226560208      -0.31712413353737690     
   1.7160000000000002E-004  0.59257622579104330        5.1683090880689919       0.24328110731076030        1.0002418476261563      -0.31770608988436716     
   1.7170000000000003E-004  0.59258110413789589        5.1999670179681265       0.22209042831444489        1.0001982639877853      -0.31767971902301467     
   1.7180000000000003E-004  0.59237080551136689        5.2310141291488526       0.20133726743833311        1.0001528476393564      -0.31704815221569649     
   1.7190000000000000E-004  0.59194784104487763        5.2614074384497158       0.18102024389547738        1.0001065780173453      -0.31581358437128138     
   1.7200000000000001E-004  0.59131516105596382        5.2910909095684131       0.16113644467555790        1.0000605009467818      -0.31398104380263059     
   1.7210000000000001E-004  0.59047625097018397        5.3200072994868153       0.14168234333542923        1.0000155500743697      -0.31155890262833308     
   1.7220000000000001E-004  0.58943541333231941        5.3481088283090132       0.12265462998526980       0.99997244636434457      -0.30855670320521644     
   1.7230000000000001E-004  0.58819808878318991        5.3753644612539855       0.10405098751702578       0.99993171476314724      -0.30498272683936617     
   1.7240000000000002E-004  0.58677111281557237        5.4017630578953977        8.5870730466923423E-002  0.99989377136219570      -0.30084342224471866     
   1.7250000000000002E-004  0.58516286256644334        5.4273127837891657        6.8115184824873040E-002  0.99985900535652616      -0.29614520561107904     
   1.7260000000000002E-004  0.58338324465686886        5.4520377779632216        5.0787741646984783E-002  0.99982780436193153      -0.29089761926619589     
   1.7270000000000002E-004  0.58144348810345448        5.4759732247420061        3.3893617702786365E-002  0.99980051546698223      -0.28511615057043038     
   1.7280000000000003E-004  0.57935576044103354        5.4991598601071274        1.7439444420227171E-002  0.99977737215703866      -0.27882328621280328     
   1.7290000000000003E-004  0.57713268636597348        5.5216386979244101        1.4328425638290149E-003  0.99975843218124505      -0.27204730672584299     
   1.7300000000000000E-004  0.57478687551618923        5.5434464970317761       -1.4117884647532664E-002  0.99974356153597521      -0.26481937182616994     
   1.7310000000000001E-004  0.57233054433284070        5.5646122619536760       -2.9203875114045635E-002  0.99973247259030240      -0.25717012006881834     
   1.7320000000000001E-004  0.56977526573478920        5.5851548992001279       -4.3815662049019474E-002  0.99972479868187047      -0.24912706397918405     
   1.7330000000000001E-004  0.56713183560498803        5.6050820314666812       -5.7943031499201214E-002  0.99972017309550487      -0.24071355874106259     
   1.7340000000000001E-004  0.56441023877000396        5.6243898886196853       -7.1574875993293624E-002  0.99971828370019378      -0.23194936135366573     
   1.7350000000000002E-004  0.56161969658729971        5.6430641280870564       -8.4699118210751129E-002  0.99971889224686306      -0.22285220724131122     
   1.7360000000000002E-004  0.55876876541357323        5.6610813735853744       -9.7302739163670660E-002  0.99972182329275072      -0.21343963549970640     
   1.7370000000000002E-004  0.55586544692673967        5.6784112179981729      -0.10937190645084990       0.99972693655450651      -0.20373043148167105     
   1.7380000000000002E-004  0.55291727564532633        5.6950184279219336      -0.12089217277332887       0.99973409713458838      -0.19374536000219950     
   1.7390000000000003E-004  0.54993136354155636        5.7108651160618935      -0.13184870645863200       0.99974315358311472      -0.18350716713828222     
   1.7400000000000000E-004  0.54691439907334183        5.7259127037999908      -0.14222652073055109       0.99975392787277506      -0.17304003595769574     
   1.7410000000000000E-004  0.54387261166809087        5.7401235635605614      -0.15201068060679071       0.99976621645762054      -0.16236876317529372     
   1.7420000000000001E-004  0.54081171944790329        5.7534622929423849      -0.16118647951624143       0.99977979882745061      -0.15151790381684258     
   1.7430000000000001E-004  0.53773687813779270        5.7658966211418150      -0.16973958797903729       0.99979444937001805      -0.14051105533141203     
   1.7440000000000001E-004  0.53465264481457342        5.7773979770311987      -0.17765618249758702       0.99980994907246290      -0.12937036453189155     
   1.7450000000000001E-004  0.53156296370843392        5.7879417593546068      -0.18492306439604272       0.99982609495683161      -0.11811626848759128     
   1.7460000000000002E-004  0.52847117539572408        5.7975073771377117      -0.19152777574217533       0.99984270659953023      -0.10676743404475987     
   1.7470000000000002E-004  0.52538004675648098        5.8060781338992919      -0.19745871617812666       0.99985962973187681       -9.5340840329849519E-002
   1.7480000000000002E-004  0.52229181694291682        5.8136410172585391      -0.20270526150995244       0.99987673742717831       -8.3851947405180496E-002
   1.7490000000000002E-004  0.51920825403904247        5.8201864456252999      -0.20725788229884964       0.99989392946038091       -7.2314903353522947E-002
   1.7500000000000003E-004  0.51613071754530260        5.8257080111265056      -0.21110825907934339       0.99991113047956592       -6.0742758929844071E-002
   1.7510000000000000E-004  0.51306022288398245        5.8302022442132415      -0.21424939015801470       0.99992828736527228       -4.9147668174358325E-002
   1.7520000000000000E-004  0.50999750531574850        5.8336684131435153      -0.21667568808713200       0.99994536611141716       -3.7541069824743131E-002
   1.7530000000000001E-004  0.50694308180244119        5.8361083623326717      -0.21838306147239983       0.99996234836743658       -2.5933846642062792E-002
   1.7540000000000001E-004  0.50389731023329909        5.8375263919133342      -0.21936897931690053       0.99997922784017723       -1.4336465979643944E-002
   1.7550000000000001E-004  0.50086044608488944        5.8379291775544191      -0.21963251599573647       0.99999600655653054       -2.7591067744526096E-003
   1.7560000000000001E-004  0.49783269695618171        5.8373257189372714      -0.21917437599882858        1.0000126910116511        8.7882231459213266E-003
   1.7570000000000002E-004  0.49481427560007363        5.8357273116615458      -0.21799689799006752        1.0000292883213020        2.0295575713781773E-002
   1.7580000000000002E-004  0.49180545214255317        5.8331475425943946      -0.21610403815934967        1.0000458024478813        3.1752954151503858E-002
   1.7590000000000002E-004  0.48880660614569488        5.8296023113721640      -0.21350133331231402        1.0000622305627964        4.3150204675511276E-002
   1.7600000000000002E-004  0.48581827903412195        5.8251098824975545      -0.21019584463503344        1.0000785596027502        5.4476905452755256E-002
   1.7610000000000000E-004  0.48284122715124339        5.8196909725781731      -0.20619608361327640        1.0000947630806178        6.5722250024238218E-002
   1.7620000000000000E-004  0.47987647531030259        5.8133688751367636      -0.20151192217613584        1.0001107982039932        7.6874922174466537E-002
   1.7630000000000000E-004  0.47692537011105934        5.8061696198065595      -0.19615448987870454        1.0001266033439988        8.7922958109517738E-002
   1.7640000000000001E-004  0.47398963148778694        5.7981221524716355      -0.19013606166628241        1.0001420959915710        9.8853596905436616E-002
   1.7650000000000001E-004  0.47107140001472259        5.7892585193049744      -0.18346993987937971        1.0001571713733197       0.10965312133039420     
   1.7660000000000001E-004  0.46817327660227415        5.7796140286313369      -0.17617033423853021        1.0001717020701304       0.12030670040361398     
   1.7670000000000001E-004  0.46529835065852537        5.7692273487492765      -0.16825224301841402        1.0001855389303120       0.13079825488909241     
   1.7680000000000001E-004  0.46245021286912580        5.7581404878671707      -0.15973133740973811        1.0001985138393075       0.14111038129353012     
   1.7690000000000002E-004  0.45963294989265924        5.7463985931430548      -0.15062384894317404        1.0002104447847779       0.15122438014468292     
   1.7700000000000002E-004  0.45685112070866674        5.7340495020731872      -0.14094645730675545        1.0002211434354136       0.16112043976283363     
   1.7710000000000002E-004  0.45410971798573174        5.7211429848108857      -0.13071617353455894        1.0002304248579199       0.17077801372928003     
   1.7720000000000000E-004  0.45141412200336217        5.7077296347215940      -0.11995021242367482        1.0002381179997371       0.18017639318772019     
   1.7730000000000000E-004  0.44877005825247035        5.6938594027334233      -0.10866584932541669        1.0002440744497221       0.18929541182810061     
   1.7740000000000000E-004  0.44618357132664616        5.6795798259440327       -9.6880261099106690E-002   1.0002481721469820       0.19811614192378924     
   1.7750000000000000E-004  0.44366102563784043        5.6649340508929384       -8.4610359721998277E-002   1.0002503108483116       0.20662137250381982     
   1.7760000000000001E-004  0.44120913701942549        5.6499588018924651       -7.1872637182800847E-002   1.0002503980857713       0.21479564408893345     
   1.7770000000000001E-004  0.43883502935598923        5.6346824763840697       -5.8683048418073161E-002   1.0002483279003822       0.22262468553011738     
   1.7780000000000001E-004  0.43654629917635857        5.6191235476566357       -4.5056960614017767E-002   1.0002439589242944       0.23009426916290607     
   1.7790000000000001E-004  0.43435106194167061        5.6032894255218926       -3.1009187945585888E-002   1.0002371016103220       0.23718873727457992     
   1.7800000000000002E-004  0.43225795010681400        5.5871758853259514       -1.6554109449477550E-002   1.0002275244010912       0.24388967342617485     
   1.7810000000000002E-004  0.43027603771615086        5.5707671491130331       -1.7058381112467422E-003   1.0002149840506458       0.25017528800378369     
   1.7820000000000002E-004  0.42841467932994143        5.5540367045495671        1.3521619298986466E-002   1.0001992762374723       0.25602096714599448     
   1.7830000000000000E-004  0.42668326982879928        5.5369489647255277        2.9114286545350608E-002   1.0001802927497121       0.26140108501182163     
   1.7840000000000000E-004  0.42509095015758097        5.5194618649255611        4.5058290094817752E-002   1.0001580651146638       0.26629169640304962     
   1.7850000000000000E-004  0.42364629693329070        5.5015304154635061        6.1340102250592991E-002   1.0001327763504360       0.27067330077884860     
   1.7860000000000000E-004  0.42235703820192388        5.4831110583401843        7.7946917400252003E-002   1.0001047342127223       0.27453271760390152     
   1.7870000000000001E-004  0.42122983436652578        5.4641664374400536        9.4867063547983174E-002   1.0000743166979196       0.27786336242515097     
   1.7880000000000001E-004  0.42027015583824651        5.4446699681041437       0.11209031817252174        1.0000419146388706       0.28066380868111113     
   1.7890000000000001E-004  0.41948228119801007        5.4246094610089139       0.12960800955134447        1.0000078997035471       0.28293523354425426     
   1.7900000000000001E-004  0.41886941714099235        5.4039890674174877       0.14741284129205609       0.99997263302039607       0.28467882124431093     
   1.7910000000000002E-004  0.41843390481066273        5.3828289851416677       0.16549845670513402       0.99993650770487730       0.28589417956456825     
   1.7920000000000002E-004  0.41817744361139220        5.3611626864903998       0.18385882664599834       0.99989999858062728       0.28657929495449586     
   1.7929999999999999E-004  0.41810124829745704        5.3390318605618425       0.20248757005239360       0.99986368634474831       0.28673176114610732     
   1.7940000000000000E-004  0.41820607163076057        5.3164797386804237       0.22137729048339438       0.99982823612278038       0.28635037869251573     
   1.7950000000000000E-004  0.41849207268624239        5.2935439064392238       0.24051895017395186       0.99979433599600775       0.28543610447910511     
   1.7960000000000000E-004  0.41895856819215438        5.2702499971054397       0.25990124211455556       0.99976262411575878       0.28399183716511933     
   1.7970000000000000E-004  0.41960374321841692        5.2466077535620803       0.27950989902634643       0.99973363847932617       0.28202134883015179     
   1.7980000000000001E-004  0.42042440582078905        5.2226108296011065       0.29932691514914511       0.99970780953927418       0.27952833661221999     
   1.7990000000000001E-004  0.42141585843732121        5.1982413659539182       0.31932974297109945       0.99968548981581096       0.27651668061164009     
   1.8000000000000001E-004  0.42257194114761099        5.1734797525105245       0.33949061965077543       0.99966698902747686       0.27299238390075398     
   1.8010000000000001E-004  0.42388527010337390        5.1483189576053139       0.35977621089518963       0.99965257376744487       0.26896652545441779     
   1.8020000000000002E-004  0.42534764877347497        5.1227813600637147       0.38014768101871926       0.99964240858447184       0.26445745671774207     
   1.8030000000000002E-004  0.42695058050777701        5.0969344732531709       0.40056111530741062       0.99963645642211141       0.25949019499482406     
   1.8039999999999999E-004  0.42868576629964328        5.0709009924091966       0.42096802740779982       0.99963439820928324       0.25409201582926633     
   1.8050000000000000E-004  0.43054544486270679        5.0448590099472037       0.44131562131700985       0.99963564384260162       0.24828540383621525     
   1.8060000000000000E-004  0.43252244827569225        5.0190303287505733       0.46154664004131202       0.99963946708057427       0.24208166539006262     
   1.8070000000000000E-004  0.43460993047157381        4.9936580422245553       0.48159897025768961       0.99964522121753296       0.23547909759469665     
   1.8080000000000000E-004  0.43680086943532109        4.9689778138400991       0.50140548887966496       0.99965252925166204       0.22846784099066220     
   1.8090000000000001E-004  0.43908757747640603        4.9451894004259502       0.52089470710009955       0.99966134012701402       0.22104004507219818     
   1.8100000000000001E-004  0.44146147939168701        4.9224351241411188       0.53999249250328774       0.99967181263718463       0.21320073409571366     
   1.8110000000000001E-004  0.44391329915601119        4.9007900282935664       0.55862465159527641       0.99968409412604142       0.20497394837467500     
   1.8120000000000001E-004  0.44643359904339847        4.8802649979517065       0.57671972177669728       0.99969812382434897       0.19640110883672246     
   1.8130000000000002E-004  0.44901345744776261        4.8608205189038936       0.59421120765909352       0.99971356461000871       0.18753257921330177     
   1.8139999999999999E-004  0.45164503406250778        4.8423863938837748       0.61103874834398186       0.99972987969449056       0.17841653801115398     
   1.8149999999999999E-004  0.45432185251183516        4.8248823173397080       0.62714814909645300       0.99974649115759640       0.16908986850326996     
   1.8160000000000000E-004  0.45703876810566824        4.8082353923022296       0.64249060567139604       0.99976293234110503       0.15957403077696622     
   1.8170000000000000E-004  0.45979170608543157        4.7923925226306059       0.65702162647495033       0.99977893456973654       0.14987624977001099     
   1.8180000000000000E-004  0.46257730866811519        4.7773272723562128       0.67070010009939796       0.99979443458996364       0.13999432970222891     
   1.8190000000000000E-004  0.46539261616191657        4.7630418528783123       0.68348775687861751       0.99980952448493010       0.12992266007174469     
   1.8200000000000001E-004  0.46823485543049620        4.7495653877211668       0.69534905369857058       0.99982437813926084       0.11965735547758316     
   1.8210000000000001E-004  0.47110135047253737        4.7369496965609637       0.70625135670226480       0.99983918358319346       0.10919941123281426     
   1.8220000000000001E-004  0.47398952870017097        4.7252637221042333       0.71616523688757883       0.99985409749299892        9.8555715385452936E-002
   1.8230000000000001E-004  0.47689697972884643        4.7145875159253494       0.72506471388297811       0.99986922508614418        8.7738406252921924E-002
   1.8240000000000002E-004  0.47982152622975349        4.7050064626411894       0.73292734683345440       0.99988461997860112        7.6763318165184238E-002
   1.8249999999999999E-004  0.48276127934227492        4.6966061854343746       0.73973414211094268       0.99990029530233060        6.5648200672819762E-002
   1.8259999999999999E-004  0.48571466589375062        4.6894683601274796       0.74546930210882412       0.99991623820478304        5.4411178844431730E-002
   1.8270000000000000E-004  0.48868042610468976        4.6836674865129018       0.75011986930456898       0.99993242267382454        4.3069679097333634E-002
   1.8280000000000000E-004  0.49165758691065725        4.6792685348560301       0.75367532767542156       0.99994881852404871        3.1639852727030807E-002
   1.8290000000000003E-004  0.49464541819213248        4.6763253095159341       0.75612721734363375       0.99996539643302651        2.0136424579204688E-002
   1.8300000000000003E-004  0.49764337855234475        4.6748793450326298       0.75746880568030117       0.99998212993220958        8.5728520839227079E-003
   1.8310000000000003E-004  0.50065105545853195        4.6749591595537421       0.75769484499353912       0.99999899545168380       -3.0383109790907423E-003
   1.8320000000000003E-004  0.50366810258597894        4.6765797275547678       0.75680143616914641        1.0000159712901908       -1.4684927773471253E-002
   1.8330000000000001E-004  0.50669417568601061        4.6797420897435416       0.75478600977707833        1.0000330360653800       -2.6354725351947047E-002
   1.8340000000000001E-004  0.50972886747493495        4.6844330864219588       0.75164743031003234        1.0000501670046020       -3.8034718990046908E-002
   1.8350000000000002E-004  0.51277164197785452        4.6906252770324040       0.74738622350253603        1.0000673384986980       -4.9710663970024736E-002
   1.8360000000000002E-004  0.51582176950370762        4.6982771885272010       0.74200491884915110        1.0000845216947354       -6.1366611896366996E-002
   1.8370000000000002E-004  0.51887826503402601        4.7073341110812779       0.73550848755462483        1.0001016864480670       -7.2984690225412471E-002
   1.8380000000000002E-004  0.52193983511664022        4.7177297205530255       0.72790483927670790        1.0001188074881440       -8.4545269085478270E-002
   1.8390000000000002E-004  0.52500484095682376        4.7293888364855485       0.71920532032562834        1.0001358765118868       -9.6027697053758590E-002
   1.8400000000000003E-004  0.52807128711654283        4.7422315949440490       0.70942513722725198        1.0001529206703317      -0.10741173644055534     
   1.8410000000000003E-004  0.53113684418835472        4.7561792014265096       0.69858362253312656        1.0001700245615297      -0.11867966032510184     
   1.8420000000000003E-004  0.53419890734162534        4.7711612078623213       0.68670427859067495        1.0001873478253853      -0.12981866841704748     
   1.8430000000000003E-004  0.53725467860330778        4.7871239223381679       0.67381459159629942        1.0002051252016659      -0.14082287676091315     
   1.8440000000000001E-004  0.54030123954245846        4.8040391250778915       0.65994570303151168        1.0002236340054791      -0.15169378976525150     
   1.8450000000000001E-004  0.54333555851637383        4.8219117699588949       0.64513213582930973        1.0002431197747661      -0.16243812284662201     
   1.8460000000000001E-004  0.54635436590813513        4.8407848720389577       0.62941184724310795        1.0002636873776809      -0.17306238354880110     
   1.8470000000000002E-004  0.54935384954436139        4.8607394549921699       0.61282685131062364        1.0002851895955376      -0.18356485355633143     
   1.8480000000000002E-004  0.55232918296638289        4.8818874920942248       0.59542446962271101        1.0003071682253515      -0.19392728931111630     
   1.8490000000000002E-004  0.55527399628102858        4.9043565347636022       0.57725894416446766        1.0003289053407189      -0.20411000812514424     
   1.8500000000000002E-004  0.55817999473786772        4.9282664775659812       0.55839279847769208        1.0003496064117965      -0.21405395309452496     
   1.8510000000000003E-004  0.56103695772840512        4.9537016041811430       0.53889717039296237        1.0003686590479295      -0.22369098951491775     
   1.8520000000000003E-004  0.56383325144242336        4.9806838982819199       0.51885055281624415        1.0003858303904407      -0.23295948918245232     
   1.8530000000000003E-004  0.56655676149773870        5.0091550535645730       0.49833597885950542        1.0004012557905511      -0.24181837933791003     
   1.8540000000000001E-004  0.56919589672710136        5.0389732424353371       0.47743739919604777        1.0004151785865580      -0.25025229655814701     
   1.8550000000000001E-004  0.57174020106330015        5.0699264568044065       0.45623638149514434        1.0004275766845356      -0.25826470338505308     
   1.8560000000000001E-004  0.57418026906550268        5.1017589406987485       0.43481002661410095        1.0004379170296962      -0.26586272954398416     
   1.8570000000000001E-004  0.57650703798866409        5.1342034717641107       0.41323027480750951        1.0004452086198046      -0.27304244368833325     
   1.8580000000000002E-004  0.57871087449361669        5.1670114317002751       0.39156405064409366        1.0004483167924354      -0.27978248025202995     
   1.8590000000000002E-004  0.58078096892675590        5.1999743737921085       0.36987343372453640        1.0004463318134249      -0.28604811103440808     
   1.8600000000000002E-004  0.58270534025903742        5.2329339519555109       0.34821533469129695        1.0004387741082621      -0.29180144728496199     
   1.8610000000000002E-004  0.58447140266184916        5.2657803811868558       0.32664071133699313        1.0004255558241644      -0.29701074178122761     
   1.8620000000000003E-004  0.58606679612464085        5.2984421896046774       0.30519376703088408        1.0004067950888700      -0.30165390241749712     
   1.8630000000000003E-004  0.58748015469472514        5.3308714974478422       0.28391159290801060        1.0003826636736171      -0.30571620325774929     
   1.8640000000000003E-004  0.58870161383354369        5.3630293026690952       0.26282442003765427        1.0003533830604907      -0.30918595126749149     
   1.8650000000000001E-004  0.58972303596308873        5.3948744113345271       0.24195631655003169        1.0003193412284455      -0.31205218102596743     
   1.8660000000000001E-004  0.59053805256942316        5.4263580259299440       0.22132602472342822        1.0002812049277148      -0.31430582491231540     
   1.8670000000000001E-004  0.59114202827570961        5.4574240872972597       0.20094772005891140        1.0002399152953310      -0.31594269909124795     
   1.8680000000000001E-004  0.59153200105367798        5.4880138914452266       0.18083167028288877        1.0001965478975490      -0.31696529692934156     
   1.8690000000000002E-004  0.59170659284997773        5.5180726956799102       0.16098492147631766        1.0001521185321252      -0.31738146212049445     
   1.8700000000000002E-004  0.59166582857601080        5.5475560502430357       0.14141214698310403        1.0001074505093777      -0.31720048199521411     
   1.8710000000000002E-004  0.59141084339629801        5.5764342821277824       0.12211667634301188        1.0000631604847356      -0.31642893340278833     
   1.8720000000000002E-004  0.59094359691665765        5.6046944755050747       0.10310157898616179        1.0000197346132202      -0.31506850277386089     
   1.8730000000000003E-004  0.59026677467964106        5.6323400280140872        8.4370609936973318E-002  0.99997762839574456      -0.31311665843880343     
   1.8740000000000003E-004  0.58938395666388521        5.6593882713208741        6.5928853126009435E-002  0.99993733327361256      -0.31056966206930736     
   1.8750000000000000E-004  0.58829995737528828        5.6858667780557060        4.7782989118347947E-002  0.99989938249534627      -0.30742655550581960     
   1.8760000000000001E-004  0.58702114448615506        5.7118089661639120        2.9941221746270542E-002  0.99986429952939460      -0.30369255202918621     
   1.8770000000000001E-004  0.58555558669291574        5.7372495499821188        1.2412983686701504E-002  0.99983251540910756      -0.29938059499525982     
   1.8780000000000001E-004  0.58391297635527140        5.7622202897580612       -4.7914197155337068E-003  0.99980429814392890      -0.29451064900329060     
   1.8790000000000001E-004  0.58210432180549554        5.7867463783255193       -2.1661088660129366E-002  0.99977972947295146      -0.28910728153649917     
   1.8800000000000002E-004  0.58014146053095594        5.8108436929526235       -3.8184654435126676E-002  0.99975873457235209      -0.28319668451362212     
   1.8810000000000002E-004  0.57803650843397048        5.8345170405562703       -5.4350251907036434E-002  0.99974114425871441      -0.27680422353839657     
   1.8820000000000002E-004  0.57580138689733296        5.8577594323416271       -7.0145389661156063E-002  0.99972676090331725      -0.26995310840275177     
   1.8830000000000002E-004  0.57344753302844353        5.8805523349237401       -8.5556784354368004E-002  0.99971540666927938      -0.26266421716140437     
   1.8840000000000003E-004  0.57098581749931521        5.9028667648085715      -0.10057021455189566       0.99970694667051452      -0.25495675200234735     
   1.8850000000000003E-004  0.56842661501557146        5.9246650301486978      -0.11517042698755661       0.99970128968646599      -0.24684929732734251     
   1.8860000000000000E-004  0.56577992740797700        5.9459028860514920      -0.12934110759611120       0.99969837399292116      -0.23836091431847078     
   1.8870000000000001E-004  0.56305547096126096        5.9665318651106682      -0.14306491584412973       0.99969814532640133      -0.22951200722700282     
   1.8880000000000001E-004  0.56026268699622017        5.9865015531847625      -0.15632357343163342       0.99970053341305343      -0.22032479635882310     
   1.8890000000000001E-004  0.55741067945756828        6.0057616142828536      -0.16909799420465582       0.99970543258153732      -0.21082333511666204     
   1.8900000000000001E-004  0.55450810981878795        6.0242634276086280      -0.18136844022209919       0.99971269044766142      -0.20103311010432540     
   1.8910000000000002E-004  0.55156308552446542        6.0419612667193361      -0.19311469005949036       0.99972210636112502      -0.19098034575780318     
   1.8920000000000002E-004  0.54858306977609050        6.0588130160603617      -0.20431620935854716       0.99973343893964450      -0.18069118546747712     
   1.8930000000000002E-004  0.54557482662976187        6.0747804749530854      -0.21495231921328345       0.99974641989356428      -0.17019092351650683     
   1.8940000000000002E-004  0.54254440289495387        6.0898293372334020      -0.22500236332361123       0.99976077049072354      -0.15950342144436880     
   1.8950000000000003E-004  0.53949714036685792        6.1039289544392572      -0.23444587831104430       0.99977621722802912      -0.14865077548908046     
   1.8960000000000000E-004  0.53643770861908480        6.1170519918677311      -0.24326277220434819       0.99979250439787470      -0.13765323329361814     
   1.8970000000000000E-004  0.53337014908486213        6.1291740692605812      -0.25143351450196949       0.99980940253545203      -0.12652930636699217     
   1.8980000000000001E-004  0.53029792382131613        6.1402734583162797      -0.25893933759926163       0.99982671301607706      -0.11529599920560614     
   1.8990000000000001E-004  0.52722396510445957        6.1503308894109541      -0.26576244544894656       0.99984426966284834      -0.10396907779867191     
   1.9000000000000001E-004  0.52415072428219556        6.1593294798920697      -0.27188622331997786       0.99986193826097947       -9.2563320498379051E-002
   1.9010000000000001E-004  0.52108021981044628        6.1672547689741082      -0.27729544147465401       0.99987961483327636       -8.1092720690793693E-002
   1.9020000000000002E-004  0.51801408503732449        6.1740948301916871      -0.28197644572573211       0.99989722322757624       -6.9570633599389253E-002
   1.9030000000000002E-004  0.51495361635293480        6.1798404281870107      -0.28591732901072558       0.99991471231471984       -5.8009876876197027E-002
   1.9040000000000002E-004  0.51189982209158869        6.1844851889117454      -0.28910807982045694       0.99993205292265164       -4.6422800972337849E-002
   1.9050000000000002E-004  0.50885347226818278        6.1880257588160186      -0.29154070517880110       0.99994923452120588       -3.4821346963495849E-002
   1.9060000000000003E-004  0.50581514900278179        6.1904619362845690      -0.29320932741031275       0.99996626167531244       -2.3217104928692809E-002
   1.9070000000000000E-004  0.50278529736309641        6.1917967678563954      -0.29411025495834475       0.99998315030614249       -1.1621380992760085E-002
   1.9080000000000000E-004  0.49976427632039216        6.1920366028990124      -0.29424202823687162       0.99999992376517233       -4.5275604270558310E-005
   1.9090000000000001E-004  0.49675240951969191        6.1911911005817553      -0.29360544168756236        1.0000166088006595        1.1500228797867220E-002
   1.9100000000000001E-004  0.49375003558799219        6.1892731868454058      -0.29220354288008843        1.0000332315146621        2.3004175246043899E-002
   1.9110000000000001E-004  0.49075755771891655        6.1862989605027572      -0.29004160903011661        1.0000498133999502        3.4455540514345878E-002
   1.9120000000000001E-004  0.48777549226539463        6.1822875493179579      -0.28712710081022197        1.0000663675431245        4.5843149629423527E-002
   1.9130000000000001E-004  0.48480451604894781        6.1772609200619080      -0.28346959294698565        1.0000828950706433        5.7155600433780387E-002
   1.9140000000000002E-004  0.48184551207197190        6.1712436516794105      -0.27908068098582284        1.0000993818981441        6.8381199144065707E-002
   1.9150000000000002E-004  0.47889961332245012        6.1642626874776436      -0.27397386389513001        1.0001157958194313        7.9507903946776703E-002
   1.9160000000000002E-004  0.47596824441348717        6.1563470876968029      -0.26816440304480538        1.0001320839246788        9.0523269570195658E-002
   1.9170000000000000E-004  0.47305316091014110        6.1475278088701666      -0.26166915937788826        1.0001481703914661       0.10141438348047001     
   1.9180000000000000E-004  0.47015648636153978        6.1378375468360282      -0.25450641168722571        1.0001639547526879       0.11216778346046707     
   1.9190000000000000E-004  0.46728074725233587        6.1273106776386346      -0.24669566043522281        1.0001793107921331       0.12276935092281295     
   1.9200000000000000E-004  0.46442890616884297        6.1159833185189489      -0.23825742274641581        1.0001940863342988       0.13320418219828634     
   1.9210000000000001E-004  0.46160439327393793        6.1038935128355671      -0.22921302463292492        1.0002081043856859       0.14345645376412694     
   1.9220000000000001E-004  0.45881113553415265        6.0910815173926043      -0.21958439604172858        1.0002211661633797       0.15350930993520998     
   1.9230000000000001E-004  0.45605358190497297        6.0775901414618856      -0.20939387296029388        1.0002330564475550       0.16334481105678225     
   1.9240000000000001E-004  0.45333672097945493        6.0634650593662469      -0.19866400905604348        1.0002435514056278       0.17294398013535653     
   1.9250000000000002E-004  0.45066608597048924        6.0487549991412095      -0.18741739769841456        1.0002524285157159       0.18228697304484476     
   1.9260000000000002E-004  0.44804774102906608        6.0335117050239369      -0.17567650429761103        1.0002594775996494       0.19135337320476953     
   1.9270000000000002E-004  0.44548824386638786        6.0177895775005776      -0.16346350953534655        1.0002645113834789       0.20012258138042735     
   1.9280000000000000E-004  0.44299458322302515        6.0016449127332265      -0.15080016612989833        1.0002673737737091       0.20857424385233483     
   1.9290000000000000E-004  0.44057409673277370        5.9851347055194912      -0.13770767392718541        1.0002679443863542       0.21668864765791063     
   1.9300000000000000E-004  0.43823438306901524        5.9683150282110891      -0.12420658011378556        1.0002661383626670       0.22444701250831137     
   1.9310000000000000E-004  0.43598322838412429        5.9512390489838758      -0.11031671233914092        1.0002619013243863       0.23183162346598812     
   1.9320000000000001E-004  0.43382856671912740        5.9339548043777448       -9.6057151807709851E-002   1.0002552001229226       0.23882577000743990     
   1.9330000000000001E-004  0.43177848355508130        5.9165028889835245       -8.1446250908187509E-002   1.0002460109614113       0.24541348207720387     
   1.9340000000000001E-004  0.42984125149528435        5.8989142644784760       -6.6501695899618407E-002   1.0002343075216100       0.25157908787857658     
   1.9350000000000001E-004  0.42802536326998192        5.8812084143557701       -5.1240609555032138E-002   1.0002200529530365       0.25730667143465608     
   1.9360000000000002E-004  0.42633951103241569        5.8633920740005046       -3.5679681176388714E-002   1.0002032003160299       0.26257958098061984     
   1.9370000000000002E-004  0.42479246346194532        5.8454587429942952       -1.9835302268391704E-002   1.0001837051470202       0.26738020514249533     
   1.9379999999999999E-004  0.42339281853901856        5.8273891376959952       -3.7236773498975188E-003   1.0001615504942887       0.27169024199854636     
   1.9390000000000000E-004  0.42214865451136524        5.8091526689928976        1.2639124882707433E-002   1.0001367792870233       0.27549158950326141     
   1.9400000000000000E-004  0.42106714905700382        5.7907099303682390        2.9237209177610579E-002   1.0001095242497480       0.27876778589341306     
   1.9410000000000000E-004  0.42015426675907058        5.7720160590916585        4.6054990396154308E-002   1.0000800235447116       0.28150568152323452     
   1.9420000000000000E-004  0.41941460609631809        5.7530247091990230        6.3077409314647767E-002   1.0000486135429634       0.28369683159921033     
   1.9430000000000001E-004  0.41885144467002022        5.7336922741522836        8.0290173325857181E-002   1.0000156987443087       0.28533807160697933     
   1.9440000000000001E-004  0.41846694823648567        5.7139819447816338        9.7679941393584019E-002  0.99998170893676752       0.28643093615079046     
   1.9450000000000001E-004  0.41826244752936564        5.6938671941172263       0.11523436675257386       0.99994706164773839       0.28697997678050152     
   1.9460000000000001E-004  0.41823866569048174        5.6733343337276949       0.13294193281143446       0.99991214766317038       0.28699048718812625     
   1.9470000000000002E-004  0.41839580766074519        5.6523838643132578       0.15079156559226631       0.99987734857564037       0.28646646902221617     
   1.9480000000000002E-004  0.41873348560116735        5.6310304357763563       0.16877206649319346       0.99984307878199141       0.28540968033164410     
   1.9489999999999999E-004  0.41925052026040555        5.6093013487674250       0.18687145968292945       0.99980982901384274       0.28382022275193775     
   1.9500000000000000E-004  0.41994469929953648        5.5872336932260156       0.20507636660830830       0.99977818265736162       0.28169847452208679     
   1.9510000000000000E-004  0.42081258056621401        5.5648704431231888       0.22337149496274147       0.99974878564524650       0.27904754194364007     
   1.9520000000000000E-004  0.42184940821833128        5.5422560878803688       0.24173926872926313       0.99972227232565702       0.27587510970814799     
   1.9530000000000000E-004  0.42304917497424288        5.5194326129922144       0.26015955742326929       0.99969917382085827       0.27219382657565311     
   1.9540000000000001E-004  0.42440482119220613        5.4964367646660124       0.27860942148765722       0.99967984526317899       0.26802004947756530     
   1.9550000000000001E-004  0.42590851915703354        5.4732994793313221       0.29706280046237088       0.99966444110550101       0.26337155428944020     
   1.9560000000000001E-004  0.42755197108709353        5.4500480757327328       0.31549013174716917       0.99965294500064483       0.25826533028599014     
   1.9570000000000001E-004  0.42932666325224994        5.4267112906334143       0.33385797306165377       0.99964523417312889       0.25271653488186868     
   1.9580000000000002E-004  0.43122405341577563        5.4033265287364438       0.35212876223702122       0.99964114156049488       0.24673904162071558     
   1.9589999999999999E-004  0.43323570185071342        5.3799479225173865       0.37026084000641662       0.99964048379254800       0.24034708770462598     
   1.9599999999999999E-004  0.43535336927504931        5.3566532147510388       0.38820877942863680       0.99964304801402326       0.23355686196669465     
   1.9610000000000000E-004  0.43756909555019063        5.3335473889659868       0.40592395281040983       0.99964855801104668       0.22638690495981181     
   1.9620000000000000E-004  0.43987525131602451        5.3107615600162106       0.42335518954931722       0.99965665320902819       0.21885691415486297     
   1.9630000000000000E-004  0.44226453895137358        5.2884467883740687       0.44044938348743468       0.99966690455817031       0.21098555327218874     
   1.9640000000000000E-004  0.44472992799695427        5.2667637916432826       0.45715199168240822       0.99967886613269685       0.20278852458296764     
   1.9650000000000001E-004  0.44726454575031555        5.2458705299492614       0.47340747426997948       0.99969213803694834       0.19427806745820780     
   1.9660000000000001E-004  0.44986157703104945        5.2259100404083023       0.48915979071831978       0.99970641001975036       0.18546425427825478     
   1.9670000000000001E-004  0.45251423306861444        5.2070006613827253       0.50435305426754939       0.99972146818545571       0.17635747566835969     
   1.9680000000000001E-004  0.45521582277376416        5.1892300915090352       0.51893236655516362       0.99973716877784968       0.16697092873301445     
   1.9690000000000002E-004  0.45795991531092006        5.1726538185354576       0.53284475776141127       0.99975339871519731       0.15732202594614558     
   1.9699999999999999E-004  0.46074054522779351        5.1572975659059912       0.54604009595823422       0.99977004384222568       0.14743225962136419     
   1.9709999999999999E-004  0.46355239764695799        5.1431627333600698       0.55847182693206210       0.99978697650380788       0.13732576351362932     
   1.9720000000000000E-004  0.46639092436322238        5.1302334632572508       0.57009745370647402       0.99980406174138381       0.12702725721038061     
   1.9730000000000000E-004  0.46925237117605467        5.1184839695638882       0.58087873438457782       0.99982117348232502       0.11656011147370628     
   1.9740000000000000E-004  0.47213372616366073        5.1078850456595841       0.59078163760001390       0.99983821077752388       0.10594503175540307     
   1.9750000000000003E-004  0.47503261677813780        5.0984090857655389       0.59977612917351830       0.99985510755368801        9.5199519371197819E-002
   1.9760000000000003E-004  0.47794718757085192        5.0900333775842013       0.60783586947664259       0.99987183405663893        8.4337998925526458E-002
   1.9770000000000003E-004  0.48087598352884314        5.0827417565131583       0.61493788701511898       0.99988839167137078        7.3372365794482780E-002
   1.9780000000000004E-004  0.48381785293698454        5.0765249172949760       0.62106227155915061       0.99990480427132045        6.2312697599922744E-002
   1.9790000000000001E-004  0.48677187354396678        5.0713797640538525       0.62619190898812882       0.99992110910411058        5.1167937123882214E-002
   1.9800000000000002E-004  0.48973729910481117        5.0673081777289646       0.63031226481262481       0.99993734917611055        3.9946438389545341E-002
   1.9810000000000002E-004  0.49271352036118365        5.0643155369691195       0.63341121507989273       0.99995356801086455        2.8656342425664914E-002
   1.9820000000000002E-004  0.49570003431475235        5.0624092592954204       0.63547892031990449       0.99996980687744352        1.7305793564413006E-002
   1.9830000000000002E-004  0.49869641704181999        5.0615975571428029       0.63650773820949147       0.99998610415039701        5.9030309481606291E-003
   1.9840000000000002E-004  0.50170229720053494        5.0618885432711025       0.63649217212290599        1.0000024962514145       -5.5436055795792258E-003
   1.9850000000000003E-004  0.50471732910251366        5.0632897732182078       0.63542885437481278        1.0000190196010776       -1.7025718374444877E-002
   1.9860000000000003E-004  0.50774116541741787        5.0658082755840104       0.63331656442333706        1.0000357130155182       -2.8534909714438731E-002
   1.9870000000000003E-004  0.51077343006325659        5.0694510883336568       0.63015628361656895        1.0000526199621473       -4.0062820344640204E-002
   1.9880000000000003E-004  0.51381369152351897        5.0742262848190318       0.62595128952977319        1.0000697900053750       -5.1601110621975622E-002
   1.9890000000000001E-004  0.51686143565357234        5.0801444322131877       0.62070729481271025        1.0000872786465664       -6.3141339834528826E-002
   1.9900000000000001E-004  0.51991603502497097        5.0872203633537598       0.61443263744186039        1.0001051447830662       -7.4674695211131167E-002
   1.9910000000000001E-004  0.52297670924776540        5.0954750575548662       0.60713853068690860        1.0001234451336132       -8.6191528002587475E-002
   1.9920000000000002E-004  0.52604246820088230        5.1049373302914702       0.59883938021973404        1.0001422254430061       -9.7680684334180895E-002
   1.9930000000000002E-004  0.52911202901334220        5.1156449246959736       0.58955317027528287        1.0001615093231413      -0.10912867374835386     
   1.9940000000000002E-004  0.53218369984676894        5.1276445055829658       0.57930190774861878        1.0001812869533042      -0.12051880682585628     
   1.9950000000000002E-004  0.53525523094317951        5.1409900223854734       0.56811209168754861        1.0002015072382380      -0.13183053004077236     
   1.9960000000000003E-004  0.53832364671557120        5.1557389904279560       0.55601514810859309        1.0002220773423853      -0.14303925227197722     
   1.9970000000000003E-004  0.54138508934309770        5.1719464998838687       0.54304774427987512        1.0002428718094718      -0.15411693281456440     
   1.9980000000000003E-004  0.54443471703726976        5.1896572235074601       0.52925188543680668        1.0002637491597872      -0.16503353205583229     
   1.9990000000000003E-004  0.54746669943633131        5.2088963000385400       0.51467471395113606        1.0002845679816814      -0.17575910868042879     
   2.0000000000000001E-004  0.55047433116821898        5.2296605542477712       0.49936798221673723        1.0003051904284603      -0.18626597278460946     
   2.0010000000000001E-004  0.55345024377473673        5.2519118525574253       0.48338724627736457        1.0003254628979008      -0.19653007174307038     
   2.0020000000000001E-004  0.55638665135032495        5.2755742764914224       0.46679089874993679        1.0003451742018439      -0.20653091394285386     
   2.0030000000000002E-004  0.55927554104696386        5.3005361558792732       0.44963918942737841        1.0003640071139561      -0.21624990447865919     
   2.0040000000000002E-004  0.56210873518808691        5.3266569671066515       0.43199334635063791        1.0003815107533165      -0.22566777850104000     
   2.0050000000000002E-004  0.56487780763852757        5.3537779661802780       0.41391481973621591        1.0003971171968988      -0.23476242148963000     
   2.0060000000000002E-004  0.56757390969660049        5.3817345253560385       0.39546457551650555        1.0004102028945792      -0.24350826699130265     
   2.0070000000000003E-004  0.57018760328581053        5.4103677366132281       0.37670232640878454        1.0004201676337707      -0.25187759128063830     
   2.0080000000000003E-004  0.57270878351565335        5.4395330684120839       0.35768563861834829        1.0004264914012910      -0.25984288579415188     
   2.0090000000000003E-004  0.57512671266792859        5.4691046969673947       0.33846896481231614        1.0004287446173101      -0.26737885136077494     
   2.0100000000000001E-004  0.57743012874334787        5.4989753850255498       0.31910275737666771        1.0004265600318385      -0.27446284450439651     
   2.0110000000000001E-004  0.57960737737327517        5.5290529960667909       0.29963284005524848        1.0004196055328463      -0.28107366882455725     
   2.0120000000000001E-004  0.58164654646235492        5.5592554979124804       0.28010013850234761        1.0004075994500607      -0.28718975958756965     
   2.0130000000000001E-004  0.58353562962098671        5.5895064213600412       0.26054074123367404        1.0003903791334410      -0.29278824442464035     
   2.0140000000000002E-004  0.58526277150739436        5.6197322109118923       0.24098616291911804        1.0003679911795245      -0.29784578462203581     
   2.0150000000000002E-004  0.58681663285544683        5.6498619870084426       0.22146366589617342        1.0003407496952508      -0.30234090814895836     
   2.0160000000000002E-004  0.58818684925554443        5.6798293479004327       0.20199655840053987        1.0003092262967714      -0.30625659416475887     
   2.0170000000000002E-004  0.58936446840929235        5.7095752772232915       0.18260447777456912        1.0002741744952208      -0.30958179896498944     
   2.0180000000000003E-004  0.59034221721258329        5.7390511028725291       0.16330372817227845        1.0002364216897026      -0.31231126548107363     
   2.0190000000000003E-004  0.59111450204713911        5.7682206817383417       0.14410774523099035        1.0001967702376970      -0.31444382320085523     
   2.0200000000000003E-004  0.59167716937029380        5.7970613590750899       0.12502771275680627        1.0001559350848110      -0.31597997358013002     
   2.0210000000000001E-004  0.59202718590852332        5.8255636027122062       0.10607329407844530        1.0001145216226968      -0.31691964233580905     
   2.0220000000000001E-004  0.59216243461372475        5.8537294585127269        8.7253397606177466E-002   1.0000730368409674      -0.31726075322530672     
   2.0230000000000001E-004  0.59208172091043110        5.8815700985223565        6.8576879223085752E-002   1.0000319245113440      -0.31699907367005348     
   2.0240000000000001E-004  0.59178496878963971        5.9091027881447431        5.0053089130932954E-002  0.99999160612432869      -0.31612944798359122     
   2.0250000000000002E-004  0.59127352289618540        5.9363476136787803        3.1692199660113655E-002  0.99995250673390490      -0.31464804844428312     
   2.0260000000000002E-004  0.59055044644081978        5.9633242899621335        1.3505299960237485E-002  0.99991505258249669      -0.31255486155085482     
   2.0270000000000002E-004  0.58962070517935072        5.9900493125634195       -4.4957003487096116E-003  0.99987964208569147      -0.30985550599749967     
   2.0280000000000002E-004  0.58849115371253713        6.0165336333533883       -2.2298272592296012E-002  0.99984660566998218      -0.30656173554049909     
   2.0290000000000003E-004  0.58717029336286342        6.0427809514967237       -3.9889473091002131E-002  0.99981617505801157      -0.30269049563923855     
   2.0300000000000003E-004  0.58566784747808698        6.0687866519818972       -5.7256062245184647E-002  0.99978847629789569      -0.29826192543472357     
   2.0310000000000000E-004  0.58399427917306990        6.0945373808572896       -7.4384488742122390E-002  0.99976355116832116      -0.29329702801216984     
   2.0320000000000001E-004  0.58216038186176777        6.1200112150069721       -9.1260737253821639E-002  0.99974140086383012      -0.28781581922517296     
   2.0330000000000001E-004  0.58017701632692231        6.1451783600512249      -0.10787008277314467       0.99972203619749178      -0.28183655870332414     
   2.0340000000000001E-004  0.57805499580716424        6.1700022842817361      -0.12419682110808103       0.99970551415419218      -0.27537621801079354     
   2.0350000000000001E-004  0.57580506658364339        6.1944411606475835      -0.14022404491588883       0.99969194602716682      -0.26845184812468392     
   2.0360000000000002E-004  0.57343791589580129        6.2184494532231218      -0.15593351018047596       0.99968147374286220      -0.26108217110828319     
   2.0370000000000002E-004  0.57096415787149812        6.2419794615770368      -0.17130560096703157       0.99967422461527344      -0.25328868299069390     
   2.0380000000000002E-004  0.56839428229322064        6.2649826449942125      -0.18631936674045940       0.99967026300817974      -0.24509581609196221     
   2.0390000000000002E-004  0.56573857451054521        4.2252939811131540E-003 -0.20095258952975295       0.99966955759395437      -0.23653013595710570     
   2.0400000000000003E-004  0.56300701450563218        2.6030351977074595E-002 -0.21518184364149801       0.99967197413290410      -0.22761894601995120     
   2.0410000000000003E-004  0.56020916321233383        4.7165811717493789E-002 -0.22898253444839684       0.99967729137702033      -0.21838884518567533     
   2.0420000000000000E-004  0.55735405011860606        6.7585915314369416E-002 -0.24232893004893402       0.99968522976673901      -0.20886469961611231     
   2.0430000000000001E-004  0.55445008017072839        8.7245663898892545E-002 -0.25519421748381477       0.99969548129979824      -0.19906924864134751     
   2.0440000000000001E-004  0.55150497485110872       0.10610059423561768      -0.26755061799887642       0.99970773251171097      -0.18902330566250866     
   2.0450000000000001E-004  0.54852575275534987       0.12410661706266701      -0.27936958473670725       0.99972167808258861      -0.17874634046762336     
   2.0460000000000001E-004  0.54551874424233548       0.14121999928081852      -0.29062208739186973       0.99973702655213326      -0.16825716855376174     
   2.0470000000000002E-004  0.54248962779360488       0.15739754421422170      -0.30127896946752730       0.99975350186530476      -0.15757451499454461     
   2.0480000000000002E-004  0.53944347403636017       0.17259698664103329      -0.31131135060779996       0.99977084418009454      -0.14671731866474833     
   2.0490000000000002E-004  0.53638478671796774       0.18677757615163948      -0.32069104166924367       0.99978881198314662      -0.13570475266348328     
   2.0500000000000002E-004  0.53331753634999857       0.19990077987681065      -0.32939094322235546       0.99980718585248629      -0.12455602089237029     
   2.0510000000000003E-004  0.53024518748423410       0.21193100901903872      -0.33738540607710882       0.99982577306273301      -0.11329003397897715     
   2.0520000000000000E-004  0.52717072306167334       0.22283627907653525      -0.34465054147631830       0.99984441177958638      -0.10192506990618694     
   2.0530000000000000E-004  0.52409666969096835       0.23258873442877448      -0.35116447686387070       0.99986297375566802       -9.0478497361092994E-002
   2.0540000000000001E-004  0.52102512691301650       0.24116499886767162      -0.35690755916016403       0.99988136497707703       -7.8966601107738815E-002
   2.0550000000000001E-004  0.51795780218932130       0.24854634558052524      -0.36186251097672051       0.99989952427827800       -6.7404514740349725E-002
   2.0560000000000001E-004  0.51489605202772359       0.25471870602543323      -0.36601454675093736       0.99991742030755837       -5.5806245191889522E-002
   2.0570000000000001E-004  0.51184092864724029       0.25967255448857518      -0.36935145594881025       0.99993504741786976       -4.4184764715679066E-002
   2.0580000000000002E-004  0.50879323101180407       0.26340271458322206      -0.37186365995349568       0.99995242098232084       -3.2552146786570452E-002
   2.0590000000000002E-004  0.50575355885895579       0.26590813693651683      -0.37354424825079569       0.99996957257285501       -2.0919726872308954E-002
   2.0600000000000002E-004  0.50272236845734664       0.26719169853450619      -0.37438899833730993       0.99998654527210207       -9.2982766794358664E-003
   2.0610000000000002E-004  0.49970002909040073       0.26726005817734233      -0.37439638305847955        1.0000033891237958        2.3018152623136721E-003
   2.0620000000000002E-004  0.49668687953339830       0.26612358541237313      -0.37356756821735354        1.0000201567466422        1.3870359372775528E-002
   2.0630000000000000E-004  0.49368328401689643       0.26379637078829443      -0.37190640204745379        1.0000368990821289        2.5397177868111343E-002
   2.0640000000000000E-004  0.49068968729568269       0.26029630998546338      -0.36941939706003690        1.0000536611923285        3.6871914954222949E-002
   2.0650000000000000E-004  0.48770666844076616       0.25564523826052810      -0.36611570371268493        1.0000704780304150        4.8283845325868414E-002
   2.0660000000000001E-004  0.48473499284313437       0.24986907727843199      -0.36200707426581236        1.0000873701512651        5.9621684001915060E-002
   2.0670000000000001E-004  0.48177566169257724       0.24299794555823429      -0.35710781404523528        1.0001043394249605        7.0873405041210452E-002
   2.0680000000000001E-004  0.47882995793869643       0.23506617850834566      -0.35143471607709675        1.0001213649269400        8.2026082389361141E-002
   2.0690000000000001E-004  0.47589948752083133       0.22611220535303467      -0.34500697390580670        1.0001383993069128        9.3065771481524950E-002
   2.0700000000000002E-004  0.47298621463244805       0.21617824207333136      -0.33784606620824303        1.0001553661055387       0.10397745701469939     
   2.0710000000000002E-004  0.47009249007041504       0.20530978835536917      -0.32997560575101109        1.0001721585200098       0.11474509052093650     
   2.0720000000000002E-004  0.46722107238910804       0.19355494805035356      -0.32142114533068022        1.0001886399807216       0.12535173522583948     
   2.0730000000000000E-004  0.46437514254116741       0.18096362889184903      -0.31220993496915839        1.0002046466105645       0.13577981648232465     
   2.0740000000000000E-004  0.46155831377081824       0.16758671195416497      -0.30237062824693967        1.0002199912188334       0.14601144969318092     
   2.0750000000000000E-004  0.45877463931977674       0.15347530340450888      -0.29193294151116223        1.0002344680566764       0.15602878692206607     
   2.0760000000000000E-004  0.45602862057275317       0.13868018113357117      -0.28092727725528688        1.0002478573623410       0.16581430038290909     
   2.0770000000000001E-004  0.45332521723295954       0.12325152167296327      -0.26938433081326157        1.0002599288992147       0.17535091813943132     
   2.0780000000000001E-004  0.45066985887572342       0.10723894042026050      -0.25733470556663640        1.0002704444094734       0.18462195359301953     
   2.0790000000000001E-004  0.44806845414297325        9.0691814065953835E-002 -0.24480856355631964        1.0002791599553158       0.19361082504728827     
   2.0800000000000001E-004  0.44552739105854344        7.3659787928570530E-002 -0.23183533482301527        1.0002858299103043       0.20230063301096513     
   2.0810000000000002E-004  0.44305352099905321        5.6193314496973734E-002 -0.21844350024732678        1.0002902146098205       0.21067372818319297     
   2.0820000000000002E-004  0.44065412149969918        3.8344052218607594E-002 -0.20466044984968793        1.0002920931763037       0.21871143871762469     
   2.0830000000000002E-004  0.43833683838995957        2.0164966958340358E-002 -0.19051240557115465        1.0002912808471762       0.22639410452893932     
   2.0840000000000000E-004  0.43610961329251563        1.7100154219855668E-003 -0.17602438923968272        1.0002876477572615       0.23370148445064870     
   2.0850000000000000E-004  0.43398060555350515        6.2662186498004893      -0.16122021565837419        1.0002811336542254       0.24061347005665432     
   2.0860000000000000E-004  0.43195811645945070        6.2473732960027526      -0.14612249875225308        1.0002717526818019       0.24711090437092939     
   2.0870000000000000E-004  0.43005051874417594        6.2284094778887455      -0.13075267212930056        1.0002595845672773       0.25317622257614308     
   2.0880000000000001E-004  0.42826618894820173        6.2093725756516438      -0.11513103832357137        1.0002447535800525       0.25879366208526544     
   2.0890000000000001E-004  0.42661343700283172        6.1903010150566029       -9.9276866222170773E-002   1.0002274020848985       0.26394894471392916     
   2.0900000000000001E-004  0.42510042692174088        6.1712242683655916       -8.3208549066706272E-002   1.0002076689606119       0.26862856657662143     
   2.0910000000000001E-004  0.42373508263058457        6.1521612039560791       -6.6943816809284046E-002   1.0001856816377039       0.27281903428139770     
   2.0920000000000002E-004  0.42252497202591938        6.1331189954873144       -5.0499973513787308E-002   1.0001615646121058       0.27650644998428719     
   2.0930000000000002E-004  0.42147716178084521        6.1140927661527735       -3.3894113280179335E-002   1.0001354595466985       0.27967672562738605     
   2.0939999999999999E-004  0.42059803896593406        6.0950660946280228       -1.7143266049506344E-002   1.0001075467684062       0.28231644370493331     
   2.0950000000000000E-004  0.41989310794234835        6.0760124432029050       -2.6444088296085320E-004   1.0000780576486825       0.28441409618426094     
   2.0960000000000000E-004  0.41936679117810094        6.0568974778872642        1.6725435643555928E-002   1.0000472726184051       0.28596126359233426     
   2.0970000000000000E-004  0.41902227592775709        6.0376821326169123        3.3809655260669758E-002   1.0000155068589558       0.28695331830946136     
   2.0980000000000000E-004  0.41886144481665055        6.0183261486487458        5.0971883330793770E-002  0.99998309161125265       0.28738943070969380     
   2.0990000000000001E-004  0.41888490583907301        5.9987917338501369        6.8196272085335921E-002  0.99995036025087691       0.28727192901378978     
   2.1000000000000001E-004  0.41909210404890923        5.9790469610500674        8.5467481467769280E-002  0.99991764500881131       0.28660528955465148     
   2.1010000000000001E-004  0.41948146806274428        5.9590685698322909       0.10277058114131143       0.99988528410874733       0.28539512482752682     
   2.1020000000000001E-004  0.42005053379276930        5.9388439373695041       0.12009083430913157       0.99985363407311834       0.28364747472915453     
   2.1030000000000002E-004  0.42079600152420993        5.9183721096665325       0.13741338628812122       0.99982308031240497       0.28136855780225306     
   2.1040000000000002E-004  0.42171371571800154        5.8976639012171086       0.15472289454485824       0.99979404029549990       0.27856498572167199     
   2.1049999999999999E-004  0.42279859564462757        5.8767411571984773       0.17200314172286113       0.99976695610668920       0.27524433025000228     
   2.1060000000000000E-004  0.42404457613933200        5.8556353233923932       0.18923666957646851       0.99974227563097928       0.27141585828020803     
   2.1070000000000000E-004  0.42544462282856688        5.8343855000346352       0.20640446144542968       0.99972042400537475       0.26709122261069207     
   2.1080000000000000E-004  0.42699085988629359        5.8130361928736578       0.22348568539763403       0.99970176805774469       0.26228487235268633     
   2.1090000000000000E-004  0.42867480643524769        5.7916350316743372       0.24045749215769197       0.99968657998084576       0.25701396820838318     
   2.1100000000000001E-004  0.43048767682341060        5.7702307966442064       0.25729484802796937       0.99967500878265281       0.25129769772181099     
   2.1110000000000001E-004  0.43242067617962737        5.7488721386899524       0.27397038070355051       0.99966706872526301       0.24515609006013092     
   2.1120000000000001E-004  0.43446522630335033        5.7276073402236856       0.29045422885481892       0.99966264948939743       0.23860865372057424     
   2.1130000000000001E-004  0.43661308528863080        5.7064852935618644       0.30671391107842610       0.99966154590581668       0.23167329547397286     
   2.1140000000000002E-004  0.43885636463819805        5.6855575779901146       0.32271425615128457       0.99966349741340255       0.22436593228460366     
   2.1149999999999999E-004  0.44118748105961730        5.6648811709848879       0.33841745039649795       0.99966822366547514       0.21670094979441387     
   2.1159999999999999E-004  0.44359909241444384        5.6445210588116081       0.35378324891192009       0.99967544543173392       0.20869229928088356     
   2.1170000000000000E-004  0.44608405694209285        5.6245519354165019       0.36876936544073541       0.99968488818991219       0.20035473950974800     
   2.1180000000000000E-004  0.44863543467143396        5.6050583512677106       0.38333201361271452       0.99969627468961231       0.19170468960375500     
   2.1190000000000000E-004  0.45124652959979811        5.5861330490795273       0.39742653856476673       0.99970931704698407       0.18276037629074801     
   2.1200000000000000E-004  0.45391095636922074        5.5678736737660426       0.41100806592048589       0.99972371658671855       0.17354129331862597     
   2.1210000000000001E-004  0.45662271037157931        5.5503784172059083       0.42403210675668179       0.99973917376859134       0.16406726962759388     
   2.1220000000000001E-004  0.45937622470601414        5.5337413499995529       0.43645508348267104       0.99975540452273548       0.15435753988900960     
   2.1230000000000001E-004  0.46216640674375187        5.5180481757841431       0.44823476932739426       0.99977215663974195       0.14443011888547141     
   2.1240000000000001E-004  0.46498865549034563        5.5033729702839871       0.45933065240217413       0.99978922095309408       0.13430158757893645     
   2.1250000000000002E-004  0.46783886514437356        5.4897762167307302       0.46970424093853530       0.99980643520671553       0.12398721786674331     
   2.1259999999999999E-004  0.47071342003730343        5.4773042004808081       0.47931932216910694       0.99982368159663981       0.11350126970723112     
   2.1269999999999999E-004  0.47360918362498650        5.4659896264637062       0.48814217981577557       0.99984088059258236       0.10285729877814032     
   2.1280000000000000E-004  0.47652348170169145        5.4558531924027642       0.49614176934483645       0.99985798363876477        9.2068375828979004E-002
   2.1290000000000000E-004  0.47945407885412311        5.4469057897624573       0.50328984847391167       0.99987496646003637        8.1147192296472465E-002
   2.1300000000000000E-004  0.48239914746418378        5.4391510040993110       0.50956106250027389       0.99989182367388463        7.0106078396491397E-002
   2.1310000000000000E-004  0.48535722960775435        5.4325876318530515       0.51493298806031107       0.99990856469362355        5.8956979986552208E-002
   2.1320000000000001E-004  0.48832719314203582        5.4272120042509355       0.51938614302528907       0.99992521059375428        4.7711436394854548E-002
   2.1330000000000001E-004  0.49130818378645996        5.4230199895332509       0.52290397298382740       0.99994179164162611        3.6380586172645626E-002
   2.1340000000000001E-004  0.49429957501811927        5.4200086146530140       0.52547282574880305       0.99995834528197747        2.4975210750836908E-002
   2.1350000000000001E-004  0.49730091716706754        5.4181773046174140       0.52708192490825467       0.99997491445074516        1.3505814828372783E-002
   2.1359999999999999E-004  0.50031188647628477        5.4175287717435987       0.52772335200855214       0.99999154613310870        1.9827364077226817E-003
   2.1369999999999999E-004  0.50333223430325524        5.4180695987628891       0.52739204482659252        1.0000082900988416       -9.5837226536178727E-003
   2.1379999999999999E-004  0.50636173619993730        5.4198105517410227       0.52608581668994192        1.0000251977370136       -2.1183154750953448E-002
   2.1390000000000000E-004  0.50940014034706260        5.4227666370224226       0.52380539909251900        1.0000423209004852       -3.2804902175023125E-002
   2.1400000000000000E-004  0.51244711472877369        5.4269568875458978       0.52055450701881689        1.0000597106631248       -4.4437918663597309E-002
   2.1410000000000000E-004  0.51550219250747731        5.4324038339876815       0.51633992349091806        1.0000774158952628       -5.6070644270034949E-002
   2.1420000000000000E-004  0.51856471531757775        5.4391325942959323       0.51117159704760584        1.0000954815244767       -6.7690899390330406E-002
   2.1430000000000000E-004  0.52163377461796112        5.4471695155662783       0.50506274351706837        1.0001139462725106       -7.9285800964936037E-002
   2.1440000000000001E-004  0.52470815175373375        5.4565403215066954       0.49802994156085434        1.0001328396400193       -9.0841697696860402E-002
   2.1450000000000001E-004  0.52778625793236311        5.4672677681452369       0.49009321044358839        1.0001521778138083      -0.10234411415263531     
   2.1460000000000001E-004  0.53086607576507761        5.4793688904286908       0.48127605873018925        1.0001719580984278      -0.11377768413831471     
   2.1469999999999999E-004  0.53394510430143727        5.4928520250933603       0.47160549405024876        1.0001921515337855      -0.12512604805876151     
   2.1479999999999999E-004  0.53702030942449464        5.5077138986571912       0.46111198624584276        1.0002126936799487      -0.13637169014096748     
   2.1489999999999999E-004  0.54008808117402962        5.5239371452279489       0.44982937803641315        1.0002334742036743      -0.14749570739730863     
   2.1499999999999999E-004  0.54314419937988845        5.5414886362278510       0.43779473739488589        1.0002543268934370      -0.15847753734347633     
   2.1510000000000000E-004  0.54618380924299836        5.5603189452248092       0.42504814315378991        1.0002750227165971      -0.16929472326032230     
   2.1520000000000000E-004  0.54920140927857464        5.5803631388622303       0.41163239049316569        1.0002952689099724      -0.17992284702298339     
   2.1530000000000000E-004  0.55219085469743923        5.6015428857579082       0.39759259796741475        1.0003147162453361      -0.19033577329713894     
   2.1540000000000000E-004  0.55514537857739010        5.6237696381027646       0.38297569725187763        1.0003329739501343      -0.20050628505154952     
   2.1550000000000001E-004  0.55805763034543654        5.6469484253965110       0.36782979661524162        1.0003496282409776      -0.21040704060038146     
   2.1560000000000001E-004  0.56091972635593068        5.6709816706438749       0.35220343169864776        1.0003642580463477      -0.22001159627939193     
   2.1570000000000001E-004  0.56372330216482236        5.6957724474541802       0.33614474810336692        1.0003764426519963      -0.22929511974896849     
   2.1579999999999999E-004  0.56645955138075255        5.7212267667956453       0.31970068798051282        1.0003857618111869      -0.23823447644365464     
   2.1589999999999999E-004  0.56911923029335731        5.7472547804285750       0.30291626229738461        1.0003917960885702      -0.24680763829449365     
   2.1599999999999999E-004  0.57169261365513613        5.7737711179143405       0.28583397499385071        1.0003941378328736      -0.25499270154439363     
   2.1609999999999999E-004  0.57416941860718373        5.8006948017843190       0.26849343127234704        1.0003924182305077      -0.26276699141602972     
   2.1620000000000000E-004  0.57653875107787345        5.8279492165519127       0.25093112448332555        1.0003863473154373      -0.27010667721977982     
   2.1630000000000000E-004  0.57878914332271292        5.8554624446549237       0.23318036811224502        1.0003757574547774      -0.27698709038820329     
   2.1640000000000000E-004  0.58090872535210614        5.8831680224877170       0.21527132814306943        1.0003606387499437      -0.28338367548228521     
   2.1650000000000000E-004  0.58288551827187851        5.9110059540815403       0.19723111612515615        1.0003411570472103      -0.28927332359859670     
   2.1660000000000001E-004  0.58470778712980120        5.9389237284901437       0.17908391998460466        1.0003176476864877      -0.29463572800713272     
   2.1670000000000001E-004  0.58636437784378104        5.9668771086872923       0.16085117195991519        1.0002905813032044      -0.29945434265818227     
   2.1679999999999998E-004  0.58784498811768537        5.9948305350111415       0.14255177260060498        1.0002605057818743      -0.30371655828897098     
   2.1689999999999999E-004  0.58914033919683462        6.0227570597286135       0.12420239615174024        1.0002279791861193      -0.30741294443447043     
   2.1699999999999999E-004  0.59024223443453294        6.0506377946563896       0.10581789140960117        1.0001935125895700      -0.31053576102920516     
   2.1709999999999999E-004  0.59114353162904398        6.0784609157984564        8.7411768591089969E-002   1.0001575386602146      -0.31307724376649998     
   2.1719999999999999E-004  0.59183810125206049        6.1062203220746367        6.8996733106915578E-002   1.0001204142102760      -0.31502833723112855     
   2.1730000000000000E-004  0.59232085888188080        6.1339140846345934        5.0585199538253689E-002   1.0000824528470496      -0.31637847456072754     
   2.1740000000000000E-004  0.59258792804024463        6.1615428418362432        3.2189705275068120E-002   1.0000439716366967      -0.31711667314616016     
   2.1750000000000000E-004  0.59263691882687397        6.1891082842809571        1.3823154891790359E-002   1.0000053286716992      -0.31723369951216374     
   2.1760000000000000E-004  0.59246722334407897        6.2166118288907652       -4.5011332472190543E-003  0.99996693065702780      -0.31672455657450876     
   2.1770000000000001E-004  0.59208020903582714        6.2440535231696099       -2.2769545832134169E-002  0.99992920412511466      -0.31559027670818984     
   2.1780000000000001E-004  0.59147922469489955        6.2714311662257227       -4.0968369843990819E-002  0.99989254716050391      -0.31383824772131463     
   2.1789999999999998E-004  0.59066939750916547        1.5554296198588169E-002  -5.9083951409083929E-002  0.99985729093063547      -0.31148097320449403     
   2.1799999999999999E-004  0.58965728036217013        4.2784843960258279E-002  -7.7102726679669428E-002  0.99982369310227637      -0.30853387141370775     
   2.1809999999999999E-004  0.58845047251223270        6.9924818949380629E-002  -9.5011087251245852E-002  0.99979196502935785      -0.30501306328092126     
   2.1819999999999999E-004  0.58705733707456154        9.6957163252931799E-002 -0.11279510270881607       0.99976231758360767      -0.30093397628541507     
   2.1829999999999999E-004  0.58548686105480174       0.12386017573161023      -0.13044016428093005       0.99973500300954565      -0.29631115522401374     
   2.1840000000000000E-004  0.58374862316990617       0.15060736663464347      -0.14793062399502260       0.99971033139838339      -0.29115912111969322     
   2.1850000000000000E-004  0.58185279989689564       0.17716744027249209      -0.16524948438616716       0.99968865219333791      -0.28549367802813391     
   2.1860000000000000E-004  0.57981014250427054       0.20350438293707551      -0.18237815842601857       0.99967030836116355      -0.27933295063522456     
   2.1870000000000000E-004  0.57763188161389456       0.22957761289980638      -0.19929628740751487       0.99965558300564461      -0.27269768030237745     
   2.1880000000000001E-004  0.57532954283100757       0.25534215587405296      -0.21598159096741076       0.99964465864033936      -0.26561074039807991     
   2.1889999999999998E-004  0.57291468464011286       0.28074884054302807      -0.23240973111229601       0.99963759942628450      -0.25809618735938106     
   2.1899999999999998E-004  0.57039860014918808       0.30574453005608238      -0.24855419290096731       0.99963435427322334      -0.25017827772473644     
   2.1909999999999999E-004  0.56779205467138671       0.33027239997945479      -0.26438620412951869       0.99963477133160950      -0.24188074100267573     
   2.1919999999999999E-004  0.56510512784865807       0.35427224989936690      -0.27987472431811755       0.99963861699763645      -0.23322639729163552     
   2.1929999999999999E-004  0.56234717968147785       0.37768082360938315      -0.29498652985064977       0.99964559612041504      -0.22423709835538563     
   2.1939999999999999E-004  0.55952690937944161       0.40043213894370577      -0.30968641197899799       0.99965537203748522      -0.21493393179789358     
   2.1950000000000005E-004  0.55665245123788520       0.42245789420269730      -0.32393749079585271       0.99966758464845762      -0.20533759874910434     
   2.1960000000000003E-004  0.55373145722939965       0.44368807522478981      -0.33770163404713893       0.99968186528918868      -0.19546884018086241     
   2.1970000000000003E-004  0.55077113890743357       0.46405188992832436      -0.35093995721389176       0.99969784802453587      -0.18534877066967598     
   2.1980000000000003E-004  0.54777826549452646       0.48347909184616000      -0.36361337257637322       0.99971517845441005      -0.17499901071599788     
   2.1990000000000003E-004  0.54475913096470274       0.50190164583093377      -0.37568315166872390       0.99973352126250237      -0.16444158080546573     
   2.2000000000000003E-004  0.54171950822399961       0.51925558128634552      -0.38711146784747602       0.99975256745452801      -0.15369859994403834     
   2.2010000000000004E-004  0.53866460503419744       0.53548281148159571      -0.39786189222166907       0.99977204117878637      -0.14279188372253174     
   2.2020000000000004E-004  0.53559903328980574       0.55053268920088616      -0.40789982506068800       0.99979170530340689      -0.13174254156004844     
   2.2030000000000004E-004  0.53252679894699706       0.56436311037329823      -0.41719285363008879       0.99981136497026268      -0.12057064581509071     
   2.2040000000000004E-004  0.52945131413991042       0.57694106280817881      -0.42571103437452362       0.99983086883980221      -0.10929500987106969     
   2.2050000000000005E-004  0.52637542852747865       0.58824260238193116      -0.43342710318823141       0.99985010794627793       -9.7933081809517389E-002
   2.2060000000000002E-004  0.52330147473101574       0.59825229992841766      -0.44031662224867185       0.99986901241547987       -8.6500940978661164E-002
   2.2070000000000002E-004  0.52023132253197957       0.60696225483374011      -0.44635807421451074       0.99988754660746815       -7.5013374185299575E-002
   2.2080000000000003E-004  0.51716643746474800       0.61437080833322710      -0.45153291502938886       0.99990570338295326       -6.3484005023039969E-002
   2.2090000000000003E-004  0.51410794078309618       0.62048110576048821      -0.45582559579172355       0.99992349820261928       -5.1925451803061809E-002
   2.2100000000000003E-004  0.51105666898458690       0.62529965302836032      -0.45922356284904919       0.99994096357282036       -4.0349494032270464E-002
   2.2110000000000003E-004  0.50801323197053316       0.62883499323034187      -0.46171724381839374       0.99995814419440543       -2.8767235837988254E-002
   2.2120000000000004E-004  0.50497806950631763       0.63109660053152261      -0.46330002592249508       0.99997509291087361       -1.7189259267302439E-002
   2.2130000000000004E-004  0.50195150598788218       0.63209405817438835      -0.46396823175631380       0.99999186742439750       -5.6257666006798200E-003
   2.2140000000000004E-004  0.49893380369857199       0.63183656256298537      -0.46372109633422576        1.0000085276342576        5.9132864971802182E-003
   2.2150000000000004E-004  0.49592521483713031       0.63033277350062189      -0.46256074801789832        1.0000251333735011        1.7418063929878404E-002
   2.2160000000000005E-004  0.49292603263044188       0.62759101280345764      -0.46049219467132019        1.0000417423024743        2.8878724401955540E-002
   2.2170000000000002E-004  0.48993664183505914       0.62361979898612852      -0.45752331504356419        1.0000584077291472        4.0285295477298241E-002
   2.2180000000000002E-004  0.48695756890195230       0.61842869059662675      -0.45366485400766976        1.0000751761493674        5.1627543552953153E-002
   2.2190000000000003E-004  0.48398953204454476       0.61202939214017427      -0.44893041894134011        1.0000920843383807        6.2894837529804681E-002
   2.2200000000000003E-004  0.48103349141140817       0.60443705302780693      -0.44333647329015835        1.0001091558674950        7.4076003921599756E-002
   2.2210000000000003E-004  0.47809069950077554       0.59567166303026386      -0.43690232227692882        1.0001263970134042        8.5159171641618681E-002
   2.2220000000000003E-004  0.47516275177713119       0.58575941955292965      -0.42965008462427606        1.0001437921363578        9.6131608294584753E-002
   2.2230000000000004E-004  0.47225163699354450       0.57473391660059114      -0.42160464326625902        1.0001612987738087       0.10697955382296877     
   2.2240000000000004E-004  0.46935978578643400       0.56263698854826494      -0.41279356696745695        1.0001788428953629       0.11768806891939461     
   2.2250000000000004E-004  0.46649011461756956       0.54951904690028375      -0.40324699361966015        1.0001963150322544       0.12824092671716839     
   2.2260000000000004E-004  0.46364606025877886       0.53543877979659005      -0.39299746498761617        1.0002135680704061       0.13862058642929972     
   2.2270000000000005E-004  0.46083159838941073       0.52046214825945736      -0.38207970250258161        1.0002304174168839       0.14880828912736885     
   2.2280000000000002E-004  0.45805123966853228       0.50466071033092774      -0.37053031522536817        1.0002466438818769       0.15878430114617009     
   2.2290000000000002E-004  0.45530999909372055       0.48810942471656826      -0.35838743521227345        1.0002619990105426       0.16852829767607500     
   2.2300000000000003E-004  0.45261334023190519       0.47088420633879657      -0.34569028263388252        1.0002762119643220       0.17801983336765492     
   2.2310000000000003E-004  0.44996710397104284       0.45305959198305157      -0.33247867258457808        1.0002889967638355       0.18723880476991528     
   2.2320000000000003E-004  0.44737743887987352       0.43470688798814816      -0.31879248590640119        1.0003000588977535       0.19616579095518041     
   2.2330000000000003E-004  0.44485075315908201       0.41589309008180919      -0.30467113513391492        1.0003091011697205       0.20478218112682620     
   2.2340000000000004E-004  0.44239370365511049       0.39668069284205387      -0.29015306129653273        1.0003158297260510       0.21307006041000098     
   2.2350000000000004E-004  0.44001322691232986       0.37712828655112141      -0.27527529575752119        1.0003199620755832       0.22101191133666340     
   2.2360000000000004E-004  0.43771660253363953       0.35729164339839858      -0.26007311336844835        1.0003212384760956       0.22859025569049435     
   2.2370000000000004E-004  0.43551152216320532       0.33722489105684073      -0.24457979078903308        1.0003194368727268       0.23578737742224501     
   2.2380000000000002E-004  0.43340612641140774       0.31698139064253628      -0.22882647052963417        1.0003143897990523       0.24258522756674838     
   2.2390000000000002E-004  0.43140897366389169       0.29661405881310987      -0.21284212023413679        1.0003060007013638       0.24896554620463146     
   2.2400000000000002E-004  0.42952892144242477       0.27617504006562843      -0.19665357009077111        1.0002942571841402       0.25491018169582819     
   2.2410000000000003E-004  0.42777492876466888       0.25571478060599784      -0.18028560943141517        1.0002792388285990       0.26040155623103961     
   2.2420000000000003E-004  0.42615581536115360       0.23528063941083488      -0.16376112598109854        1.0002611176035590       0.26542320883824377     
   2.2430000000000003E-004  0.42468002777715674       0.21491520050336632      -0.14710127708644305        1.0002401485073962       0.26996030897971618     
   2.2440000000000003E-004  0.42335545527209284       0.19465445509530976      -0.13032568980017420        1.0002166493478020       0.27399999358759897     
   2.2450000000000004E-004  0.42218931380084268       0.17452603491963803      -0.11345269311632714        1.0001909715875217       0.27753137484487683     
   2.2460000000000004E-004  0.42118808605158120       0.15454770324295808       -9.6499586941278304E-002   1.0001634688507921       0.28054515297267701     
   2.2470000000000004E-004  0.42035748496554337       0.13472632593658851       -7.9482945208622424E-002   1.0001344731703519       0.28303295119377014     
   2.2480000000000004E-004  0.41970240850015472       0.11505752793972057       -6.2418934840243738E-002   1.0001042874312285       0.28498668216941486     
   2.2490000000000002E-004  0.41922686716653007        9.5526182206822519E-002  -4.5323614245812598E-002   1.0000731955819451       0.28639832020327888     
   2.2500000000000002E-004  0.41893388348538613        7.6107783472390445E-002  -2.8213165010420749E-002   1.0000414832765327       0.28726031815259950     
   2.2510000000000002E-004  0.41882537851376761        5.6770646701222560E-002  -1.1104016912108217E-002   1.0000094563623156       0.28756661723798960     
   2.2520000000000003E-004  0.41890207073667118        3.7478760742684081E-002   5.9871486933641346E-003  0.99997744567425972       0.28731388714730732     
   2.2530000000000003E-004  0.41916341471416124        1.8195039896673926E-002   2.3043496130765138E-002  0.99994579484452950       0.28650247975760357     
   2.2540000000000003E-004  0.41960759988206864        6.2820699710307926        4.0048180047694143E-002  0.99991483779650114       0.28513668419253846     
   2.2550000000000003E-004  0.42023161498500350        6.2627034959126897        5.6984469712286087E-002  0.99988487846985963       0.28322418032222235     
   2.2560000000000004E-004  0.42103136532164664        6.2432594549573039        7.3835794814948716E-002  0.99985618390965725       0.28077494653453128     
   2.2570000000000004E-004  0.42200181524908287        6.2237262366441017        9.0585683549186863E-002  0.99982899383155077       0.27780009927848265     
   2.2580000000000004E-004  0.42313712573232881        6.2041031184598570       0.10721759920950265       0.99980354048417619       0.27431112660915702     
   2.2590000000000002E-004  0.42443076896941306        6.1844004312561269       0.12371470922593741       0.99978006689221011       0.27031974738774583     
   2.2600000000000002E-004  0.42587561827713177        6.1646389247751419       0.14005963110575531       0.99975883247904695       0.26583831375555367     
   2.2610000000000002E-004  0.42746402502358205        6.1448484912352006       0.15623419272635583       0.99974010156804716       0.26088043738166666     
   2.2620000000000002E-004  0.42918790055021316        6.1250664677170654       0.17221922636839532       0.99972411820735829       0.25546145661694913     
   2.2630000000000003E-004  0.43103881853695131        6.1053357651163047       0.18799439661907544       0.99971107683978111       0.24959847978645683     
   2.2640000000000003E-004  0.43300814491986800        6.0857030554893292       0.20353805060679087       0.99970109903978288       0.24330996293912210     
   2.2650000000000003E-004  0.43508719192476597        6.0662172020627647       0.21882707901801796       0.99969422288668042       0.23661498482485824     
   2.2660000000000003E-004  0.43726738280008370        6.0469280594735642       0.23383678630509849       0.99969040581158208       0.22953248413214239     
   2.2670000000000004E-004  0.43954040632332297        6.0278857232787422       0.24854078254327802       0.99968953697256313       0.22208070071545782     
   2.2680000000000004E-004  0.44189833785044880        6.0091402650964403       0.26291092053065640       0.99969145337366605       0.21427695192191740     
   2.2690000000000004E-004  0.44433370864609334        5.9907419379024214       0.27691730474184240       0.99969595482498574       0.20613773968880234     
   2.2700000000000002E-004  0.44683951750280143        5.9727417642044678       0.29052839249184370       0.99970281526172644       0.19767908146508667     
   2.2710000000000002E-004  0.44940919551554481        5.9551923367003514       0.30371119491694254       0.99971179065918814       0.18891691908569400     
   2.2720000000000002E-004  0.45203654914331037        5.9381485938634979       0.31643157097300006       0.99972262489960784       0.17986747338985065     
   2.2730000000000002E-004  0.45471570979157377        5.9216683162336228       0.32865459546703585       0.99973505517510641       0.17054745498159340     
   2.2740000000000003E-004  0.45744111018459510        5.9058121409870674       0.34034497478432857       0.99974881794392256       0.16097409226052550     
   2.2750000000000003E-004  0.46020749405019917        5.8906430028648584       0.35146748187261956       0.99976365578579895       0.15116498661237962     
   2.2760000000000003E-004  0.46300995263539219        5.8762250454088969       0.36198738481405601       0.99977932478883713       0.14113784313072875     
   2.2770000000000003E-004  0.46584397388841520        5.8626221600814326       0.37187084880263321       0.99979560172635895       0.13091014537984805     
   2.2780000000000003E-004  0.46870548891657798        5.8498963758795028       0.38108529804999647       0.99981229017293460       0.12049884356749861     
   2.2790000000000004E-004  0.47159090412843413        5.8381063309121597       0.38959973068825843       0.99982922481587122       0.10992010858130515     
   2.2800000000000001E-004  0.47449711327601890        5.8273060174210407       0.39738498505041880       0.99984627361514511        9.9189178452561200E-002
   2.2810000000000001E-004  0.47742148903570208        5.8175439230543855       0.40441395942261510       0.99986333785073533        8.8320298893439703E-002
   2.2820000000000002E-004  0.48036185736234588        5.8088626154391827       0.41066178959090477       0.99988035042224466        7.7326742543301949E-002
   2.2830000000000002E-004  0.48331645936323980        5.8012987503955760       0.41610598965312334       0.99989727291537578        6.6220883945984327E-002
   2.2840000000000002E-004  0.48628390534156191        5.7948834349196252       0.42072656203893288       0.99991409194629755        5.5014308701303000E-002
   2.2850000000000002E-004  0.48926312467803834        5.7896428464501764       0.42450608267264234       0.99993081526049665        4.3717940069812923E-002
   2.2860000000000003E-004  0.49225331397136207        5.7855989961965850       0.42742976697541019       0.99994746787116562        3.2342172796917167E-002
   2.2870000000000003E-004  0.49525388475574178        5.7827705275478625       0.42948552202682255       0.99996408842586071        2.0897009767237157E-002
   2.2880000000000003E-004  0.49826441130786758        5.7811734526190381       0.43066398980339793       0.99998072583351283        9.3922016171039194E-003
   2.2890000000000003E-004  0.50128457853910879        5.7808217458701971       0.43095858560621619       0.99999743613481396       -2.1626101896184582E-003
   2.2900000000000004E-004  0.50431412966569822        5.7817277324800704       0.43036553483298590        1.0000142795207043       -1.3757744703338010E-002
   2.2910000000000001E-004  0.50735281318339853        5.7839022298074338       0.42888391013255572        1.0000313173542894       -2.5383325588593759E-002
   2.2920000000000001E-004  0.51040032860167683        5.7873544220148485       0.42651566969512916        1.0000486090260161       -3.7029117074406183E-002
   2.2930000000000002E-004  0.51345627040060393        5.7920914708120552       0.42326569601499275        1.0000662084702430       -4.8684352052273311E-002
   2.2940000000000002E-004  0.51652006977370735        5.7981178879557334       0.41914183289386053        1.0000841602102195       -6.0337553969911639E-002
   2.2950000000000002E-004  0.51959093394122291        5.8054347174774446       0.41415491680100730        1.0001024948522634       -7.1976355779595505E-002
   2.2960000000000002E-004  0.52266778322665264        5.8140385998423598       0.40831879707388841        1.0001212240248962       -8.3587322716162440E-002
   2.2970000000000003E-004  0.52574918678216120        5.8239208099199740       0.40165033789693155        1.0001403348752649       -9.5155786250316052E-002
   2.2980000000000003E-004  0.52883329884276786        5.8350663727720304       0.39416939353953756        1.0001597843953809      -0.10666570220889383     
   2.2990000000000003E-004  0.53191779866754185        5.8474533645148901       0.38589874733841079        1.0001794939405753      -0.11809954562602139     
   2.3000000000000003E-004  0.53499983865069012        5.8610524959578720       0.37686400451978475        1.0001993444402635      -0.12943825958774266     
   2.3010000000000001E-004  0.53807600601065986        5.8758270553170320       0.36709342945101386        1.0002191729132810      -0.14066127641230095     
   2.3020000000000001E-004  0.54114230324237766        5.8917332531069606       0.35661771938480991        1.0002387709421809      -0.15174663085367929     
   2.3030000000000001E-004  0.54419415032611973        5.9087209701849472       0.34546970932202925        1.0002578857186266      -0.16267118079924878     
   2.3040000000000002E-004  0.54722640691028746        5.9267348613205533       0.33368400629518125        1.0002762241121468      -0.17341093731669804     
   2.3050000000000002E-004  0.55023340577611601        5.9457156978772758       0.32129655513300953        1.0002934600212867      -0.18394148082584064     
   2.3060000000000002E-004  0.55320898192558876        5.9656017865349558       0.30834414352697892        1.0003092444447961      -0.19423840810238857     
   2.3070000000000002E-004  0.55614647858580690        5.9863303023044914       0.29486386289252442        1.0003232170901437      -0.20427772709164274     
   2.3080000000000003E-004  0.55903871664685756        6.0078384093532273       0.28089255163199051        1.0003350178200954      -0.21403610011677890     
   2.3090000000000003E-004  0.56187792915500823        6.0300641092908300       0.26646625730686890        1.0003442965502658      -0.22349084701833941     
   2.3100000000000003E-004  0.56465568321955106        6.0529468273582534       0.25161976015372656        1.0003507213854141      -0.23261966864983988     
   2.3110000000000003E-004  0.56736282388068460        6.0764277946678940       0.23638619723946358        1.0003539875535385      -0.24140015645782886     
   2.3120000000000001E-004  0.56998947087528073        6.1004502983455566       0.22079681100677245        1.0003538310226401      -0.24980928521410509     
   2.3130000000000001E-004  0.57252508836263238        6.1249598583510272       0.20488082164852070        1.0003500492695947      -0.25782316269499139     
   2.3140000000000001E-004  0.57495863187725105        6.1499043727200879       0.18866539840638008        1.0003425271216972      -0.26541726691934625     
   2.3150000000000002E-004  0.57727875988643385        6.1752342718662190       0.17217569189457557        1.0003312593820848      -0.27256721754076829     
   2.3160000000000002E-004  0.57947407974505361        6.2009027358418711       0.15543489438546870        1.0003163593642994      -0.27924987665901957     
   2.3170000000000002E-004  0.58153338027402635        6.2268660219411203       0.13846431380157023        1.0002980448274734      -0.28544436963241054     
   2.3180000000000002E-004  0.58344579485166803        6.2530839187752489       0.12128347033379308        1.0002766011035842      -0.29113258286595073     
   2.3190000000000003E-004  0.58520085546681411        6.2795202982621605       0.10391024087299972        1.0002523306781281      -0.29629886404819011     
   2.3200000000000003E-004  0.58678845697009974        2.2958388110068562E-002   8.6361077795996638E-002   1.0002255046062143      -0.30092895384800644     
   2.3210000000000003E-004  0.58819882249400379        4.9742513119322318E-002   6.8651311782464267E-002   1.0001963347025160      -0.30500853827423646     
   2.3220000000000001E-004  0.58942257073757642        7.6666606213456667E-002   5.0795513861556466E-002   1.0001649812224578      -0.30852212496429582     
   2.3230000000000001E-004  0.59045093572664342       0.10371557028919298        3.2807852648940990E-002   1.0001315952642833      -0.31145297701934921     
   2.3240000000000001E-004  0.59127611639173316       0.13087985641085442        1.4702361860975666E-002   1.0000963752333765      -0.31378444323553956     
   2.3250000000000001E-004  0.59189167588350389       0.15815509497158775       -3.5069509016035835E-003   1.0000596066568102      -0.31550233943046369     
   2.3260000000000002E-004  0.59229288870597085       0.18554146163926344       -2.1806169916665827E-002   1.0000216631676473      -0.31659742971728383     
   2.3270000000000002E-004  0.59247695079056506       0.21304274977979354       -4.0181659060620420E-002  0.99998296952243682      -0.31706692019461002     
   2.3280000000000002E-004  0.59244301335039595       0.24066511294350157       -5.8620267801232070E-002  0.99994395049221318      -0.31691431367561373     
   2.3290000000000002E-004  0.59219204653661794       0.26841546865160826       -7.7109442381883636E-002  0.99990499565261248      -0.31614773517427930     
   2.3300000000000003E-004  0.59172658944658996       0.29629961442646913       -9.5637162743165235E-002  0.99986645795637141      -0.31477748607172723     
   2.3310000000000003E-004  0.59105047926337484       0.32432016506933703      -0.11419168283681687       0.99982868387849377      -0.31281381467302383     
   2.3320000000000003E-004  0.59016864790416323       0.35247447515910491      -0.13276110732270879       0.99979205823428396      -0.31026569189432374     
   2.3330000000000001E-004  0.58908703643645077       0.38075274941713566      -0.15133287306268012       0.99975704053652459      -0.30714090116204512     
   2.3340000000000001E-004  0.58781262622735042       0.40913654778974529      -0.16989321339648103       0.99972417368053090      -0.30344722296441773     
   2.3350000000000001E-004  0.58635353264924761       0.43759785284711850      -0.18842666954415083       0.99969405868419881      -0.29919411708779969     
   2.3360000000000001E-004  0.58471905331936791       0.46609880435518214      -0.20691568677291444       0.99966730334058385      -0.29439426813207414     
   2.3370000000000002E-004  0.58291957811189721       0.49459212605390501      -0.22534030327911195       0.99964445607272923      -0.28906449207043600     
   2.3380000000000002E-004  0.58096633787693863       0.52302216266094081      -0.24367791246234838       0.99962593977015546      -0.28322569886805388     
   2.3390000000000002E-004  0.57887103969834686       0.55132630792822113      -0.26190306329564594       0.99961200109025583      -0.27690187800700983     
   2.3400000000000002E-004  0.57664548007140082       0.57943646337453814      -0.27998726628996157       0.99960268906928096      -0.27011838378923853     
   2.3410000000000003E-004  0.57430122508178838       0.60728009239530945      -0.29789879598966285       0.99959786927722993      -0.26290005825762186     
   2.3420000000000003E-004  0.57184940392212036       0.63478050457140878      -0.31560251947930107       0.99959726930610926      -0.25526986394100387     
   2.3430000000000000E-004  0.56930061445388236       0.66185626141161613      -0.33305981904618842       0.99960053728349563      -0.24724854517318717     
   2.3440000000000001E-004  0.56666491856106449       0.68841997748719752      -0.35022869156062203       0.99960729023249240      -0.23885537055204531     
   2.3450000000000001E-004  0.56395188678594521       0.71437715209656716      -0.36706408080755937       0.99961713860769907      -0.23010950329664009     
   2.3460000000000001E-004  0.56117064438054898       0.73962584257348229      -0.38351844191317080       0.99962968793182039      -0.22103129011612682     
   2.3470000000000001E-004  0.55832988523890115       0.76405786676864018      -0.39954247746650451       0.99964453017525634      -0.21164286476784092     
   2.3480000000000002E-004  0.55543784821846065       0.78756182337039249      -0.41508595019928635       0.99966124015664548      -0.20196785439571713     
   2.3490000000000002E-004  0.55250227418355613       0.81002769226848148      -0.43009847939329465       0.99967938586457772      -0.19203042959491737     
   2.3500000000000002E-004  0.54953036789348297       0.83135233183370350      -0.44453025992279283       0.99969855129199869      -0.18185420345654463     
   2.3510000000000002E-004  0.54652877820247037       0.85144495416551624      -0.45833268394418358       0.99971836260598135      -0.17146145025360210     
   2.3520000000000002E-004  0.54350359406643078       0.87023166756525860      -0.47145887564042105       0.99973850790948771      -0.16087286503600581     
   2.3530000000000003E-004  0.54046034440713542       0.88765839260862478      -0.48386415993899390       0.99975874501594220      -0.15010779751909489     
   2.3540000000000000E-004  0.53740399305577380       0.90369180304814556      -0.49550647937498754       0.99977889767877737      -0.13918471538283050     
   2.3550000000000001E-004  0.53433892864539423       0.91831832063520746      -0.50634675893415704       0.99979884467309366      -0.12812163504978336     
   2.3560000000000001E-004  0.53126895635072025       0.93154151407162367      -0.51634920725192168       0.99981850689670282      -0.11693635699165032     
   2.3570000000000001E-004  0.52819730058396386       0.94337845325961833      -0.52548153937213671       0.99983783608364962      -0.10564646964638354     
   2.3580000000000001E-004  0.52512662508375829       0.95385563592030298      -0.53371511089459922       0.99985680666803400       -9.4269180065503874E-002
   2.3590000000000001E-004  0.52205907181477929       0.96300504046744528      -0.54102496276750456       0.99987541060906382       -8.2821068269398015E-002
   2.3600000000000002E-004  0.51899631551299075       0.97086070444826333      -0.54738978623149925       0.99989365417250009       -7.1317855643897074E-002
   2.3610000000000002E-004  0.51593962817540928       0.97745604071685843      -0.55279182525468173       0.99991155561810474       -5.9774246740152567E-002
   2.3620000000000002E-004  0.51288994746734784       0.98282193340182378      -0.55721673772842106       0.99992914311941417       -4.8203868456297261E-002
   2.3630000000000002E-004  0.50984794423590596       0.98698553281995149      -0.56065343695341341       0.99994645264290505       -3.6619302478912985E-002
   2.3640000000000000E-004  0.50681408618204915       0.98996959974723886      -0.56309393255733975       0.99996352584633907       -2.5032192501674606E-002
   2.3650000000000000E-004  0.50378869652646463       0.99179223000246974      -0.56453318629238547       0.99998040813415301       -1.3453402161604934E-002
   2.3660000000000000E-004  0.50077200787817566       0.99246680356542516      -0.56496899413636481       0.99999714697985742       -1.8932034909727206E-003
   2.3670000000000001E-004  0.49776421233880752       0.99200203769568507      -0.56440190251502376        1.0000137905238162        9.6385179611965625E-003
   2.3680000000000001E-004  0.49476550928511931       0.99040207362242239      -0.56283516313850346        1.0000303863823528        2.1132050064411656E-002
   2.3690000000000001E-004  0.49177615242715178       0.98766657901644894      -0.56027472814072021        1.0000469805080534        3.2577636939104877E-002
   2.3700000000000001E-004  0.48879649773923500       0.98379090006434744      -0.55672928471248062        1.0000636159137706        4.3965259662274922E-002
   2.3710000000000002E-004  0.48582705371305851       0.97876634499845494      -0.55221032587771590        1.0000803311126656        5.5284418923225151E-002
   2.3720000000000002E-004  0.48286853499121735       0.97258072039606347      -0.54673225116891477        1.0000971582131908        6.6523929168318577E-002
   2.3730000000000002E-004  0.47992191967430331       0.96521926631108368      -0.54031248756270578        1.0001141207446205        7.7671742072506544E-002
   2.3740000000000002E-004  0.47698850932193043       0.95666613431657321      -0.53297161695819295        1.0001312314245141        8.8714829120046926E-002
   2.3750000000000000E-004  0.47406998892447977       0.94690651471072140      -0.52473349228968669        1.0001484901175173        9.9639157159460950E-002
   2.3760000000000000E-004  0.47116848227985225       0.93592944183710003      -0.51562532073934453        1.0001658821770181       0.11042978697665477     
   2.3770000000000000E-004  0.46828659689148744       0.92373118781898533      -0.50567769117088690        1.0001833769449113       0.12107109818923879     
   2.3780000000000001E-004  0.46542745258690760       0.91031900081114348      -0.49492452571451084        1.0002009255674895       0.13154709794184424     
   2.3790000000000001E-004  0.46259469028280720       0.89571478387090941      -0.48340294343101664        1.0002184567623755       0.14184171269076784     
   2.3800000000000001E-004  0.45979246169720378       0.87995818183860397      -0.47115303639707740        1.0002358692322060       0.15193892009524346     
   2.3810000000000001E-004  0.45702540603724512       0.86310848831594811      -0.45821757183438072        1.0002530206592857       0.16182259103484384     
   2.3820000000000002E-004  0.45429862314404856       0.84524483739896095      -0.44464164208311135        1.0002697156758751       0.17147600919825795     
   2.3830000000000002E-004  0.45161765161800510       0.82646432201232756      -0.43047228153958983        1.0002856979417294       0.18088120747656791     
   2.3840000000000002E-004  0.44898845427582196       0.80687797873536926      -0.41575805441506486        1.0003006526163993       0.19001843654807707     
   2.3850000000000000E-004  0.44641740443704508       0.78660497007159247      -0.40054859545678817        1.0003142228448367       0.19886614009849229     
   2.3860000000000000E-004  0.44391126086715643       0.76576571682313244      -0.38489407111256024        1.0003260375860601       0.20740166018723125     
   2.3870000000000000E-004  0.44147712229406622       0.74447507590459328      -0.36884453552389751        1.0003357408006444       0.21560254905808351     
   2.3880000000000000E-004  0.43912236546417577       0.72283678724373956      -0.35244918954553583        1.0003430093090200       0.22344798475094388     
   2.3890000000000001E-004  0.43685458795564225       0.70094021724895406      -0.33575560073332944        1.0003475518152005       0.23091962110126638     
   2.3900000000000001E-004  0.43468158280196678       0.67885989895887544      -0.31880898252062440        1.0003490934570038       0.23800140596313465     
   2.3910000000000001E-004  0.43261135691835995       0.65665765312766577      -0.30165163706137177        1.0003473609911813       0.24467840138491706     
   2.3920000000000001E-004  0.43065217556874219       0.63438641550508912      -0.28432262967953315        1.0003420864881285       0.25093517560609518     
   2.3930000000000002E-004  0.42881258718142784       0.61209453732280128      -0.26685769820184724        1.0003330387935270       0.25675459914486759     
   2.3940000000000002E-004  0.42710137420028677       0.58982936985681977      -0.24928933828531924        1.0003200760702529       0.26211770732270373     
   2.3950000000000002E-004  0.42552739379258964       0.56763932026128128      -0.23164697584035701        1.0003031991756546       0.26700477269451300     
   2.3960000000000000E-004  0.42409931062270462       0.54557409421533265      -0.21395715143961408        1.0002825824561659       0.27139715029897310     
   2.3970000000000000E-004  0.42282526655438241       0.52368332604590151      -0.19624368636544567        1.0002585679911264       0.27527912508474472     
   2.3980000000000000E-004  0.42171256134416257       0.50201411061110335      -0.17852784863936019        1.0002316252660441       0.27863904269896400     
   2.3990000000000000E-004  0.42076741927121913       0.48060805838142073      -0.16082856499629150        1.0002022917531046       0.28146936818142348     
   2.4000000000000001E-004  0.41999488970712329       0.45949843793358358      -0.14316272156371451        1.0001711151588539       0.28376577670555736     
   2.4010000000000001E-004  0.41939888606516373       0.43870782458762125      -0.12554556777590717        1.0001386131088230       0.28552573646338270     
   2.4020000000000001E-004  0.41898231984708972       0.41824651799805057      -0.10799120166789375        1.0001052556624410       0.28674713993965500     
   2.4030000000000001E-004  0.41874725515364214       0.39811187279885196       -9.0513086049961708E-002   1.0000714670136137       0.28742742637037622     
   2.4040000000000002E-004  0.41869500594192655       0.37828861234523004       -7.3124532198105413E-002   1.0000376381896627       0.28756341646338074     
   2.4050000000000002E-004  0.41882612533019342       0.35875014333620925       -5.5839091755077348E-002   1.0000041411532312       0.28715184155835988     
   2.4059999999999999E-004  0.41914028357619604       0.33946082731306237       -3.8670816055141076E-002  0.99997133719451092       0.28619034948795169     
   2.4070000000000000E-004  0.41963608094966720       0.32037907400380305       -2.1634368992246952E-002  0.99993957655124355       0.28467866783361584     
   2.4080000000000000E-004  0.42031087349834401       0.30146100960605349       -4.7450077623039932E-003  0.99990918972240650       0.28261959649449236     
   2.4090000000000000E-004  0.42116068915712346       0.28266437386257159        1.1981530357506438E-002  0.99988047371503275       0.28001956354701368     
   2.4100000000000000E-004  0.42218027907474909       0.26395224722562283        2.8529182150510580E-002  0.99985367800553526       0.27688859953695438     
   2.4110000000000001E-004  0.42336329884121204       0.24529623020780633        4.4881697816807703E-002  0.99982899560221883       0.27323974484385677     
   2.4120000000000001E-004  0.42470256921201482       0.22667878974943090        6.1022719629579045E-002  0.99980656291975889       0.26908805940131758     
   2.4130000000000001E-004  0.42619034945565643       0.20809462171287763        7.6935774231545573E-002  0.99978646976331720       0.26444952278608957     
   2.4140000000000001E-004  0.42781856847906685       0.18955101570588972        9.2604178234071757E-002  0.99976877670586939       0.25934014176185488     
   2.4150000000000002E-004  0.42957898755329577       0.17106731806890885       0.10801087993851577       0.99975353382092336       0.25377550166636481     
   2.4160000000000002E-004  0.43146329868145139       0.15267366006298655       0.12313827424982460       0.99974079399434956       0.24777083456611176     
   2.4169999999999999E-004  0.43346318197790112       0.13440915450650159       0.13796802977135264       0.99973061577921907       0.24134149333730634     
   2.4180000000000000E-004  0.43557034940179601       0.11631978052728531       0.15248095788248117       0.99972305478125101       0.23450358809094701     
   2.4190000000000000E-004  0.43777659396234858        9.8456177644208331E-002  0.16665693768087553       0.99971814674833570       0.22727450231341090     
   2.4200000000000000E-004  0.44007385048949316        8.0871554633985099E-002  0.18047489410467196       0.99971588851147319       0.21967307079008250     
   2.4210000000000000E-004  0.44245426367960505        6.3619887030763600E-002  0.19391281511091410       0.99971622345578692       0.21171933908353660     
   2.4220000000000001E-004  0.44491025493676944        4.6754528150724894E-002  0.20694779088321275       0.99971903618580027       0.20343397940308261     
   2.4230000000000001E-004  0.44743458078965787        3.0327298030213612E-002  0.21955606322901342       0.99972415745034660       0.19483754763613248     
   2.4240000000000001E-004  0.45002037997505434        1.4388050310087053E-002  0.23171308324371293       0.99973137709553561       0.18594980016132401     
   2.4250000000000001E-004  0.45266120992903447        6.2821699650391185       0.24339358516746376       0.99974046077785872       0.17678924388662559     
   2.4260000000000002E-004  0.45535107429653726        6.2673486180090006       0.25457168991240026       0.99975116605364278       0.16737299597225647     
   2.4269999999999999E-004  0.45808444228837325        6.2531542972648566       0.26522105097202764       0.99976325492479667       0.15771692545745741     
   2.4279999999999999E-004  0.46085626014604625        6.2396312754058947       0.27531504931423290       0.99977650191583856       0.14783597528099179     
   2.4290000000000000E-004  0.46366195487865108        6.2268235222581954       0.28482703580108715       0.99979069818983779       0.13774453603369172     
   2.4300000000000000E-004  0.46649743076608696        6.2147749279510265       0.29373061148502805       0.99980565326198390       0.12745676063987901     
   2.4310000000000000E-004  0.46935905944464829        6.2035292985969424       0.30199993015137871       0.99982119578059325       0.11698675290666137     
   2.4320000000000000E-004  0.47224366449549210        6.1931301266117949       0.30961000530877381       0.99983717437344077       0.10634861405917609     
   2.4330000000000000E-004  0.47514850128253217        6.1836201773945492       0.31653700524205713       0.99985345886794041        9.5556372827132488E-002
   2.4340000000000001E-004  0.47807123256148459        6.1750409591057993       0.32275852359214546       0.99986994169019883        8.4623847752650680E-002
   2.4350000000000001E-004  0.48100990015013595        6.1674321498498017       0.32825381785643393       0.99988653897093338        7.3564494479989528E-002
   2.4360000000000001E-004  0.48396289283049693        6.1608310487692810       0.33300401298315946       0.99990319092559699        6.2391281488959005E-002
   2.4370000000000001E-004  0.48692891063016203        6.1552721005003121       0.33699227102943280       0.99991986121990850        5.1116620104116939E-002
   2.4379999999999999E-004  0.48990692569179101        6.1507865207712014       0.34020393035658786       0.99993653527536330        3.9752359508935853E-002
   2.4389999999999999E-004  0.49289614002041576        6.1474020247425631       0.34262661874244221       0.99995321766825174        2.8309843314626559E-002
   2.4399999999999999E-004  0.49589594047439045        6.1451426436424166       0.34425034498357054       0.99996992880455715        1.6800017887659245E-002
   2.4410000000000000E-004  0.49890585138850746        6.1440286066414922       0.34506757310530017       0.99998670107234999        5.2335795716041333E-003
   2.4420000000000003E-004  0.50192548521491398        6.1440762618466227       0.34507328236128654        1.0000035746394857       -6.3788516329055401E-003
   2.4429999999999998E-004  0.50495449156266115        6.1452980129803887       0.34426501505876866        1.0000205930044122       -1.8026542522213647E-002
   2.4439999999999998E-004  0.50799250501635917        6.1477022553133480       0.34264291299578947        1.0000377983600743       -2.9698450228136681E-002
   2.4449999999999998E-004  0.51103909212758858        6.1512933039505002       0.34020974197812126        1.0000552268127829       -4.1383027195756220E-002
   2.4459999999999998E-004  0.51409369799610205        6.1560713174443888       0.33697090248631828        1.0000729035253169       -5.3068036754514103E-002
   2.4469999999999998E-004  0.51715559288047042        6.1620322260827987       0.33293442300286596        1.0000908379308091       -6.4740390772096271E-002
   2.4479999999999999E-004  0.52022381928715200        6.1691676863953457       0.32811093126906477        1.0001090191467819       -7.6386024248329673E-002
   2.4489999999999999E-004  0.52329713997217786        6.1774650939042095       0.32251359769883031        1.0001274118666654       -8.7989824039715683E-002
   2.4499999999999999E-004  0.52637398722105255        6.1869076811785213       0.31615804411795884        1.0001459531002039       -9.9535628195414824E-002
   2.4509999999999999E-004  0.52945241365780604        6.1974747202725720       0.30906221078494400        1.0001645500719727      -0.11100630768240964     
   2.4520000000000000E-004  0.53253004470944765        6.2091418349136767       0.30124617571881546        1.0001830794291950      -0.12238392752133828     
   2.4530000000000000E-004  0.53560403274901636        6.2218814080884703       0.29273192304879658        1.0002013876226761      -0.13364996434564519     
   2.4540000000000000E-004  0.53867101294882580        6.2356630473862182       0.28354306173662575        1.0002192920031252      -0.14478553022944560     
   2.4550000000000000E-004  0.54172706105910651        6.2504540490805480       0.27370450233415694        1.0002365819314643      -0.15577153003931071     
   2.4560000000000001E-004  0.54476765379528524        6.2662197907847217       0.26324210652034497        1.0002530193172878      -0.16658867314015005     
   2.4570000000000001E-004  0.54778763325828972        6.2829239909967916       0.25218233054063532        1.0002683386117834      -0.17721728241752771     
   2.4580000000000001E-004  0.55078117775710789        1.7343487822139458E-002  0.24055188650584047        1.0002822474676114      -0.18763690113431580     
   2.4590000000000001E-004  0.55374178212005309        3.5809377196911463E-002  0.22837744313236738        1.0002944303936103      -0.19782578127364070     
   2.4600000000000002E-004  0.55666225108917911        5.5094945106658244E-002  0.21568537906416088        1.0003045584023644      -0.20776042162078409     
   2.4610000000000002E-004  0.55953470979488362        7.5156617751297006E-002  0.20250158891428488        1.0003123067322548      -0.21741537059747368     
   2.4620000000000002E-004  0.56235063632181770        9.5948431634513831E-002  0.18885132893444634        1.0003173801062153      -0.22676348162725196     
   2.4630000000000002E-004  0.56510092172348136       0.11742199169299283       0.17475908125046671        1.0003195410507266      -0.23577669075561580     
   2.4639999999999997E-004  0.56777595785435886       0.13952673258715009       0.16024841703379469        1.0003186335562171      -0.24442720666667517     
   2.4649999999999997E-004  0.57036574395241868       0.16221058053818904       0.14534185065472313        1.0003145932237549      -0.25268882007584692     
   2.4659999999999998E-004  0.57285999260569465       0.18542106257333923       0.13006069497871520        1.0003074378976085      -0.26053793151236498     
   2.4669999999999998E-004  0.57524820975649915       0.20910683542943520       0.11442494483851193        1.0002972388875895      -0.26795392614978503     
   2.4679999999999998E-004  0.57751972928740403       0.23321952967566073        9.8453224244489435E-002   1.0002840801968371      -0.27491870532279700     
   2.4689999999999998E-004  0.57966370375166165       0.25771574119725482        8.2162827700705654E-002   1.0002680189830948      -0.28141546973286019     
   2.4699999999999999E-004  0.58166908293015718       0.28255895205962478        6.5569865268018696E-002   1.0002490617484345      -0.28742714448057610     
   2.4709999999999999E-004  0.58352463617975558       0.30772115472339046        4.8689491562091625E-002   1.0002271665982330      -0.29293502902785218     
   2.4719999999999999E-004  0.58521907349466651       0.33318398544643824        3.1536169793836777E-002   1.0002022736021066      -0.29791825976372976     
   2.4729999999999999E-004  0.58674129626435934       0.35893922734967987        1.4123903382718933E-002   1.0001743540990069      -0.30235444830003327     
   2.4740000000000000E-004  0.58808077804024128       0.38498859817265707       -3.5336305584865828E-003   1.0001434616459759      -0.30622144834032078     
   2.4750000000000000E-004  0.58922803158895554       0.41134277876858327       -2.1423087005400254E-002   1.0001097661230438      -0.30949976559820136     
   2.4760000000000000E-004  0.59017507339652087       0.43801967223192939       -3.9531597423901429E-002   1.0000735596351524      -0.31217484213463248     
   2.4770000000000000E-004  0.59091576907761112       0.46504193605559063       -5.7847005451587122E-002   1.0000352345799315      -0.31423845122680322     
   2.4780000000000001E-004  0.59144594950072260       0.49243390251322428       -7.6358110238727406E-002  0.99999524619732860      -0.31568875015583570     
   2.4790000000000001E-004  0.59176324182204043       0.52021808924120982       -9.5054819585378411E-002  0.99995407632937272      -0.31652900932409977     
   2.4800000000000001E-004  0.59186666986796121       0.54841158445939708      -0.11392812540413956       0.99991220974636374      -0.31676543774786070     
   2.4810000000000001E-004  0.59175622409316064       0.57702264705237472      -0.13296984283081720       0.99987012785750218      -0.31640469221018819     
   2.4820000000000002E-004  0.59143263170879379       0.60604789408394399      -0.15217209878596746       0.99982832697583479      -0.31545176410448711     
   2.4830000000000002E-004  0.59089742592913963       0.63547046765939186      -0.17152661727671295       0.99978736206616092      -0.31390904356759636     
   2.4840000000000002E-004  0.59015324025799742       0.66525954681941268      -0.19102390965699328       0.99974789527153807      -0.31177713283344088     
   2.4849999999999997E-004  0.58920415488818412       0.69537144589784194      -0.21065250413221062       0.99971071075041795      -0.30905727573670977     
   2.4859999999999997E-004  0.58805593368241893       0.72575226595971909      -0.23039831612033790       0.99967666473050398      -0.30575438545214600     
   2.4870000000000003E-004  0.58671606296920087       0.75634164109314206      -0.25024417963142909       0.99964657409018487      -0.30187918150786791     
   2.4880000000000003E-004  0.58519357586981469       0.78707664484125939      -0.27016947510142292       0.99962108651967208      -0.29744833523283482     
   2.4890000000000003E-004  0.58349871304696155       0.81789455713565040      -0.29014975099334367       0.99960058917298189      -0.29248257142346634     
   2.4900000000000004E-004  0.58164253764001927       0.84873317477847454      -0.31015627067851020       0.99958519663016265      -0.28700378054748504     
   2.4910000000000004E-004  0.57963660788166682       0.87952788366637336      -0.33015551671222898       0.99957481859779040      -0.28103282479981634     
   2.4920000000000004E-004  0.57749272278321606       0.91020568826690962      -0.35010879766743991       0.99956925879331626      -0.27458931582716684     
   2.4930000000000004E-004  0.57522268129911114       0.94067752358106826      -0.36997214348580704       0.99956827837287543      -0.26769326585149478     
   2.4940000000000004E-004  0.57283799572491390       0.97083109553472280      -0.38969659526500133       0.99957158936443413      -0.26036709869468500     
   2.4950000000000005E-004  0.57034957722136115        1.0005268340388920      -0.40922883299256307       0.99957879790628357      -0.25263608315525415     
   2.4960000000000005E-004  0.56776751479573306        1.0295990827389927      -0.42851194301303147       0.99958935900325119      -0.24452620456807772     
   2.4970000000000005E-004  0.56510108017613303        1.0578634705599894      -0.44748610754429802       0.99960260217351959      -0.23606039829879280     
   2.4980000000000005E-004  0.56235898469330381        1.0851298235837605      -0.46608912854301654       0.99961783603544829      -0.22725555931434249     
   2.4990000000000006E-004  0.55954977320535704        1.1112184557786380      -0.48425689616837686       0.99963447824050977      -0.21812257627967940     
   2.5000000000000006E-004  0.55668215830443768        1.1359766527747226      -0.50192403807608432       0.99965213772382655      -0.20866987406573997     
   2.5010000000000006E-004  0.55376511816395346        1.1592919043018091      -0.51902494932445220       0.99967060912106021      -0.19890885824098750     
   2.5020000000000006E-004  0.55080769128154150        1.1810991112624105      -0.53549522379558256       0.99968979334949926      -0.18885859902193286     
   2.5030000000000001E-004  0.54781854940390051        1.2013804952996976      -0.55127329375809309       0.99970959570421514      -0.17854755493956873     
   2.5040000000000001E-004  0.54480552812932126        1.2201587731401595      -0.56630195373582970       0.99972985642151135      -0.16801169693758014     
   2.5050000000000002E-004  0.54177528617406401        1.2374856946520429      -0.58052946428048702       0.99975034072154245      -0.15729010101380189     
   2.5060000000000002E-004  0.53873318164075112        1.2534287825859307      -0.59391007578262101       0.99977077838267092      -0.14641997056346112     
   2.5070000000000002E-004  0.53568335649410759        1.2680589342560200      -0.60640399510616416       0.99979092168124117      -0.13543285579311218     
   2.5080000000000002E-004  0.53262895590758330        1.2814407184946521      -0.61797695275626985       0.99981059164509389      -0.12435294879560418     
   2.5090000000000003E-004  0.52957239214404250        1.2936261676341836      -0.62859957600453209       0.99982969763516727      -0.11319737542413082     
   2.5100000000000003E-004  0.52651558195853387        1.3046519822386662      -0.63824674505443557       0.99984823102393128      -0.10197780819513023     
   2.5110000000000003E-004  0.52346012085706672        1.3145395199844216      -0.64689704177508134       0.99986624270630053       -9.0702576287241196E-002
   2.5120000000000003E-004  0.52040738898091488        1.3232967284753210      -0.65453233078010642       0.99988381577991436       -7.9378617735837251E-002
   2.5130000000000004E-004  0.51735860292080327        1.3309212040217622      -0.66113746306624899       0.99990104171384053       -6.8012913095165162E-002
   2.5140000000000004E-004  0.51431483466848671        1.3374037020298104      -0.66670006897010725       0.99991800395802255       -5.6613310734405536E-002
   2.5150000000000004E-004  0.51127701716050955        1.3427316058427623      -0.67121040477363081       0.99993476939399895       -4.5188832744332490E-002
   2.5160000000000004E-004  0.50824595007851536        1.3468920312141703      -0.67466122653795890       0.99995138605748757       -3.3749624866214391E-002
   2.5170000000000005E-004  0.50522231317002841        1.3498743816822731      -0.67704767775806296       0.99996788483986687       -2.2306716351438285E-002
   2.5180000000000005E-004  0.50220668927940160        1.3516722691612815      -0.67836718804150731       0.99998428328247202       -1.0871713034872799E-002
   2.5190000000000005E-004  0.49919959599860686        1.3522847805915408      -0.67861938683222689        1.0000005900999147        5.4350086956280570E-004
   2.5200000000000005E-004  0.49620152314493965        1.3517171041965748      -0.67780603831348296        1.0000168097267370        1.1927026064702135E-002
   2.5210000000000006E-004  0.49321297260425451        1.3499805410448511      -0.67593100248557292        1.0000329466468474        2.3267178858239833E-002
   2.5220000000000006E-004  0.49023449699944099        1.3470919294571955      -0.67300022438429663        1.0000490095033991        3.4552707243029349E-002
   2.5230000000000006E-004  0.48726673392076175        1.3430725078545045      -0.66902174991872843        1.0000650149964128        4.5773009676565155E-002
   2.5240000000000001E-004  0.48431043310641791        1.3379462441801202      -0.66400576437711623        1.0000809913824449        5.6918358287694537E-002
   2.5250000000000001E-004  0.48136647521483200        1.3317376744484113      -0.65796464938385146        1.0000969810462659        6.7980102407139517E-002
   2.5260000000000001E-004  0.47843588300221496        1.3244693274067307      -0.65091305727679516        1.0001130410782921        7.8950785413324301E-002
   2.5270000000000002E-004  0.47551982905972878        1.3161588741040422      -0.64286800890527451        1.0001292404980913        8.9824071884770387E-002
   2.5280000000000002E-004  0.47261964855652294        1.3068162323949570      -0.63384903054150921        1.0001456524337764       0.10059434971259701     
   2.5290000000000002E-004  0.46973686978462914        1.2964409673897057      -0.62387835580651718        1.0001623401456092       0.11125588204257700     
   2.5300000000000002E-004  0.46687327772382081        1.2850204582185594      -0.61298122323713400        1.0001793372469694       0.12180145256737394     
   2.5310000000000003E-004  0.46403102354233999        1.2725294201390245      -0.60118629238155641        1.0001966251214227       0.13222060163393207     
   2.5320000000000003E-004  0.46121278317235598        1.2589314302435621      -0.58852617418961284        1.0002141138859395       0.14249777775302538     
   2.5330000000000003E-004  0.45842194981193701        1.2441830357899066      -0.57503802277619764        1.0002316358225973       0.15261097211088695     
   2.5340000000000003E-004  0.45566282149163617        1.2282407484625084      -0.56076407358081815        1.0002489595923392       0.16253153892968855     
   2.5350000000000004E-004  0.45294072473822683        1.2110706951965797      -0.54575195953700628        1.0002658273243212       0.17222577233889441     
   2.5360000000000004E-004  0.45026201220919587        1.1926599403624776      -0.53005462469759779        1.0002820048775316       0.18165830289171020     
   2.5370000000000004E-004  0.44763389747322901        1.1730276796330781      -0.51372971291740899        1.0002973226005909       0.19079656494570973     
   2.5380000000000004E-004  0.44506414415538603        1.1522339289006247      -0.49683844072460653        1.0003116797195084       0.19961481461058242     
   2.5390000000000005E-004  0.44256069136959658        1.1303833037306843      -0.47944412807158160        1.0003249983290201       0.20809596660204016     
   2.5400000000000005E-004  0.44013133901878770        1.1076221932102506      -0.46161068089591589        1.0003371411789865       0.21623022961985525     
   2.5410000000000005E-004  0.43778360359901997        1.0841289922695676      -0.44340132132344257        1.0003478347114920       0.22401097482612689     
   2.5420000000000005E-004  0.43552478316207044        1.0600987189773123      -0.42487772808167579        1.0003566440515459       0.23142970456256423     
   2.5430000000000006E-004  0.43336217618896417        1.0357248291631409      -0.40609954523417935        1.0003630220567723       0.23847249981764329     
   2.5440000000000006E-004  0.43130333516441710        1.0111818981957743      -0.38712405465937400        1.0003664117457534       0.24511951497647530     
   2.5450000000000001E-004  0.42935623618002827       0.98661274424866718      -0.36800578064036910        1.0003663496578366       0.25134738753695157     
   2.5460000000000001E-004  0.42752930067728723       0.96212245032400112      -0.34879591371353780        1.0003625191479799       0.25713289530995942     
   2.5470000000000001E-004  0.42583127345968474       0.93777987458648937      -0.32954162421183736        1.0003547389795679       0.26245576256079001     
   2.5480000000000001E-004  0.42427100152814856       0.91362524438230608      -0.31028546346864300        1.0003429157351948       0.26729938162607714     
   2.5490000000000002E-004  0.42285716055783862       0.88968105772850858      -0.29106504809243328        1.0003270080991935       0.27164966440776706     
   2.5500000000000002E-004  0.42159796154376034       0.86596320135931393      -0.27191310571370569        1.0003070366293714       0.27549332498147888     
   2.5510000000000002E-004  0.42050086184461621       0.84248983063329153      -0.25285781228755738        1.0002831374098491       0.27881705856552164     
   2.5520000000000002E-004  0.41957230605375401       0.81928665450419835      -0.23392326186361245        1.0002556235187208       0.28160832683427350     
   2.5530000000000003E-004  0.41881752359415142       0.79638834846919160      -0.21512992335778144        1.0002250084346138       0.28385730967990502     
   2.5540000000000003E-004  0.41824041128670514       0.77383663366288058      -0.19649502986820308        1.0001919664067966       0.28555878851539496     
   2.5550000000000003E-004  0.41784352770821764       0.75167604844372438      -0.17803294628752114        1.0001572411868840       0.28671273338464376     
   2.5560000000000003E-004  0.41762820942999462       0.72994862925758763      -0.15975560897044755        1.0001215421306617       0.28732309223050534     
   2.5570000000000004E-004  0.41759478321031074       0.70868865997738961      -0.14167310802758004        1.0000854711425615       0.28739523718291365     
   2.5580000000000004E-004  0.41774280713059658       0.68791840813260485      -0.12379441104362432        1.0000495053310976       0.28693319873695089     
   2.5590000000000004E-004  0.41807125459005134       0.66764543028228651      -0.10612814868376241        1.0000140319515467       0.28593791448887551     
   2.5600000000000004E-004  0.41857857448158342       0.64786168737303385       -8.8683335410618666E-002  0.99997940902161830       0.28440725178761461     
   2.5610000000000005E-004  0.41926260942084442       0.62854443125529258       -7.1469900073028891E-002  0.99994601727437682       0.28233780271695624     
   2.5620000000000005E-004  0.42012040796767197       0.60965862332565113       -5.4498948460871222E-002  0.99991427651036557       0.27972772180471850     
   2.5630000000000005E-004  0.42114800394259100       0.59116050875816306       -3.7782753915913000E-002  0.99988461922583105       0.27657948280062722     
   2.5640000000000005E-004  0.42234024373457468       0.57300188571635235       -2.1334544456381568E-002  0.99985743525630577       0.27290152055812683     
   2.5650000000000005E-004  0.42369073006579544       0.55513457832579594       -5.1681989356995306E-003  0.99983301442762407       0.26870823577388830     
   2.5660000000000000E-004  0.42519192240511144       0.53751465207452753        1.0702033037285688E-002  0.99981151232918319       0.26401851319228320     
   2.5670000000000001E-004  0.42683538918512343       0.52010599969529903        2.6261707212462709E-002  0.99979295198541307       0.25885343380537151     
   2.5680000000000001E-004  0.42861216050340828       0.50288305337529948        4.1496229510642635E-002  0.99977725707065401       0.25323404596654225     
   2.5690000000000001E-004  0.43051310054897884       0.48583251181286258        5.6390790954098519E-002  0.99976430048070619       0.24717987943674780     
   2.5700000000000001E-004  0.43252921842773684       0.46895407775281495        7.0930242591622200E-002  0.99975394929524253       0.24070848033044101     
   2.5710000000000002E-004  0.43465186365634945       0.45226027557077497        8.5098963633379196E-002  0.99974609271943959       0.23383582662142588     
   2.5720000000000002E-004  0.43687279520756855       0.43577547271402750        9.8880761402109552E-002  0.99974064922588390       0.22657722351696921     
   2.5730000000000002E-004  0.43918415256453996       0.41953427342404837       0.11225882036231671       0.99973755744512416       0.21894823708925656     
   2.5740000000000002E-004  0.44157837967116736       0.40357948786804609       0.12521569949175404       0.99973675920930050       0.21096535003843464     
   2.5750000000000002E-004  0.44404815315400098       0.38795989679562126       0.13773336746286427       0.99973818289933947       0.20264621776161024     
   2.5760000000000003E-004  0.44658634989869062       0.37272802384964976       0.14979326342232138       0.99974173211960493       0.19400956754688850     
   2.5770000000000003E-004  0.44918606616181017       0.35793809398438459       0.16137637441935826       0.99974728117076206       0.18507486911398149     
   2.5780000000000003E-004  0.45184067934289585       0.34364430604073792       0.17246332502015410       0.99975467638582238       0.17586191305763571     
   2.5790000000000003E-004  0.45454393155813544       0.32989949159026288       0.18303447805983064       0.99976374140530200       0.16639039692455423     
   2.5800000000000004E-004  0.45729001238608036       0.31675417902050995       0.19307004704395123       0.99977428456558048       0.15667957322785445     
   2.5810000000000004E-004  0.46007362362929322       0.30425603424519387       0.20255022066087203       0.99978610706860072       0.14674797976678550     
   2.5820000000000004E-004  0.46289001737099639       0.29244962058733570       0.21145529942271454       0.99979901096482338       0.13661325434089885     
   2.5830000000000004E-004  0.46573500645678811       0.28137640495716720       0.21976584382088463       0.99981280634396386       0.12629202863696135     
   2.5840000000000005E-004  0.46860495181213735       0.27107492699075753       0.22746283249786536       0.99982731733666275       0.11579989301893794     
   2.5850000000000005E-004  0.47149673324133085       0.26158105044571922       0.23452782823733867       0.99984238667202285       0.10515142118818409     
   2.5860000000000005E-004  0.47440771028197637       0.25292822780628299       0.24094314895749064       0.99985787870393827        9.4360241333410255E-002
   2.5870000000000000E-004  0.47733567827206047       0.24514772632718973       0.24669204038709075       0.99987368099660923        8.3439139026742090E-002
   2.5880000000000000E-004  0.48027882295883928       0.23826878362913106       0.25175884669441062       0.99988970462212345        7.2400176562621099E-002
   2.5890000000000000E-004  0.48323567533888284       0.23231867985041710       0.25612917525822665       0.99990588340351849        6.1254818145283642E-002
   2.5900000000000001E-004  0.48620506723189943       0.22732273086823795       0.25979005193188021       0.99992217232851432        5.0014052017768575E-002
   2.5910000000000001E-004  0.48918608743503234       0.22330422098519787       0.26273006377541908       0.99993854528481185        3.8688507291091724E-002
   2.5920000000000001E-004  0.49217803801864185       0.22028429266555705       0.26493948640440856       0.99995499235574659        2.7288563642183329E-002
   2.5930000000000001E-004  0.49518039028806865       0.21828181112545941       0.26641039369944441       0.99997151674553608        1.5824456473520102E-002
   2.5940000000000002E-004  0.49819274004204595       0.21731322383118901       0.26713674834729018       0.99998813138283715        4.3063792919254412E-003
   2.5950000000000002E-004  0.50121476191258452       0.21739243133524067       0.26711447209049488        1.0000048552634473       -7.2554150634867058E-003
   2.5960000000000002E-004  0.50424616271754619       0.21853068106395668       0.26634149481071623        1.0000217095814494       -1.8850513475309891E-002
   2.5970000000000002E-004  0.50728663386030426       0.22073649084559488       0.26481778167305248        1.0000387137004680       -3.0468242003097629E-002
   2.5980000000000003E-004  0.51033580285764690       0.22401560441289003       0.26254533758153542        1.0000558810213513       -4.2097566299015045E-002
   2.5990000000000003E-004  0.51339318405827783       0.22837097671210049       0.25952818822284879        1.0000732148114853       -5.3726993274771553E-002
   2.6000000000000003E-004  0.51645812851733397       0.23380277986386488       0.25577233700636132        1.0000907040968237       -6.5344473146488599E-002
   2.6010000000000003E-004  0.51952977281122492       0.24030841536032455       0.25128569748756385        1.0001083196821208       -7.6937299611370510E-002
   2.6020000000000004E-004  0.52260698636312297       0.24788251997844224       0.24607800160578230        1.0001260103613081       -8.8492004166745603E-002
   2.6030000000000004E-004  0.52568831663341786       0.25651694719631024       0.24016068479858138        1.0001436994933202       -9.9994239117751724E-002
   2.6040000000000004E-004  0.52877193142794754       0.26620070241332172       0.23354674985833490        1.0001612821464521      -0.11142864731555596     
   2.6050000000000004E-004  0.53185555776960436       0.27691981253131548       0.22625061236344549        1.0001786230991896      -0.12277871724895116     
   2.6060000000000005E-004  0.53493641747505016       0.28865711785426829       0.21828793125827131        1.0001955560703037      -0.13402663270945220     
   2.6070000000000005E-004  0.53801116099300572       0.30139198909725984       0.20967542866692229        1.0002118846935708      -0.14515313423642343     
   2.6080000000000000E-004  0.54107580327098848       0.31509999395178312       0.20043070301859303        1.0002273857046806      -0.15613742121731153     
   2.6090000000000000E-004  0.54412566818190278       0.32975256595820657       0.19057203928150324        1.0002418147083345      -0.16695713189417227     
   2.6100000000000000E-004  0.54715535074581856       0.34531676366246167       0.18011821985124021        1.0002549145646047      -0.17758843963378002     
   2.6110000000000000E-004  0.55015870775225162       0.36175521382963360       0.16908833801426243        1.0002664262017291      -0.18800629480838146     
   2.6120000000000001E-004  0.55312888572388452       0.37902632537461578       0.15750161425075421        1.0002761009071890      -0.19818482183503477     
   2.6130000000000001E-004  0.55605838882830516       0.39708485978961683       0.14537721513318086        1.0002837125515851      -0.20809785594549746     
   2.6140000000000001E-004  0.55893917813521543       0.41588292220178769       0.13273407430040554        1.0002890677695033      -0.21771957576849155     
   2.6150000000000001E-004  0.56176278010372427       0.43537139955155624       0.11959071551583272        1.0002920117022844      -0.22702515478274468     
   2.6160000000000002E-004  0.56452037252222909       0.45550182294074215       0.10596508019472940        1.0002924266320741      -0.23599131401359008     
   2.6170000000000002E-004  0.56720281557153696       0.47622857058075141        9.1874366760315240E-002   1.0002902211704581      -0.24459661621401402     
   2.6180000000000002E-004  0.56980061008292937       0.49751126044188787        7.7334896723463026E-002   1.0002853092227619      -0.25282132189984097     
   2.6190000000000002E-004  0.57230379322456926       0.51931711830556981        6.2362030065038015E-002   1.0002775818336649      -0.26064667475269709     
   2.6200000000000003E-004  0.57470181442201551       0.54162306251205727        4.6970154795027454E-002   1.0002668805922541      -0.26805364123618103     
   2.6210000000000003E-004  0.57698345740770229       0.56441723876336258        3.1172766021290703E-002   1.0002529863921183      -0.27502139500593337     
   2.6220000000000003E-004  0.57913687626210819       0.58769977125163031        1.4982624693435392E-002   1.0002356373929915      -0.28152611832403823     
   2.6230000000000003E-004  0.58114979247859644       0.61148254772593091       -1.5880506600690833E-003   1.0002145819355990      -0.28754081527752884     
   2.6240000000000004E-004  0.58300986530005539       0.63578792738235901       -1.8527437744871096E-002   1.0001896553450489      -0.29303662202212893     
   2.6250000000000004E-004  0.58470520568981599       0.66064634525399857       -3.5824094895903200E-002   1.0001608545771212      -0.29798554616068390     
   2.6260000000000004E-004  0.58622493090287764       0.68609288652011013       -5.3467132745312410E-002   1.0001283816996422      -0.30236393501522962     
   2.6270000000000004E-004  0.58755959921185574       0.71216302613855653       -7.1446568835182689E-002   1.0000926345933616      -0.30615552497861398     
   2.6280000000000005E-004  0.58870139805522315       0.73888786498264825       -8.9753780668376748E-002   1.0000541423995788      -0.30935284317442924     
   2.6289999999999999E-004  0.58964407043355671       0.76628932717133669      -0.10838190220901003        1.0000134692908977      -0.31195616006351368     
   2.6300000000000000E-004  0.59038268893048151       0.79437590467239616      -0.12732598368740666       0.99997113215104172      -0.31397011078466236     
   2.6310000000000000E-004  0.59091343447019262       0.82313963504983789      -0.14658277997739819       0.99992758183243236      -0.31539922035470380     
   2.6320000000000000E-004  0.59123347122715308       0.85255505969498380      -0.16615014507723083       0.99988327041538982      -0.31624436008847073     
   2.6330000000000000E-004  0.59134090084997071       0.88258083717219549      -0.18602614465648348       0.99983877122659293      -0.31650197639807387     
   2.6340000000000001E-004  0.59123476398045949       0.91316432384642354      -0.20620807892262999       0.99979486586219124      -0.31616643393418731     
   2.6350000000000001E-004  0.59091510354184873       0.94424869539002465      -0.22669157903731918       0.99975252297671147      -0.31523385486942551     
   2.6360000000000001E-004  0.59038309966429880       0.97578120514683331      -0.24746981937850820       0.99971276232770079      -0.31370487198347513     
   2.6370000000000001E-004  0.58964126071903122        1.0077202652557933      -0.26853275254075293       0.99967647618972177      -0.31158450517308101     
   2.6380000000000002E-004  0.58869365724895140        1.0400386305151130      -0.28986622076148266       0.99964431530893461      -0.30887952939097252     
   2.6390000000000002E-004  0.58754618035157802        1.0727204514282969      -0.31145088670409904       0.99961671086043691      -0.30559586385979037     
   2.6400000000000002E-004  0.58620674080456137        1.1057513512993840      -0.33326113352221753       0.99959400682345945      -0.30173909469686377     
   2.6410000000000002E-004  0.58468523333911959        1.1391026144404366      -0.35526427295456475       0.99957657623264706      -0.29731925412199744     
   2.6420000000000003E-004  0.58299309650672670        1.1727124974507142      -0.37742038252097554       0.99956478022721096      -0.29235715657773442     
   2.6430000000000003E-004  0.58114244599968956        1.2064691093713256      -0.39968279635738646       0.99955874343999251      -0.28688676991759132     
   2.6440000000000003E-004  0.57914500547669545        1.2401999578788985      -0.42199884699517559       0.99955808556766057      -0.28094918892343668     
   2.6450000000000003E-004  0.57701128068776875        1.2736728052157895      -0.44431021462595732       0.99956184007620419      -0.27457911427763820     
   2.6460000000000003E-004  0.57475041783048852        1.3066106940033864      -0.46655246998268002       0.99956870690007404      -0.26779114163110812     
   2.6470000000000004E-004  0.57237085920120689        1.3387209084566951      -0.48865407843321840       0.99957755707141382      -0.26057564645503523     
   2.6480000000000004E-004  0.56988144828539411        1.3697334799132710      -0.51053585101042176       0.99958788657535080      -0.25290954850768499     
   2.6490000000000004E-004  0.56729238039676944        1.3994405829479790      -0.53211198492579337       0.99959990103858676      -0.24477772987178989     
   2.6499999999999999E-004  0.56461547341414586        1.4277259238679960      -0.55329315461117823       0.99961415786913810      -0.23619309129719840     
   2.6509999999999999E-004  0.56186358801141878        1.4545751384876331      -0.57399097108638863       0.99963100911049596      -0.22720334170819956     
   2.6520000000000000E-004  0.55904946456086091        1.4800643164368301      -0.59412229934758898       0.99965021257337316      -0.21788062675788750     
   2.6530000000000000E-004  0.55618451411380154        1.5043311482399364      -0.61361196756945358       0.99967092803784086      -0.20830015822353939     
   2.6540000000000000E-004  0.55327806443413319        1.5275380428190353      -0.63239324836168209       0.99969203904947168      -0.19851932486532170     
   2.6550000000000000E-004  0.55033727403491084        1.5498370453419756      -0.65040655529045877       0.99971256407356834      -0.18856673345790295     
   2.6560000000000000E-004  0.54736758309187805        1.5713434453966446      -0.66759745534056225       0.99973193582243902      -0.17844402171247187     
   2.6570000000000001E-004  0.54437338757686127        1.5921209159410195      -0.68391509425320385       0.99975005880009227      -0.16813688172312108     
   2.6580000000000001E-004  0.54135864118012866        1.6121777019446153      -0.69931163479476532       0.99976718713614698      -0.15762877160413308     
   2.6590000000000001E-004  0.53832721998081012        1.6314714401375872      -0.71374269336803919       0.99978372813069571      -0.14691162467600613     
   2.6600000000000001E-004  0.53528302794636284        1.6499194791518992      -0.72716834219484328       0.99980006887943529      -0.13599081461327392     
   2.6610000000000002E-004  0.53222991659768226        1.6674116812928919      -0.73955413629277900       0.99981647741882318      -0.12488463428804225     
   2.6620000000000002E-004  0.52917152320641103        1.6838232682169014      -0.75087176122384303       0.99983308145691507      -0.11362033920780439     
   2.6630000000000002E-004  0.52611111427307944        1.6990260555006760      -0.76109913378719329       0.99984989788848777      -0.10222914378382211     
   2.6640000000000002E-004  0.52305148235635668        1.7128972119955765      -0.77021999599453750       0.99986688036277382       -9.0741924466081453E-002
   2.6650000000000003E-004  0.51999490834017337        1.7253253416891390      -0.77822316039020156       0.99988396127021650       -7.9186436316065631E-002
   2.6660000000000003E-004  0.51694317881156704        1.7362141420515886      -0.78510159163447624       0.99990107807084005       -6.7586074013318065E-002
   2.6670000000000003E-004  0.51389763965877888        1.7454841348396855      -0.79085147775634368       0.99991818417440470       -5.5959789637261302E-002
   2.6680000000000003E-004  0.51085926780058089        1.7530730338719263      -0.79547139106771692       0.99993524940990319       -4.4322677694968851E-002
   2.6690000000000004E-004  0.50782874796323252        1.7589352711225263      -0.79896158841924170       0.99995225564059720       -3.2686817831645329E-002
   2.6700000000000004E-004  0.50480654696904192        1.7630411053205144      -0.80132346504258700       0.99996919151102470       -2.1062120117032651E-002
   2.6709999999999999E-004  0.50179298245187987        1.7653756272610952      -0.80255915617903506       0.99998604843431038       -9.4570483373951127E-003
   2.6719999999999999E-004  0.49878828580451556        1.7659378749965224      -0.80267127356289725        1.0000028183427818        2.1207969830132375E-003
   2.6729999999999999E-004  0.49579266076014611        1.7647401861384253      -0.80166276426486327        1.0000194928427404        1.3664204130201625E-002
   2.6739999999999999E-004  0.49280633978903921        1.7618078432716864      -0.79953688389994737        1.0000360630143401        2.5165924047083246E-002
   2.6750000000000000E-004  0.48982964076723656        1.7571790068950008      -0.79629728223695762        1.0000525190014686        3.6618228358573569E-002
   2.6760000000000000E-004  0.48686302624326849        1.7509048707948445      -0.79194820474810002        1.0000688486785205        4.8012398743054963E-002
   2.6770000000000000E-004  0.48390716696534697        1.7430499117193445      -0.78649481692341028        1.0000850350708936        5.9338123611652409E-002
   2.6780000000000000E-004  0.48096300980601486        1.7336920366757642      -0.77994365701073909        1.0001010528236458        7.0582826469467758E-002
   2.6790000000000001E-004  0.47803184742306448        1.7229223604967636      -0.77230321538032054        1.0001168650183838        8.1731017395569455E-002
   2.6800000000000001E-004  0.47511538271985382        1.7108442846697773      -0.76358462149686757        1.0001324228152326        9.2763858110405592E-002
   2.6810000000000001E-004  0.47221577587753066        1.6975715134673255      -0.75380239228039536        1.0001476713506148       0.10365921425233775     
   2.6820000000000001E-004  0.46933565721977777        1.6832246643232631      -0.74297516058300350        1.0001625651078967       0.11439251596727425     
   2.6830000000000002E-004  0.46647808871692042        1.6679262383500673      -0.73112626933840208        1.0001770936300904       0.12493867140388958     
   2.6840000000000002E-004  0.46364646501946433        1.6517939287418031      -0.71828410241783325        1.0001913130624134       0.13527501928902669     
   2.6850000000000002E-004  0.46084436494463582        1.6349325508307224      -0.70448204904856937        1.0002053715217321       0.14538484613741459     
   2.6860000000000002E-004  0.45807539494450017        1.6174252385600436      -0.68975808131410665        1.0002195099437357       0.15526042630023226     
   2.6870000000000003E-004  0.45534309728306782        1.5993249126396698      -0.67415405986318355        1.0002340201332911       0.16490411531325017     
   2.6880000000000003E-004  0.45265100854196266        1.5806473429744186      -0.65771503367975581        1.0002491526817829       0.17432608082019518     
   2.6890000000000003E-004  0.45000292777788220        1.5613673891176179      -0.64048889354120653        1.0002649904104113       0.18353808042326392     
   2.6900000000000003E-004  0.44740337897564619        1.5414201866376738      -0.62252669245888981        1.0002813306881406       0.19254429207432491     
   2.6910000000000004E-004  0.44485814622993136        1.5207090341494709      -0.60388371142190678        1.0002976391412985       0.20133209847739028     
   2.6919999999999998E-004  0.44237466788809970        1.4991212227175508      -0.58462096398882657        1.0003131298567776       0.20986697038260432     
   2.6929999999999999E-004  0.43996205870893090        1.4765516150449463      -0.56480645408640684        1.0003269782949165       0.21809504868424981     
   2.6939999999999999E-004  0.43763063425927368        1.4529312452235086      -0.54451535874985335        1.0003385927667123       0.22595415486932066     
   2.6949999999999999E-004  0.43539102948695563        1.4282551522974254      -0.52382858009911304        1.0003478019215106       0.23338961138185726     
   2.6959999999999999E-004  0.43325323716440228        1.4026016123777376      -0.50282976107609678        1.0003548261376853       0.24036784497856201     
   2.6970000000000000E-004  0.43122598405482521        1.3761356496768657      -0.48160157279942584        1.0003600174030112       0.24688094146906103     
   2.6980000000000000E-004  0.42931670884091910        1.3490937531529283      -0.46022242926617796        1.0003635079045694       0.25293974313504147     
   2.6990000000000000E-004  0.42753209134095099        1.3217526600246146      -0.43876453004227628        1.0003649826918781       0.25855933328915481     
   2.7000000000000000E-004  0.42587881175157277        1.2943902169358470      -0.41729342099517813        1.0003637130286713       0.26374476008380093     
   2.7010000000000001E-004  0.42436413970005910        1.2672485097253130      -0.39586854696363799        1.0003588148539153       0.26848397238276100     
   2.7020000000000001E-004  0.42299608201809641        1.2405080777309063      -0.37454396799926004        1.0003495687126740       0.27275018228848141     
   2.7030000000000001E-004  0.42178305607673561        1.2142779738043101      -0.35336861965157990        1.0003356341465701       0.27651074615576710     
   2.7040000000000001E-004  0.42073325948482876        1.1886013970804736      -0.33238598557059623        1.0003170851776015       0.27973715160737284     
   2.7050000000000002E-004  0.41985398348779557        1.1634724828651288      -0.31163347674918118        1.0002943009673568       0.28241149088221346     
   2.7060000000000002E-004  0.41915107079232217        1.1388579080824757      -0.29114196326510500        1.0002678047411966       0.28452757081631225     
   2.7070000000000002E-004  0.41862861988083128        1.1147174474053045      -0.27093578250728473        1.0002381383493895       0.28608767660668488     
   2.7080000000000002E-004  0.41828895476197625        1.0910196169760731      -0.25103329786236878        1.0002058148850466       0.28709762540253425     
   2.7090000000000003E-004  0.41813282614748121        1.0677508344165663      -0.23144786346335855        1.0001713403417505       0.28756274005340565     
   2.7100000000000003E-004  0.41815977135133536        1.0449182621197037      -0.21218895434283255        1.0001352621118673       0.28748617154981276     
   2.7110000000000003E-004  0.41836852480009457        1.0225474833002197      -0.19326325225232924        1.0000981977340770       0.28686944967667394     
   2.7120000000000003E-004  0.41875735511460094        1.0006765886386697      -0.17467558120103502        1.0000608193157607       0.28571407467257537     
   2.7129999999999998E-004  0.41932423042068512       0.97934837875381930      -0.15642969036755960        1.0000238012313254       0.28402281633726856     
   2.7139999999999998E-004  0.42006677657456448       0.95860232727194106      -0.13852893438398839       0.99998776024377567       0.28179999215003310     
   2.7149999999999999E-004  0.42098206438251445       0.93846771764531844      -0.12097689175406624       0.99995321853641927       0.27905086253632988     
   2.7159999999999999E-004  0.42206631205599465       0.91895897340845956      -0.10377791536889493       0.99992060237653280       0.27578087519988709     
   2.7169999999999999E-004  0.42331460794441528       0.90007369635251955       -8.6937564133263451E-002  0.99989026725361008       0.27199552905973923     
   2.7179999999999999E-004  0.42472075017013428       0.88179339877614193       -7.0462850855602749E-002  0.99986252692581712       0.26770120375306949     
   2.7190000000000000E-004  0.42627726284273826       0.86408645905149495       -5.4362267979525127E-002  0.99983766489451220       0.26290669649506371     
   2.7200000000000000E-004  0.42797559453435391       0.84691251989820238       -3.8645607101542592E-002  0.99981591982585738       0.25762475960574371     
   2.7210000000000000E-004  0.42980645320506250       0.83022743366454055       -2.3323644180475250E-002  0.99979745369139439       0.25187287687945753     
   2.7220000000000000E-004  0.43176019973914886       0.81398795046859540       -8.4077936944602152E-003  0.99978232062936445       0.24567283885653363     
   2.7230000000000001E-004  0.43382721776102667       0.79815559981128814        6.0901706277014453E-003  0.99977045445550172       0.23904919058052240     
   2.7240000000000001E-004  0.43599819834443354       0.78269952650835695        2.0158267927076201E-002  0.99976168233477192       0.23202706805176734     
   2.7250000000000001E-004  0.43826431331220922       0.76759829985004746        3.3784325360889288E-002  0.99975576080796735       0.22463013911744353     
   2.7260000000000001E-004  0.44061728498543623       0.75284085532082123        4.6955891328411284E-002  0.99975242116761720       0.21687926181826536     
   2.7270000000000001E-004  0.44304938157560481       0.73842675067826313        5.9660106502539847E-002  0.99975140962744458       0.20879215623021469     
   2.7280000000000002E-004  0.44555337344912704       0.72436587215200721        7.1883593218769332E-002  0.99975251163893841       0.20038400820008148     
   2.7290000000000002E-004  0.44812247928544185       0.71067767339248356        8.3612406037515116E-002  0.99975555732657218       0.19166864298065209     
   2.7300000000000002E-004  0.45075031968799850       0.69739000975433640        9.4832060463881290E-002  0.99976041179649000       0.18265980546993488     
   2.7310000000000002E-004  0.45343088672928417       0.68453764809341067       0.10552763322240347       0.99976695787531455       0.17337215879129680     
   2.7320000000000003E-004  0.45615853196665429       0.67216056704882643       0.11568391257229507       0.99977507896102402       0.16382179020942184     
   2.7330000000000003E-004  0.45892797134560115       0.66030218716939526       0.12528557231262605       0.99978464730524108       0.15402620530909503     
   2.7339999999999998E-004  0.46173430261759835       0.64900767404489113       0.13431734660629635       0.99979551968195235       0.14400393197231656     
   2.7349999999999998E-004  0.46457302927980249       0.63832244321634768       0.14276419107571953       0.99980753962645519       0.13377391939462019     
   2.7359999999999998E-004  0.46744008464088288       0.62829094602622959       0.15061142390102625       0.99982054397752795       0.12335490997249131     
   2.7369999999999998E-004  0.47033185033164776       0.61895576213478520       0.15784484723343301       0.99983437110549955       0.11276491186144140     
   2.7379999999999999E-004  0.47324516512834480       0.61035698309029929       0.16445085321575334       0.99984886871868150       0.10202083754068608     
   2.7389999999999999E-004  0.47617732188631956       0.60253184499700740       0.17041652020601461       0.99986389997391112        9.1138319033466655E-002
   2.7399999999999999E-004  0.47912605223770899       0.59551455620972504       0.17572970417019129       0.99987934736646911        8.0131675706463346E-002
   2.7409999999999999E-004  0.48208950014757929       0.58933626482609558       0.18037912842941944       0.99989511452969193        6.9013994909525325E-002
   2.7420000000000000E-004  0.48506618625138576       0.58402511632791398       0.18435447296122079       0.99991112623225387        5.7797282901463916E-002
   2.7430000000000000E-004  0.48805496523766562       0.57960636252788689       0.18764646266385959       0.99992732706678611        4.6492651922844359E-002
   2.7440000000000000E-004  0.49105497840004203       0.57610249075817332       0.19024695274342598       0.99994367920100724        3.5110518686530659E-002
   2.7450000000000000E-004  0.49406560308382386       0.57353334736830242       0.19214900842049992       0.99996015955130835        2.3660798099181767E-002
   2.7460000000000001E-004  0.49708640019973854       0.57191623938574843       0.19334697608604789       0.99997675655442331        1.2153086803552633E-002
   2.7470000000000001E-004  0.50011706047032267       0.57126600457836307       0.19383654319597188       0.99999346666455391        5.9683426117989832E-004
   2.7480000000000001E-004  0.50315734967414760       0.57159504429738472       0.19361478455748593        1.0000102906642501       -1.0998496730951900E-002
   2.7490000000000001E-004  0.50620705286239764       0.57291331628420039       0.19268019323639715        1.0000272298338670       -2.2623275587025853E-002
   2.7500000000000002E-004  0.50926591736132820       0.57522828636741963       0.19103269497875916        1.0000442820125313       -3.4267550141586285E-002
   2.7510000000000002E-004  0.51233359434606196       0.57854483916239374       0.18867364575546727        1.0000614375841619       -4.5920887747567592E-002
   2.7520000000000002E-004  0.51540957887238914       0.58286514726046423       0.18560581272354768        1.0000786754597044       -5.7572205660770884E-002
   2.7530000000000002E-004  0.51849314846196737       0.58818849707897769       0.18183333951846400        1.0000959591433203       -6.9209586958291089E-002
   2.7540000000000003E-004  0.52158330071282610       0.59451108304692912       0.17736169769199803        1.0001132329346627       -8.0820082360700929E-002
   2.7549999999999997E-004  0.52467869100777875       0.60182578828017697       0.17219762659802504        1.0001304184962982       -9.2389501384542660E-002
   2.7559999999999998E-004  0.52777757209090670       0.61012197354438769       0.16634906403154270        1.0001474122038554      -0.10390220741703844     
   2.7569999999999998E-004  0.53087773796728188       0.61938530469037989       0.15982506929687046        1.0001640836962782      -0.11534094103276217     
   2.7579999999999998E-004  0.53397647524106218       0.62959765717460670       0.15263573934542923        1.0001802762954652      -0.12668670626331394     
   2.7589999999999998E-004  0.53707052529598498       0.64073714324718889       0.14479211662849151        1.0001958098329458      -0.13791876579120121     
   2.7599999999999999E-004  0.54015606053441401       0.65277831190439350       0.13630608510170353        1.0002104863428458      -0.14901479232369297     
   2.7609999999999999E-004  0.54322867689259946       0.66569257405764493       0.12719024874071030        1.0002240984310329      -0.15995121280539817     
   2.7619999999999999E-004  0.54628340293283939       0.67944891045774902       0.11745778638176080        1.0002364392709628      -0.17070375428539653     
   2.7629999999999999E-004  0.54931472305855122       0.69401490421032630       0.10712227783458725        1.0002473122622366      -0.18124814893937075     
   2.7640000000000000E-004  0.55231660926236203       0.70935810005082534        9.6197499980196360E-002   1.0002565372710572      -0.19156088698035845     
   2.7650000000000000E-004  0.55528255290744355       0.72544766613540279        8.4697199910641702E-002   1.0002639498770975      -0.20161983822322319     
   2.7660000000000000E-004  0.55820558583339597       0.74225628884637729        7.2634862500161115E-002   1.0002693911460849      -0.21140452424661299     
   2.7670000000000000E-004  0.56107827871350835       0.75976217284028635        6.0023499073322481E-002   1.0002726883437765      -0.22089585107447665     
   2.7680000000000001E-004  0.56389270364778021       0.77795096193190094        4.6875487505259036E-002   1.0002736314504974      -0.23007523744618161     
   2.7690000000000001E-004  0.56664035339730701       0.79681735455127267        3.3202488079391732E-002   1.0002719544336711      -0.23892328243386912     
   2.7700000000000001E-004  0.56931202561416827       0.81636617266435874        1.9015442195487751E-002   1.0002673321171489      -0.24741834601206916     
   2.7710000000000001E-004  0.57189770159274489       0.83661265822199038        4.3246349402150247E-003   1.0002594008041208      -0.25553557131315768     
   2.7720000000000002E-004  0.57438647009285748       0.85758180850862331       -1.0860224712695384E-002   1.0002478030009443      -0.26324684994955844     
   2.7730000000000002E-004  0.57676655523987586       0.87930661270114996       -2.6529969820093986E-002   1.0002322464922848      -0.27052197591261268     
   2.7740000000000002E-004  0.57902549180092477       0.90182512203531573       -4.2676048657697002E-002   1.0002125591265540      -0.27733080449367548     
   2.7750000000000002E-004  0.58115045365568074       0.92517639158615861       -5.9290738015671897E-002   1.0001887188516281      -0.28364577632906146     
   2.7759999999999997E-004  0.58312869957151003       0.94939549589683381       -7.6367478959668902E-002   1.0001608467180525      -0.28944389301942197     
   2.7769999999999997E-004  0.58494807722682762       0.97450804904536881       -9.3901259904143053E-002   1.0001291682262137      -0.29470733626087448     
   2.7779999999999998E-004  0.58659752105496865        1.0005249418617108      -0.11188893367044445        1.0000939704000691      -0.29942249874880228     
   2.7789999999999998E-004  0.58806744789145826        1.0274383168005761      -0.13032936440012502        1.0000555925620751      -0.30357811500976756     
   2.7800000000000004E-004  0.58934993919509404        1.0552200271432852      -0.14922335959090971        1.0000144693521549      -0.30716385002831226     
   2.7810000000000004E-004  0.59043865442063859        1.0838237863922853      -0.16857341721654714       0.99997120219165780      -0.31017050980779054     
   2.7820000000000004E-004  0.59132851827513089        1.1131917116277101      -0.18838335852589821       0.99992660022907354      -0.31259190631304284     
   2.7830000000000004E-004  0.59201530741651187        1.1432649180177838      -0.20865788737690075       0.99988163302699251      -0.31442691022758806     
   2.7840000000000005E-004  0.59249528259461415        1.1739964047315112      -0.22940202397824028       0.99983728907730007      -0.31567945511966489     
   2.7850000000000005E-004  0.59276498149242607        1.2053631464203214      -0.25062025991048886       0.99979440534937203      -0.31635506244553763     
   2.7860000000000005E-004  0.59282126405947611        1.2373735898717557      -0.27231525127701806       0.99975357631553707      -0.31645472927752710     
   2.7870000000000005E-004  0.59266167654795610        1.2700670311124442      -0.29448598345915505       0.99971523164855680      -0.31596967094267753     
   2.7880000000000005E-004  0.59228511995250110        1.3035027018562095      -0.31712561263181299       0.99967987331050845      -0.31488166765787995     
   2.7890000000000006E-004  0.59169270551215980        1.3377385678675040      -0.34021949314645267       0.99964831715313884      -0.31317177970491911     
   2.7900000000000006E-004  0.59088855612570113        1.3728024118621063      -0.36374400328508438       0.99962171193956961      -0.31083480348815223     
   2.7910000000000006E-004  0.58988011727587997        1.4086603524446204      -0.38766650197096036       0.99960121050832973      -0.30789115079871049     
   2.7920000000000006E-004  0.58867747942884729        1.4451902595075197      -0.41194612285940924       0.99958739548250419      -0.30438645299606776     
   2.7930000000000001E-004  0.58729167218321332        1.4821689431813958      -0.43653444753046600       0.99957978791004098      -0.30037466807670576     
   2.7940000000000002E-004  0.58573265804087460        1.5192814137135526      -0.46137492484271081       0.99957685447213651      -0.29589134138533468     
   2.7950000000000002E-004  0.58400813085441139        1.5561569071927828      -0.48640066779279650       0.99957669689647788      -0.29093344297838458     
   2.7960000000000002E-004  0.58212392928643475        1.5924291439130256      -0.51153172453800677       0.99957809409724030      -0.28546188764666541     
   2.7970000000000002E-004  0.58008605017522108        1.6278082533067133      -0.53667401961488104       0.99958117574210736      -0.27942943256917263     
   2.7980000000000002E-004  0.57790320554711172        1.6621430178544232      -0.56172179889128548       0.99958717199541447      -0.27281862593960271     
   2.7990000000000003E-004  0.57558819433384933        1.6954511196158313      -0.58656354338237116       0.99959736276316535      -0.26566574076251098     
   2.8000000000000003E-004  0.57315698050902852        1.7279053143460139      -0.61108912920828196       0.99961195916290924      -0.25805398005331553     
   2.8010000000000003E-004  0.57062603708672877        1.7597802501376467      -0.63519507404872844       0.99962971881037455      -0.25007872959517624     
   2.8020000000000003E-004  0.56800963815313643        1.7913785100836126      -0.65878587104476316       0.99964853037382051      -0.24180661295470615     
   2.8030000000000004E-004  0.56531857580163469        1.8229586163996796      -0.68177193219046517       0.99966647398708219      -0.23325374877392410     
   2.8040000000000004E-004  0.56256069201251779        1.8546824514482072      -0.70406666581144706       0.99968262070061498      -0.22439410843467403     
   2.8050000000000004E-004  0.55974249936978193        1.8865899917756419      -0.72558532876355819       0.99969716496337713      -0.21518898097480649     
   2.8060000000000004E-004  0.55687071383513198        1.9186004017229923      -0.74624672576088436       0.99971098101288602      -0.20561797493392225     
   2.8070000000000005E-004  0.55395290885307413        1.9505327235311647      -0.76597689554140802       0.99972498852483116      -0.19569533119109131     
   2.8080000000000005E-004  0.55099725167192048        1.9821369983912991      -0.78471288417012741       0.99973970626134823      -0.18546700010723885     
   2.8090000000000005E-004  0.54801178443553311        2.0131271988543205      -0.80240495634766729       0.99975515362700884      -0.17499492132218125     
   2.8100000000000005E-004  0.54500376154929620        2.0432098322387748      -0.81901663659517432       0.99977102040854515      -0.16433911466875095     
   2.8110000000000006E-004  0.54197931103043939        2.0721052078652580      -0.83452299454495082       0.99978691998944136      -0.15354561237979072     
   2.8120000000000006E-004  0.53894341799072887        2.0995610436440799      -0.84890808840430620       0.99980257716180998      -0.14264283388010715     
   2.8130000000000006E-004  0.53590009153464502        2.1253596725326176      -0.86216242495803863       0.99981789759460549      -0.13164456458308815     
   2.8140000000000006E-004  0.53285257545993481        2.1493206258577331      -0.87428094010416879       0.99983294245132259      -0.12055593288239008     
   2.8150000000000001E-004  0.52980352608534620        2.1713001841994046      -0.88526162751569981       0.99984785968110768      -0.10937924002751728     
   2.8160000000000001E-004  0.52675513852956768        2.1911890179743150      -0.89510469951534322       0.99986281551204659       -9.8117958546624334E-002
   2.8170000000000002E-004  0.52370923130641001        2.2089086197012175      -0.90381207824764609       0.99987794794173690       -8.6778592985493980E-002
   2.8180000000000002E-004  0.52066730479951306        2.2244070003985286      -0.91138703796993914       0.99989334555126363       -7.5370903301923142E-002
   2.8190000000000002E-004  0.51763058558219466        2.2376540312074198      -0.91783388670415578       0.99990904515685475       -6.3907222979009803E-002
   2.8200000000000002E-004  0.51460006401434044        2.2486367734933772      -0.92315764153762780       0.99992503962616996       -5.2401484843355411E-002
   2.8210000000000003E-004  0.51157652951116483        2.2573550990075617      -0.92736369629917104       0.99994128903900159       -4.0868331727925124E-002
   2.8220000000000003E-004  0.50856060605749764        2.2638178373375037      -0.93045750131892480       0.99995773132799848       -2.9322475778405035E-002
   2.8230000000000003E-004  0.50555278927404057        2.2680396114693409      -0.93244427972833044       0.99997429075525912       -1.7778329627325107E-002
   2.8240000000000003E-004  0.50255348535118305        2.2700384521024635      -0.93332880060341528       0.99999088413874948       -6.2498639436121316E-003
   2.8250000000000004E-004  0.49956305142701835        2.2698342250093813      -0.93311522260022750        1.0000074252572557        5.2493783027743567E-003
   2.8260000000000004E-004  0.49658183653953397        2.2674478636145174      -0.93180701481247363        1.0000238281102534        1.6706183054592347E-002
   2.8270000000000004E-004  0.49361022209132893        2.2629013748938096      -0.92940695590687183        1.0000400097257729        2.8107547593835845E-002
   2.8280000000000004E-004  0.49064866079066427        2.2562185727590425      -0.92591720768592922        1.0000558931895029        3.9440607293466261E-002
   2.8290000000000005E-004  0.48769771323707162        2.2474264811636786      -0.92133945445525867        1.0000714115288354        5.0692668525280732E-002
   2.8300000000000005E-004  0.48475808169281115        2.2365573355640667      -0.91567509466192687        1.0000865129954857        6.1851406683743927E-002
   2.8310000000000005E-004  0.48183064114459551        2.2236510953586830      -0.90892546685090014        1.0001011679204450        7.2905269550773408E-002
   2.8320000000000005E-004  0.47891646858589543        2.2087583649134341      -0.90109209063297069        1.0001153766329196        8.3844077348649612E-002
   2.8330000000000006E-004  0.47601687268721227        2.1919436091953131      -0.89217690810146499        1.0001291765466651        9.4659723618010214E-002
   2.8340000000000006E-004  0.47313342791410390        2.1732885382185163      -0.88218252757044424        1.0001426448068691       0.10534674063440075     
   2.8350000000000006E-004  0.47026801975784555        2.1528954957666890      -0.87111250234257764        1.0001558911157522       0.11590233994640144     
   2.8360000000000001E-004  0.46742291045333334        2.1308906035475026      -0.85897172143941503        1.0001690353757737       0.12632543737517204     
   2.8370000000000001E-004  0.46460083533656787        2.1074262526820977      -0.84576703476911330        1.0001821682393357       0.13661424421778393     
   2.8380000000000001E-004  0.46180513458276540        2.0826822873667989      -0.83150825564596953        1.0001953012739331       0.14676239256055648     
   2.8390000000000002E-004  0.45903990784224769        2.0568649346659154      -0.81620964041098210        1.0002083265355795       0.15675432674838172     
   2.8400000000000002E-004  0.45631014772187206        2.0302023244462095      -0.79989180353655620        1.0002210169790058       0.16656168328508025     
   2.8410000000000002E-004  0.45362177092706202        2.0029355389024701      -0.78258378853406052        1.0002330974847464       0.17614309846746792     
   2.8420000000000002E-004  0.45098145111961407        1.9753047600644749      -0.76432475633633090        1.0002443881928424       0.18544953510507040     
   2.8430000000000003E-004  0.44839620701098731        1.9475312728212906      -0.74516463462927263        1.0002549662881923       0.19443515122075156     
   2.8440000000000003E-004  0.44587283550257278        1.9197974758822696      -0.72516327434992711        1.0002652401873429       0.20307025983875135     
   2.8450000000000003E-004  0.44341745563122142        1.8922280045913453      -0.70438823559209895        1.0002758334820641       0.21134987778463296     
   2.8460000000000003E-004  0.44103551822106679        1.8648751332538680      -0.68291205497564988        1.0002872700414498       0.21929145505344647     
   2.8470000000000004E-004  0.43873249918713858        1.8377111080304100      -0.66081027167000839        1.0002995951167801       0.22692005368817070     
   2.8480000000000004E-004  0.43651510687612366        1.8106298854314371      -0.63816119589559261        1.0003121563951305       0.23424670729004979     
   2.8490000000000004E-004  0.43439237871945013        1.7834612653319848      -0.61504739275254583        1.0003237209772406       0.24125124804099324     
   2.8500000000000004E-004  0.43237587156133550        1.7560003411677805      -0.59155765939736404        1.0003329303574287       0.24788023667685183     
   2.8510000000000005E-004  0.43047853720398505        1.7280522122497075      -0.56778767598018409        1.0003388807785250       0.25406298307772368     
   2.8520000000000005E-004  0.42871268712753707        1.6994851037749141      -0.54383802483240229        1.0003414843634231       0.25973782864940143     
   2.8530000000000005E-004  0.42708810181301082        1.6702774027621947      -0.51980972231518263        1.0003413420214919       0.26487369267905725     
   2.8540000000000005E-004  0.42561133425408215        1.6405414886747298      -0.49579888931339433        1.0003391798642747       0.26947434186360181     
   2.8550000000000005E-004  0.42428658003104447        1.6105133734734363      -0.47189263561657818        1.0003352365786555       0.27356417184511511     
   2.8560000000000006E-004  0.42311753916655098        1.5805097306869218      -0.44816735864265284        1.0003290233623632       0.27716590163873611     
   2.8570000000000001E-004  0.42210910050164602        1.5508660579354219      -0.42468921144727928        1.0003195735297905       0.28028384554233116     
   2.8580000000000001E-004  0.42126785754700663        1.5218754970270680      -0.40151553227626469        1.0003059520857942       0.28290053482129257     
   2.8590000000000001E-004  0.42060126152797850        1.4937454774884458      -0.37869601390507784        1.0002876818445234       0.28498542694141371     
   2.8600000000000001E-004  0.42011603120555180        1.4665810225858040      -0.35627304249693076        1.0002648859328995       0.28650859264673928     
   2.8610000000000002E-004  0.41981673040123535        1.4403935871716556      -0.33428136551392224        1.0002381624944920       0.28745183241865285     
   2.8620000000000002E-004  0.41970512969334761        1.4151269442629681      -0.31274764459170179        1.0002083352854609       0.28781299806748656     
   2.8630000000000002E-004  0.41978044196953124        1.3906891442954175      -0.29169042946864904        1.0001762262383664       0.28760350020300723     
   2.8640000000000002E-004  0.42004011344292913        1.3669814611604600      -0.27112081170257313        1.0001425266964279       0.28684178838105967     
   2.8650000000000003E-004  0.42048070972691698        1.3439192775538089      -0.25104370771201728        1.0001077722041343       0.28554623342680996     
   2.8660000000000003E-004  0.42109853644051909        1.3214437086457815      -0.23145952579136070        1.0000723899574588       0.28372996515453830     
   2.8670000000000003E-004  0.42188986031762205        1.2995251680408622      -0.21236591433842544        1.0000367811513657       0.28139888391738638     
   2.8680000000000003E-004  0.42285080510678114        1.2781609982666362      -0.19375932630244011        1.0000014008740070       0.27855286070264890     
   2.8690000000000003E-004  0.42397709058638133        1.2573692973793227      -0.17563622419884165       0.99996680182526976       0.27518920175516282     
   2.8700000000000004E-004  0.42526376283003386        1.2371807761693701      -0.15799386001757670       0.99993362290904009       0.27130689510315570     
   2.8710000000000004E-004  0.42670499522102989        1.2176301946863894      -0.14083066684435502       0.99990252674617386       0.26691010560432937     
   2.8720000000000004E-004  0.42829398584934614        1.1987486909828569      -0.12414636878963492       0.99987411241760482       0.26200986236967955     
   2.8730000000000004E-004  0.43002295572566518        1.1805580303793368      -0.10794193790040994       0.99984883820268244       0.25662368536009467     
   2.8740000000000005E-004  0.43188324998670147        1.1630673881356293       -9.2219505157021514E-002  0.99982698022852701       0.25077367069634515     
   2.8750000000000005E-004  0.43386554026559576        1.1462727620922468       -7.6982287891435186E-002  0.99980863401623010       0.24448396382550294     
   2.8760000000000005E-004  0.43596011113380834        1.1301586165362361       -6.2234550978445352E-002  0.99979374850546321       0.23777851416205120     
   2.8770000000000005E-004  0.43815719283298060        1.1147010176796837       -4.7981589674236255E-002  0.99978217408576797       0.23067964743644631     
   2.8780000000000000E-004  0.44044728890862878        1.0998714135425409       -3.4229711453117505E-002  0.99977370806827226       0.22320756201161776     
   2.8790000000000000E-004  0.44282144830636649        1.0856403225075208       -2.0986197617497197E-002  0.99976812827408945       0.21538053951075803     
   2.8800000000000001E-004  0.44527144635695004        1.0719804423203749       -8.2592348592020609E-003  0.99976521267313179       0.20721553415635810     
   2.8810000000000001E-004  0.44778986162715739        1.0588689635470212        3.9421835737544417E-003  0.99976474774330870       0.19872883367958102     
   2.8820000000000001E-004  0.45037005646900480        1.0462890841272783        1.5608380657827679E-002  0.99976652986780978       0.18993659063942009     
   2.8830000000000001E-004  0.45300608572155959        1.0342308379860219        2.6729132624882725E-002  0.99977036375810147       0.18085514180314249     
   2.8840000000000002E-004  0.45569256970937028        1.0226913805389382        3.7293810741844916E-002  0.99977606061894464       0.17150112658056485     
   2.8850000000000002E-004  0.45842456797079584        1.0116748526129458        4.7291520585567778E-002  0.99978343715487328       0.16189146053270118     
   2.8860000000000002E-004  0.46119748095394469        1.0011919072414184        5.6711234169056747E-002  0.99979231562649495       0.15204322435791159     
   2.8870000000000002E-004  0.46400699280443941       0.99125896341972641        6.5541912715358114E-002  0.99980252464218800       0.14197351187595589     
   2.8880000000000003E-004  0.46684905493249346       0.98189725426774110        7.3772619708156170E-002  0.99981390035380313       0.13169926306166152     
   2.8890000000000003E-004  0.46971990061837415       0.97313174755239285        8.1392624891021517E-002  0.99982628786800554       0.12123709778045005     
   2.8900000000000003E-004  0.47261607669188133       0.96499002268365963        8.8391500331260461E-002  0.99983954273856257       0.11060316160096131     
   2.8910000000000003E-004  0.47553447857455894       0.95750118330253642        9.4759209673646122E-002  0.99985353240282626        9.9812994201290112E-002
   2.8920000000000004E-004  0.47847237806725457       0.95069486799129255       0.10048619156821922       0.99986813742241565        8.8881430782070378E-002
   2.8930000000000004E-004  0.48142743740744987       0.94460039846316857       0.10556343792015094       0.99988325244508047        7.7822544058069390E-002
   2.8940000000000004E-004  0.48439770703903129       0.93924608100836515       0.10998256733128062       0.99989878667067356        6.6649629119516565E-002
   2.8950000000000004E-004  0.48738160748328929       0.93465866205348291       0.11373589387437495       0.99991466375678606        5.5375233166173050E-002
   2.8960000000000005E-004  0.49037789747457405       0.93086292716574626       0.11681649113167702       0.99993082107933573        4.4011224161399194E-002
   2.8970000000000005E-004  0.49338563125755341       0.92788141258489620       0.11921825072972080       0.99994720847947027        3.2568893889321923E-002
   2.8980000000000005E-004  0.49640410797370982       0.92573419961956205       0.12093593456924470       0.99996378643933481        2.1059087964878521E-002
   2.8990000000000000E-004  0.49943281557706592       0.92443876990117158       0.12196521990005424       0.99998052374746149        9.4923556939697836E-003
   2.9000000000000000E-004  0.50247137110825524       0.92400990561070184       0.12230273643564191       0.99999739472110727       -2.1208853282337209E-003
   2.9010000000000000E-004  0.50551945854353753       0.92445962451432440       0.12194609477091659        1.0000143760827509       -1.3770175145777098E-002
   2.9020000000000001E-004  0.50857676495917614       0.92579714479798270       0.12089390544287676        1.0000314436146891       -2.5444832937745521E-002
   2.9030000000000001E-004  0.51164291549438479       0.92802887905838993       0.11914578807375190        1.0000485687350795       -3.7133779074214675E-002
   2.9040000000000001E-004  0.51471740759030082       0.93115845839779166       0.11670237009588402        1.0000657151821890       -4.8825362839425082E-002
   2.9050000000000001E-004  0.51779954525562299       0.93518678339421157       0.11356527448385455        1.0000828360137071       -6.0507201284689172E-002
   2.9060000000000002E-004  0.52088837466194327       0.94011211369408798       0.10973709635044251        1.0000998709280327       -7.2166034971511001E-002
   2.9070000000000002E-004  0.52398262310598898       0.94593021777345054       0.10522136861055098        1.0001167440657042       -8.3787606252700181E-002
   2.9080000000000002E-004  0.52708064420868328       0.95263460015765133       0.10002251683515309        1.0001333624432669       -9.5356567962189914E-002
   2.9090000000000002E-004  0.53018037296433551       0.96021682594494084        9.4145803574803039E-002   1.0001496149936828      -0.10685642690399147     
   2.9100000000000003E-004  0.53327929444981192       0.96866696604029734        8.7597262641661719E-002   1.0001653722683437      -0.11826952953722812     
   2.9110000000000003E-004  0.53637442946248737       0.97797418860989715        8.0383623815445809E-002   1.0001804865928803      -0.12957709430330511     
   2.9120000000000003E-004  0.53946233843167657       0.98812751946655286        7.2512228362429015E-002   1.0001947926564954      -0.14075929667558185     
   2.9130000000000003E-004  0.54253914161111128       0.99911678213563082        6.3990935219913170E-002   1.0002081083578855      -0.15179540778836095     
   2.9140000000000004E-004  0.54560054886202503        1.0109337013093400        5.4828016674094426E-002   1.0002202358468828      -0.16266398546667934     
   2.9150000000000004E-004  0.54864188721320850        1.0235731085384483        4.5032040893925401E-002   1.0002309627950718      -0.17334310764486482     
   2.9160000000000004E-004  0.55165811053833391        1.0370341484843326        3.4611737632725417E-002   1.0002400637885767      -0.18381063084784743     
   2.9170000000000004E-004  0.55464377538511722        1.0513213557249808        2.3575843356440314E-002   1.0002473017122993      -0.19404444922176539     
   2.9180000000000005E-004  0.55759297208656711        1.0664454473871636        1.1932923114300699E-002   1.0002524289323238      -0.20402271904826438     
   2.9190000000000005E-004  0.56049921119260460        1.0824236644535414       -3.0883064311315600E-004   1.0002551878485457      -0.21372400102941955     
   2.9200000000000000E-004  0.56335527877604130        1.0992794982539724       -1.3141817467130459E-002   1.0002553107208743      -0.22312726602188651     
   2.9210000000000000E-004  0.56615308390980013        1.1170416577468512       -2.6559256750932583E-002   1.0002525191025708      -0.23221171680811839     
   2.9220000000000000E-004  0.56888353228843702        1.1357421664407550       -4.0555409572077608E-002   1.0002465236445093      -0.24095639308468905     
   2.9230000000000000E-004  0.57153647011022757        1.1554135331577200       -5.5125776832318285E-002   1.0002370261098541      -0.24933955001800204     
   2.9240000000000001E-004  0.57410074062642635        1.1760850426163696       -7.0267256082984134E-002   1.0002237274755186      -0.25733786429758715     
   2.9250000000000001E-004  0.57656437760533574        1.1977783975655267       -8.5978245489144595E-002   1.0002063491304589      -0.26492565752188579     
   2.9260000000000001E-004  0.57891492450372684        1.2205032381583889      -0.10225869797095802        1.0001846754196018      -0.27207452738651544     
   2.9270000000000001E-004  0.58113982836756617        1.2442534281343187      -0.11911015064552968        1.0001586205157154      -0.27875392736193350     
   2.9280000000000002E-004  0.58322684003532343        1.2690053144204381      -0.13653577459058924        1.0001283084398069      -0.28493314062636893     
   2.9290000000000002E-004  0.58516437368935348        1.2947192523946320      -0.15454049003951470        1.0000941366184863      -0.29058460083825666     
   2.9300000000000002E-004  0.58694181690821601        1.3213453406104270      -0.17313115901395321        1.0000567857680649      -0.29568774090880579     
   2.9310000000000002E-004  0.58854977829166666        1.3488334409113127      -0.19231680673442336        1.0000171542208987      -0.30023193353843375     
   2.9320000000000003E-004  0.58998018921189521        1.3771463310151395      -0.21210875509590346       0.99997622472840075      -0.30421700928554213     
   2.9330000000000003E-004  0.59122613706406457        1.4062735802971966      -0.23252049219434656       0.99993489951675674      -0.30765034757520060     
   2.9340000000000003E-004  0.59228138661512530        1.4362428261666933      -0.25356706322312550       0.99989386081981180      -0.31054056334411279     
   2.9350000000000003E-004  0.59313972060407794        1.4671248153464331      -0.27526377901327442       0.99985352703435459      -0.31288934157296466     
   2.9360000000000003E-004  0.59379440905492298        1.4990289532431857      -0.29762414951187843       0.99981416242959320      -0.31468472212755699     
   2.9370000000000004E-004  0.59423823411406007        1.5320871804729945      -0.32065718729355408       0.99977613157112299      -0.31590008454262997     
   2.9380000000000004E-004  0.59446447415299086        1.5664258306607657      -0.34436452663779882       0.99974018063539893      -0.31650166770654353     
   2.9390000000000004E-004  0.59446879552960274        1.6021279029692934      -0.36873802890543628       0.99970756681679440      -0.31646342014661638     
   2.9400000000000004E-004  0.59425115190654210        1.6391921556296865      -0.39375852357594321       0.99967986710549539      -0.31578301660102309     
   2.9409999999999999E-004  0.59381635929742571        1.6774999877461152      -0.41939586390168709       0.99965839180698346      -0.31448922507590743     
   2.9420000000000000E-004  0.59317261977111413        1.7168040144140431      -0.44560957272780105       0.99964341287370917      -0.31263190558190579     
   2.9430000000000000E-004  0.59232851343001702        1.7567505705833941      -0.47234861495947844       0.99963377773279471      -0.31025518360046933     
   2.9440000000000000E-004  0.59129007143771350        1.7969403438187754      -0.49954916508620512       0.99962743241345897      -0.30736834475863040     
   2.9450000000000000E-004  0.59005999700145040        1.8370179669162230      -0.52713085131413406       0.99962271056132002      -0.30393589012247035     
   2.9460000000000001E-004  0.58864000934856497        1.8767668505271526      -0.55499387748268381       0.99961951755854017      -0.29989973458909480     
   2.9470000000000001E-004  0.58703479514569601        1.9161768573260254      -0.58302007528196820       0.99961939052706361      -0.29522511399672485     
   2.9480000000000001E-004  0.58525458063286440        1.9554567086254888      -0.61107911069287602       0.99962412910560094      -0.28993853857356200     
   2.9490000000000001E-004  0.58331446381706342        1.9949815537001623      -0.63903736119224797       0.99963400538389358      -0.28412321698876025     
   2.9500000000000001E-004  0.58123104120589808        2.0351914101845896      -0.66676453855240203       0.99964717157806848      -0.27786946899996429     
   2.9510000000000002E-004  0.57901874025888989        2.0764743011560842      -0.69413486530738555       0.99966079630963112      -0.27121926791935447     
   2.9520000000000002E-004  0.57668836112499045        2.1190693489830963      -0.72102435979191792       0.99967290240750406      -0.26415130568842721     
   2.9530000000000002E-004  0.57424829135796052        2.1630123817452294      -0.74730914453740693       0.99968338381027355      -0.25661726500352905     
   2.9540000000000002E-004  0.57170683887137064        2.2081289571460623      -0.77286845317451713       0.99969350811606450      -0.24859561853058468     
   2.9550000000000003E-004  0.56907385545968159        2.2540649240459949      -0.79759149240188820       0.99970455637265199      -0.24011856418086455     
   2.9560000000000003E-004  0.56636083351178201        2.3003374249979220      -0.82138397473460745       0.99971683859619065      -0.23125691409826971     
   2.9570000000000003E-004  0.56357982733382039        2.3463907992000728      -0.84417076379737199       0.99972971139639466      -0.22208359275609271     
   2.9580000000000003E-004  0.56074209890714766        2.3916485388960460      -0.86589429140050989       0.99974225218985180      -0.21264623687590578     
   2.9590000000000004E-004  0.55785721696716850        2.4355582308151931      -0.88651093539879822       0.99975388347637584      -0.20296288036165122     
   2.9600000000000004E-004  0.55493287469083885        2.4776281148708819      -0.90598773685046774       0.99976456639811051      -0.19303435546502407     
   2.9610000000000004E-004  0.55197527726999662        2.5174532501866214      -0.92430048789513719       0.99977463944317257      -0.18285961995529498     
   2.9619999999999999E-004  0.54898974154092095        2.5547293857417586      -0.94143292561130287       0.99978455888035855      -0.17244506082271044     
   2.9629999999999999E-004  0.54598118467946444        2.5892543321709613      -0.95737630459563661       0.99979471783746665      -0.16180650893567627     
   2.9639999999999999E-004  0.54295435600521236        2.6209189841767166      -0.97212881414165642       0.99980538065994951      -0.15096687102581394     
   2.9650000000000000E-004  0.53991383931426773        2.6496917938027842      -0.98569467234876207       0.99981669171942500      -0.13995254564772452     
   2.9660000000000000E-004  0.53686393569129476        2.6756007536001185      -0.99808297423867365       0.99982871074451851      -0.12879042132882620     
   2.9670000000000000E-004  0.53380852954448688        2.6987159495257202       -1.0093064498953690       0.99984144585073653      -0.11750599188539014     
   2.9680000000000000E-004  0.53075099660126157        2.7191343699010222       -1.0193802658801387       0.99985487526465200      -0.10612243690903912     
   2.9690000000000001E-004  0.52769416827828275        2.7369675696996989       -1.0283209515971519       0.99986895939020248       -9.4660370217607884E-002
   2.9700000000000001E-004  0.52464034201629395        2.7523321415978401       -1.0361454886141852       0.99988364631788706       -8.3137984965085301E-002
   2.9710000000000001E-004  0.52159132165036792        2.7653426441187445       -1.0428705701886647       0.99989887388699916       -7.1571382658671745E-002
   2.9720000000000001E-004  0.51854847478097410        2.7761065440036923       -1.0485120196890949       0.99991457053816424       -5.9974946759425163E-002
   2.9730000000000002E-004  0.51551279858849697        2.7847207366736484       -1.0530843474913096       0.99993065616126864       -4.8361687225778313E-002
   2.9740000000000002E-004  0.51248498875132953        2.7912692605357741       -1.0566004233459116       0.99994704336150164       -3.6743530496835757E-002
   2.9750000000000002E-004  0.50946550810531499        2.7958218883610986       -1.0590712425687356       0.99996363910172648       -2.5131555452693834E-002
   2.9760000000000002E-004  0.50645465310539772        2.7984333488900326       -1.0605057677727112       0.99998034653262824       -1.3536188339716981E-002
   2.9770000000000003E-004  0.50345261723428780        2.7991429972327229       -1.0609108318636793       0.99999706683044942       -1.9673695033563757E-003
   2.9780000000000003E-004  0.50045955130255881        2.7979748117293095       -1.0602910920951996        1.0000137009406085        9.5652962996376940E-003
   2.9790000000000003E-004  0.49747562107690152        2.7949376501749121       -1.0586490288823254        1.0000301512164698        2.1052398055865281E-002
   2.9800000000000003E-004  0.49450106292453716        2.7900257469613443       -1.0559849866306408        1.0000463229733418        3.2484579227390516E-002
   2.9810000000000004E-004  0.49153623820287551        2.7832194739712524       -1.0522972571848594        1.0000621259630356        4.3852394408685248E-002
   2.9820000000000004E-004  0.48858168697739895        2.7744864255790596       -1.0475822098665530        1.0000774757345041        5.5146152670070649E-002
   2.9829999999999999E-004  0.48563818136235976        2.7637829224639603       -1.0418344755705273        1.0000922947845321        6.6355734617638815E-002
   2.9839999999999999E-004  0.48270677833308073        2.7510560596622398       -1.0350471959223375        1.0001065133725542        7.7470369074864723E-002
   2.9849999999999999E-004  0.47978887111885804        2.7362464484298155       -1.0272123516340863        1.0001200698733661        8.8478357591827608E-002
   2.9859999999999999E-004  0.47688623696825549        2.7192918164463862       -1.0183211861452914        1.0001329107534052        9.9366749387219760E-002
   2.9870000000000000E-004  0.47400107698502897        2.7001316296590687       -1.0083647396955817        1.0001449906580799       0.11012099998345463     
   2.9880000000000000E-004  0.47113604120026459        2.6787128901498569      -0.99733450323210482        1.0001562739671253       0.12072470142545710     
   2.9890000000000000E-004  0.46829423009192228        2.6549972312938177      -0.98522318802548525        1.0001667400411234       0.13115954536019719     
   2.9900000000000000E-004  0.46547916424729896        2.6289693520528434      -0.97202558400206818        1.0001763947200413       0.14140574920331123     
   2.9910000000000001E-004  0.46269472027971842        2.6006466812381088      -0.95773945028922536        1.0001852894056884       0.15144318177548241     
   2.9920000000000001E-004  0.45994504649777240        2.5700898966371959      -0.94236635492474552        1.0001935449432620       0.16125329801671523     
   2.9930000000000001E-004  0.45723449263698429        2.5374135306662229      -0.92591237907444202        1.0002013674144967       0.17082157503864556     
   2.9940000000000001E-004  0.45456761060969958        2.5027953843503763      -0.90838865931540436        1.0002090332254727       0.18013943342624755     
   2.9950000000000002E-004  0.45194929449392290        2.4664828597826443      -0.88981187187545419        1.0002168213899250       0.18920402169255265     
   2.9960000000000002E-004  0.44938509826301820        2.4287937370751305      -0.87020492676172378        1.0002248933169415       0.19801434005867041     
   2.9970000000000002E-004  0.44688167086447583        2.3901085760101655      -0.84959822484184566        1.0002331677690122       0.20656364199099614     
   2.9980000000000002E-004  0.44444709050899894        2.3508523003597794      -0.82803167667964617        1.0002412874517583       0.21483088293051272     
   2.9990000000000003E-004  0.44209076362235217        2.3114645225543970      -0.80555719572960172        1.0002487706173022       0.22277679925695734     
   3.0000000000000003E-004  0.43982265499189588        2.2723618672892378      -0.78224071652565386        1.0002553344364156       0.23035021956637272     
   3.0010000000000003E-004  0.43765203582861190        2.2338994662069602      -0.75816244510532971        1.0002611921145814       0.23750499376982959     
   3.0020000000000003E-004  0.43558648030124325        2.1963399396932086      -0.73341459519513197        1.0002670226578723       0.24421887432574221     
   3.0030000000000004E-004  0.43363199017170700        2.1598348908278027      -0.70809731305335055        1.0002734838688332       0.25049987915028699     
   3.0039999999999998E-004  0.43179448738189552        2.1244184204996106      -0.68231487191639772        1.0002805498147966       0.25637125960124729     
   3.0049999999999999E-004  0.43008177682589716        2.0900097530851021      -0.65617415001280466        1.0002872176848419       0.26184240391800923     
   3.0059999999999999E-004  0.42850444936927218        2.0564259876902842      -0.62978555519960788        1.0002919135199033       0.26688674775480836     
   3.0069999999999999E-004  0.42707478716394831        2.0234121898505713      -0.60326428757677542        1.0002933646254981       0.27144525387590923     
   3.0079999999999999E-004  0.42580415756118467        1.9906954437057998      -0.57672916443955424        1.0002912883357300       0.27545485068182768     
   3.0090000000000000E-004  0.42470055300691140        1.9580573444611282      -0.55029794289999945        1.0002863745977171       0.27888110558386758     
   3.0100000000000000E-004  0.42376791641130906        1.9254029592197401      -0.52408078479107156        1.0002795893856615       0.28173113511824954     
   3.0110000000000000E-004  0.42300758750842327        1.8927980270525531      -0.49817494605879414        1.0002713233735325       0.28403860096381106     
   3.0120000000000000E-004  0.42242069673353860        1.8604574684783781      -0.47266286798145879        1.0002610067987603       0.28583352340265455     
   3.0130000000000001E-004  0.42200989215558943        1.8286896860222353      -0.44761350786367560        1.0002474618638515       0.28711916808637294     
   3.0140000000000001E-004  0.42177950078852006        1.7978187619234625      -0.42308488681877571        1.0002297040329016       0.28787062979796241     
   3.0150000000000001E-004  0.42173424393507797        1.7681121872711412      -0.39912572823341208        1.0002075745501751       0.28805265011769271     
   3.0160000000000001E-004  0.42187732680121892        1.7397352496773362      -0.37577543433684996        1.0001817859903601       0.28764171272563799     
   3.0170000000000002E-004  0.42220895117765034        1.7127397925077714      -0.35306315081183703        1.0001534692108269       0.28663793437121177     
   3.0180000000000002E-004  0.42272596728980105        1.6870817017072506      -0.33100721226366325        1.0001236403676435       0.28506228556593116     
   3.0190000000000002E-004  0.42342267601449873        1.6626538976557841      -0.30961578893760905        1.0000929336327165       0.28294460184669684     
   3.0200000000000002E-004  0.42429219856383871        1.6393214252083306      -0.28888872539080634        1.0000616563591287       0.28031126159216757     
   3.0210000000000002E-004  0.42532769965284312        1.6169498337380981      -0.26881999997532158        1.0000300095939323       0.27717859675779977     
   3.0220000000000003E-004  0.42652302040699919        1.5954235203968814      -0.24940014124196355       0.99999828597025520       0.27355308647651039     
   3.0230000000000003E-004  0.42787265365664567        1.5746545839860460      -0.23061817014443489       0.99996694688197862       0.26943576866831459     
   3.0240000000000003E-004  0.42937125880436167        1.5545845001928207      -0.21246294610312863       0.99993658541968933       0.26482743476921988     
   3.0249999999999998E-004  0.43101302294369398        1.5351811906780481      -0.19492400474054908       0.99990783575198983       0.25973233464268508     
   3.0259999999999998E-004  0.43279115428880799        1.5164336217324736      -0.17799204191960769       0.99988128617306382       0.25415979247062204     
   3.0269999999999999E-004  0.43469768054514357        1.4983454818263091      -0.16165917328773810       0.99985742241288433       0.24812422530899764     
   3.0279999999999999E-004  0.43672358069652056        1.4809289852119942      -0.14591904881783771       0.99983660166683719       0.24164433554366135     
   3.0289999999999999E-004  0.43885916280202941        1.4641994749712097      -0.13076686761524350       0.99981904632578367       0.23474201996612051     
   3.0299999999999999E-004  0.44109454554968031        1.4481712207384412      -0.11619932617041863       0.99980484838402139       0.22744121605856679     
   3.0309999999999999E-004  0.44342010933784370        1.4328545848178385      -0.10221453186792034       0.99979398105235051       0.21976673027940172     
   3.0320000000000000E-004  0.44582683053775896        1.4182545451660049       -8.8811909931898206E-002  0.99978631771253279       0.21174309702366367     
   3.0330000000000000E-004  0.44830646948820319        1.4043704147275742       -7.5992121469710169E-002  0.99978165734090563       0.20339358510687824     
   3.0340000000000000E-004  0.45085162579681742        1.3911964921276256       -6.3756996378150202E-002  0.99977975315127121       0.19473949373030214     
   3.0350000000000000E-004  0.45345569620727399        1.3787233300693700       -5.2109473420771019E-002  0.99978033984581594       0.18579983263073260     
   3.0360000000000001E-004  0.45611277687937379        1.3669393117581752       -4.1053533940170570E-002  0.99978315551744212       0.17659139564120135     
   3.0370000000000001E-004  0.45881754824782123        1.3558322697827698       -3.0594115982244055E-002  0.99978795599166459       0.16712915243824034     
   3.0380000000000001E-004  0.46156517022215648        1.3453909478036330       -2.0737000623342189E-002  0.99979452145578274       0.15742682653868725     
   3.0390000000000001E-004  0.46435120300860694        1.3356061770795842       -1.1488669488157008E-002  0.99980265691126247       0.14749751229090427     
   3.0400000000000002E-004  0.46717155782337455        1.3264717069288414       -2.8561390604072423E-003  0.99981218880456368       0.13735420567160908     
   3.0410000000000002E-004  0.47002247404208047        1.3179846797707819        5.1532180318379500E-003  0.99982296024493045       0.12701016893892308     
   3.0420000000000002E-004  0.47290051523823096        1.3101457774228882        1.2531852902621016E-002  0.99983482666005619       0.11647910114358102     
   3.0430000000000002E-004  0.47580257546328814        1.3029590889437461        1.9272210517499735E-002  0.99984765290726108       0.10577513143706214     
   3.0440000000000003E-004  0.47872588796681415        1.2964317636292977        2.5366881848094339E-002  0.99986131208055484        9.4912682358036904E-002
   3.0450000000000003E-004  0.48166803039072648        1.2905735175483057        3.0808733358435633E-002  0.99987568573029995        8.3906261690415262E-002
   3.0459999999999998E-004  0.48462692259097989        1.2853960592992637        3.5591012504965241E-002  0.99989066481052169        7.2770238779005889E-002
   3.0469999999999998E-004  0.48760081516045800        1.2809124901069762        3.9707430503102131E-002  0.99990615085322621        6.1518652091067889E-002
   3.0479999999999998E-004  0.49058826816564227        1.2771367239969438        4.3152225367687258E-002  0.99992205670609535        5.0165074524352468E-002
   3.0489999999999998E-004  0.49358812064950408        1.2740829675929817        4.5920209077025376E-002  0.99993830657560301        3.8722553312320038E-002
   3.0499999999999999E-004  0.49659945210928108        1.2717652816403229        4.8006802723380579E-002  0.99995483520940009        2.7203624413434217E-002
   3.0509999999999999E-004  0.49962153740948584        1.2701972329816877        4.9408062831255442E-002  0.99997158630114236        1.5620392712021218E-002
   3.0519999999999999E-004  0.50265379659602516        1.2693916377687078        5.0120701340932022E-002  0.99998851021643254        3.9846663386920219E-003
   3.0529999999999999E-004  0.50569574092757563        1.2693603923972931        5.0142100947968136E-002   1.0000055612034173       -7.6918701090146584E-003
   3.0540000000000000E-004  0.50874691625713087        1.2701143869962115        4.9470326738349793E-002   1.0000226942677575       -1.9397458114197443E-002
   3.0550000000000000E-004  0.51180684475988958        1.2716634962354334        4.8104134429449330E-002   1.0000398618873099       -3.1120057395816827E-002
   3.0560000000000000E-004  0.51487496596670068        1.2740166438959406        4.6042974986337387E-002   1.0000570107284490       -4.2847141314281287E-002
   3.0570000000000000E-004  0.51795057820501023        1.2771819425612678        4.3286994899258961E-002   1.0000740785200699       -5.4565510208155137E-002
   3.0580000000000001E-004  0.52103278178278412        1.2811669094250497        3.9837030718151589E-002   1.0000909913205092       -6.6261139227229662E-002
   3.0590000000000001E-004  0.52412042541405568        1.2859787580639592        3.5694595638042940E-002   1.0001076613561324       -7.7919077767403422E-002
   3.0600000000000001E-004  0.52721205760346102        1.2916247656205098        3.0861855213673288E-002   1.0001239855802084       -8.9523415503867873E-002
   3.0610000000000001E-004  0.53030588487455765        1.2981127097909786        2.5341588424672254E-002   1.0001398451103043      -0.10105733135494428     
   3.0620000000000002E-004  0.53339973867647772        1.3054513605287354        1.9137129578828849E-002   1.0001551054348174      -0.11250323011147031     
   3.0630000000000002E-004  0.53649105226532889        1.3136509970084029        1.2252286383796045E-002   1.0001696172895087      -0.12384296201577839     
   3.0640000000000002E-004  0.53957684771519909        1.3227239014759329        4.6912298328340846E-003   1.0001832176269085      -0.13505809977542382     
   3.0650000000000002E-004  0.54265373129600236        1.3326847600264973       -3.5416469189885336E-003   1.0001957300912627      -0.14613022860397898     
   3.0660000000000003E-004  0.54571789290336714        1.3435508795097739       -1.2441901027617552E-002   1.0002069642448297      -0.15704118325686237     
   3.0669999999999997E-004  0.54876510245563015        1.3553421209987420       -2.2005240621886094E-002   1.0002167129422310      -0.16777315916131427     
   3.0679999999999998E-004  0.55179069392022018        1.3680804618343378       -3.2227746430897389E-002   1.0002247478392425      -0.17830863196407498     
   3.0689999999999998E-004  0.55478952685205007        1.3817891175187400       -4.3106103979657223E-002   1.0002308139455083      -0.18863004704250758     
   3.0699999999999998E-004  0.55775591740901720        1.3964911925432615       -5.4637834288642662E-002   1.0002346251272205      -0.19871928565363828     
   3.0709999999999998E-004  0.56068353663117476        1.4122078910899605       -6.6821511713537285E-002   1.0002358633802098      -0.20855697073074839     
   3.0719999999999999E-004  0.56356528285719598        1.4289564059058737       -7.9656960900487975E-002   1.0002341851280718      -0.21812173240016605     
   3.0730000000000004E-004  0.56639314476901481        1.4467477182214017       -9.3145430661866951E-002   1.0002292376476565      -0.22738960211648146     
   3.0740000000000005E-004  0.56915807982873878        1.4655846787787477      -0.10728974967246536        1.0002206872988821      -0.23633373087710358     
   3.0750000000000005E-004  0.57184994800245603        1.4854608788711836      -0.12209447381245732        1.0002082579731908      -0.24492459956695842     
   3.0760000000000005E-004  0.57445755877863236        1.5063609204796480      -0.13756603443603321        1.0001917750798990      -0.25313081042002428     
   3.0770000000000005E-004  0.57696889247501226        1.5282626960213657      -0.15371289122468518        1.0001712089063899      -0.26092046011639142     
   3.0780000000000005E-004  0.57937152607777120        1.5511421165696095      -0.17054568789650984        1.0001467121023475      -0.26826304287658337     
   3.0790000000000006E-004  0.58165322102771866        1.5749803466635228      -0.18807740967120534        1.0001186459556202      -0.27513179653323205     
   3.0800000000000006E-004  0.58380253643191471        1.5997730476367868      -0.20632354479235679        1.0000875858207330      -0.28150626170392734     
   3.0810000000000006E-004  0.58580926533806033        1.6255404814232897      -0.22530223896887838        1.0000542865275730      -0.28737441932491131     
   3.0820000000000006E-004  0.58766449853275260        1.6523366929441972      -0.24503437517677323        1.0000195889008177      -0.29273320914537326     
   3.0830000000000007E-004  0.58936021012872830        1.6802554734469117      -0.26554340469378152       0.99998427074343998      -0.29758598226632182     
   3.0840000000000002E-004  0.59088843273990543        1.7094304704412293      -0.28685463471450912       0.99994889224440997      -0.30193618640775360     
   3.0850000000000002E-004  0.59224033814223687        1.7400267425638969      -0.30899362888011300       0.99991373145288531      -0.30577859174895133     
   3.0860000000000002E-004  0.59340576798694100        1.7722215127704430      -0.33198351264466774       0.99987890812387981      -0.30909199751872063     
   3.0870000000000002E-004  0.59437374188335912        1.8061734045926467      -0.35584136902508284       0.99984471894939830      -0.31183901134961500     
   3.0880000000000002E-004  0.59513403525931796        1.8419828338737680      -0.38057448126210713       0.99981203396234686      -0.31397697338955105     
   3.0890000000000003E-004  0.59567927814539556        1.8796516724442700      -0.40617755798177968       0.99978240154476739      -0.31547774292028657     
   3.0900000000000003E-004  0.59600655937571767        1.9190562002694822      -0.43263173097055285       0.99975754543653972      -0.31634502623691391     
   3.0910000000000003E-004  0.59611741537848228        1.9599499404346830      -0.45990493267564581       0.99973840844847439      -0.31661420123459327     
   3.0920000000000003E-004  0.59601576205650630        2.0020079544073717      -0.48795197656714312       0.99972447122975283      -0.31632868846004719     
   3.0930000000000004E-004  0.59570477110002040        2.0449107272474922      -0.51671250950894132       0.99971406849288147      -0.31550569649156840     
   3.0940000000000004E-004  0.59518487569055178        2.0884480697809185      -0.54610664645655549       0.99970564397956430      -0.31411769077221574     
   3.0950000000000004E-004  0.59445464150199934        2.1326088890542856      -0.57603075602574105       0.99969899471782298      -0.31210999703732356     
   3.0960000000000004E-004  0.59351424102129346        2.1776192621056278      -0.60635728962691882       0.99969534284851391      -0.30944688955683480     
   3.0970000000000005E-004  0.59236908449489245        2.2239048274964066      -0.63694051981956668       0.99969602240600863      -0.30614739321215401     
   3.0980000000000005E-004  0.59103033962980334        2.2719823788368210      -0.66762548854292914       0.99970098507407290      -0.30227471931084082     
   3.0990000000000005E-004  0.58951142721144500        2.3223152618677680      -0.69825480418104524       0.99970853762795187      -0.29788720127411517     
   3.1000000000000005E-004  0.58782357300080423        2.3751780181484285      -0.72867048737194451       0.99971651577834875      -0.29299852532130338     
   3.1010000000000006E-004  0.58597445872039744        2.4305627315387550      -0.75871353915486239       0.99972372781459007      -0.28758420555200387     
   3.1020000000000006E-004  0.58397084796508780        2.4881381343489188      -0.78822612293452954       0.99973034701683450      -0.28162132963278397     
   3.1030000000000006E-004  0.58182216066539849        2.5472599240119997      -0.81705792657591769       0.99973715579278155      -0.27512004333605911     
   3.1040000000000006E-004  0.57954147993706029        2.6070298969708894      -0.84507373637101724       0.99974454684069802      -0.26812277384878397     
   3.1050000000000001E-004  0.57714366351374446        2.6664013381407834      -0.87215830354637158       0.99975218161083923      -0.26068122279290179     
   3.1060000000000001E-004  0.57464286137476561        2.7243154977743576      -0.89821726317127104       0.99975935635103419      -0.25283538819428425     
   3.1070000000000002E-004  0.57205128664727289        2.7798359015978669      -0.92317557314978438       0.99976555263261180      -0.24460788730479888     
   3.1080000000000002E-004  0.56937925323571603        2.8322440829762883      -0.94697547164403706       0.99977070102831178      -0.23601098925743164     
   3.1090000000000002E-004  0.56663569220503740        2.8810760874590979      -0.96957489029803090       0.99977507802054144      -0.22705619974638427     
   3.1100000000000002E-004  0.56382869534765345        2.9261043043459907      -0.99094616208962605       0.99977906994847743      -0.21775916373437743     
   3.1110000000000003E-004  0.56096599167310701        2.9672873606546926       -1.0110745685788221       0.99978303143126868      -0.20813978926462937     
   3.1120000000000003E-004  0.55805527987111769        3.0047125120105669       -1.0299565705363003       0.99978725541008862      -0.19822076742768940     
   3.1130000000000003E-004  0.55510430126330701        3.0385459401556041       -1.0475978590283086       0.99979199401922858      -0.18802653895712340     
   3.1140000000000003E-004  0.55212066451495267        3.0689964045432685       -1.0640114515374557       0.99979747368638527      -0.17758312476496788     
   3.1150000000000004E-004  0.54911155120056354        3.0962912093676564       -1.0792159754912787       0.99980388509612961      -0.16691811640572390     
   3.1160000000000004E-004  0.54608344392656893        3.1206610685911347       -1.0932341613496901       0.99981136318194663      -0.15606016530640660     
   3.1170000000000004E-004  0.54304196132574623        3.1423306463858793       -1.1060915082842289       0.99981997592259142      -0.14503789953654361     
   3.1180000000000004E-004  0.53999181600887236        3.1615126159117803       -1.1178150907465061       0.99982972845302942      -0.13387863049820589     
   3.1190000000000005E-004  0.53693686735883495        3.1784040128302635       -1.1284325031511699       0.99984057806856896      -0.12260728219817707     
   3.1200000000000005E-004  0.53388022654691214        3.1931841993454189       -1.1379709595605512       0.99985245203849926      -0.11124580269266184     
   3.1210000000000005E-004  0.53082437675076710        3.2060139979884870       -1.1464565656226153       0.99986526205809467       -9.9813091140840277E-002
   3.1220000000000005E-004  0.52777128614364766        3.2170356367557957       -1.1539137667585972       0.99987891287193653       -8.8325316497073564E-002
   3.1230000000000006E-004  0.52472250419228206        3.2263732205853302       -1.1603649605882025       0.99989330588096215       -7.6796445546522277E-002
   3.1240000000000006E-004  0.52167924006694921        3.2341335190503973       -1.1658302496114166       0.99990833976035010       -6.5238815336983932E-002
   3.1250000000000006E-004  0.51864242630902646        3.2404069173170491       -1.1703273041245850       0.99992390997080438       -5.3663639439448609E-002
   3.1260000000000001E-004  0.51561277219670643        3.2452684173844162       -1.1738713047446769       0.99993990839542335       -4.2081397777633194E-002
   3.1270000000000001E-004  0.51259081081470426        3.2487786051807355       -1.1764749371110514       0.99995622355133806       -3.0502102232585922E-002
   3.1280000000000001E-004  0.50957694272826637        3.2509845202066678       -1.1781484164803970       0.99997274140056436       -1.8935460047248717E-002
   3.1290000000000002E-004  0.50657147802320068        3.2519203831353778       -1.1788995257066315       0.99998934653454552       -7.3909639886264892E-003
   3.1300000000000002E-004  0.50357467760297225        3.2516081548757896       -1.1787336555789232        1.0000059235288350        4.1220602526800465E-003
   3.1310000000000002E-004  0.50058679408001860        3.2500579144158408       -1.1776538412772586        1.0000223582545820        1.5594424191897011E-002
   3.1320000000000002E-004  0.49760811230754093        3.2472680500140214       -1.1756607926236951        1.0000385390112878        2.7017043521059443E-002
   3.1330000000000003E-004  0.49463898955514030        3.2432252709096403       -1.1727529195037698        1.0000543574332588        3.8380884399137324E-002
   3.1340000000000003E-004  0.49167989550916663        3.2379044594769582       -1.1689263572196920        1.0000697091341024        4.9676874513088387E-002
   3.1350000000000003E-004  0.48873145262987633        3.2312683951291561       -1.1641749996510162        1.0000844940522844        6.0895766973161861E-002
   3.1360000000000003E-004  0.48579447788311159        3.2232673928917706       -1.1584905510277685        1.0000986164869510        7.2027948910854678E-002
   3.1370000000000004E-004  0.48287002737462414        3.2138389123479296       -1.1518626095810145        1.0001119849392477        8.3063197565548558E-002
   3.1380000000000004E-004  0.47995944572783356        3.2029072115106612       -1.1442787981516422        1.0001245120155338        9.3990398043929183E-002
   3.1390000000000004E-004  0.47706442182828934        3.1903831485858607       -1.1357249576641859        1.0001361150077586       0.10479725793008862     
   3.1400000000000004E-004  0.47418705137630801        3.1761642844082658       -1.1261854189635678        1.0001467179645993       0.11547006848755871     
   3.1410000000000005E-004  0.47132990433961652        3.1601354841424136       -1.1156433662390242        1.0001562559661987       0.12599357358720736     
   3.1420000000000005E-004  0.46849609197654968        3.1421702389103938       -1.1040813010604018        1.0001646818293075       0.13635100157530869     
   3.1430000000000005E-004  0.46568932423821241        3.1221329235822637       -1.0914816114640109        1.0001719744187729       0.14652428389758937     
   3.1440000000000005E-004  0.46291394530092833        3.0998821530564289       -1.0778272474456889        1.0001781462940442       0.15649442627019941     
   3.1450000000000006E-004  0.46017493376470486        3.0752753086690934       -1.0631025054758698        1.0001832473620951       0.16624193074396754     
   3.1460000000000006E-004  0.45747785518862571        3.0481742589276006       -1.0472939316384899        1.0001873618260027       0.17574712666534997     
   3.1470000000000001E-004  0.45482876063811462        3.0184524555529268       -1.0303913628961583        1.0001905991434765       0.18499030655011517     
   3.1480000000000001E-004  0.45223403698753079        2.9860041205380323       -1.0123891276928589        1.0001930854194041       0.19395171006495016     
   3.1490000000000001E-004  0.44970023580697388        2.9507571077381574      -0.99328740257094372        1.0001949666777505       0.20261164172781362     
   3.1500000000000001E-004  0.44723393822058982        2.9126916599883170      -0.97309365721073515        1.0001964321267345       0.21095121449273282     
   3.1510000000000002E-004  0.44484174028762358        2.8718666023268451      -0.95182403679271366        1.0001977460237712       0.21895405094985709     
   3.1520000000000002E-004  0.44253042914388935        2.8284513512868426      -0.92950450093118087        1.0001992452768971       0.22660845861224724     
   3.1530000000000002E-004  0.44030733004431544        2.7827565760176167      -0.90617168155166083        1.0002012220097036       0.23390774094438321     
   3.1540000000000002E-004  0.43818068389815568        2.7352506325751520      -0.88187379322052439        1.0002036790884166       0.24084496943142239     
   3.1550000000000003E-004  0.43615984702545862        2.6865467609778602      -0.85667217297664122        1.0002061595550695       0.24740215493488021     
   3.1560000000000003E-004  0.43425512674010353        2.6373518530899336      -0.83064350305933521        1.0002079794919818       0.25354237668012408     
   3.1570000000000003E-004  0.43247709321509131        2.5883824871547940      -0.80388142963700504        1.0002088863217033       0.25921769533586325     
   3.1580000000000003E-004  0.43083537163999025        2.5402722741568748      -0.77649547011070097        1.0002095174339507       0.26439379920702150     
   3.1590000000000003E-004  0.42933748406388278        2.4935033619771225      -0.74860648598474300        1.0002109171310010       0.26907065060845492     
   3.1600000000000004E-004  0.42798885795246278        2.4483825235996157      -0.72034098616772579        1.0002133301762950       0.27327421139873681     
   3.1610000000000004E-004  0.42679454161733588        2.4050537391475242      -0.69182785425048221        1.0002155343389607       0.27702097594238678     
   3.1620000000000004E-004  0.42576135559712919        2.3635207044233724      -0.66319857997621356        1.0002156041732544       0.28028861563035345     
   3.1630000000000004E-004  0.42489818634945087        2.3236638299160486      -0.63458814286575871        1.0002123832131102       0.28302222585282560     
   3.1640000000000005E-004  0.42421363860132322        2.2852631225186819      -0.60613280816615245        1.0002061861166958       0.28516992052463036     
   3.1650000000000005E-004  0.42371295950474280        2.2480483208298327      -0.57796406723730254        1.0001981553292880       0.28671491050784953     
   3.1660000000000005E-004  0.42339696310040947        2.2117778233055194      -0.55020147786372053        1.0001890643488165       0.28767843533592907     
   3.1670000000000005E-004  0.42326376717798148        2.1763185140520100      -0.52294794290280122        1.0001786923061324       0.28809602840211562     
   3.1680000000000000E-004  0.42331170794120071        2.1416888345299530      -0.49628888332183879        1.0001660964873513       0.28798944582182745     
   3.1690000000000001E-004  0.42354106690220322        2.1080453792544169      -0.47029417166058152        1.0001503070055391       0.28735393065868886     
   3.1700000000000001E-004  0.42395346538828793        2.0756226043313148      -0.44502062783395918        1.0001309001221581       0.28616493354602007     
   3.1710000000000001E-004  0.42454968734599580        2.0446551891779805      -0.42051346510257193        1.0001082248233748       0.28439628056248462     
   3.1720000000000001E-004  0.42532765465937777        2.0153140363374895      -0.39680634872344117        1.0000832538676552       0.28203799961263032     
   3.1730000000000001E-004  0.42628180356898537        1.9876739525110398      -0.37392082180949626        1.0000571596198080       0.27910432405382307     
   3.1740000000000002E-004  0.42740395953471028        1.9617141277426899      -0.35186624565749219        1.0000308628820553       0.27562885580556390     
   3.1750000000000002E-004  0.42868494107317101        1.9373407244787710      -0.33064100976592947        1.0000048174847223       0.27165134723865803     
   3.1760000000000002E-004  0.43011596066112034        1.9144176544793154      -0.31023498192128696       0.99997910457040784       0.26720436800982683     
   3.1770000000000002E-004  0.43168927888405967        1.8927948593602721      -0.29063255784047032       0.99995370103365133       0.26230633194177361     
   3.1780000000000003E-004  0.43339808835219235        1.8723288585243036      -0.27181553061996389       0.99992872470857230       0.25696249209030947     
   3.1790000000000003E-004  0.43523594856083414        1.8528947698367801      -0.25376525086623197       0.99990453684216118       0.25117131331212733     
   3.1800000000000003E-004  0.43719616731581878        1.8343913711392741      -0.23646392701144306       0.99988169593489307       0.24493210230711762     
   3.1810000000000003E-004  0.43927139940599286        1.8167414403127840      -0.21989520872450435       0.99986082790366648       0.23825062486643936     
   3.1820000000000004E-004  0.44145354987875673        1.7998893746955922      -0.20404432403954770       0.99984248921034180       0.23114132298365084     
   3.1830000000000004E-004  0.44373393086096419        1.7837975498241896      -0.18889802808247391       0.99982707378994828       0.22362643597088858     
   3.1840000000000004E-004  0.44610356112196237        1.7684423495497743      -0.17444453571336727       0.99981478007130253       0.21573324829676072     
   3.1850000000000004E-004  0.44855350118002629        1.7538103970092465      -0.16067351292316126       0.99980562788551064       0.20749083569577065     
   3.1860000000000005E-004  0.45107515035703194        1.7398952513994423      -0.14757612871840059       0.99979950346782831       0.19892732735037480     
   3.1870000000000005E-004  0.45366046867996374        1.7266946830530152      -0.13514513166265851       0.99979621114337713       0.19006817986656274     
   3.1880000000000005E-004  0.45630211444591329        1.7142085591180196      -0.12337490799734470       0.99979551734682581       0.18093550281037857     
   3.1890000000000005E-004  0.45899350476371603        1.7024373304865588      -0.11226148935802892       0.99979718092081193       0.17154819857940298     
   3.1900000000000000E-004  0.46172881458226261        1.6913810805086609      -0.10180249585225638       0.99980096987458644       0.16192258179777838     
   3.1910000000000000E-004  0.46450293294655970        1.6810390619796607       -9.1997016564168699E-002  0.99980666805881602       0.15207317175558843     
   3.1920000000000001E-004  0.46731139475385802        1.6714096246573060       -8.2845440425459257E-002  0.99981407586130000       0.14201343894027504     
   3.1930000000000001E-004  0.47015030348046399        1.6624904222949173       -7.4349255413353105E-002  0.99982300834715476       0.13175638547443771     
   3.1940000000000001E-004  0.47301625632843686        1.6542787870566196       -6.6510834334128160E-002  0.99983329304837087       0.12131492058468210     
   3.1950000000000001E-004  0.47590627887658449        1.6467721707867113       -5.9333222776211669E-002  0.99984476846194403       0.11070204638966895     
   3.1960000000000002E-004  0.47881777222859156        1.6399685737840439       -5.2819940761830358E-002  0.99985728350302272        9.9930897781343675E-002
   3.1970000000000002E-004  0.48174847239078500        1.6338669076407983       -4.6974805381010967E-002  0.99987069769209513        8.9014688189825775E-002
   3.1980000000000002E-004  0.48469641936805913        1.6284672642702009       -4.1801777945322360E-002  0.99988488165807110        7.7966609638772721E-002
   3.1990000000000002E-004  0.48765993238098782        1.6237710821528761       -3.7304836364681460E-002  0.99989971765268926        6.6799725663722817E-002
   3.2000000000000003E-004  0.49063758744818642        1.6197812163439798       -3.3487871447553164E-002  0.99991509969712367        5.5526882564577482E-002
   3.2010000000000003E-004  0.49362819408215430        1.6165019347434120       -3.0354604645519340E-002  0.99993093322746496        4.4160656019637423E-002
   3.2020000000000003E-004  0.49663076866041028        1.6139388662052365       -2.7908524174512686E-002  0.99994713412496072        3.2713339959137458E-002
   3.2030000000000003E-004  0.49964450308565928        1.6120989235442229       -2.6152836510088359E-002  0.99996362719568155        2.1196977474050901E-002
   3.2040000000000004E-004  0.50266872830652132        1.6109902202914084       -2.5090430479771691E-002  0.99998034414932524        9.6234307166235440E-003
   3.2050000000000004E-004  0.50570287304587636        1.6106219945408187       -2.4723851697348323E-002  0.99999722117397594       -1.9955181665908825E-003
   3.2060000000000004E-004  0.50874641864929560        1.6110045479661101       -2.5055285739837355E-002   1.0000141962184472       -1.3648044338416212E-002
   3.2070000000000004E-004  0.51179885133494285        1.6121492032565969       -2.6086549174261897E-002   1.0000312060915522       -2.5322146040867126E-002
   3.2080000000000005E-004  0.51485961333952057        1.6140682808316056       -2.7819088285996774E-002   1.0000481834642772       -3.7005509912064340E-002
   3.2090000000000005E-004  0.51792805450722723        1.6167750977346760       -3.0253986113332895E-002   1.0000650538602036       -4.8685387294178054E-002
   3.2100000000000005E-004  0.52100338577792193        1.6202839772948066       -3.3391979268701341E-002   1.0000817328700407       -6.0348492701814138E-002
   3.2110000000000000E-004  0.52408463583136677        1.6246102495428616       -3.7233486872882610E-002   1.0000981236918989       -7.1980935127797102E-002
   3.2120000000000000E-004  0.52717061170946666        1.6297702237561804       -4.1778654694159922E-002   1.0001141150790116       -8.3568190813785539E-002
   3.2130000000000000E-004  0.53025986353495025        1.6357811102519637       -4.7027418186490685E-002   1.0001295797844738       -9.5095120749389667E-002
   3.2140000000000001E-004  0.53335065244025159        1.6426608651735037       -5.2979588594979046E-002   1.0001443735923172      -0.10654603411246798     
   3.2150000000000001E-004  0.53644091961283646        1.6504279312511212       -5.9634966378926013E-002   1.0001583348610628      -0.11790478642978244     
   3.2160000000000001E-004  0.53952825310069108        1.6591008528043885       -6.6993485630208807E-002   1.0001712845294508      -0.12915489446819178     
   3.2170000000000001E-004  0.54260984803214862        1.6686977574553961       -7.5055391902400820E-002   1.0001830263144902      -0.14027963514220432     
   3.2180000000000002E-004  0.54568245555505235        1.6792357233261956       -8.3821453555931166E-002   1.0001933468163204      -0.15126208697548904     
   3.2190000000000002E-004  0.54874231654190064        1.6907300934227356       -9.3293203335290176E-002   1.0002020152105839      -0.16208506422086300     
   3.2200000000000002E-004  0.55178507809909838        1.7031938490803471      -0.10347320259440607        1.0002087824432873      -0.17273089468766004     
   3.2210000000000002E-004  0.55480569445045536        1.7166371930096558      -0.11436531588376914        1.0002133804349707      -0.18318100613760199     
   3.2220000000000003E-004  0.55779831907804500        1.7310675251291912      -0.12597497937008062        1.0002155226958434      -0.19341532284337939     
   3.2230000000000003E-004  0.56075620164778073        1.7464900115543980      -0.13830944429823838        1.0002149090709529      -0.20341154091661609     
   3.2240000000000003E-004  0.56367161044724512        1.7629089396763735      -0.15137797864565347        1.0002112387081064      -0.21314444912228961     
   3.2250000000000003E-004  0.56653580765136513        1.7803300152766042      -0.16519201820024054        1.0002042359644820      -0.22258557532364426     
   3.2260000000000004E-004  0.56933910814633748        1.7987636880560451      -0.17976527321618307        1.0001936924542980      -0.23170352324810675     
   3.2270000000000004E-004  0.57207104910473605        1.8182294854560048      -0.19511381570651898        1.0001795232553590      -0.24046534271711420     
   3.2280000000000004E-004  0.57472068468048443        1.8387611822981853      -0.21125618708340027        1.0001618260571878      -0.24883905544742049     
   3.2290000000000004E-004  0.57727698855884557        1.8604124247576923      -0.22821356326442094        1.0001409219529371      -0.25679700667936001     
   3.2300000000000004E-004  0.57972929173778442        1.8832621387785249      -0.24600998054395909        1.0001173509431056      -0.26431910926303909     
   3.2310000000000005E-004  0.58206761848129895        1.9074186919277043      -0.26467255038377285        1.0000918011878988      -0.27139453041484973     
   3.2320000000000000E-004  0.58428274980015515        1.9330213726220489      -0.28423147898022177        1.0000649740008243      -0.27802030015696072     
   3.2330000000000000E-004  0.58636588935194955        1.9602373596259426      -0.30471959085023420        1.0000374261026539      -0.28419609685569164     
   3.2340000000000000E-004  0.58830794667328146        1.9892521450087415      -0.32617100782956859        1.0000094740387540      -0.28991627612583881     
   3.2350000000000000E-004  0.59009866626045138        2.0202517303507133      -0.34861875307883095       0.99998125128732807      -0.29516254562950095     
   3.2360000000000001E-004  0.59172610471119380        2.0533964324144041      -0.37209137134827452       0.99995293452137246      -0.29990193241218227     
   3.2370000000000001E-004  0.59317709067780988        2.0887893834564917      -0.39660908097465025       0.99992502469531441      -0.30409309232874115     
   3.2380000000000001E-004  0.59443891820816475        2.1264477930972276      -0.42218027404390490       0.99989848597887621      -0.30769958617814808     
   3.2390000000000001E-004  0.59550159614320153        2.1662901973257416      -0.44879911334044509       0.99987459247450827      -0.31070383568904986     
   3.2400000000000001E-004  0.59635925782066879        2.2081544798271722      -0.47644438375214238       0.99985447978889053      -0.31311278779559093     
   3.2410000000000002E-004  0.59700958531832249        2.2518548305324977      -0.50507878086563218       0.99983862850857919      -0.31494881076329734     
   3.2420000000000002E-004  0.59745125838235114        2.2972697496206731      -0.53464718491574648       0.99982662588866278      -0.31622868980995844     
   3.2430000000000002E-004  0.59768125076975076        2.3444328836214758      -0.56507300448996967       0.99981737590188469      -0.31694331076828730     
   3.2440000000000002E-004  0.59769460036069555        2.3935849308689061      -0.59625359501268282       0.99980985588199900      -0.31705507002517413     
   3.2450000000000003E-004  0.59748731482307726        2.4451508573869329      -0.62805808420242104       0.99980406603307670      -0.31652250587451602     
   3.2460000000000003E-004  0.59705991537295711        2.4996355686644876      -0.66033087702407423       0.99980115215478615      -0.31533589914766047     
   3.2470000000000003E-004  0.59641813170160096        2.5574680035968811      -0.69290017616836985       0.99980213691911823      -0.31352938197424968     
   3.2480000000000003E-004  0.59557007311773058        2.6188410378419942      -0.72558644456006105       0.99980629662401510      -0.31115255240739209     
   3.2490000000000004E-004  0.59452283762040214        2.6835808913452652      -0.75820640856963817       0.99981123576609110      -0.30822724823932501     
   3.2500000000000004E-004  0.59328158353705540        2.7510626376164122      -0.79057405950501369       0.99981494240764768      -0.30473574944505594     
   3.2510000000000004E-004  0.59185121125154805        2.8201993686001501      -0.82250395268076248       0.99981735013724882      -0.30065162616604257     
   3.2520000000000004E-004  0.59023877061136876        2.8895491582957877      -0.85381870200185950       0.99981948520522523      -0.29597165450642043     
   3.2529999999999999E-004  0.58845472757694472        2.9575479098866442      -0.88435700157777597       0.99982186222028502      -0.29071676107824507     
   3.2539999999999999E-004  0.58651232940295417        3.0227934254231581      -0.91397870989288788       0.99982409235012160      -0.28491833002087280     
   3.2550000000000000E-004  0.58442566637338234        3.0842616105794818      -0.94256726140801139       0.99982555036705711      -0.27861214717096827     
   3.2560000000000000E-004  0.58220780582668752        3.1413789355706996      -0.97003076221163909       0.99982587249283028      -0.27183600969617711     
   3.2570000000000000E-004  0.57987002398803378        3.1939623075094126      -0.99630156284369875       0.99982494041381265      -0.26462105997724800     
   3.2580000000000000E-004  0.57742217431390319        3.2420934474977603       -1.0213337903698623       0.99982276644443158      -0.25698337240803315     
   3.2590000000000001E-004  0.57487358432410851        3.2859943087452006       -1.0450996270445727       0.99981952565161236      -0.24892581877214040     
   3.2600000000000001E-004  0.57223382164577252        3.3259394517998526       -1.0675858511276533       0.99981563902008952      -0.24044983403274336     
   3.2610000000000001E-004  0.56951300723583309        3.3622102516285857       -1.0887914876599543       0.99981171837306282      -0.23156760942473542     
   3.2620000000000001E-004  0.56672168364905684        3.3950785692909946       -1.1087263230578825       0.99980839645147157      -0.22230702077032674     
   3.2630000000000002E-004  0.56387038812071044        3.4248045203484772       -1.1274095601871681       0.99980616368610253      -0.21270839308014788     
   3.2640000000000002E-004  0.56096913195392517        3.4516376134326450       -1.1448680991762368       0.99980529745501556      -0.20281688731956390     
   3.2650000000000002E-004  0.55802697916219357        3.4758165615593573       -1.1611343861658900       0.99980588881637245      -0.19267500065446008     
   3.2660000000000002E-004  0.55505183382610690        3.4975672164115252       -1.1762440992087688       0.99980792034454424      -0.18231792747598849     
   3.2670000000000003E-004  0.55205043615171756        3.5170997608073069       -1.1902340184315494       0.99981134281586881      -0.17177233690956567     
   3.2680000000000003E-004  0.54902849553217781        3.5346063469068874       -1.2031403266023613       0.99981612080803861      -0.16105767148090364     
   3.2690000000000003E-004  0.54599087355457354        3.5502597975925951       -1.2149974288799372       0.99982224378097495      -0.15018861354186833     
   3.2700000000000003E-004  0.54294175312231074        3.5642134415568343       -1.2258372532591919       0.99982971433381751      -0.13917759011334149     
   3.2710000000000004E-004  0.53988476448455269        3.5766018478174573       -1.2356889259888513       0.99983852855241673      -0.12803666776464784     
   3.2720000000000004E-004  0.53682306617334119        3.5875421368472029       -1.2445787013708212       0.99984865937784251      -0.11677863902154954     
   3.2730000000000004E-004  0.53375939301815434        3.5971355791662862       -1.2525300416531744       0.99986004787647476      -0.10541739310653321     
   3.2739999999999999E-004  0.53069608615727737        3.6054692721747212       -1.2595637707873935       0.99987260270011935       -9.3967794170765229E-002
   3.2749999999999999E-004  0.52763511690120657        3.6126177590846602       -1.2656982533407732       0.99988620536767536       -8.2445303674601497E-002
   3.2759999999999999E-004  0.52457811192654735        3.6186445035601640       -1.2709495710684642       0.99990071832718430       -7.0865536483855185E-002
   3.2770000000000000E-004  0.52152638349276892        3.6236031739477923       -1.2753316838956446       0.99991599331946546       -5.9243872949729055E-002
   3.2780000000000000E-004  0.51848096572569935        3.6275387223457027       -1.2788565704372528       0.99993187841277498       -4.7595185551880526E-002
   3.2790000000000000E-004  0.51544265647840093        3.6304882645410341       -1.2815343473479934       0.99994822303968922       -3.5933696357443125E-002
   3.2800000000000000E-004  0.51241206356100311        3.6324817789789439       -1.2833733684359880       0.99996488092389946       -2.4272950164801188E-002
   3.2810000000000001E-004  0.50938965394652636        3.6335426468708256       -1.2843803047346232       0.99998171121156443       -1.2625879275235818E-002
   3.2820000000000001E-004  0.50637580465042764        3.6336880537934437       -1.2845602065321762       0.99999857822597549       -1.0049306952374625E-003
   3.2830000000000001E-004  0.50337085423262373        3.6329292633972798       -1.2839165478368439        1.0000153503041598        1.0577771867619450E-002
   3.2840000000000001E-004  0.50037515414800471        3.6312717711308142       -1.2824512535606181        1.0000318982548051        2.2110255131166552E-002
   3.2850000000000002E-004  0.49738911928271590        3.6287153467631565       -1.2801647096587914        1.0000480938894121        3.3580534437294279E-002
   3.2860000000000002E-004  0.49441327705141075        3.6252539621138649       -1.2770557561625271        1.0000638090013299        4.4976483611857444E-002
   3.2870000000000002E-004  0.49144831442179626        3.6208755917478594       -1.2731216628580324        1.0000789151671150        5.6285755922120539E-002
   3.2880000000000002E-004  0.48849512213417784        3.6155618689543019       -1.2683580872796441        1.0000932847088317        6.7495774488369811E-002
   3.2890000000000003E-004  0.48555483520707665        3.6092875773617763       -1.2627590147450478        1.0001067930481793        7.8593806965753882E-002
   3.2900000000000003E-004  0.48262886863524646        3.6020199614196393       -1.2563166808471067        1.0001193224661209        8.9567127151558401E-002
   3.2910000000000003E-004  0.47971894709973678        3.5937178492138742       -1.2490214783639011        1.0001307669921760       0.10040325282909900     
   3.2920000000000003E-004  0.47682712772368469        3.5843305991509240       -1.2408618537899327        1.0001410376050537       0.11109021836173248     
   3.2930000000000004E-004  0.47395581576784518        3.5737969058671180       -1.2318242042136796        1.0001500664172980       0.12161681109474351     
   3.2940000000000004E-004  0.47110777515542368        3.5620435343160235       -1.2218927939054880        1.0001578081370182       0.13197266401773408     
   3.2949999999999999E-004  0.46828613905990835        3.5489841098844366       -1.2110497222043315        1.0001642372205850       0.14214807521088735     
   3.2959999999999999E-004  0.46549442984858069        3.5345181657090432       -1.1992749887928578        1.0001693400994571       0.15213343507367558     
   3.2969999999999999E-004  0.46273660082140894        3.5185307265410017       -1.1865467158040006        1.0001731040500879       0.16191821283131574     
   3.2979999999999999E-004  0.46001711110857335        3.5008927717919480       -1.1728415917088093        1.0001755074937231       0.17148960222498988     
   3.2990000000000000E-004  0.45734103527051689        3.4814629250378779       -1.1581355907936888        1.0001765194937147       0.18083113926357200     
   3.3000000000000000E-004  0.45471418724856694        3.4600905940129252       -1.1424049860081387        1.0001761163934857       0.18992181330653854     
   3.3010000000000000E-004  0.45214320943860858        3.4366204603415120       -1.1256276125468780        1.0001743178438203       0.19873626488151161     
   3.3020000000000000E-004  0.44963555699462626        3.4108976710137746       -1.1077842714709893        1.0001712320152290       0.20724645027541777     
   3.3030000000000001E-004  0.44719931792397849        3.3827724634726408       -1.0888601238902882        1.0001670852096411       0.21542458865282271     
   3.3040000000000001E-004  0.44484287079837975        3.3521026992833658       -1.0688459600350082        1.0001622073396286       0.22324646924592340     
   3.3050000000000001E-004  0.44257448326608118        3.3187535796254100       -1.0477393487770763        1.0001569637158028       0.23069371587717596     
   3.3060000000000001E-004  0.44040203728127114        3.2825962558585235       -1.0255458300023763        1.0001516627917439       0.23775383545553244     
   3.3070000000000002E-004  0.43833304697197556        3.2435108997144244       -1.0022803891483125        1.0001465012868429       0.24441786158600948     
   3.3080000000000002E-004  0.43637497917337537        3.2014031767412217      -0.97796934188587403        1.0001415959078743       0.25067665813612855     
   3.3090000000000002E-004  0.43453569339970360        3.1562423713290162      -0.95265246565207307        1.0001370808100627       0.25651777054290015     
   3.3100000000000002E-004  0.43282376544342943        3.1081210950594294      -0.92638493232931929        1.0001331446222463       0.26192432469515708     
   3.3110000000000002E-004  0.43124852130779606        3.0573209942346899      -0.89923860788373589        1.0001298925480535       0.26687576767142263     
   3.3120000000000003E-004  0.42981968172216695        3.0043539249936799      -0.87130261103024020        1.0001270959963240       0.27134866108600997     
   3.3130000000000003E-004  0.42854651920362818        2.9499466268562031      -0.84268330352667464        1.0001241788253972       0.27531638415759679     
   3.3140000000000003E-004  0.42743664461938419        2.8949574583963287      -0.81350349644808206        1.0001207503527672       0.27875213760985723     
   3.3150000000000003E-004  0.42649517605909870        2.8402503370434768      -0.78389978902499480        1.0001172693968108       0.28164128134291094     
   3.3159999999999998E-004  0.42572525955934643        2.7865788400427078      -0.75401729518744809        1.0001147623057935       0.28399481770546559     
   3.3169999999999999E-004  0.42512980539786122        2.7345247464640998      -0.72400352277221247        1.0001134041607520       0.28584090800315232     
   3.3179999999999999E-004  0.42471288714201655        2.6844921526051291      -0.69400502047436907        1.0001115621025696       0.28718929104050456     
   3.3189999999999999E-004  0.42447940688610969        2.6367215537124231      -0.66416777720794229        1.0001069440468096       0.28800485951382798     
   3.3199999999999999E-004  0.42443327169405143        2.5912958650805393      -0.63463730273931851        1.0000987943459094       0.28822837196996381     
   3.3210000000000000E-004  0.42457560683133205        2.5481487960087623      -0.60555391202097819        1.0000884957662399       0.28782776305254942     
   3.3220000000000000E-004  0.42490436866926196        2.5071048250804626      -0.57704422592925042        1.0000778983067597       0.28682541055106098     
   3.3230000000000000E-004  0.42541551871466615        2.4679565601655788      -0.54921442798407560        1.0000674155365290       0.28527493719953284     
   3.3240000000000000E-004  0.42610472336446514        2.4305489415481603      -0.52214919582554975        1.0000558394165981       0.28321530615032819     
   3.3250000000000000E-004  0.42696830727056773        2.3948295116733576      -0.49591517067603857        1.0000416562006198       0.28064612986865706     
   3.3260000000000001E-004  0.42800293138953821        2.3608452155589497      -0.47056497347219955        1.0000243374969442       0.27753973314788999     
   3.3270000000000001E-004  0.42920440483084921        2.3286967549027509      -0.44613898488517850        1.0000046055014169       0.27387167825025005     
   3.3280000000000001E-004  0.43056656257780523        2.2984795163077756      -0.42266496575359869       0.99998382366756411       0.26964343993441414     
   3.3290000000000001E-004  0.43208095699264770        2.2702384691181656      -0.40015730428472523       0.99996320146432860       0.26488465749370260     
   3.3300000000000002E-004  0.43373750770795549        2.2439499700570718      -0.37861749456656074       0.99994336732191547       0.25963955031636843     
   3.3310000000000002E-004  0.43552570978632849        2.2195280254764089      -0.35803624877372858       0.99992441700976842       0.25395001602478295     
   3.3320000000000002E-004  0.43743575872667312        2.1968443104906399      -0.33839662173270485       0.99990621587102835       0.24784509449456255     
   3.3330000000000002E-004  0.43945910421506162        2.1757509775454569      -0.31967722165081225       0.99988869370574029       0.24133941474416609     
   3.3340000000000003E-004  0.44158834639527378        2.1560993326212561      -0.30185482785760492       0.99987199349754796       0.23443803118739087     
   3.3350000000000003E-004  0.44381672180698506        2.1377519368009210      -0.28490615812411602       0.99985646479897961       0.22714340204227862     
   3.3360000000000003E-004  0.44613752433291504        2.1205886511667682      -0.26880886214240191       0.99984256411939132       0.21946115788411519     
   3.3369999999999998E-004  0.44854371296126289        2.1045083652220384      -0.25354197635573761       0.99983073530673627       0.21140312464467312     
   3.3379999999999998E-004  0.45102779916812796        2.0894282064681295      -0.23908608612245708       0.99982131990621814       0.20298764574803388     
   3.3389999999999998E-004  0.45358197756282842        2.0752815673277976      -0.22542337361603404       0.99981451499828022       0.19423809515730200     
   3.3399999999999999E-004  0.45619839939150075        2.0620157470795650      -0.21253764615001530       0.99981037319375243       0.18518063921466660     
   3.3409999999999999E-004  0.45886948173489528        2.0495896001539862      -0.20041437457783601       0.99980882852475650       0.17584206055651955     
   3.3419999999999999E-004  0.46158817113125050        2.0379713524124945      -0.18904073541032573       0.99980973222505642       0.16624808936842281     
   3.3429999999999999E-004  0.46434811892194755        2.0271366514046729      -0.17840563809256355       0.99981288721841799       0.15642237683557828     
   3.3440000000000000E-004  0.46714376114585493        2.0170668843302462      -0.16849972070733613       0.99981807565102976       0.14638605263706778     
   3.3450000000000000E-004  0.46997031908405063        2.0077477862552815      -0.15931530493897281       0.99982507797266418       0.13615772202479717     
   3.3460000000000000E-004  0.47282374633498997        1.9991683487889560      -0.15084630930794313       0.99983368439037157       0.12575374099556258     
   3.3470000000000000E-004  0.47570064802505596        1.9913200206956194      -0.14308812611871380       0.99984370052016092       0.11518862865619725     
   3.3480000000000001E-004  0.47859819205763721        1.9841961711333429      -0.13603747141854533       0.99985494920977624       0.10447551127928532     
   3.3490000000000001E-004  0.48151402500298512        1.9777917698349494      -0.12969221879418324       0.99986727015881560        9.3626529490856980E-002
   3.3500000000000001E-004  0.48444619870713868        1.9721032303953425      -0.12405122756165116       0.99988051851207715        8.2653173540985836E-002
   3.3510000000000001E-004  0.48739310892559495        1.9671283644082145      -0.11911417451435788       0.99989456315290737        7.1566535697107025E-002
   3.3520000000000002E-004  0.49035344444693163        1.9628663993473445      -0.11488139639875174       0.99990928501002330        6.0377485361530946E-002
   3.3530000000000002E-004  0.49332614391274665        1.9593180191108175      -0.11135374820132926       0.99992457554423164        4.9096782669087000E-002
   3.3540000000000002E-004  0.49631035737170859        1.9564854020278162      -0.10853248036216868       0.99994033527711024        3.7735149102955903E-002
   3.3550000000000002E-004  0.49930540999630735        1.9543722439467519      -0.10641913646615536       0.99995647226816819        2.6303313592695662E-002
   3.3560000000000003E-004  0.50231076610718250        1.9529837617671610      -0.10501547178207365       0.99997290042283493        1.4812049384827027E-002
   3.3570000000000003E-004  0.50532599236816989        1.9523266770609951      -0.10432339232722337       0.99998953756974251        3.2722112611723131E-003
   3.3579999999999998E-004  0.50835071968121570        1.9524091814653062      -0.10434491388873049        1.0000063033002480       -8.3052224042345999E-003
   3.3589999999999998E-004  0.51138460381135975        1.9532408862737665      -0.10508214055459607        1.0000231166096838       -1.9909102648006192E-002
   3.3599999999999998E-004  0.51442728507729085        1.9548327584426897      -0.10653726270094550        1.0000398934245842       -3.1528060961670656E-002
   3.3609999999999998E-004  0.51747834754388633        1.9571970422968548      -0.10871257490974101        1.0000565441387386       -4.3150462263073695E-002
   3.3619999999999999E-004  0.52053727804017902        1.9603471671397870      -0.11161051483828059        1.0000729712211858       -5.4764362552925466E-002
   3.3629999999999999E-004  0.52360342498330059        1.9642976438077788      -0.11523372453932419        1.0000890669830296       -6.6357472309386697E-002
   3.3639999999999999E-004  0.52667595640691434        1.9690639543080124      -0.11958513602270086        1.0001047115718240       -7.7917123305988129E-002
   3.3650000000000005E-004  0.52975381582138048        1.9746624438071230      -0.12466808280731187        1.0001197711962571       -8.9430230943281439E-002
   3.3660000000000005E-004  0.53283567365924867        1.9811102323976382      -0.13048643870572160        1.0001340965482828      -0.10088323798576096     
   3.3670000000000005E-004  0.53591987121471774        1.9884251759126546      -0.13704478407172463        1.0001475213842326      -0.11226202248761329     
   3.3680000000000006E-004  0.53900435361176369        1.9966259204172214      -0.14434859814792905        1.0001598612225540      -0.12355174834738594     
   3.3690000000000006E-004  0.54208658873667381        2.0057321132601817      -0.15240447401696783        1.0001709122878748      -0.13473664312633199     
   3.3700000000000006E-004  0.54516347096516871        2.0157648523094078      -0.16122035015956551        1.0001804510513710      -0.14579969611889615     
   3.3710000000000006E-004  0.54823121239648875        2.0267474631657532      -0.17080574996468117        1.0001882351537854      -0.15672229000221657     
   3.3720000000000006E-004  0.55128523057834555        2.0387066732428440      -0.18117201818149778        1.0001940071136055      -0.16748380613044722     
   3.3730000000000007E-004  0.55432004999822926        2.0516742279094533      -0.19233254196856581        1.0001975025838135      -0.17806127992876930     
   3.3740000000000007E-004  0.55732924314660959        2.0656889584338014      -0.20430294476389491        1.0001984653064802      -0.18842922526378003     
   3.3750000000000002E-004  0.56030544209795119        2.0807992593210862      -0.21710124467565933        1.0001966707440653      -0.19855978425150644     
   3.3760000000000002E-004  0.56324044780669491        2.0970658710549372      -0.23074797595025490        1.0001919592278128      -0.20842337498978475     
   3.3770000000000002E-004  0.56612544703734147        2.1145647952694180      -0.24526628139912127        1.0001842764446995      -0.21798997217167818     
   3.3780000000000003E-004  0.56895131711122504        2.1333900855132413      -0.26068199035353579        1.0001737137848674      -0.22723101955616778     
   3.3790000000000003E-004  0.57170895676499756        2.1536561403126555      -0.27702369192645687        1.0001605344733837      -0.23612171266960866     
   3.3800000000000003E-004  0.57438953380554025        2.1754989525872457      -0.29432278626140707        1.0001451673015980      -0.24464304241365947     
   3.3810000000000003E-004  0.57698451148748919        2.1990755275549141      -0.31261343727167401        1.0001281515044180      -0.25278266431957280     
   3.3820000000000003E-004  0.57948534338130209        2.2245604106055357      -0.33193225973354645        1.0001100305890316      -0.26053356843732334     
   3.3830000000000004E-004  0.58188285247832605        2.2521381271456953      -0.35231747256723800        1.0000912187618549      -0.26788991286186598     
   3.3840000000000004E-004  0.58416653040910549        2.2819906170168718      -0.37380719324604023        1.0000718999273297      -0.27484046330728468     
   3.3850000000000004E-004  0.58632418355128635        2.3142799597661323      -0.39643663240088883        1.0000520531303152      -0.28136192392692766     
   3.3860000000000004E-004  0.58834229705759300        2.3491294306136030      -0.42023428218414260        1.0000316874317079      -0.28741655038918962     
   3.3870000000000005E-004  0.59020715938596757        2.3866101672082394      -0.44521775059165208        1.0000112347333092      -0.29295870370731003     
   3.3880000000000005E-004  0.59190638659009842        2.4267445648867820      -0.47139032316942803       0.99999180730665171      -0.29795048442177613     
   3.3890000000000005E-004  0.59343012652345251        2.4695366488577228      -0.49873904629182980       0.99997492611894079      -0.30237779199644244     
   3.3900000000000005E-004  0.59477106617414344        2.5150296735778319      -0.52723391257409080       0.99996165785802249      -0.30625255788719291     
   3.3910000000000006E-004  0.59592295238989390        2.5633726448280960      -0.55682637852326367       0.99995173681583971      -0.30959338031557676     
   3.3920000000000006E-004  0.59687869012915795        2.6148594459958723      -0.58744552007203898       0.99994366068146068      -0.31239561745496502     
   3.3930000000000006E-004  0.59762967345201712        2.6699015561865984      -0.61899262507140485       0.99993619060099681      -0.31461945500573907     
   3.3940000000000006E-004  0.59816723681598594        2.7289173764109371      -0.65133813128867346       0.99992987437504888      -0.31621390807409827     
   3.3950000000000007E-004  0.59848564015753802        2.7921599049656081      -0.68432431390087500       0.99992650044327369      -0.31715483741467987     
   3.3960000000000001E-004  0.59858421821113938        2.8595346711505609      -0.71777260532439602       0.99992675888398841      -0.31745785211102595     
   3.3970000000000002E-004  0.59846638031299548        2.9304623247060277      -0.75149126655018084       0.99992911062614376      -0.31715714169477427     
   3.3980000000000002E-004  0.59813585711539419        3.0038311611381960      -0.78528124234826768       0.99993146127966803      -0.31627965970999622     
   3.3990000000000002E-004  0.59759392066665462        3.0780827641670800      -0.81894117774590758       0.99993297836932904      -0.31483207548419218     
   3.4000000000000002E-004  0.59684042625880163        3.1514484663420710      -0.85227197843225033       0.99993376805541212      -0.31279424866452499     
   3.4010000000000003E-004  0.59587683885545828        3.2222783972688784      -0.88508091653812626       0.99993380227939088      -0.31013071308743545     
   3.4020000000000003E-004  0.59470837356643846        3.2893326600081583      -0.91718709708167989       0.99993252901290697      -0.30682193779812034     
   3.4030000000000003E-004  0.59334448306004794        3.3519193456722149      -0.94842921282214532       0.99992955388836724      -0.30288605532301716     
   3.4040000000000003E-004  0.59179762695617910        3.4098536372764876      -0.97867315250059039       0.99992512822110657      -0.29837143714996861     
   3.4050000000000004E-004  0.59008083719546944        3.4632982733884496       -1.0078156052731226       0.99991959775612616      -0.29332867140906105     
   3.4060000000000004E-004  0.58820563655525882        3.5125760057299296       -1.0357822413717346       0.99991271474022014      -0.28778511813434876     
   3.4070000000000004E-004  0.58618170796488489        3.5580254784550931       -1.0625225472709394       0.99990387551413895      -0.28173904843051456     
   3.4080000000000004E-004  0.58401814879990810        3.5999301592783244       -1.0880048204308723       0.99989293324847617      -0.27517625323222034     
   3.4090000000000005E-004  0.58172500133217153        3.6385101995959204       -1.1122133739973192       0.99988055129326170      -0.26809418069166202     
   3.4100000000000005E-004  0.57931387872161511        3.6739473822720932       -1.1351475147655301       0.99986786740761679      -0.26051595454317639     
   3.4110000000000005E-004  0.57679743831301244        3.7064146146572412       -1.1568206324933299       0.99985590225125676      -0.25248753979958088     
   3.4120000000000005E-004  0.57418829834690444        3.7360939376874285       -1.1772581566477061       0.99984519890753898      -0.24406346814398913     
   3.4130000000000006E-004  0.57149814042991109        3.7631801705052919       -1.1964942719622946       0.99983584958501059      -0.23529168365954106     
   3.4140000000000006E-004  0.56873734142907606        3.7878749687747391       -1.2145681303388705       0.99982775130168278      -0.22620530731924343     
   3.4150000000000006E-004  0.56591504752507904        3.8103776047657103       -1.2315204537589357       0.99982085369262952      -0.21682292998908465     
   3.4160000000000006E-004  0.56303944632939507        3.8308768390009824       -1.2473910802482313       0.99981526828451828      -0.20715436414344079     
   3.4170000000000001E-004  0.56011804268202725        3.8495456551633769       -1.2622175478608029       0.99981124217210726      -0.19720757544667794     
   3.4180000000000001E-004  0.55715784482502506        3.8665388419596862       -1.2760345017394690       0.99980906489953303      -0.18699380096694468     
   3.4190000000000002E-004  0.55416544438634840        3.8819926585426145       -1.2888736076850522       0.99980897558430426      -0.17652982121563784     
   3.4200000000000002E-004  0.55114701359426044        3.8960257517154364       -1.3007636990553351       0.99981110602650169      -0.16583778656837950     
   3.4210000000000002E-004  0.54810825620841119        3.9087407005505259       -1.3117309830281172       0.99981546554518552      -0.15494359912589203     
   3.4220000000000002E-004  0.54505434645636885        3.9202258013045910       -1.3217992255364241       0.99982195622733905      -0.14387482721298761     
   3.4230000000000003E-004  0.54198988116214608        3.9305568778040456       -1.3309898959812563       0.99983040313003824      -0.13265881898813167     
   3.4240000000000003E-004  0.53891885733457767        3.9397990022400631       -1.3393222825877045       0.99984058690035871      -0.12132133888814063     
   3.4250000000000003E-004  0.53584467697566718        3.9480080639384418       -1.3468135970221580       0.99985227134209931      -0.10988579046637081     
   3.4260000000000003E-004  0.53277017513321701        3.9552321570149420       -1.3534790832403520       0.99986522309438497       -9.8372938219875652E-002
   3.4270000000000004E-004  0.52969766508157379        3.9615127699589774       -1.3593321379202949       0.99987922346753677       -8.6800982892556777E-002
   3.4280000000000004E-004  0.52662899437383204        3.9668857650488469       -1.3643844427212231       0.99989407402733643       -7.5185845420882663E-002
   3.4290000000000004E-004  0.52356560644863881        3.9713821560702929       -1.3686461038952422       0.99990959790208311       -6.3541541933230389E-002
   3.4300000000000004E-004  0.52050860383878628        3.9750287063709315       -1.3721257925338859       0.99992563855667449       -5.1880571895681425E-002
   3.4310000000000005E-004  0.51745881042941688        3.9778483757151903       -1.3748308782588849       0.99994205726818375       -4.0214271167891953E-002
   3.4320000000000005E-004  0.51441683138574856        3.9798606451666281       -1.3767675499921261       0.99995873008890446       -2.8553113181496535E-002
   3.4330000000000005E-004  0.51138311025533767        3.9810817470401041       -1.3779409187472300       0.99997554470325845       -1.6906953686481357E-002
   3.4340000000000005E-004  0.50835798332202387        3.9815248228289306       -1.3783550988409641       0.99999239738405088       -5.2852277956425059E-003
   3.4350000000000006E-004  0.50534173162438567        3.9812000263858760       -1.3780132653831521        1.0000091900677421        6.3028875570747250E-003
   3.4360000000000006E-004  0.50233463124062627        3.9801145820449317       -1.3769176870783060        1.0000258275268912        1.7848332149483899E-002
   3.4370000000000006E-004  0.49933700251568741        3.9782728081312477       -1.3750697344664804        1.0000422146494428        2.9342028128346544E-002
   3.4380000000000001E-004  0.49634925887192155        3.9756761121314295       -1.3724698646847380        1.0000582537495668        4.0774738823834512E-002
   3.4390000000000001E-004  0.49337195576183307        3.9723229562984397       -1.3691175847519894        1.0000738418661159        5.2136907826491607E-002
   3.4400000000000001E-004  0.49040584018792815        3.9682087879510206       -1.3650113963594115        1.0000888680572608        6.3418467937203724E-002
   3.4410000000000002E-004  0.48745190098561270        3.9633259239186849       -1.3601487261919623        1.0001032107564003        7.4608612578264691E-002
   3.4420000000000002E-004  0.48451141969434125        3.9576633733538671       -1.3545258468989763        1.0001167354084457        8.5695528980600122E-002
   3.4430000000000002E-004  0.48158602128872124        3.9512065783886214       -1.3481377945825790        1.0001292928038676        9.6666106628750276E-002
   3.4440000000000002E-004  0.47867772328864749        3.9439370481622138       -1.3409782891006203        1.0001407187879152       0.10750564658233717     
   3.4450000000000003E-004  0.47578898088673455        3.9358318635091525       -1.3330396629293524        1.0001508364321778       0.11819762502496833     
   3.4460000000000003E-004  0.47292272478271136        3.9268630294673592       -1.3243128023312141        1.0001594619154741       0.12872358649854537     
   3.4470000000000003E-004  0.47008238754395926        3.9169966389876780       -1.3147871005095355        1.0001664153439975       0.13906326997373153     
   3.4480000000000003E-004  0.46727191367204512        3.9061918078113287       -1.3044504166762274        1.0001715373500932       0.14919507996204645     
   3.4490000000000004E-004  0.46449574861482518        3.8943993432063131       -1.2932890285504506        1.0001747108683863       0.15909699126666579     
   3.4500000000000004E-004  0.46175880334750108        3.8815601249491607       -1.2812875615899206        1.0001758850249345       0.16874789590879186     
   3.4510000000000004E-004  0.45906639483792522        3.8676032260389199       -1.2684288814864149        1.0001750947133314       0.17812924570910424     
   3.4520000000000004E-004  0.45642416967330107        3.8524439090227247       -1.2546939539159561        1.0001724662501286       0.18722661932397039     
   3.4530000000000004E-004  0.45383802820216690        3.8359818259130360       -1.2400617136734129        1.0001681986756823       0.19603059927701394     
   3.4540000000000005E-004  0.45131407718361227        3.8181000272667767       -1.2245090448097538        1.0001625149365216       0.20453620492723143     
   3.4550000000000005E-004  0.44885864385479252        3.7986656928493794       -1.2080110419287111        1.0001555898989838       0.21274028033408701     
   3.4560000000000005E-004  0.44647837652692429        3.7775336785961020       -1.1905417677155026        1.0001474825734027       0.22063688003792228     
   3.4570000000000005E-004  0.44418042970430160        3.7545537611571103       -1.1720756903767435        1.0001381195670105       0.22821186489488338     
   3.4580000000000006E-004  0.44197268151731484        3.7295815179672118       -1.1525898260487215        1.0001273770507970       0.23543923767417868     
   3.4590000000000001E-004  0.43986386810871708        3.7024909223994911       -1.1320663260390063        1.0001152669815156       0.24228228196269250     
   3.4600000000000001E-004  0.43786347742230364        3.6731843285710895       -1.1104949502813084        1.0001021456158596       0.24870113282022560     
   3.4610000000000001E-004  0.43598128503831463        3.6415939002073863       -1.0878747924531860        1.0000887780245582       0.25466460961111026     
   3.4620000000000001E-004  0.43422659618220311        3.6076698174035098       -1.0642149951697000        1.0000761118705703       0.26015972932865966     
   3.4630000000000001E-004  0.43260754816523384        3.5713563549916358       -1.0395349599075689        1.0000648070479321       0.26519122718540500     
   3.4640000000000002E-004  0.43113099082648809        3.5325661351044371       -1.0138651968483037        1.0000548343649429       0.26976870765903271     
   3.4650000000000002E-004  0.42980319190762856        3.4911707075723548      -0.98724975373389745        1.0000455441090457       0.27388878301438818     
   3.4660000000000002E-004  0.42863097156935159        3.4470251922968647      -0.95974987817676305        1.0000363082608277       0.27752609476578405     
   3.4670000000000002E-004  0.42762233199183536        3.4000314175472042      -0.93144703226871350        1.0000272521516362       0.28064242514466631     
   3.4680000000000003E-004  0.42678570918143766        3.3502214469007967      -0.90244317267721863        1.0000192563704622       0.28320713346494542     
   3.4690000000000003E-004  0.42612808152206810        3.2978259388845217      -0.87285801017714082        1.0000130508646941       0.28521045740929485     
   3.4700000000000003E-004  0.42565339117133177        3.2432957118832029      -0.84282503327414526        1.0000083867430010       0.28665937928650942     
   3.4710000000000003E-004  0.42536258156639301        3.1872705695088790      -0.81248800297701373        1.0000043226088771       0.28756508997973423     
   3.4720000000000004E-004  0.42525509902596415        3.1305156092074728      -0.78199781632062726        1.0000002179365997       0.28793574539813510     
   3.4730000000000004E-004  0.42533057767260124        3.0738512786293217      -0.75150888605506272       0.99999610757305668       0.28777523901600499     
   3.4740000000000004E-004  0.42558957069661246        3.0180891529558664      -0.72117526491033856       0.99999208681553908       0.28708123620498277     
   3.4750000000000004E-004  0.42603292631224216        2.9639682943644416      -0.69114745580026893       0.99998759765143808       0.28584199148241263     
   3.4760000000000005E-004  0.42666011925815567        2.9120878364714819      -0.66156998274753409       0.99998162569615123       0.28403753514265973     
   3.4770000000000005E-004  0.42746765306601114        2.8628490152145147      -0.63257839505792679       0.99997372390115891       0.28165174206788895     
   3.4780000000000005E-004  0.42844889313344764        2.8164335930092985      -0.60429460065547236       0.99996452680034431       0.27868969417235012     
   3.4790000000000005E-004  0.42959559230852190        2.7728367874710358      -0.57682173545000193       0.99995502683353621       0.27518251339874888     
   3.4800000000000000E-004  0.43089981922478116        2.7319433425232926      -0.55024140934055599       0.99994551909780249       0.27117096340376196     
   3.4810000000000000E-004  0.43235476722336935        2.6936108752134835      -0.52461484570371142       0.99993541900701499       0.26668156141505134     
   3.4820000000000001E-004  0.43395415319690234        2.6577256877527393      -0.49998659761147779       0.99992397725017168       0.26171644464764177     
   3.4830000000000001E-004  0.43569107480855784        2.6242175068388924      -0.47638816932651873       0.99991103794509939       0.25626380870798432     
   3.4840000000000001E-004  0.43755729692011330        2.5930423933749562      -0.45383987375883483       0.99989721445423618       0.25031797487509583     
   3.4850000000000001E-004  0.43954338575178731        2.5641539818251271      -0.43235113141483283       0.99988350472532528       0.24389341562498898     
   3.4860000000000002E-004  0.44163942708389031        2.5374808264691406      -0.41192052863530393       0.99987076587120927       0.23702476784228829     
   3.4870000000000002E-004  0.44383579566021131        2.5129180751132907      -0.39253678588957902       0.99985942682506967       0.22975591853493504     
   3.4880000000000002E-004  0.44612362295607566        2.4903323641353854      -0.37418089631256335       0.99984952798885685       0.22212696171308605     
   3.4890000000000002E-004  0.44849490426138894        2.4695739935358407      -0.35682892094868496       0.99984094013998770       0.21416621864370111     
   3.4900000000000003E-004  0.45094236459249026        2.4504902340117773      -0.34045469508092119       0.99983357360258762       0.20588939623473046     
   3.4910000000000003E-004  0.45345924136629739        2.4329358793867968      -0.32503191589888608       0.99982747702530284       0.19730381187503165     
   3.4920000000000003E-004  0.45603909963139794        2.4167797019649200      -0.31053544355749962       0.99982282593780469       0.18841423200922164     
   3.4930000000000003E-004  0.45867573262188072        2.4019071818171938      -0.29694192560629046       0.99981985159533981       0.17922763185926832     
   3.4940000000000004E-004  0.46136314989606908        2.3882206109603086      -0.28422997439948544       0.99981876289768801       0.16975569942702501     
   3.4950000000000004E-004  0.46409562708100160        2.3756377210099497      -0.27238012074002443       0.99981969274327909       0.16001516495690052     
   3.4960000000000004E-004  0.46686778317855077        2.3640897091113988      -0.26137469985184753       0.99982267723243368       0.15002667869842243     
   3.4970000000000004E-004  0.46967465717928264        2.3535191986564215      -0.25119775031475966       0.99982766161724734       0.13981306802172275     
   3.4980000000000005E-004  0.47251176690778834        2.3438783979958213      -0.24183494991210319       0.99983452148006602       0.12939761401528818     
   3.4990000000000005E-004  0.47537514317288387        2.3351275468735100      -0.23327358094166945       0.99984308851593173       0.11880270815642158     
   3.5000000000000005E-004  0.47826133915244395        2.3272336516534633      -0.22550250667090105       0.99985317386966521       0.10804900808623315     
   3.5010000000000000E-004  0.48116741853892619        2.3201694761670684      -0.21851214210517131       0.99986458573751180        9.7155055042437280E-002
   3.5020000000000000E-004  0.48409092732001663        2.3139127480518926      -0.21229440891152987       0.99987714065997391        8.6137241396224043E-002
   3.5030000000000000E-004  0.48702985413818228        2.3084455414141463      -0.20684267150379554       0.99989066946828209        7.5010002205710052E-002
   3.5040000000000001E-004  0.48998258353230384        2.3037538026652413      -0.20215165685956452       0.99990501933496012        6.3786121876466165E-002
   3.5050000000000001E-004  0.49294784545731218        2.2998269993405760      -0.19821736393588307       0.99992005322773692        5.2477077310703099E-002
   3.5060000000000001E-004  0.49592466348762942        2.2966578693388247      -0.19503696988154412       0.99993564799165457        4.1093368393422515E-002
   3.5070000000000001E-004  0.49891230316849799        2.2942422470862240      -0.19260874004944378       0.99995169174249132        2.9644810143492632E-002
   3.5080000000000002E-004  0.50191022119800499        2.2925789466984146      -0.19093194813315162       0.99996808105686263        1.8140776770042777E-002
   3.5090000000000002E-004  0.50491801555903038        2.2916696871572242      -0.19000681154005528       0.99998471814949519        6.5904015225681243E-003
   3.5100000000000002E-004  0.50793537634613417        2.2915190497644620      -0.18983444594807708        1.0000015081122247       -4.9972599978971317E-003
   3.5110000000000002E-004  0.51096203681392782        2.2921344628630376      -0.19041684191588268        1.0000183562210849       -1.6613091336894877E-002
   3.5120000000000003E-004  0.51399772405316246        2.2935262133359782      -0.19175686540441750        1.0000351652695976       -2.8247788138470783E-002
   3.5130000000000003E-004  0.51704210862405831        2.2957074917131592      -0.19385828318406667        1.0000518328536430       -3.9891729000814023E-002
   3.5140000000000003E-004  0.52009475244678705        2.2986944812874572      -0.19672581319749188        1.0000682485950960       -5.1534830761783279E-002
   3.5150000000000003E-004  0.52315505433471943        2.3025065020407389      -0.20036519889743779        1.0000842912875112       -6.3166374497842070E-002
   3.5160000000000004E-004  0.52622219274671533        2.3071662276203959      -0.20478330546525236        1.0000998259788176       -7.4774790636203139E-002
   3.5170000000000004E-004  0.52929506567524187        2.3126999988760630      -0.20998823447213802        1.0001147010930265       -8.6347393554003116E-002
   3.5180000000000004E-004  0.53237222815891883        2.3191382617337393      -0.21598945208617021        1.0001287459681085       -9.7870066820364157E-002
   3.5190000000000004E-004  0.53545182879438802        2.3265161594645249      -0.22279792487126443        1.0001417693867336      -0.10932691610758129     
   3.5200000000000005E-004  0.53853154781911394        2.3348743086075174      -0.23042625654830468        1.0001535602277940      -0.12069992902043765     
   3.5210000000000005E-004  0.54160854074584686        2.3442597811280095      -0.23888881984038113        1.0001638917092215      -0.13196871421441350     
   3.5220000000000000E-004  0.54467939290810019        2.3547273007517724      -0.24820187999546900        1.0001725311756950      -0.14311042712962860     
   3.5230000000000000E-004  0.54774009125483603        2.3663406397976079      -0.25838371148235650        1.0001792571747725      -0.15410001814911625     
   3.5240000000000000E-004  0.55078601972085184        2.3791741975907907      -0.26945471637038682        1.0001838844123889      -0.16491094483358590     
   3.5250000000000000E-004  0.55381198265532949        2.3933147248667925      -0.28143755992194769        1.0001862949079774      -0.17551644342418538     
   3.5260000000000001E-004  0.55681225569949000        2.4088631224921251      -0.29435734136881742        1.0001864696150669      -0.18589132491011259     
   3.5270000000000001E-004  0.55978065374430375        2.4259361880285368      -0.30824180840922538        1.0001845098194371      -0.19601402997382508     
   3.5280000000000001E-004  0.56271059177546146        2.4446680853543725      -0.32312159305742932        1.0001806337306802      -0.20586836348508847     
   3.5290000000000001E-004  0.56559510291999904        2.4652111501909797      -0.33903038593608481        1.0001751348411767      -0.21544402362634046     
   3.5300000000000002E-004  0.56842677614077919        2.4877354280887456      -0.35600487776284773        1.0001682999705543      -0.22473494829076845     
   3.5310000000000002E-004  0.57119758780114716        2.5124261660527143      -0.37408420708980716        1.0001603098226490      -0.23373492889695949     
   3.5320000000000002E-004  0.57389863669586172        2.5394785789634646      -0.39330862109710474        1.0001511775482341      -0.24243112868657049     
   3.5330000000000002E-004  0.57651985905842285        2.5690899607059592      -0.41371716126478875        1.0001407978589629      -0.25079792498822684     
   3.5340000000000002E-004  0.57904989246071670        2.6014509283761953      -0.43534447628439299        1.0001291449016760      -0.25879494561471211     
   3.5350000000000003E-004  0.58147632405342575        2.6367400347847134      -0.45821726889181763        1.0001165477283653      -0.26637265950846245     
   3.5360000000000003E-004  0.58378647302807352        2.6751277605266353      -0.48235115551777680        1.0001038388060131      -0.27348521163744921     
   3.5370000000000003E-004  0.58596849276124940        2.7167944086984690      -0.50774853930535169        1.0000921580483317      -0.28010454607028890     
   3.5380000000000003E-004  0.58801211429621247        2.7619592327991320      -0.53439736502780688        1.0000824176168113      -0.28622638088056818     
   3.5390000000000004E-004  0.58990831008752853        2.8109057758357476      -0.56226973741006403        1.0000747934456495      -0.29186163339813265     
   3.5400000000000004E-004  0.59164786336401753        2.8639764206250238      -0.59131915344868125        1.0000687636057524      -0.29701653784797549     
   3.5410000000000004E-004  0.59321986299613361        2.9215070558874761      -0.62147610954827126        1.0000638181332842      -0.30167467424006783     
   3.5420000000000004E-004  0.59461154950978623        2.9836895964966779      -0.65264358329129557        1.0000601045771402      -0.30579469681325033     
   3.5429999999999999E-004  0.59581009457123124        3.0503864087420922      -0.68469469999776766        1.0000580719228589      -0.30932505573339020     
   3.5439999999999999E-004  0.59680517008534084        3.1209624802625147      -0.71747421680971546        1.0000576553284024      -0.31222830375384270     
   3.5450000000000000E-004  0.59759049181696633        3.1942269180868106      -0.75080414302071241        1.0000582481173319      -0.31450122980200429     
   3.5460000000000000E-004  0.59816364334124028        3.2685542669869232      -0.78449196686201395        1.0000595183939529      -0.31617244660654964     
   3.5470000000000000E-004  0.59852448045551399        3.3421696202803179      -0.81833840808979097        1.0000615938404802      -0.31727306139241696     
   3.5480000000000000E-004  0.59867242691468503        3.4134821425202144      -0.85214238545012067        1.0000641859912547      -0.31780651501100715     
   3.5490000000000001E-004  0.59860449579522479        3.4813313718263714      -0.88570389433479935        1.0000656787941744      -0.31774336380659046     
   3.5500000000000001E-004  0.59831682268113751        3.5450852148735876      -0.91882725272668730        1.0000639797611044      -0.31703690875738172     
   3.5510000000000001E-004  0.59780860273520120        3.6046049827144113      -0.95132735019074999        1.0000587334899365      -0.31565511633158538     
   3.5520000000000001E-004  0.59708430432319659        3.6601156942525179      -0.98303922009664935        1.0000515499565390      -0.31360959395705534     
   3.5530000000000002E-004  0.59615232613371594        3.7120236174386463       -1.0138267905389264        1.0000437377731475      -0.31094913911849326     
   3.5540000000000002E-004  0.59502183277951803        3.7607375577854150       -1.0435857485218805        1.0000347034989396      -0.30772032544227679     
   3.5550000000000002E-004  0.59370062078927499        3.8065513762738750       -1.0722400677378072        1.0000227748728914      -0.30393488830316912     
   3.5560000000000002E-004  0.59219525653068750        3.8496133066270488       -1.0997364168331618        1.0000070645162680      -0.29957455598934979     
   3.5570000000000003E-004  0.59051286166169958        3.8899652953237123       -1.1260405665204543       0.99998821682338335      -0.29462211173654962     
   3.5580000000000003E-004  0.58866290180500291        3.9276112676429218       -1.1511363214179426       0.99996776761374728      -0.28908659350502774     
   3.5590000000000003E-004  0.58665755694265043        3.9625759025472256       -1.1750249258768819       0.99994711601219954      -0.28300543152118546     
   3.5600000000000003E-004  0.58451065846104577        3.9949348447312190       -1.1977230479906167       0.99992697033332545      -0.27642871438479527     
   3.5610000000000004E-004  0.58223610485116550        4.0248170482180772       -1.2192590403377652       0.99990745069514342      -0.26940099912535326     
   3.5620000000000004E-004  0.57984659796749105        4.0523902912287930       -1.2396684601936827       0.99988850322923661      -0.26195202863340361     
   3.5630000000000004E-004  0.57735312803485062        4.0778414827759093       -1.2589900481269338       0.99987022994919850      -0.25409787301997061     
   3.5640000000000004E-004  0.57476521507015599        4.1013591287107385       -1.2772628327996371       0.99985298533103339      -0.24584773470517465     
   3.5649999999999999E-004  0.57209157891440077        4.1231208494360541       -1.2945244096877286       0.99983729742989835      -0.23721116359839953     
   3.5659999999999999E-004  0.56934079890575018        4.1432860550862838       -1.3108100966765748       0.99982372606240966      -0.22820277249696996     
   3.5670000000000000E-004  0.56652168009943604        4.1619927259419747       -1.3261526068080300       0.99981273812468774      -0.21884382494391083     
   3.5680000000000000E-004  0.56364327638894063        4.1793570342677615       -1.3405819623749105       0.99980463591837532      -0.20916137906852258     
   3.5690000000000000E-004  0.56071467070636749        4.1954747311751550       -1.3541254922138355       0.99979954040332741      -0.19918612488197271     
   3.5700000000000000E-004  0.55774465413333396        4.2104235145370410       -1.3668078488092756       0.99979741395212096      -0.18894995140186466     
   3.5710000000000001E-004  0.55474142048711705        4.2242658444402839       -1.3786510379055603       0.99979810188627161      -0.17848391805160504     
   3.5720000000000001E-004  0.55171234430322325        4.2370518474287433       -1.3896744750984147       0.99980137647429623      -0.16781691667674412     
   3.5730000000000001E-004  0.54866386450769056        4.2488220660716962       -1.3998950842354845       0.99980697388933248      -0.15697502630700916     
   3.5740000000000001E-004  0.54560146587678238        4.2596098927391974       -1.4093274435870098       0.99981462077557004      -0.14598140929812331     
   3.5750000000000002E-004  0.54252973320044418        4.2694435932086972       -1.4179839756277659       0.99982405105014305      -0.13485655592824677     
   3.5760000000000002E-004  0.53945244781419066        4.2783478844705254       -1.4258751694290970       0.99983501510525397      -0.12361870502258986     
   3.5770000000000002E-004  0.53637270025217842        4.2863450803760301       -1.4330098216907359       0.99984728382660071      -0.11228431211430506     
   3.5780000000000002E-004  0.53329300089663356        4.2934558512948229       -1.4393952825623852       0.99986064945430031      -0.10086848357830676     
   3.5790000000000003E-004  0.53021537879138891        4.2996996672692944       -1.4450376943289203       0.99987492481011775       -8.9385334331685606E-002
   3.5800000000000003E-004  0.52714146525959593        4.3050950132373131       -1.4499422138308113       0.99988994187718794       -7.7848256244462025E-002
   3.5810000000000003E-004  0.52407256312555406        4.3096594553724685       -1.4541132124112988       0.99990555019907912       -6.6270103514251277E-002
   3.5820000000000003E-004  0.52100970440623151        4.3134096192882687       -1.4575544498574728       0.99992161518791156       -5.4663312372617033E-002
   3.5830000000000004E-004  0.51795369993318885        4.3163611226049579       -1.4602692209550467       0.99993801638236879       -4.3039976886428043E-002
   3.5840000000000004E-004  0.51490518402345564        4.3185284894255638       -1.4622604748879058       0.99995464556025282       -3.1411900326693214E-002
   3.5850000000000004E-004  0.51186465657469560        4.3199250627644794       -1.4635309086822941       0.99997140467417367       -1.9790636500352968E-002
   3.5859999999999999E-004  0.50883252406106882        4.3205629232251042       -1.4640830363478115       0.99998820359887763       -8.1875303562063927E-003
   3.5869999999999999E-004  0.50580914014498490        4.3204528178016481       -1.4639192353870676        1.0000049577355832        3.3862386803288065E-003
   3.5879999999999999E-004  0.50279484602967150        4.3196041023417262       -1.4630417720538909        1.0000215855656531        1.4919610947140137E-002
   3.5890000000000000E-004  0.49979001031717235        4.3180246972477647       -1.4614528062671477        1.0000380061986023        2.6401600488709081E-002
   3.5900000000000000E-004  0.49679506801331980        4.3157210555795089       -1.4591543765542407        1.0000541370281302        3.7821252104082194E-002
   3.5910000000000000E-004  0.49381055841446603        4.3126981457704066       -1.4561483649133882        1.0000698915919337        4.9167604139084067E-002
   3.5920000000000000E-004  0.49083716191275634        4.3089594509967100       -1.4524364411538868        1.0000851776815569        6.0429656851677421E-002
   3.5930000000000001E-004  0.48787573625350955        4.3045069860026466       -1.4480199862299330        1.0000998957042677        7.1596342065410129E-002
   3.5940000000000001E-004  0.48492735340732046        4.2993413295467757       -1.4428999944271512        1.0001139372442354        8.2656484712648734E-002
   3.5950000000000001E-004  0.48199333892283719        4.2934616655995939       -1.4370769550489542        1.0001271837312038        9.3598741866395260E-002
   3.5960000000000001E-004  0.47907531626536343        4.2868658179145918       -1.4305507154626689        1.0001395051258806       0.10441150321268024     
   3.5970000000000002E-004  0.47617525890815177        4.2795502493050748       -1.4233203289714988        1.0001507585050484       0.11508273420588670     
   3.5980000000000002E-004  0.47329555264606959        4.2715099821457159       -1.4153838929181080        1.0001607866550049       0.12559975048550964     
   3.5990000000000002E-004  0.47043906911518868        4.2627383927682629       -1.4067383844005030        1.0001694170018891       0.13594891811607215     
   3.6000000000000002E-004  0.46760924846691876        4.2532268285412620       -1.3973795027300053        1.0001764614842765       0.14611529276416357     
   3.6010000000000003E-004  0.46481018429625826        4.2429639971922484       -1.3873015288017401        1.0001817184599233       0.15608223373751240     
   3.6020000000000003E-004  0.46204669754708894        4.2319350884988989       -1.3764972112167018        1.0001849781315164       0.16583106008667381     
   3.6030000000000003E-004  0.45932437940394816        4.2201206063812720       -1.3649576867089621        1.0001860333237285       0.17534085165703037     
   3.6040000000000003E-004  0.45664957859070904        4.2074949101791379       -1.3526724376063239        1.0001846973475417       0.18458853056236946     
   3.6050000000000003E-004  0.45402930974878242        4.1940244815874941       -1.3396292818314532        1.0001808298158179       0.19354937576471040     
   3.6060000000000004E-004  0.45147107078408855        4.1796659456901022       -1.3258143824324042        1.0001743691420550       0.20219810211268038     
   3.6069999999999999E-004  0.44898258067596963        4.1643638899658413       -1.3112122573804061        1.0001653665637735       0.21051054230962712     
   3.6079999999999999E-004  0.44657148273237190        4.1480485705986698       -1.2958057726091150        1.0001540113377985       0.21846577290186109     
   3.6089999999999999E-004  0.44424509267612711        4.1306337176909143       -1.2795761212980696        1.0001406321223847       0.22604822051342607     
   3.6099999999999999E-004  0.44201029337479786        4.1120149146756599       -1.2625028384496813        1.0001256590819103       0.23324894259577347     
   3.6110000000000000E-004  0.43987366699594266        4.0920694543799847       -1.2445639715703363        1.0001095407110763       0.24006507962790499     
   3.6120000000000000E-004  0.43784188892771697        4.0706590819978690       -1.2257366081203425        1.0000926297331134       0.24649667809274409     
   3.6130000000000000E-004  0.43592228277346018        4.0476373661729372       -1.2059980052654422        1.0000750824375029       0.25254093422833895     
   3.6140000000000000E-004  0.43412329034401548        4.0228631134602786       -1.1853275144046151        1.0000568392174496       0.25818541546941898     
   3.6150000000000000E-004  0.43245453757826918        3.9962196343339791       -1.1637092857038045        1.0000377492886257       0.26340350368738624     
   3.6160000000000001E-004  0.43092628760232587        3.9676363911521939       -1.1411353812289566        1.0000178424413002       0.26815606762303607     
   3.6170000000000001E-004  0.42954838558727337        3.9371052204250816       -1.1176085521381942       0.99999763227983984       0.27240170011410081     
   3.6180000000000001E-004  0.42832914652296711        3.9046803157375702       -1.0931438370571802       0.99997821147651311       0.27611284921220691     
   3.6190000000000001E-004  0.42727475232147905        3.8704533272499795       -1.0677686426859527       0.99996091024334444       0.27928856680505754     
   3.6200000000000002E-004  0.42638951824026727        3.8345048909361719       -1.0415220605603503       0.99994656460502129       0.28195212777626405     
   3.6210000000000002E-004  0.42567691398641078        3.7968490677936924       -1.0144551365901380       0.99993486183725122       0.28412927864240073     
   3.6220000000000002E-004  0.42514067927224519        3.7573985881483267      -0.98663350396923344       0.99992442816725902       0.28581898014435836     
   3.6230000000000002E-004  0.42478518724065872        3.7159757377814540      -0.95814170203238935       0.99991393867958156       0.28698165107256352     
   3.6240000000000003E-004  0.42461463028855800        3.6723724780200708      -0.92908590147811121       0.99990348539259577       0.28756255323947588     
   3.6250000000000003E-004  0.42463142687485134        3.6264344917375180      -0.89959157697697434       0.99989472821965042       0.28753585461474762     
   3.6260000000000003E-004  0.42483498878578668        3.5781296687753787      -0.86979635794755272       0.99988927128533589       0.28692756139747094     
   3.6270000000000003E-004  0.42522189476578515        3.5275789049244040      -0.83984271970033886       0.99988681235224386       0.28579031458877541     
   3.6279999999999998E-004  0.42578750752159622        3.4750622980194290      -0.80987499391747197       0.99988526177899384       0.28415459504323570     
   3.6289999999999998E-004  0.42652785393411097        3.4210276929098047      -0.78003987788067997       0.99988275917404401       0.28200852491511602     
   3.6299999999999999E-004  0.42744018373533305        3.3661026983009048      -0.75048563432493354       0.99987915496110225       0.27932268508765490     
   3.6309999999999999E-004  0.42852171269071793        3.3110775568675841      -0.72135748277581890       0.99987540491445559       0.27608370632154239     
   3.6319999999999999E-004  0.42976780456502006        3.2568294632131511      -0.69279152686910450       0.99987211672048271       0.27230173373589373     
   3.6329999999999999E-004  0.43117124851266336        3.2042000849485266      -0.66491043567726038       0.99986902481637896       0.26799760751202761     
   3.6340000000000000E-004  0.43272295689016965        3.1538752294801267      -0.63782135714834920       0.99986554718962606       0.26319276922009471     
   3.6350000000000000E-004  0.43441319308584930        3.1063154771708241      -0.61161478874989739       0.99986139307619104       0.25790839111128994     
   3.6360000000000000E-004  0.43623252467097712        3.0617551763714772      -0.58636386888393810       0.99985663503039479       0.25216580136688033     
   3.6370000000000000E-004  0.43817228515133683        3.0202527001561048      -0.56212456842892544       0.99985146392443291       0.24598395676029530     
   3.6380000000000001E-004  0.44022457730910247        2.9817582750335294      -0.53893709136118828       0.99984601769170700       0.23937688011524846     
   3.6390000000000001E-004  0.44238192163236528        2.9461704969544531      -0.51682807794997576       0.99984039994710494       0.23235415941627191     
   3.6400000000000001E-004  0.44463676334598756        2.9133691219979081      -0.49581287378036670       0.99983478962222383       0.22492465453017504     
   3.6410000000000001E-004  0.44698112042743804        2.8832268314717151      -0.47589735066525607       0.99982949302345336       0.21710115304333030     
   3.6420000000000002E-004  0.44940657624847391        2.8556095588566865      -0.45707922530974221       0.99982489550151765       0.20890337851450505     
   3.6430000000000002E-004  0.45190459028259733        2.8303743336263949      -0.43934914073188708       0.99982135948337469       0.20035798545256561     
   3.6440000000000002E-004  0.45446693347172740        2.8073694904305952      -0.42269181689747032       0.99981914104441838       0.19149585178461395     
   3.6450000000000002E-004  0.45708604576296552        2.7864381252099655      -0.40708741611803456       0.99981836563869486       0.18234817616259441     
   3.6460000000000003E-004  0.45975521240546580        2.7674234930360626      -0.39251306802068842       0.99981905691405148       0.17294308130821459     
   3.6470000000000003E-004  0.46246856644608719        2.7501745870042917      -0.37894438160184191       0.99982118693870359       0.16330377078001970     
   3.6480000000000003E-004  0.46522098648490912        2.7345506498088312      -0.36635676716947863       0.99982471814921403       0.15344838266569968     
   3.6489999999999998E-004  0.46800796522923355        2.7204241051934588      -0.35472645862702051       0.99982962373734729       0.14339104446794565     
   3.6499999999999998E-004  0.47082549877349356        2.7076819498648597      -0.34403121038396628       0.99983588816653290       0.13314342635106163     
   3.6509999999999998E-004  0.47367001419044413        2.6962259302458573      -0.33425070637031257       0.99984349670508221       0.12271620915069552     
   3.6519999999999999E-004  0.47653833129373618        2.6859719018410679      -0.32536674938045590       0.99985242298371002       0.11212014142191445     
   3.6529999999999999E-004  0.47942764559561973        2.6768487272071457      -0.31736330295372273       0.99986262019176109       0.10136660306221733     
   3.6539999999999999E-004  0.48233551936188862        2.6687969840614834      -0.31022644657635973       0.99987401777980911        9.0467750714836884E-002
   3.6549999999999999E-004  0.48525987147909144        2.6617676681950666      -0.30394428830851317       0.99988652299282199        7.9436387098930944E-002
   3.6560000000000000E-004  0.48819896123461343        2.6557210008234833      -0.29850686321405034       0.99990002545230805        6.8285697738008827E-002
   3.6570000000000000E-004  0.49115136451799507        2.6506253952225087      -0.29390603385923730       0.99991440285525424        5.7028967365292144E-002
   3.6580000000000006E-004  0.49411594284458410        2.6464566080730485      -0.29013540135478455       0.99992952633257337        4.5679348153285164E-002
   3.6590000000000006E-004  0.49709180636659939        2.6431970797499300      -0.28719023066466082       0.99994526454420107        3.4249714096436984E-002
   3.6600000000000006E-004  0.50007827216225698        2.6408354520012409      -0.28506739154708283       0.99996148624281400        2.2752609918667021E-002
   3.6610000000000006E-004  0.50307481895578465        2.6393662440183068      -0.28376531535549093       0.99997806131485212        1.1200285429277699E-002
   3.6620000000000006E-004  0.50608103918122649        2.6387896664341639      -0.28328396774232295       0.99999486058039899       -3.9520312360139854E-004
   3.6630000000000007E-004  0.50909658910414113        2.6391115560279150      -0.28362483734835714        1.0000117547077121       -1.2021844517539293E-002
   3.6640000000000007E-004  0.51212113759786859        2.6403434198618569      -0.28479094070934541        1.0000286126346489       -2.3667497596137500E-002
   3.6650000000000007E-004  0.51515431415009527        2.6425025869197132      -0.28678684383894887        1.0000452998813736       -3.5319710522247229E-002
   3.6660000000000002E-004  0.51819565670746648        2.6456124771194016      -0.28961870121962585        1.0000616771723239       -4.6965555592570971E-002
   3.6670000000000002E-004  0.52124456011085618        2.6497029950156197      -0.29329431295677899        1.0000775999066662       -5.8591502901241120E-002
   3.6680000000000003E-004  0.52430022618084859        2.6548110601892443      -0.29782320111691896        1.0000929189173986       -7.0183358431065226E-002
   3.6690000000000003E-004  0.52736161679271143        2.6609812954588019      -0.30321670677960422        1.0001074829818402       -8.1726295668293453E-002
   3.6700000000000003E-004  0.53042741145864791        2.6682668953046669      -0.30948810964911178        1.0001211433838180       -9.3205005776174937E-002
   3.6710000000000003E-004  0.53349597083638622        2.6767306925747381      -0.31665277166783123        1.0001337606246361      -0.10460398130978953     
   3.6720000000000004E-004  0.53656530701064198        2.6864464292777921      -0.32472830448078399        1.0001452127200030      -0.11590792425942748     
   3.6730000000000004E-004  0.53963305999687639        2.6975002158724397      -0.33373475625099025        1.0001554038240246      -0.12710222788054024     
   3.6740000000000004E-004  0.54269647742647242        2.7099921316188613      -0.34369480491891963        1.0001642709121048      -0.13817342268143457     
   3.6750000000000004E-004  0.54575239061969660        2.7240378784045678      -0.35463393084281075        1.0001717855562966      -0.14910941202542441     
   3.6760000000000004E-004  0.54879717568585962        2.7397703516719130      -0.36658052107213390        1.0001779479715975      -0.15989927031957216     
   3.6770000000000005E-004  0.55182668446664840        2.7573409230252697      -0.37956583109960151        1.0001827723803054      -0.17053237428647783     
   3.6780000000000005E-004  0.55483613085762951        2.7769201584445113      -0.39362370363314697        1.0001862667246360      -0.18099673614294209     
   3.6790000000000005E-004  0.55781992939753289        2.7986976738931428      -0.40878992916260509        1.0001884154356238      -0.19127665178752093     
   3.6800000000000005E-004  0.56077150890497440        2.8228809273667839      -0.42510114728079612        1.0001891791486923      -0.20135016999287897     
   3.6810000000000006E-004  0.56368315943250435        2.8496930473007520      -0.44259324863256361        1.0001885256718888      -0.21118734623299629     
   3.6820000000000006E-004  0.56654599976540543        2.8793703183067834      -0.46129935085348350        1.0001864960148281      -0.22075053822760138     
   3.6830000000000006E-004  0.56935014656941563        2.9121604784749913      -0.48124756167406091        1.0001832869673348      -0.22999777739813546     
   3.6840000000000006E-004  0.57208510182046068        2.9483229234196777      -0.50245883644526346        1.0001793050317240      -0.23888918710659382     
   3.6850000000000007E-004  0.57474026287715485        2.9881303141407827      -0.52494518459834061        1.0001751386469804      -0.24739456582174285     
   3.6860000000000007E-004  0.57730536395169885        3.0318671455624671      -0.54870821851441465        1.0001714279953349      -0.25549838669077485     
   3.6870000000000002E-004  0.57977065623891610        3.0798149771959356      -0.57373765072580318        1.0001686838533423      -0.26319811439166385     
   3.6880000000000002E-004  0.58212670886158158        3.1322091625280937      -0.60000911441490890        1.0001671735312900      -0.27049457424036283     
   3.6890000000000002E-004  0.58436381108002278        3.1891538767866194      -0.62748095962797934        1.0001669575563701      -0.27737894211120201     
   3.6900000000000002E-004  0.58647113849242050        3.2504979105941647      -0.65609049885791249        1.0001679798450369      -0.28382545555895222     
   3.6910000000000003E-004  0.58843614636279695        3.3157042304537558      -0.68575088283213703        1.0001700008464838      -0.28979496577037572     
   3.6920000000000003E-004  0.59024483061673916        3.3837793843751882      -0.71634965054876065        1.0001724830684560      -0.29524495491333375     
   3.6930000000000003E-004  0.59188326993771800        3.4533346326783949      -0.74774924430559686        1.0001748369757988      -0.30013713845038059     
   3.6940000000000003E-004  0.59333986377182368        3.5227973828558543      -0.77978964914024906        1.0001771515232531      -0.30444414262784714     
   3.6950000000000004E-004  0.59460669780358255        3.5906996359304983      -0.81229389300607346        1.0001803973749095      -0.30816082107581383     
   3.6960000000000004E-004  0.59567873153669715        3.6559200966561267      -0.84507595877211850        1.0001851907654835      -0.31130664883419795     
   3.6970000000000004E-004  0.59655120877551970        3.7177997359488515      -0.87794774573010848        1.0001902324970187      -0.31389995575308521     
   3.6980000000000004E-004  0.59721736839153627        3.7761369516971452      -0.91072205179640564        1.0001928934680799      -0.31592308361733612     
   3.6990000000000005E-004  0.59766879675243834        3.8311067798039886      -0.94321389836045855        1.0001915594752788      -0.31732403668040898     
   3.7000000000000005E-004  0.59789873735797838        3.8831305183538483      -0.97524527203466183        1.0001867313732935      -0.31805679432630751     
   3.7010000000000005E-004  0.59790553311538430        3.9327113100965132       -1.0066542039446715        1.0001797827052716      -0.31811678348614081     
   3.7020000000000005E-004  0.59769270410065511        3.9802718580000978       -1.0373036226731780        1.0001712042445006      -0.31753782681808529     
   3.7030000000000006E-004  0.59726554959072664        4.0260461757124428       -1.0670851051912544        1.0001601819658315      -0.31635897942687796     
   3.7040000000000006E-004  0.59662769717445086        4.0700575135449597       -1.0959169361819383        1.0001454603306028      -0.31459468180822081     
   3.7050000000000006E-004  0.59578072786588898        4.1121741601972257       -1.1237396864022791        1.0001263386468138      -0.31223130032565388     
   3.7060000000000006E-004  0.59472678745122476        4.1522043540344029       -1.1505126659382352        1.0001030648537534      -0.30924558555671167     
   3.7070000000000007E-004  0.59347147915262555        4.1899862576375515       -1.1762123047998907        1.0000766892170816      -0.30562751322089843     
   3.7080000000000001E-004  0.59202475862600346        4.2254442936862553       -1.2008314903028405        1.0000485680326592      -0.30139266207139681     
   3.7090000000000002E-004  0.59039962587563966        4.2586048492751924       -1.2243783196738156        1.0000198348867364      -0.29657862152717190     
   3.7100000000000002E-004  0.58860977959180905        4.2895808543446208       -1.2468734488481472       0.99999115108615544      -0.29123100230141952     
   3.7110000000000002E-004  0.58666772404816270        4.3185410456139106       -1.2683462957008531       0.99996278313132381      -0.28538886049013273     
   3.7120000000000002E-004  0.58458416120851386        4.3456775194152524       -1.2888309638896731       0.99993487251915858      -0.27907682275558365     
   3.7130000000000003E-004  0.58236848541044928        4.3711794895403600       -1.3083627550665353       0.99990769613602615      -0.27230601162304646     
   3.7140000000000003E-004  0.58002969800257898        4.3952159743147998       -1.3269757600290144       0.99988177011304447      -0.26508101953080654     
   3.7150000000000003E-004  0.57757716859175212        4.4179269165061772       -1.3447015623497305       0.99985778225163047      -0.25740811091607385     
   3.7160000000000003E-004  0.57502099179765431        4.4394208344472599       -1.3615687772021750       0.99983643591210103      -0.24930084981633949     
   3.7170000000000004E-004  0.57237193161872379        4.4597768457197535       -1.3776030566831652       0.99981830174525710      -0.24078178894574892     
   3.7180000000000004E-004  0.56964108393741786        4.4790491853135723       -1.3928272635118719       0.99980373199853989      -0.23188088458964062     
   3.7190000000000004E-004  0.56683943379404700        4.4972727798539847       -1.4072616429765903       0.99979284594803375      -0.22263220115930371     
   3.7200000000000004E-004  0.56397745022932089        4.5144688757217377       -1.4209239359140997       0.99978556693323262      -0.21307044036012388     
   3.7210000000000005E-004  0.56106479405371734        4.5306500983694935       -1.4338294453633336       0.99978168295663750      -0.20322829969114375     
   3.7220000000000005E-004  0.55811015489065818        4.5458246121086887       -1.4459910970986320       0.99978090712346479      -0.19313503581134103     
   3.7230000000000005E-004  0.55512120013824917        4.5599992531573008       -1.4574195322791439       0.99978292444390859      -0.18281612570532246     
   3.7240000000000005E-004  0.55210460633208602        4.5731816503565632       -1.4681232538005222       0.99978742136802345      -0.17229367408455920     
   3.7250000000000006E-004  0.54906614201073245        4.5853814418695844       -1.4781088289402664       0.99979410078461128      -0.16158718011918566     
   3.7260000000000006E-004  0.54601077448654067        4.5966107533248728       -1.4873811367530305       0.99980268744108014      -0.15071436252084236     
   3.7270000000000006E-004  0.54294278001058172        4.6068841298824310       -1.4959436416780059       0.99981292830889057      -0.13969186064777259     
   3.7280000000000006E-004  0.53986584427252182        4.6162181153671149       -1.5037986737548039       0.99982459108096822      -0.12853573384193473     
   3.7290000000000001E-004  0.53678314676322270        4.6246306509600466       -1.5109476986622341       0.99983746253823935      -0.11726175326804261     
   3.7300000000000001E-004  0.53369742770074036        4.6321404330327507       -1.5173915652904089       0.99985134747867888      -0.10588552066024064     
   3.7310000000000002E-004  0.53061103965362233        4.6387663318186920       -1.5231307233406983       0.99986606825321434       -9.4422464622709368E-002
   3.7320000000000002E-004  0.52752598786739979        4.6445269240588019       -1.5281654077372113       0.99988146461609895       -8.2887766443974928E-002
   3.7330000000000002E-004  0.52444396397120541        4.6494401533796257       -1.5324957899992122       0.99989739350098750       -7.1296260312767937E-002
   3.7340000000000002E-004  0.52136637733134972        4.6535231082390833       -1.5361220989725806       0.99991372851162152       -5.9662343360302669E-002
   3.7350000000000003E-004  0.51829438735428457        4.6567918952054494       -1.5390447145922881       0.99993035891000848       -4.7999915560112787E-002
   3.7360000000000003E-004  0.51522893877751808        4.6592615810282023       -1.5412642388249744       0.99994718810721361       -3.6322362138772019E-002
   3.7370000000000003E-004  0.51217080083758770        4.6609461786931821       -1.5427815479195015       0.99996413163998743       -2.4642579908823282E-002
   3.7380000000000003E-004  0.50912061022535160        4.6618586562799518       -1.5435978295579389       0.99998111475098672       -1.2973043042751792E-002
   3.7390000000000004E-004  0.50607891705116881        4.6620109513372192       -1.5437146078832260       0.99999806965265670       -1.3259012503900099E-003
   3.7400000000000004E-004  0.50304623262932080        4.6614139718734915       -1.5431337586327973        1.0000149325467507        1.0286900168620406E-002
   3.7410000000000004E-004  0.50002307768973775        4.6600775761671560       -1.5418575157292467        1.0000316406302141        2.1853489723165389E-002
   3.7420000000000004E-004  0.49701002952676482        4.6580105357882395       -1.5398884698016955        1.0000481292073524        3.3361940135482090E-002
   3.7430000000000005E-004  0.49400776665431645        4.6552204839089626       -1.5372295583424511        1.0000643289848201        4.4800150987057766E-002
   3.7440000000000005E-004  0.49101710975334822        4.6517138537858322       -1.5338840464360843        1.0000801636638128        5.6155754233479807E-002
   3.7450000000000005E-004  0.48803905806910758        4.6474958169078260       -1.5298554962565489        1.0000955479466502        6.7416052463412715E-002
   3.7460000000000005E-004  0.48507482097245197        4.6425702353610649       -1.5251477228812398        1.0001103860469684        7.8567996987466152E-002
   3.7470000000000005E-004  0.48212584514888784        4.6369396475435085       -1.5197647335318114        1.0001245707931832        8.9598209647365049E-002
   3.7480000000000006E-004  0.47919383881329286        4.6306053095200337       -1.5137106470393169        1.0001379833510902       0.10049304940179744     
   3.7490000000000006E-004  0.47628079527592321        4.6235673154199119       -1.5069895905270525        1.0001504934917447       0.11123871332145345     
   3.7500000000000001E-004  0.47338901894718843        4.6158248141679117       -1.4996055710140157        1.0001619602547460       0.12182135726997857     
   3.7510000000000001E-004  0.47052115722779625        4.6073763216258925       -1.4915623211255877        1.0001722326391491       0.13222720649801378     
   3.7520000000000001E-004  0.46768024154593191        4.5982201108406837       -1.4828631204306273        1.0001811499721136       0.14244261784390919     
   3.7530000000000002E-004  0.46486973964663009        4.5883546421651413       -1.4735105971474571        1.0001885415813951       0.15245404411570718     
   3.7540000000000002E-004  0.46209361907084462        4.5777789693833935       -1.4635065189143055        1.0001942255386997       0.16224785048796192     
   3.7550000000000002E-004  0.45935641864392729        4.5664930337341705       -1.4528515855415396        1.0001980067411123       0.17180994472118785     
   3.7560000000000002E-004  0.45666332090078110        4.5544977402332627       -1.4415452401211757        1.0001996754051095       0.18112521557460554     
   3.7570000000000002E-004  0.45402021423281058        4.5417947047166383       -1.4295855162853994        1.0001990081487335       0.19017683174733960     
   3.7580000000000003E-004  0.45143372970691686        4.5283855678638112       -1.4169689370220226        1.0001957749679515       0.19894553576275489     
   3.7590000000000003E-004  0.44891123477082961        4.5142707927685546       -1.4036904729308024        1.0001897559735229       0.20740915998700091     
   3.7600000000000003E-004  0.44646076551594277        4.4994478939610083       -1.3897435545728942        1.0001807709508139       0.21554266465276456     
   3.7610000000000003E-004  0.44409088187883122        4.4839090850462640       -1.3751201165716105        1.0001687215359718       0.22331900046833919     
   3.7620000000000004E-004  0.44181043864614444        4.4676383674577718       -1.3598106360331439        1.0001536398917232       0.23071097357409756     
   3.7630000000000004E-004  0.43962828337427329        4.4506081322282416       -1.3438041239290215        1.0001357300687066       0.23769399811743003     
   3.7640000000000004E-004  0.43755292171664972        4.4327754390877026       -1.3270880465809547        1.0001153822397508       0.24424918151368080     
   3.7650000000000004E-004  0.43559222871035819        4.4140783084092821       -1.3096482044186073        1.0000931399133204       0.25036572285024306     
   3.7660000000000005E-004  0.43375331615992924        4.3944326486724403       -1.2914686759071718        1.0000696114579197       0.25604134094915898     
   3.7670000000000005E-004  0.43204266265426039        4.3737308602699780       -1.2725320266531726        1.0000453409712386       0.26127968323586465     
   3.7680000000000005E-004  0.43046654353222374        4.3518436679659374       -1.2528200444430220        1.0000206847721647       0.26608460885979468     
   3.7690000000000005E-004  0.42903165490338829        4.3286271716160396       -1.2323152292959725       0.99999576292623271       0.27045283802431153     
   3.7700000000000006E-004  0.42774565019281674        4.3039370832742954       -1.2110030912001237       0.99997054618302417       0.27436811896098684     
   3.7710000000000000E-004  0.42661720455945906        4.2776510083258934       -1.1888749950594646       0.99994507770719498       0.27780065684615912     
   3.7720000000000001E-004  0.42565531865625833        4.2496967732368631       -1.1659309608536319       0.99991972841183174       0.28071393961510904     
   3.7730000000000001E-004  0.42486792314746102        4.2200802067203238       -1.1421816987484101       0.99989531017472844       0.28307720562986893     
   3.7740000000000001E-004  0.42426034888396769        4.1889010300438514       -1.1176494291929451       0.99987291354432184       0.28487757734224756     
   3.7750000000000001E-004  0.42383456703866773        4.1563440213300282       -1.0923676717416875       0.99985351113178378       0.28612451732003746     
   3.7760000000000002E-004  0.42358988961803884        4.1226380368238171       -1.0663808357602687       0.99983754382014067       0.28684261746547973     
   3.7770000000000002E-004  0.42352495696146814        4.0879885173221968       -1.0397446536882906       0.99982472051098348       0.28705503432477864     
   3.7780000000000002E-004  0.42363977214185528        4.0525049735625807       -1.0125280170699160       0.99981415635072668       0.28676570641113097     
   3.7790000000000002E-004  0.42393617943246126        4.0161541733984087      -0.98481567933436975       0.99980487194740131       0.28595165649717841     
   3.7800000000000003E-004  0.42441615399487365        3.9787633559173212      -0.95671002265478811       0.99979649290743355       0.28457444490597578     
   3.7810000000000003E-004  0.42507902162413541        3.9400749599388671      -0.92832966005563478       0.99978964668788528       0.28260809252172370     
   3.7820000000000003E-004  0.42591983191187754        3.8998273975355655      -0.89980412613805294       0.99978550932877619       0.28006407984390430     
   3.7830000000000003E-004  0.42693041113387947        3.8578256825020549      -0.87126677019987431       0.99978464552594715       0.27698989530935275     
   3.7840000000000004E-004  0.42810229994160998        3.8139819552995107      -0.84284963674815550       0.99978617443693718       0.27343727245680843     
   3.7850000000000004E-004  0.42942897524684331        3.7683347648017023      -0.81468243764619352       0.99978822215756336       0.26942564696423715     
   3.7860000000000004E-004  0.43090555404226005        3.7210683176427999      -0.78689379720634334       0.99978936120430761       0.26493490491571303     
   3.7870000000000004E-004  0.43252673736911434        3.6725361708922470      -0.75961070841237910       0.99978960474671086       0.25993483561754044     
   3.7880000000000005E-004  0.43428517439159481        3.6232680490307096      -0.73295418210484531       0.99978996310939361       0.25442161395452795     
   3.7890000000000005E-004  0.43617144753373299        3.5739347322762445      -0.70703322387239753       0.99979121403531956       0.24842678628886233     
   3.7900000000000005E-004  0.43817516330849476        3.5252697508856716      -0.68194085033466434       0.99979323926654229       0.24199647404778268     
   3.7910000000000005E-004  0.44028610415051039        3.4779737838749263      -0.65775366436447735       0.99979537229684168       0.23516636172220204     
   3.7920000000000000E-004  0.44249491446399819        3.4326352133705331      -0.63453361091744587       0.99979709130049044       0.22795382538778458     
   3.7930000000000000E-004  0.44479330119636951        3.3896876362875403      -0.61232983651468342       0.99979833434430532       0.22036600514726276     
   3.7940000000000001E-004  0.44717386924678487        3.3494058052939355      -0.59117979988692448       0.99979936703673111       0.21241052679877981     
   3.7950000000000001E-004  0.44962976179975750        3.3119279957244583      -0.57110998592335860       0.99980052910002082       0.20410035668041240     
   3.7960000000000001E-004  0.45215431611520041        3.2772891111636913      -0.55213679207692257       0.99980209660949693       0.19545320396431620     
   3.7970000000000001E-004  0.45474088245867250        3.2454524489034569      -0.53426777108132129       0.99980426975595083       0.18648931020436843     
   3.7980000000000002E-004  0.45738283294308951        3.2163343243074305      -0.51750308797339217       0.99980720337635209       0.17722985869955918     
   3.7990000000000002E-004  0.46007369516746255        3.1898211050642011      -0.50183698662500698       0.99981103170429975       0.16769634902228750     
   3.8000000000000002E-004  0.46280732758718179        3.1657807920228631      -0.48725913465430221       0.99981587224892976       0.15791051538452819     
   3.8010000000000002E-004  0.46557807668850476        3.1440714703125572      -0.47375580874327450       0.99982181613056897       0.14789427644105219     
   3.8020000000000003E-004  0.46838088550135226        3.1245480472491227      -0.46131093519594635       0.99982891749901581       0.13766946116515258     
   3.8030000000000003E-004  0.47121134528607928        3.1070677837203231      -0.44990701022477697       0.99983718969060309       0.12725731831504300     
   3.8040000000000003E-004  0.47406569637302082        3.0914946644514618      -0.43952591312623857       0.99984660920702129       0.11667796084387115     
   3.8050000000000003E-004  0.47694079088819979        3.0777025788174317      -0.43014961283169267       0.99985712443974839       0.10594991387412668     
   3.8060000000000004E-004  0.47983403224924964        3.0655773847505507      -0.42176076310068594       0.99986866522115148        9.5089872349306631E-002
   3.8070000000000004E-004  0.48274330511275543        3.0550180389853629      -0.41434318391724223       0.99988115048222859        8.4112690685501174E-002
   3.8080000000000004E-004  0.48566690568861265        3.0459370294235288      -0.40788223298460469       0.99989449303592060        7.3031561216095123E-002
   3.8090000000000004E-004  0.48860347785726349        3.0382603422506467      -0.40236507795724435       0.99990860177655438        6.1858308057315015E-002
   3.8100000000000005E-004  0.49155195675200797        3.0319271648602264      -0.39778088512094517       0.99992338217102716        5.0603723427539229E-002
   3.8110000000000005E-004  0.49451151902499302        3.0268894691003911      -0.39412094237860890       0.99993873600068683        3.9277887799979462E-002
   3.8120000000000005E-004  0.49748153792235089        3.0231115713325742      -0.39137873443541171       0.99995456106892133        2.7890439960264381E-002
   3.8130000000000000E-004  0.50046154120147579        3.0205697378524583      -0.38954998664115076       0.99997075116748368        1.6450781573698073E-002
   3.8140000000000000E-004  0.50345117033535802        3.0192518878302366      -0.38863269162962955       0.99998719640991396        4.9682182044512840E-003
   3.8150000000000000E-004  0.50645014002023414        3.0191574332809612      -0.38862712991673115        1.0000037838879050       -6.5479533351262545E-003
   3.8160000000000001E-004  0.50945819750356447        3.0202972850973264      -0.38953589253933413        1.0000203986001228       -1.8088398428768380E-002
   3.8170000000000001E-004  0.51247508160495103        3.0226940434954574      -0.39136391061336639        1.0000369246089085       -2.9643723977888954E-002
   3.8180000000000001E-004  0.51550048148210625        3.0263823784075932      -0.39411849329497783        1.0000532463936267       -4.1204466885621079E-002
   3.8190000000000001E-004  0.51853399516404886        3.0314095935170577      -0.39780937202441025        1.0000692502999680       -5.2761072230341252E-002
   3.8200000000000002E-004  0.52157508762422011        3.0378363623270435      -0.40244874516579388        1.0000848258852957       -6.4303837591127372E-002
   3.8210000000000002E-004  0.52462304767546186        3.0457376096831421      -0.40805131241479226        1.0000998669351817       -7.5822793009546460E-002
   3.8220000000000002E-004  0.52767694215617988        3.0552034936569701      -0.41463428279199877        1.0001142719225911       -8.7307484302889024E-002
   3.8230000000000002E-004  0.53073556481390483        3.0663404257531894      -0.42221733441266751        1.0001279437384076       -9.8746634401717368E-002
   3.8240000000000003E-004  0.53379737616300815        3.0792720468313384      -0.43082249893004665        1.0001407889654215      -0.11012767706562632     
   3.8250000000000003E-004  0.53686042996702021        3.0941400514282531      -0.44047394029669273        1.0001527175374874      -0.12143619771862037     
   3.8260000000000003E-004  0.53992228276591747        3.1111047174757633      -0.45119759775716445        1.0001636444688384      -0.13265537231004315     
   3.8270000000000003E-004  0.54297988627452243        3.1303449468900588      -0.46302066858167318        1.0001734958145678      -0.14376555377719946     
   3.8280000000000003E-004  0.54602946956087361        3.1520575503449013      -0.47597091739496816        1.0001822205747928      -0.15474419066302714     
   3.8290000000000004E-004  0.54906642869407984        3.1764554414627746      -0.49007581487271951        1.0001898078984395      -0.16556623766169967     
   3.8300000000000004E-004  0.55208525556866839        3.2037643187166118      -0.50536152242681276        1.0001963050959821      -0.17620509622855063     
   3.8310000000000004E-004  0.55507954840391005        3.2342171615882425      -0.52185174007452351        1.0002018285218952      -0.18663390435359617     
   3.8320000000000004E-004  0.55804214052380341        3.2680453266356384      -0.53956641549989826        1.0002065595277378      -0.19682677031637480     
   3.8330000000000005E-004  0.56096535113044521        3.3054640857070172      -0.55852028120362773        1.0002107254261654      -0.20675949384874207     
   3.8340000000000000E-004  0.56384129916291081        3.3466493024506345      -0.57872117447136484        1.0002145789816232      -0.21640961597995309     
   3.8350000000000000E-004  0.56666214985169405        3.3917015678877185      -0.60016814416076192        1.0002183981129071      -0.22575624363222763     
   3.8360000000000000E-004  0.56942013631400468        3.4405962305200770      -0.62284946328058921        1.0002225084409861      -0.23478046583715093     
   3.8370000000000000E-004  0.57210727175474085        3.4931241061393585      -0.64674075640577000        1.0002272862054289      -0.24346650358083213     
   3.8380000000000000E-004  0.57471483508594212        3.5488378823772564      -0.67180338045522725        1.0002330763938962      -0.25180215934229022     
   3.8390000000000001E-004  0.57723277379500959        3.6070291639745840      -0.69798291853876671        1.0002399800646120      -0.25977552043283297     
   3.8400000000000001E-004  0.57964914602729678        3.6667609764678932      -0.72520735370598699        1.0002476536341001      -0.26736639098992065     
   3.8410000000000001E-004  0.58194994235665376        3.7269628077898229      -0.75338478701735001        1.0002554071224614      -0.27453777450221512     
   3.8420000000000001E-004  0.58412000361826466        3.7865681508267226      -0.78240165487819935        1.0002626880563126      -0.28123761477466613     
   3.8430000000000002E-004  0.58614533931049717        3.8446563987139299      -0.81212341157572465        1.0002695985724313      -0.28741609486432335     
   3.8440000000000002E-004  0.58801543535314849        3.9005630506771869      -0.84239911951034407        1.0002768639133159      -0.29304966765759671     
   3.8450000000000002E-004  0.58972303521696534        3.9539417483353425      -0.87306883838333282        1.0002849957098814      -0.29814971091164588     
   3.8460000000000002E-004  0.59126081809619990        4.0047765159454922      -0.90397008812724411        1.0002933007495514      -0.30273943822821880     
   3.8470000000000003E-004  0.59261809569822665        4.0533418132673216      -0.93494034220161037        1.0002997843054788      -0.30681282272114363     
   3.8480000000000003E-004  0.59378127893735788        4.1001068610735931      -0.96581680040622697        1.0003023372839581      -0.31031558853729424     
   3.8490000000000003E-004  0.59473817084384206        4.1455943312430374      -0.99643829967326347        1.0003002323248389      -0.31317480673635723     
   3.8500000000000003E-004  0.59548217627495681        4.1902286019997561       -1.0266524523428815        1.0002944429873013      -0.31535282890152855     
   3.8510000000000004E-004  0.59601254145405391        4.2342237959117401       -1.0563253838117466        1.0002864299298178      -0.31687221221946460     
   3.8520000000000004E-004  0.59633081296234391        4.2775486079800249       -1.0853481642219256        1.0002765220363412      -0.31778760712357818     
   3.8530000000000004E-004  0.59643696885424380        4.3199709876534094       -1.1136366655606260        1.0002634467580525      -0.31813424055352424     
   3.8540000000000004E-004  0.59632815717131382        4.3611549106661176       -1.1411269150139589        1.0002453553581969      -0.31790038004535687     
   3.8549999999999999E-004  0.59600053317362878        4.4007687357546139       -1.1677705051268712        1.0002212915069957      -0.31704147742812905     
   3.8559999999999999E-004  0.59545249711586512        4.4385698015596535       -1.1935328134181522        1.0001918798769094      -0.31551707892443770     
   3.8570000000000000E-004  0.59468698106130813        4.4744460525876075       -1.2183935201083487        1.0001588461631785      -0.31331972452283280     
   3.8580000000000000E-004  0.59371158310493199        4.5084143822601010       -1.2423471419193826        1.0001239748344475      -0.31047835942413970     
   3.8590000000000000E-004  0.59253694234372178        4.5405892458345427       -1.2654017777567828        1.0000883928968585      -0.30704069402123307     
   3.8600000000000000E-004  0.59117456002936986        4.5711395286945251       -1.2875758769832419        1.0000525373378941      -0.30305105229705476     
   3.8610000000000001E-004  0.58963514142275797        4.6002480171980409       -1.3088940880330941        1.0000165505142455      -0.29853725409396514     
   3.8620000000000001E-004  0.58792801608761858        4.6280811515565183       -1.3293834545295564       0.99998067948640545      -0.29350990747975553     
   3.8630000000000001E-004  0.58606156955581068        4.6547710782027334       -1.3490706976923725       0.99994545508100974      -0.28796984135718817     
   3.8640000000000001E-004  0.58404416282814120        4.6804087351124668       -1.3679806841276854       0.99991165008551697      -0.28191742852256274     
   3.8650000000000002E-004  0.58188497276541251        4.7050453520274917       -1.3861357889636672       0.99988012075094823      -0.27535933820559844     
   3.8660000000000002E-004  0.57959441866764738        4.7286994443486563       -1.4035557663862461       0.99985164240690894      -0.26831119269294479     
   3.8670000000000002E-004  0.57718410393479791        4.7513665653620816       -1.4202578251704139       0.99982680302865479      -0.26079687072448104     
   3.8680000000000002E-004  0.57466638186202335        4.7730295199546919       -1.4362567472254457       0.99980596490485585      -0.25284607881678289     
   3.8690000000000003E-004  0.57205374248103036        4.7936673437097053       -1.4515649978692455       0.99978927317066524      -0.24449156510064554     
   3.8700000000000003E-004  0.56935822305462491        4.8132620407811508       -1.4661928298154534       0.99977668749393100      -0.23576669427226637     
   3.8710000000000003E-004  0.56659098175348543        4.8318027382520032       -1.4801483916394704       0.99976802274752252      -0.22670359911897994     
   3.8720000000000003E-004  0.56376208066856626        4.8492874458516848       -1.4934378446162999       0.99976299310062822      -0.21733193237238410     
   3.8730000000000004E-004  0.56088044881719934        4.8657229415233036       -1.5060654883215501       0.99976125563337781      -0.20767821385098859     
   3.8740000000000004E-004  0.55795396179449330        4.8811234207152872       -1.5180338984460917       0.99976244855738805      -0.19776574252972728     
   3.8750000000000004E-004  0.55498957610325717        4.8955085054549095       -1.5293440838891914       0.99976621982901681      -0.18761497780612857     
   3.8759999999999999E-004  0.55199347448322378        4.9089010864530422       -1.5399956695645374       0.99977224432198619      -0.17724422623860547     
   3.8769999999999999E-004  0.54897119786334492        4.9213253260003746       -1.5499871063682173       0.99978023063039589      -0.16667043981949126     
   3.8779999999999999E-004  0.54592775004710881        4.9328050159200121       -1.5593159030543937       0.99978992057016847      -0.15590995650047934     
   3.8790000000000000E-004  0.54286766903513728        4.9433623787429699       -1.5679788696450823       0.99980108468180429      -0.14497906723220683     
   3.8800000000000000E-004  0.53979506724857129        4.9530173231073906       -1.5759723597013060       0.99981351654993011      -0.13389435222201587     
   3.8810000000000000E-004  0.53671364858634818        4.9617871120292474       -1.5832924991373840       0.99982702789233113      -0.12267278387995084     
   3.8820000000000000E-004  0.53362671243304949        4.9696863727530118       -1.5899353916660517       0.99984144542028119      -0.11133163663231761     
   3.8830000000000001E-004  0.53053715410042990        4.9767273613225900       -1.5958972945694092       0.99985660954964761       -9.9888268941058345E-002
   3.8840000000000001E-004  0.52744746900283301        4.9829203862754010       -1.6011747626101647       0.99987237441252319       -8.8359850203377763E-002
   3.8850000000000001E-004  0.52435976505975601        4.9882743073550824       -1.6057647611747004       0.99988860854866402       -7.6763097433726626E-002
   3.8860000000000001E-004  0.52127578519803563        4.9927970454887642       -1.6096647519715828       0.99990519554938995       -6.5114064806889915E-002
   3.8870000000000002E-004  0.51819693985636917        4.9964960606135307       -1.6128727558340146       0.99992203422262826       -5.3428013910019181E-002
   3.8880000000000002E-004  0.51512434821893294        4.9993787715550972       -1.6153873973327586       0.99993903800412343       -4.1719367427207672E-002
   3.8890000000000002E-004  0.51205888635915919        5.0014529050785317       -1.6172079355347178       0.99995613359523738       -3.0001743383008980E-002
   3.8900000000000002E-004  0.50900124040255568        5.0027267697524920       -1.6183342845408879       0.99997325887181088       -1.8288055023720936E-002
   3.8910000000000003E-004  0.50595196300366918        5.0032094542451819       -1.6187670265151883       0.99999036024036769       -6.5906598510956215E-003
   3.8920000000000003E-004  0.50291153163393187        5.0029109492435566       -1.6185074191859199        1.0000073895942658        5.0784582301691894E-003
   3.8930000000000003E-004  0.49988040734784189        5.0018421943924878       -1.6175573989944088        1.0000243010989551        1.6707490329361863E-002
   3.8940000000000003E-004  0.49685909293925429        5.0000150508106724       -1.6159195803917876        1.0000410479716095        2.8284602482631108E-002
   3.8950000000000003E-004  0.49384818951013881        4.9974421950860091       -1.6135972512811430        1.0000575794113147        3.9797747922143155E-002
   3.8960000000000004E-004  0.49084845040926828        4.9941369297021865       -1.6105943640246054        1.0000738378564575        5.1234505716023282E-002
   3.8969999999999999E-004  0.48786083133204289        4.9901129055743567       -1.6069155207689783        1.0000897567466365        6.2581960353510505E-002
   3.8979999999999999E-004  0.48488653516595187        4.9853837550305755       -1.6025659511279364        1.0001052589350481        7.3826635492971929E-002
   3.8989999999999999E-004  0.48192705001797859        4.9799626390948717       -1.5975514795773156        1.0001202558764848        8.4954492935659320E-002
   3.8999999999999999E-004  0.47898417886313704        4.9738617221775225       -1.5918784792202938        1.0001346476193533        9.5951004689414393E-002
   3.9010000000000000E-004  0.47606005956135999        4.9670916023558593       -1.5855538083306893        1.0001483234548747       0.10680129096235616     
   3.9020000000000000E-004  0.47315717474095115        4.9596607419951209       -1.5785847263508719        1.0001611629877272       0.11749031084499276     
   3.9030000000000000E-004  0.47027835216808800        4.9515749484473570       -1.5709787872243171        1.0001730369866275       0.12800307166611857     
   3.9040000000000000E-004  0.46742675786211330        4.9428369652672579       -1.5627437099707435        1.0001838075157405       0.13832481514043116     
   3.9050000000000001E-004  0.46460588628650545        4.9334462424576593       -1.5538872291184676        1.0001933268140817       0.14844112531310052     
   3.9060000000000001E-004  0.46181955416519210        4.9233989536598290       -1.5444169307290172        1.0002014346495014       0.15833790743570275     
   3.9070000000000001E-004  0.45907190622954636        4.9126883186873762       -1.5343400826674445        1.0002079544925679       0.16800120183690523     
   3.9080000000000001E-004  0.45636744169673427        4.9013052696765929       -1.5236634694123254        1.0002126895571277       0.17741682839648643     
   3.9090000000000001E-004  0.45371106849510645        4.8892394668948480       -1.5123932413156578        1.0002154204918539       0.18656990129749268     
   3.9100000000000002E-004  0.45110818724766411        4.8764806242406245       -1.5005347852668303        1.0002159069626657       0.19544430011838881     
   3.9110000000000002E-004  0.44856479848339814        4.8630200437299660       -1.4880926185070773        1.0002138952033619       0.20402221861117520     
   3.9120000000000002E-004  0.44608761515467193        4.8488521871974086       -1.4750703010541348        1.0002091327232694       0.21228392243523364     
   3.9130000000000002E-004  0.44368415057904065        4.8339760473657218       -1.4614703566960747        1.0002013897285928       0.22020782025350602     
   3.9140000000000003E-004  0.44136274313442719        4.8183960317192298       -1.4472941903621981        1.0001904849436343       0.22777089154283886     
   3.9150000000000003E-004  0.43913247658038890        4.8021220577487238       -1.4325419925847529        1.0001763120006926       0.23494943431308798     
   3.9160000000000003E-004  0.43700296297820518        4.7851685909186887       -1.4172126300391026        1.0001588623789230       0.24172002812649790     
   3.9170000000000003E-004  0.43498398236324060        4.7675524417040673       -1.4013035327133927        1.0001382425935061       0.24806059568690900     
   3.9179999999999998E-004  0.43308502078154465        4.7492892651693950       -1.3848105983718528        1.0001146853259812       0.25395149859067623     
   3.9189999999999998E-004  0.43131480392991733        4.7303888613341734       -1.3677281393481735        1.0000885543670672       0.25937666548320054     
   3.9199999999999999E-004  0.42968096257377630        4.7108495530694050       -1.3500488966786723        1.0000603385581996       0.26432469844439571     
   3.9209999999999999E-004  0.42818996009005572        4.6906521322345309       -1.3317641520439294        1.0000306248142163       0.26878966456196357     
   3.9219999999999999E-004  0.42684734658066614        4.6697541462564374       -1.3128639923647178        1.0000000392346302       0.27277093218673992     
   3.9229999999999999E-004  0.42565828741305739        4.6480856862464215       -1.2933378288131361       0.99996915840244061       0.27627125374082828     
   3.9240000000000000E-004  0.42462818255940443        4.6255483409427036       -1.2731753198600337       0.99993841894030611       0.27929271380647275     
   3.9250000000000000E-004  0.42376310000921491        4.6020194939240540       -1.2523678435187080       0.99990808155354793       0.28183137128057811     
   3.9260000000000000E-004  0.42306973838783757        4.5773643372868786       -1.2309105437725032       0.99987830647155240       0.28387304044167577     
   3.9270000000000000E-004  0.42255474791273295        4.5514572501822190       -1.2088047252144227       0.99984934558007488       0.28539354827177293     
   3.9280000000000001E-004  0.42222351122461915        4.5242118321626581       -1.1860600805958368       0.99982176011157697       0.28636564250470264     
   3.9290000000000001E-004  0.42207884868977052        4.4956146214469257       -1.1626961119249624       0.99979648852927316       0.28677104656788904     
   3.9300000000000001E-004  0.42212033695754986        4.4657524497073577       -1.1387423620430788       0.99977461234428777       0.28661148165746514     
   3.9310000000000001E-004  0.42234475054102355        4.4348203525722383       -1.1142377336742997       0.99975685925354341       0.28591032503277075     
   3.9320000000000002E-004  0.42274755092950472        4.4030993951409503       -1.0892298828279865       0.99974315344040332       0.28470047054225833     
   3.9330000000000002E-004  0.42332471251087461        4.3709029417319201       -1.0637758031334013       0.99973260979024337       0.28300343087104429     
   3.9340000000000002E-004  0.42407389939215262        4.3385030358642567       -1.0379438777016741       0.99972408734998686       0.28081333160453237     
   3.9350000000000002E-004  0.42499422137297438        4.3060598161060941       -1.0118162629517626       0.99971695148601147       0.27809895668845513     
   3.9360000000000003E-004  0.42608448389695452        4.2735799661598310      -0.98548956632706641       0.99971147709083585       0.27482552878896072     
   3.9370000000000003E-004  0.42734085580068976        4.2409211510728113      -0.95907230329630577       0.99970857491304677       0.27098302171233840     
   3.9380000000000003E-004  0.42875552762801322        4.2078402786334888      -0.93267947660151873       0.99970901731043105       0.26660079621849325     
   3.9390000000000003E-004  0.43031743905769326        4.1740644951066272      -0.90642659486834620       0.99971270964985914       0.26173610387972263     
   3.9399999999999998E-004  0.43201469745812676        4.1393578424295168      -0.88042591745843835       0.99971855142812027       0.25644308004965061     
   3.9409999999999998E-004  0.43383709594429626        4.1035666992246185      -0.85478601871411453       0.99972501466520558       0.25074485806941538     
   3.9419999999999999E-004  0.43577713360765186        4.0666432809640103      -0.82961315682722125       0.99973100682489269       0.24462953802230597     
   3.9429999999999999E-004  0.43782907344874755        4.0286552561344120      -0.80501166179131300       0.99973636888678452       0.23807154128278257     
   3.9439999999999999E-004  0.43998698417108545        3.9897871255578572      -0.78108166937786239       0.99974168997700541       0.23106053942665566     
   3.9449999999999999E-004  0.44224329041851596        3.9503322327305082      -0.75791489118381083       0.99974767832657307       0.22361679958890174     
   3.9460000000000000E-004  0.44458870362620956        3.9106717564082576      -0.73559065637413212       0.99975462410070082       0.21578505933816211     
   3.9470000000000000E-004  0.44701326305152650        3.8712410124039085      -0.71417410792200298       0.99976230008140388       0.20761556540357604     
   3.9480000000000000E-004  0.44950759190083667        3.8324893285981894      -0.69371687130720605       0.99977022908760105       0.19914697042464025     
   3.9490000000000000E-004  0.45206364602168636        3.7948424363530808      -0.67425919293139902       0.99977802248315317       0.19040002760656682     
   3.9500000000000006E-004  0.45467478864496397        3.7586742608513823      -0.65583225367508702       0.99978556233234628       0.18138169358658202     
   3.9510000000000006E-004  0.45733544150860722        3.7242906826073590      -0.63845987372542456       0.99979298795635574       0.17209383686540222     
   3.9520000000000007E-004  0.46004065184253079        3.6919241899391082      -0.62215949651023794       0.99980057385168619       0.16254081510049909     
   3.9530000000000007E-004  0.46278578738460557        3.6617366194110215      -0.60694273988548297       0.99980860245712133       0.15273315719795105     
   3.9540000000000007E-004  0.46556641137379107        3.6338269749630605      -0.59281586507360595       0.99981728836143480       0.14268752265216339     
   3.9550000000000007E-004  0.46837829346348597        3.6082417922883891      -0.57978038009504929       0.99982675869336235       0.13242457047424544     
   3.9560000000000007E-004  0.47121748660845819        3.5849862362231519      -0.56783382687771577       0.99983706778725212       0.12196640810711944     
   3.9570000000000002E-004  0.47408041366541842        3.5640347767531804      -0.55697069089365503       0.99984822172966992       0.11133462133471442     
   3.9580000000000003E-004  0.47696393054152258        3.5453407997272048      -0.54718333796319163       0.99986019849906060       0.10054914858201559     
   3.9590000000000003E-004  0.47986535434588068        3.5288448771671614      -0.53846289787588719       0.99987296031622874        8.9627869100382521E-002
   3.9600000000000003E-004  0.48278245985358020        3.5144816487451322      -0.53080004493972854       0.99988645934564235        7.8586654704874762E-002
   3.9610000000000003E-004  0.48571345289679924        3.5021853899096751      -0.52418565511013870       0.99990063942876806        6.7439647656635973E-002
   3.9620000000000004E-004  0.48865692949308415        3.4918944078827963      -0.51861134032717582       0.99991543623570411        5.6199602982065625E-002
   3.9630000000000004E-004  0.49161182737672332        3.4835544288532798      -0.51406987207846877       0.99993077730015933        4.4878210074814615E-002
   3.9640000000000004E-004  0.49457737398139329        3.4771211478755077      -0.51055551056918724       0.99994658246990376        3.3486362047695624E-002
   3.9650000000000004E-004  0.49755303297754205        3.4725621106556357      -0.50806425593683457       0.99996276483262325        2.2034373349137482E-002
   3.9660000000000004E-004  0.50053845030279520        3.4698580796933456      -0.50659403568068961       0.99997923197942873        1.0532157299297603E-002
   3.9670000000000005E-004  0.50353339995049917        3.4690040106815641      -0.50614483921350839       0.99999588745029422       -1.0106212781721630E-003
   3.9680000000000005E-004  0.50653772932365537        3.4700097334677107      -0.50671880699411298        1.0000126322542808       -1.2584406535520298E-002
   3.9690000000000005E-004  0.50955130362285472        3.4729003966820677      -0.50832027837739391        1.0000293664320534       -2.4179617127324034E-002
   3.9700000000000005E-004  0.51257394852290550        3.4777166976371472      -0.51095579910861721        1.0000459906750001       -3.5786511431680872E-002
   3.9710000000000006E-004  0.51560539036769093        3.4845148782281168      -0.51463408616892914        1.0000624080337848       -4.7395047782830865E-002
   3.9720000000000006E-004  0.51864519330286185        3.4933664192573968      -0.51936594416671833        1.0000785257389577       -5.8994732900916946E-002
   3.9730000000000006E-004  0.52169269321642164        3.5043573103937398      -0.52516412358633058        1.0000942570705953       -7.0574447866240689E-002
   3.9740000000000006E-004  0.52474692911709842        3.5175867139723529      -0.53204310704185442        1.0001095231206074       -8.2122237245522187E-002
   3.9750000000000007E-004  0.52780657357929239        3.5331647737411735      -0.54001880547414027        1.0001242542263662       -9.3625046758945826E-002
   3.9760000000000007E-004  0.53086986520396695        3.5512092469025767      -0.54910814247442863        1.0001383909278583      -0.10506840023806387     
   3.9770000000000007E-004  0.53393454789332284        3.5718405644090812      -0.55932850298100045        1.0001518845874267      -0.11643602892513508     
   3.9780000000000002E-004  0.53699782448544531        3.5951748645196737      -0.57069702439910308        1.0001646984933910      -0.12770950809262813     
   3.9790000000000002E-004  0.54005633639541406        3.6213145265070370      -0.58322971651958211        1.0001768112352980      -0.13886801860757919     
   3.9800000000000002E-004  0.54310618529612209        3.6503358098452097      -0.59694041407530685        1.0001882251702621      -0.14988842433302965     
   3.9810000000000003E-004  0.54614301132302689        3.6822734788088596      -0.61183959514686503        1.0001989832641829      -0.16074592014886019     
   3.9820000000000003E-004  0.54916212425484145        3.7171029145266008      -0.62793314016819124        1.0002091970238283      -0.17141553276789379     
   3.9830000000000003E-004  0.55215864243522994        3.7547213132188375      -0.64522115641368671        1.0002190835394795      -0.18187470587267654     
   3.9840000000000003E-004  0.55512754461757108        3.7949310346254421      -0.66369701921595525        1.0002289917894391      -0.19210671532632800     
   3.9850000000000004E-004  0.55806351293507328        3.8374293684673919      -0.68334671088466070        1.0002393768352533      -0.20210355931054630     
   3.9860000000000004E-004  0.56096049544383431        3.8818089367482713      -0.70414830632476733        1.0002506697149771      -0.21186553171001798     
   3.9870000000000004E-004  0.56381107643852302        3.9275713075865362      -0.72607109218825316        1.0002630333657436      -0.22139417871205891     
   3.9880000000000004E-004  0.56660595065651309        3.9741538811075223      -0.74907358771175392        1.0002761192411180      -0.23067811007080444     
   3.9890000000000005E-004  0.56933390871176082        4.0209680413300806      -0.77310014428291873        1.0002890768427704      -0.23967815537741263     
   3.9900000000000005E-004  0.57198260055136885        4.0674461017978985      -0.79807707609842415        1.0003010250254458      -0.24832529831644490     
   3.9910000000000005E-004  0.57453992484142613        4.1130951514615113      -0.82391071784344538        1.0003118144847880      -0.25654203799316666     
   3.9920000000000005E-004  0.57699534585525991        4.1575546226881617      -0.85048978875124315        1.0003224202381495      -0.26427993134471323     
   3.9930000000000006E-004  0.57934012164238680        4.2006489034778625      -0.87769193954267655        1.0003343198820995      -0.27154469642253654     
   3.9940000000000006E-004  0.58156585744756661        4.2424191873231862      -0.90539086848764350        1.0003480687035875      -0.27838044114881078     
   3.9950000000000006E-004  0.58366203381265080        4.2831162678066956      -0.93345944787793744        1.0003622675526413      -0.28481688251585274     
   3.9960000000000006E-004  0.58561436617474472        4.3231428954977300      -0.96176775983699858        1.0003740473448530      -0.29082176624775719     
   3.9970000000000007E-004  0.58740585926106004        4.3629504062500644      -0.99018002909908509        1.0003808874987137      -0.29630300577636076     
   3.9980000000000007E-004  0.58902049487535890        4.4029145363624380       -1.0185560343311779        1.0003822874724777      -0.30116251447265169     
   3.9990000000000002E-004  0.59044703450856262        4.4432298131608476       -1.0467587618599825        1.0003797924642710      -0.30535621974004346     
   4.0000000000000002E-004  0.59168013451939083        4.4838592735390890       -1.0746644225808644        1.0003753057349636      -0.30890974749697669     
   4.0010000000000002E-004  0.59271796683061484        4.5245544594532596       -1.1021689991071841        1.0003692722460249      -0.31188201395938792     
   4.0020000000000002E-004  0.59355808502863550        4.5649323972059328       -1.1291887462636645        1.0003602713997295      -0.31431305137073101     
   4.0030000000000003E-004  0.59419469380385215        4.6045775697148947       -1.1556566184563024        1.0003460820442129      -0.31619574803020106     
   4.0040000000000003E-004  0.59461921612073487        4.6431342750208611       -1.1815183808849605        1.0003251775242856      -0.31748420215230544     
   4.0050000000000003E-004  0.59482332310826846        4.6803653949730588       -1.2067308310838327        1.0002975487903600      -0.31812492671317194     
   4.0060000000000003E-004  0.59480215961068361        4.7161697925075803       -1.2312621336903595        1.0002644713194777      -0.31808682665808818     
   4.0070000000000004E-004  0.59455597675576954        4.7505648503378026       -1.2550927002026853        1.0002276743990477      -0.31737304096403862     
   4.0080000000000004E-004  0.59408959201002398        4.7836485086147764       -1.2782150642776784        1.0001886183141717      -0.31601343965808570     
   4.0090000000000004E-004  0.59341039307291654        4.8155557842148955       -1.3006322127983989        1.0001482132480657      -0.31404735650691512     
   4.0100000000000004E-004  0.59252628950134201        4.8464207226015326       -1.3223547784231715        1.0001069198543937      -0.31150741666834164     
   4.0110000000000005E-004  0.59144462315652235        4.8763495795429392       -1.3433978819425365        1.0000650369684823      -0.30841117129513368     
   4.0120000000000005E-004  0.59017213302009031        4.9054069301790069       -1.3637783312521994        1.0000229818454458      -0.30476187161836471     
   4.0130000000000005E-004  0.58871552281930817        4.9336136893769797       -1.3835125825316843       0.99998142714998806      -0.30055537455549614     
   4.0140000000000005E-004  0.58708215276333764        4.9609543034851971       -1.4026155362638975       0.99994127062960969      -0.29578857610675524     
   4.0150000000000006E-004  0.58528052868485392        4.9873894472537401       -1.4211000121000490       0.99990349720486260      -0.29046582540502719     
   4.0160000000000006E-004  0.58332045695555035        5.0128703910812273       -1.4389766630140355       0.99986901099675374      -0.28460174002925703     
   4.0170000000000006E-004  0.58121291398812935        5.0373517666779026       -1.4562541046403643       0.99983849779210976      -0.27822049853047454     
   4.0180000000000006E-004  0.57896976428090907        5.0608005885701086       -1.4729390933392985       0.99981235427819626      -0.27135271368277902     
   4.0190000000000007E-004  0.57660342772255013        5.0832007513885369       -1.4890366559324344       0.99979069337546667      -0.26403143787295807     
   4.0200000000000001E-004  0.57412651731611419        5.1045534209420751       -1.5045501423283159       0.99977340695418171      -0.25628874885238456     
   4.0210000000000002E-004  0.57155145143774932        5.1248744789700815       -1.5194812261480699       0.99976025002928615      -0.24815375704512707     
   4.0220000000000002E-004  0.56889008013348619        5.1441903829038544       -1.5338299028315097       0.99975091399456950      -0.23965209289784350     
   4.0230000000000002E-004  0.56615338823580696        5.1625336035970228       -1.5475945284833259       0.99974507454542183      -0.23080641433153243     
   4.0240000000000002E-004  0.56335132340162419        5.1799384300917222       -1.5607719205746335       0.99974241572960953      -0.22163736004540552     
   4.0250000000000003E-004  0.56049275873719995        5.1964375567224046       -1.5733575198187295       0.99974263825894238      -0.21216452221898782     
   4.0260000000000003E-004  0.55758556428722106        5.2120595937918139       -1.5853455988164353       0.99974546016126098      -0.20240722169778139     
   4.0270000000000003E-004  0.55463674367157356        5.2268274868221010       -1.5967294975986954       0.99975061467032245      -0.19238501826738597     
   4.0280000000000003E-004  0.55165259142009637        5.2407577541839689       -1.6075018663978995       0.99975784777674204      -0.18211796202413175     
   4.0290000000000004E-004  0.54863883653396062        5.2538604175160266       -1.6176548994914242       0.99976691657183370      -0.17162662400434603     
   4.0300000000000004E-004  0.54560075222337900        5.2661394797485706       -1.6271805491298439       0.99977758870690614      -0.16093195764853721     
   4.0310000000000004E-004  0.54254322205896999        5.2775937943452274       -1.6360707138904984       0.99978964304928841      -0.15005505440741754     
   4.0320000000000004E-004  0.53947076353911816        5.2882181695233328       -1.6443174007588994       0.99980287103137089      -0.13901685365454136     
   4.0330000000000005E-004  0.53638751963612941        5.2980045650731462       -1.6519128635540670       0.99981707824336707      -0.12783785431787689     
   4.0340000000000005E-004  0.53329723346406110        5.3069432632800915       -1.6588497219426679       0.99983208594409778      -0.11653786116139166     
   4.0350000000000005E-004  0.53020322086404137        5.3150239224525127       -1.6651210655509423       0.99984773225381318      -0.10513578637860482     
   4.0360000000000005E-004  0.52710835208951323        5.3222364627914764       -1.6707205466593924       0.99986387300094359       -9.3649515176257039E-002
   4.0370000000000005E-004  0.52401504896178897        5.3285717758965561       -1.6756424634667471       0.99988038214799713       -8.2095833986531003E-002
   4.0380000000000006E-004  0.52092529946586841        5.3340222728331614       -1.6798818347319240       0.99989715181415550       -7.0490416844389142E-002
   4.0390000000000006E-004  0.51784068858558430        5.3385822955392648       -1.6834344658673981       0.99991409178040314       -5.8847858958052009E-002
   4.0400000000000006E-004  0.51476244235873492        5.3422484176066725       -1.6862970062399061       0.99993112843787157       -4.7181752506769481E-002
   4.0410000000000001E-004  0.51169148156145317        5.3450196573939124       -1.6884669972791515       0.99994820314216459       -3.5504793833213380E-002
   4.0420000000000001E-004  0.50862848164015684        5.3468976220318449       -1.6899429109993980       0.99996527002088009       -2.3828917021949229E-002
   4.0430000000000002E-004  0.50557393614220902        5.3478865988842941       -1.6907241786197174       0.99998229331843325       -1.2165446716381364E-002
   4.0440000000000002E-004  0.50252822169111899        5.3479936148347988       -1.6908112088328016       0.99999924445007249       -5.2526360205124533E-004
   4.0450000000000002E-004  0.49949166323217936        5.3472284685717817       -1.6902053957049632        1.0000160987611939        1.1081022618637672E-002
   4.0460000000000002E-004  0.49646459876627408        5.3456037313407148       -1.6889091164870493        1.0000328321644125        2.2642897569485801E-002
   4.0470000000000002E-004  0.49344744301237886        5.3431347155776248       -1.6869257195745617        1.0000494178399593        3.4149768508697248E-002
   4.0480000000000003E-004  0.49044074938929261        5.3398394083310414       -1.6842595029704317        1.0000658231396804        4.5590797111887918E-002
   4.0490000000000003E-004  0.48744526940958827        5.3357383620960075       -1.6809156837463823        1.0000820068152900        5.6954743169822353E-002
   4.0500000000000003E-004  0.48446200808558398        5.3308545307101074       -1.6769003591495928        1.0000979166673190        6.8229823551233651E-002
   4.0509999999999998E-004  0.48149227335214545        5.3252130324910478       -1.6722204601203206        1.0001134876997795        7.9403591919044392E-002
   4.0520000000000004E-004  0.47853771691483599        5.3188408171122532       -1.6668836980086679        1.0001286408261503        9.0462846079240669E-002
   4.0529999999999999E-004  0.47560036360378782        5.3117662060258706       -1.6608985054282721        1.0001432821026062       0.10139356784706036     
   4.0540000000000004E-004  0.47268262653098081        5.3040182813687036       -1.6542739719257213        1.0001573026128383       0.11218090387239843     
   4.0549999999999999E-004  0.46978730630481585        5.2956261198885013       -1.6470197745504345        1.0001705789563915       0.12280918860937855     
   4.0560000000000005E-004  0.46691757466093986        5.2866178790936917       -1.6391461032143142        1.0001829742830211       0.13326201305096205     
   4.0570000000000000E-004  0.46407694600428157        5.2770197613076579       -1.6306635803963005        1.0001943397406041       0.14352233522183031     
   4.0580000000000005E-004  0.46126924429776966        5.2668549055437879       -1.6215831742443780        1.0002045161942952       0.15357262824563073     
   4.0590000000000000E-004  0.45849857653449089        5.2561422792730443       -1.6119161037312677        1.0002133361141556       0.16339505748306327     
   4.0600000000000006E-004  0.45576932629903588        5.2448956561220896       -1.6016737342610063        1.0002206254377191       0.17297167559985482     
   4.0610000000000000E-004  0.45308617993503719        5.2331227678778962       -1.5908674623049961        1.0002262051546311       0.18228462054868266     
   4.0620000000000001E-004  0.45045419227889916        5.2208247118974302       -1.5795085885607352        1.0002298922906701       0.19131629263629568     
   4.0630000000000001E-004  0.44787888860805813        5.2079956856452903       -1.5676081809420763        1.0002314998187258       0.20004947214659419     
   4.0640000000000001E-004  0.44536638631855491        5.1946231205019053       -1.5551769315864381        1.0002308352322975       0.20846732265571957     
   4.0650000000000001E-004  0.44292350770980082        5.1806883085692750       -1.5422250149696044        1.0002276981879099       0.21655321825591617     
   4.0660000000000002E-004  0.44055784950485921        5.1661676408814099       -1.5287619566641453        1.0002218788040127       0.22429035503159231     
   4.0669999999999997E-004  0.43827777836113119        5.1510345695772415       -1.5147965226752738        1.0002131597574513       0.23166117307641793     
   4.0680000000000002E-004  0.43609233142432596        5.1352623367986503       -1.5003366363373947        1.0002013263385929       0.23864671569648710     
   4.0689999999999997E-004  0.43401101760209460        5.1188273544468874       -1.4853893231477053        1.0001861887112848       0.24522616821299986     
   4.0700000000000003E-004  0.43204353745484492        5.1017128804295471       -1.4699606745280571        1.0001676181063048       0.25137690012662334     
   4.0709999999999997E-004  0.43019945978161683        5.0839123769144319       -1.4540558118704170        1.0001455934165413       0.25707531029859176     
   4.0720000000000003E-004  0.42848790381511254        5.0654317550401871       -1.4376788272531427        1.0001202470375261       0.26229858222420305     
   4.0729999999999998E-004  0.42691727252034101        5.0462897126895321       -1.4208326836576857        1.0000918928113025       0.26702709672300246     
   4.0740000000000004E-004  0.42549506706534557        5.0265156115787128       -1.4035190806310827        1.0000610187328323       0.27124683836137470     
   4.0749999999999998E-004  0.42422779528783272        5.0061447822056415       -1.3857383296971886        1.0000282379800796       0.27495088520244576     
   4.0760000000000004E-004  0.42312097899038814        4.9852116704444072       -1.3674893265074586       0.99999420869344491       0.27813918582838015     
   4.0769999999999999E-004  0.42217926610774137        4.9637417012847607       -1.3487697349792440       0.99995955029115446       0.28081635304944080     
   4.0780000000000005E-004  0.42140664874216410        4.9417430402446172       -1.3295764943499060       0.99992478832476439       0.28298795839504620     
   4.0789999999999999E-004  0.42080675519284333        4.9191996195922609       -1.3099067156562629       0.99989034913086250       0.28465646213520696     
   4.0800000000000005E-004  0.42038311727173872        4.8960669821776506       -1.2897589582455395       0.99985660414439936       0.28581817910699581     
   4.0810000000000000E-004  0.42013924920711493        4.8722727441148894       -1.2691347865370997       0.99982394499181992       0.28646250429359776     
   4.0820000000000006E-004  0.42007837731651326        4.8477236541701441       -1.2480404190334087       0.99979286021985270       0.28657408668650125     
   4.0830000000000000E-004  0.42020277872981743        4.8223209096931079       -1.2264882130285617       0.99976398149735879       0.28613783959188072     
   4.0840000000000001E-004  0.42051289992718849        4.7959839835078935       -1.2044977113653650       0.99973806436063517       0.28514559648906068     
   4.0850000000000001E-004  0.42100663138354744        4.7686803660403783       -1.1820960660166542       0.99971587259223171       0.28360195016276324     
   4.0860000000000001E-004  0.42167918382406011        4.7404547953588203       -1.1593178833613205       0.99969796825808044       0.28152601312365921     
   4.0869999999999996E-004  0.42252383873246030        4.7114483535734575       -1.1362048467512389       0.99968447622746115       0.27894659367961439     
   4.0880000000000002E-004  0.42353341436696834        4.6818975130639160       -1.1128056770148913       0.99967495784771454       0.27589113736859633     
   4.0889999999999996E-004  0.42470177410091509        4.6521074201453398       -1.0891768682292131       0.99966853123846122       0.27237285050188986     
   4.0900000000000002E-004  0.42602448930512793        4.6224019263900882       -1.0653841053418480       0.99966426357064886       0.26838335832678084     
   4.0909999999999997E-004  0.42749815007822423        4.5930622011572346       -1.0415035480701857       0.99966165926941486       0.26389729809763279     
   4.0920000000000003E-004  0.42911863308173959        4.5642719538606169       -1.0176217447480036       0.99966092286653263       0.25888922721712893     
   4.0929999999999997E-004  0.43087933926404798        4.5360867943368977      -0.99383328786963676       0.99966276280683852       0.25335482112387570     
   4.0940000000000003E-004  0.43277048751108688        4.5084371276391213      -0.97023644001625386       0.99966781848606501       0.24732347632611204     
   4.0949999999999998E-004  0.43477992940564325        4.4811614082503688      -0.94692819471402001       0.99967609530220669       0.24085314072293490     
   4.0960000000000004E-004  0.43689505373807019        4.4540561046210296      -0.92400067971396171       0.99968679298761587       0.23400913367417636     
   4.0970000000000009E-004  0.43910473432910041        4.4269258635620030      -0.90154006037235124       0.99969861441825303       0.22683902857845353     
   4.0980000000000004E-004  0.44140031968608046        4.3996222268107985      -0.87962765168098078       0.99971032540462723       0.21935781743227101     
   4.0990000000000010E-004  0.44377534301518889        4.3720669577033355      -0.85834176312380517       0.99972122989880630       0.21155080815243857     
   4.1000000000000005E-004  0.44622440695846149        4.3442614567757651      -0.83775858990275431       0.99973132613768834       0.20339118800347583     
   4.1010000000000005E-004  0.44874202543909286        4.3162853423281291      -0.81795126058969003       0.99974111674458221       0.19486157907790932     
   4.1020000000000005E-004  0.45132200347658175        4.2882867488406475      -0.79898735822904743       0.99975123358749030       0.18596830200299397     
   4.1030000000000005E-004  0.45395748541092013        4.2604664839691999      -0.78092608127608865       0.99976210668300469       0.17674279452059505     
   4.1040000000000000E-004  0.45664143581091254        4.2330586375170096      -0.76381627807157038       0.99977382884716026       0.16723225405924599     
   4.1050000000000006E-004  0.45936720101148287        4.2063108136264944      -0.74769601018193221       0.99978622085713498       0.15748623198349768     
   4.1060000000000001E-004  0.46212890046888644        4.1804669511098922      -0.73259355386531422       0.99979899633338543       0.14754579832981846     
   4.1070000000000006E-004  0.46492157424955011        4.1557545973122938      -0.71852926105168624       0.99981191378587908       0.13743861086062967     
   4.1080000000000001E-004  0.46774114146896811        4.1323770869566818      -0.70551761138941338       0.99982485478838690       0.12717961577627032     
   4.1090000000000007E-004  0.47058426572091366        4.1105099927254045      -0.69356898086631291       0.99983782690964829       0.11677506525189350     
   4.1100000000000002E-004  0.47344820461076176        4.0903007239051394      -0.68269093197128716       0.99985092188510272       0.10622729964059999     
   4.1110000000000007E-004  0.47633068326278472        4.0718701510727673      -0.67288904992438126       0.99986426282990293        9.5538577212210471E-002
   4.1120000000000002E-004  0.47922980192267312        4.0553153791577810      -0.66416745797695076       0.99987796222743563        8.4713296089733034E-002
   4.1130000000000008E-004  0.48214397240950124        4.0407130808153102      -0.65652915906425635       0.99989209825139580        7.3758732847463468E-002
   4.1140000000000003E-004  0.48507187376615851        4.0281230276874993      -0.64997631351239205       0.99990670743573251        6.2684786955221797E-002
   4.1150000000000008E-004  0.48801241841218984        4.0175915917245693      -0.64451051127289805       0.99992178783766628        5.1503259364137077E-002
   4.1160000000000003E-004  0.49096472257184776        4.0091550583082274      -0.64013305488764416       0.99993730686996007        4.0227060563052516E-002
   4.1170000000000009E-004  0.49392807706219588        4.0028426203865912      -0.63684524337649062       0.99995320980924363        2.8869572204616521E-002
   4.1180000000000003E-004  0.49690191622282315        3.9986789342319717      -0.63464863650180792       0.99996942707711756        1.7444241169349426E-002
   4.1190000000000009E-004  0.49988578397187200        3.9966861327563219      -0.63354527768480862       0.99998587969383845        5.9643991025187170E-003
   4.1200000000000004E-004  0.50287929684077237        3.9968852114660827      -0.63353785796731388        1.0000024831685617       -5.5567447905083877E-003
   4.1210000000000010E-004  0.50588210446795223        3.9992967193336959      -0.63462980865050078        1.0000191503664588       -1.7105998800655376E-002
   4.1220000000000004E-004  0.50889384845099916        4.0039407003138532      -0.63682531524058905        1.0000357939836479       -2.8670034038124428E-002
   4.1230000000000005E-004  0.51191412069275266        4.0108358415777268      -0.64012924985382769        1.0000523292867958       -4.0235240731277384E-002
   4.1240000000000005E-004  0.51494242242839072        4.0199977963677345      -0.64454702380529294        1.0000686778080443       -5.1787659043426880E-002
   4.1250000000000005E-004  0.51797812495077877        4.0314366720833714      -0.65008436754585086        1.0000847726971698       -6.3313053894537480E-002
   4.1260000000000000E-004  0.52102043259504593        4.0451537159650197      -0.65674705206016648        1.0001005664242313       -7.4797211805821495E-002
   4.1270000000000006E-004  0.52406834776673672        4.0611372877045877      -0.66454057327897942        1.0001160410536911       -8.6226520762103964E-002
   4.1280000000000001E-004  0.52712063672988485        4.0793582819788821      -0.67346982566567726        1.0001312203493595       -9.7588842601688999E-002
   4.1290000000000006E-004  0.53017579358524369        4.0997652470787411      -0.68353878750343200        1.0001461806994718      -0.10887456110561960     
   4.1300000000000001E-004  0.53323199819645573        4.1222795177230029      -0.69475021918505819        1.0001610548471698      -0.12007748132446071     
   4.1310000000000007E-004  0.53628706115637348        4.1467907269846105      -0.70710532917166369        1.0001760194206337      -0.13119499012082048     
   4.1320000000000001E-004  0.53933834453684915        4.1731530984562593      -0.72060329070558504        1.0001912571049099      -0.14222669276348571     
   4.1330000000000007E-004  0.54238264245301704        4.2011830088678543      -0.73524041639725135        1.0002068909927515      -0.15317084374570192     
   4.1340000000000002E-004  0.54541600742000507        4.2306585411638356      -0.75100876653283688        1.0002229052318827      -0.16401856172872839     
   4.1350000000000008E-004  0.54843353120541305        4.2613221812362276      -0.76789405062414240        1.0002390901020186      -0.17474716122280548     
   4.1360000000000002E-004  0.55142914419120970        4.2928883137091773      -0.78587293663525948        1.0002550678085531      -0.18531558115258157     
   4.1370000000000008E-004  0.55439557024065822        4.3250573959722569      -0.80491028798731423        1.0002704443488124      -0.19566585210725870     
   4.1380000000000003E-004  0.55732459926772027        4.3575381667042787      -0.82495724296090878        1.0002850693370686      -0.20573341109244339     
   4.1390000000000009E-004  0.56020772767120086        4.3900775762002411      -0.84595113349458351        1.0002992805167554      -0.21546499809648428     
   4.1400000000000003E-004  0.56303694595982334        4.4224952697922308      -0.86781771627739412        1.0003139292800498      -0.22483688719137154     
   4.1410000000000009E-004  0.56580515668286258        4.4547160782493229      -0.89047507169823137        1.0003300316074131      -0.23386207635762804     
   4.1420000000000004E-004  0.56850567208587721        4.4867912651906874      -0.91383736568728846        1.0003481117401383      -0.24257750285799257     
   4.1430000000000004E-004  0.57113069553940832        4.5188986085401410      -0.93781638921598875        1.0003675903816780      -0.25101307516598736     
   4.1440000000000004E-004  0.57366951371879704        4.5513139417999149      -0.96231998460103230        1.0003866829587529      -0.25915804738928788     
   4.1450000000000005E-004  0.57610769100190662        4.5843532532265385      -0.98724868317970116        1.0004030593458701      -0.26694681082190913     
   4.1459999999999999E-004  0.57842820294512609        4.6182945418463444       -1.0124936253715684        1.0004149994991842      -0.27427747683210546     
   4.1470000000000005E-004  0.58061424785169280        4.6532994878505107       -1.0379385363036955        1.0004222779476373      -0.28105497688159975     
   4.1480000000000000E-004  0.58265220691092479        4.6893603998642277       -1.0634660181101934        1.0004260508239200      -0.28723143155670938     
   4.1490000000000006E-004  0.58453285663624521        4.7262918800687643       -1.0889655138470227        1.0004277609369572      -0.29281743054700421     
   4.1500000000000000E-004  0.58625004195478747        4.7637699208311677       -1.1143393075035311        1.0004278701377918      -0.29785861504347400     
   4.1510000000000006E-004  0.58779790840596902        4.8014026566227130       -1.1395044474252913        1.0004253404115564      -0.30239503427646813     
   4.1520000000000001E-004  0.58916866912869792        4.8388073201785833       -1.1643911071509128        1.0004181891339299      -0.30642993037216959     
   4.1530000000000007E-004  0.59035213747287707        4.8756709092697950       -1.1889396977138196        1.0004046309107046      -0.30992564906219261     
   4.1540000000000001E-004  0.59133702877449357        4.9117827583766118       -1.2130989844163687        1.0003839640308081      -0.31282470700958631     
   4.1550000000000007E-004  0.59211312869230248        4.9470382884507558       -1.2368260028639242        1.0003567060763141      -0.31507877283076369     
   4.1560000000000002E-004  0.59267312948155837        4.9814206001261283       -1.2600870594217830        1.0003241013510753      -0.31666734616222153     
   4.1570000000000008E-004  0.59301333722427263        5.0149697021971953       -1.2828585312513303        1.0002874672628341      -0.31759848798840329     
   4.1580000000000002E-004  0.59313327980639086        5.0477489726789759       -1.3051265699565220        1.0002477807602217      -0.31789600702523541     
   4.1590000000000008E-004  0.59303478300724966        5.0798163338645939       -1.3268855815867975        1.0002056492898874      -0.31758365736431310     
   4.1600000000000003E-004  0.59272102028627938        5.1112048582256300       -1.3481359737609651        1.0001615526829943      -0.31667551306142966     
   4.1610000000000009E-004  0.59219579819890766        5.1419146674860947       -1.3688818559764673        1.0001161090864505      -0.31517542903479218     
   4.1620000000000003E-004  0.59146318682340171        5.1719152822874879       -1.3891291782750899        1.0000701787113058      -0.31308252339308007     
   4.1630000000000009E-004  0.59052749459636367        5.2011554615929612       -1.4088844433294994        1.0000247811033729      -0.31039750120602594     
   4.1640000000000004E-004  0.58939350397012724        5.2295764872608839       -1.4281538693145726       0.99998091867726979      -0.30712613287224810     
   4.1650000000000004E-004  0.58806686040525702        5.2571249808767835       -1.4469428049901221       0.99993942355117449      -0.30327909580029455     
   4.1660000000000004E-004  0.58655448862312587        5.2837624378980923       -1.4652552605209352       0.99990090012507060      -0.29886973238072312     
   4.1670000000000005E-004  0.58486488652275859        5.3094702089796080       -1.4830935273647363       0.99986576262493188      -0.29391204331105114     
   4.1679999999999999E-004  0.58300817437430585        5.3342500766774528       -1.5004579398529361       0.99983431099604358      -0.28842038715969270     
   4.1690000000000005E-004  0.58099586563185390        5.3581214696430326       -1.5173468383728337       0.99980678335625950      -0.28241081853369804     
   4.1700000000000000E-004  0.57884042744539743        5.3811166659028569       -1.5337567399059771       0.99978335706986299      -0.27590288254322942     
   4.1710000000000006E-004  0.57655475548841018        5.4032752248268778       -1.5496826501564509       0.99976411302294854      -0.26892052861284027     
   4.1720000000000000E-004  0.57415167173714809        5.4246385749415946       -1.5651184081643930       0.99974899958972319      -0.26149148831344593     
   4.1730000000000006E-004  0.57164350685625054        5.4452453458857111       -1.5800569620668892       0.99973782557443436      -0.25364538792018049     
   4.1740000000000001E-004  0.56904181235640017        5.4651277568756775       -1.5944905222362824       0.99973028818172405      -0.24541141418992402     
   4.1750000000000007E-004  0.56635722614259165        5.4843091704653570       -1.6084105940617415       0.99972602437387803      -0.23681640150801478     
   4.1760000000000001E-004  0.56359947730198467        5.5028027865152715       -1.6218079340658915       0.99972466664728521      -0.22788390923900415     
   4.1770000000000007E-004  0.56077748353417434        5.5206113703084760       -1.6346724896651532       0.99972588556741726      -0.21863441063857134     
   4.1780000000000002E-004  0.55789948287710356        5.5377278564768115       -1.6469933765185816       0.99972940990055281      -0.20908632344691341     
   4.1790000000000007E-004  0.55497315184821672        5.5541366302126054       -1.6587589260627054       0.99973502448387874      -0.19925739625989014     
   4.1800000000000002E-004  0.55200568392229021        5.5698152585686067       -1.6699568100507221       0.99974255303539417      -0.18916596018856546     
   4.1810000000000008E-004  0.54900382303660888        5.5847364381175222       -1.6805742274579014       0.99975183594636430      -0.17883171322489491     
   4.1820000000000003E-004  0.54597386087596245        5.5988699478169579       -1.6905981273003026       0.99976271151045903      -0.16827592340683040     
   4.1830000000000008E-004  0.54292161304898878        5.6121844433908983       -1.7000154392728402       0.99977500533478214      -0.15752112563342349     
   4.1840000000000003E-004  0.53985238743055519        5.6246489882158297       -1.7088132899428066       0.99978852870790003      -0.14659049907657301     
   4.1850000000000004E-004  0.53677095493906801        5.6362342718963099       -1.7169791917625139       0.99980308381228156      -0.13550713467153580     
   4.1860000000000004E-004  0.53368153016173414        5.6469135055661948       -1.7245012017265495       0.99981847247014444      -0.12429336224690068     
   4.1870000000000004E-004  0.53058776623698867        5.6566630107720162       -1.7313680532158211       0.99983450548105091      -0.11297024060351840     
   4.1879999999999999E-004  0.52749276554661728        5.6654625560098459       -1.7375692670084890       0.99985101060849046      -0.10155724792295606     
   4.1890000000000004E-004  0.52439910545709445        5.6732954967913951       -1.7430952480985404       0.99986783807641333       -9.0072161243347382E-002
   4.1899999999999999E-004  0.52130887681448090        5.6801487693664114       -1.7479373737993300       0.99988486336340532       -7.8531088340406466E-002
   4.1910000000000005E-004  0.51822373218293716        5.6860127844388888       -1.7520880762843818       0.99990198765009397       -6.6948603765058373E-002
   4.1920000000000000E-004  0.51514494073541228        5.6908812617815236       -1.7555409205051209       0.99991913643286645       -5.5337945670718577E-002
   4.1930000000000005E-004  0.51207344704427071        5.6947510396562731       -1.7582906764802582       0.99993625693321042       -4.3711236466303052E-002
   4.1940000000000000E-004  0.50900993160036623        5.6976218850706939       -1.7603333839776982       0.99995331474432980       -3.2079705909907566E-002
   4.1950000000000006E-004  0.50595487153606311        5.6994963240931948       -1.7616664070581791       0.99997029008024718       -2.0453900963265104E-002
   4.1960000000000001E-004  0.50290860063322962        5.7003795094716239       -1.7622884758899411       0.99998717389653646       -8.8438784306459767E-003
   4.1970000000000006E-004  0.49987136823065698        5.7002791321048321       -1.7621997139266403        1.0000039639156371        2.7406187036906585E-003
   4.1980000000000001E-004  0.49684339694904406        5.6992053739000248       -1.7614016493119864        1.0000206606409483        1.4289997810343015E-002
   4.1990000000000007E-004  0.49382493932733695        5.6971709019348591       -1.7598972099441985        1.0000372634324939        2.5794660530736660E-002
   4.2000000000000002E-004  0.49081633353813858        5.6941909030651381       -1.7576907023682709        1.0000537666760143        3.7244848111325016E-002
   4.2010000000000007E-004  0.48781805829543889        5.6902831564122902       -1.7547877753979111        1.0000701560818048        4.8630482752211643E-002
   4.2020000000000002E-004  0.48483078688405307        5.6854681386940307       -1.7511953700278757        1.0000864051741147        5.9941001380211065E-002
   4.2030000000000008E-004  0.48185543993414021        5.6797691537272161       -1.7469216577113940        1.0001024720677592        7.1165181043349610E-002
   4.2040000000000003E-004  0.47889323613846468        5.6732124724231827       -1.7419759694274826        1.0001182966715421        8.2290958016752042E-002
   4.2050000000000008E-004  0.47594573959076913        5.6658274616462840       -1.7363687180704233        1.0001337985675034        9.3305250266268527E-002
   4.2060000000000003E-004  0.47301490192443740        5.6576466706832562       -1.7301113162303148        1.0001488758804227       0.10419380207458934     
   4.2070000000000003E-004  0.47010309704603032        5.6487058398675938       -1.7232160904274607        1.0001634056072979       0.11494107629542852     
   4.2080000000000004E-004  0.46721314626861477        5.6390437865650203       -1.7156961913539470        1.0001772458281666       0.12553023280409495     
   4.2090000000000004E-004  0.46434833200196629        5.6287021156056198       -1.7075654979447799        1.0001902401040597       0.13594323148454976     
   4.2099999999999999E-004  0.46151239910802488        5.6177246996646009       -1.6988385113557221        1.0002022240135824       0.14616109451729664     
   4.2110000000000004E-004  0.45870954446122264        5.6061568823769132       -1.6895302340305012        1.0002130332044765       0.15616433820025927     
   4.2119999999999999E-004  0.45594439706223983        5.5940443768086379       -1.6796560297345227        1.0002225114508527       0.16593354317908696     
   4.2130000000000005E-004  0.45322199288047116        5.5814318666600222       -1.6692314635618710        1.0002305164646170       0.17544997508332216     
   4.2140000000000000E-004  0.45054775005824799        5.5683613654706114       -1.6582721266877658        1.0002369208641240       0.18469610893432573     
   4.2150000000000005E-004  0.44792745085864999        5.5548704447095059       -1.6467934581642230        1.0002416063285033       0.19365587603116943     
   4.2160000000000000E-004  0.44536723656230826        5.5409904782088049       -1.6348105839405149        1.0002444506997812       0.20231447098592767     
   4.2170000000000006E-004  0.44287362022856347        5.5267450511543927       -1.6223381985254492        1.0002453107413611       0.21065764979554066     
   4.2180000000000001E-004  0.44045351958516882        5.5121486678786376       -1.6093905124797729        1.0002440064838307       0.21867061192070245     
   4.2190000000000006E-004  0.43811430759558612        5.4972058581878738       -1.5959812772838742        1.0002403149116221       0.22633674857308514     
   4.2200000000000001E-004  0.43586386981734371        5.4819107484024219       -1.5821238784638625        1.0002339797506474       0.23363667980102443     
   4.2210000000000007E-004  0.43371064492296385        5.4662471580237408       -1.5678314628253962        1.0002247395100619       0.24054801013770472     
   4.2220000000000002E-004  0.43166361411592485        5.4501893165746580       -1.5531170449725529        1.0002123689469145       0.24704606197070136     
   4.2230000000000007E-004  0.42973220267180673        5.4337033471585681       -1.5379935320742690        1.0001967224515749       0.25310552546657816     
   4.2240000000000002E-004  0.42792606883134915        5.4167496809513285       -1.5224736211773666        1.0001777650760684       0.25870260671844403     
   4.2250000000000008E-004  0.42625478300145436        5.3992864900435311       -1.5065695600661690        1.0001555804050934       0.26381701720303552     
   4.2260000000000003E-004  0.42472743707833716        5.3812740243840231       -1.4902928106221554        1.0001303540086193       0.26843316209964224     
   4.2270000000000003E-004  0.42335225541795679        5.3626794439770986       -1.4736536959855167        1.0001023425268585       0.27254017587621282     
   4.2280000000000003E-004  0.42213629174277040        5.3434814396243588       -1.4566611312661519        1.0000718457875772       0.27613092654731164     
   4.2290000000000003E-004  0.42108528204304091        5.3236737543734165       -1.4393225218503078        1.0000391977816216       0.27920054842527769     
   4.2299999999999998E-004  0.42020368412524312        5.3032667413190477       -1.4216438681238981        1.0000047806422687       0.28174524095582398     
   4.2310000000000004E-004  0.41949488113358557        5.2822863373757443       -1.4036300612619734       0.99996905006922931       0.28376185580247232     
   4.2319999999999999E-004  0.41896147754275059        5.2607702628736455       -1.3852853178713371       0.99993255081837773       0.28524828115519207     
   4.2330000000000004E-004  0.41860558829785283        5.2387617941307294       -1.3666136990892630       0.99989590369236903       0.28620409460382629     
   4.2339999999999999E-004  0.41842901763050055        5.2163019924381704       -1.3476196917891483       0.99985976086468387       0.28663070618146497     
   4.2350000000000005E-004  0.41843325343344800        5.1934216992026467       -1.3283088759564501       0.99982474745378569       0.28653046619620143     
   4.2360000000000000E-004  0.41861926411118150        5.1701348489475301       -1.3086887289680544       0.99979141974525176       0.28590492830934716     
   4.2370000000000005E-004  0.41898715459129243        5.1464347027667277       -1.2887695948404541       0.99976026362451198       0.28475324365024746     
   4.2380000000000000E-004  0.41953578553489851        5.1222944943691839       -1.2685657698348547       0.99973173297736162       0.28307201733111342     
   4.2390000000000006E-004  0.42026246592275096        5.0976736882247362       -1.2480965537547619       0.99970629893179075       0.28085752774755068     
   4.2400000000000001E-004  0.42116280600628103        5.0725304107288451       -1.2273870459220246       0.99968446526658428       0.27811001652064693     
   4.2410000000000006E-004  0.42223078987710094        5.0468393900141972       -1.2064684872854461       0.99966671462914281       0.27483833018226805     
   4.2420000000000001E-004  0.42345909856841468        5.0206128684568512       -1.1853780955168256       0.99965338310700902       0.27106228998469867     
   4.2430000000000007E-004  0.42483966359035319        4.9939198671265288       -1.1641585736744293       0.99964450777214831       0.26681049795424150     
   4.2440000000000002E-004  0.42636433908045801        4.9668978593536224       -1.1428576774450123       0.99963973072927825       0.26211312677975529     
   4.2450000000000007E-004  0.42802548188818434        4.9397514281296040       -1.1215282380864413       0.99963834448269784       0.25699208740402363     
