   0.0000000000000000       0.50000000000000000        3.8955748904513441        5.6548667764616285        1.0000000000000000        0.0000000000000000     
   1.0000000000000001E-007  0.50294564296306166        3.8971307301643607        5.6543229080485560        1.0000071017852743       -1.1240158775682263E-002
   2.0000000000000002E-007  0.50589984763354923        3.9008993128697949        5.6527001523323026        1.0000229215339909       -2.2500520449744321E-002
   2.9999999999999999E-007  0.50886171350544418        3.9069014349418447        5.6499941296640159        1.0000386665553460       -3.3766907411929434E-002
   4.0000000000000003E-007  0.51183027708261009        3.9151568874900997        5.6461999271255277        1.0000542515139195       -4.5024847062329815E-002
   5.0000000000000008E-007  0.51480447753922032        3.9256823879641631        5.6413122737794987        1.0000695987083397       -5.6259560026028568E-002
   5.9999999999999997E-007  0.51778312508033686        3.9384886664376610        5.6353257816008826        1.0000846434430433       -6.7456091952878994E-002
   7.0000000000000007E-007  0.52076487167640229        3.9535767439985792        5.6282352385094994        1.0000993414441233       -7.8599650485329270E-002
   8.0000000000000007E-007  0.52374818208916862        3.9709335081738746        5.6200359334466352        1.0001136783052136       -8.9676194110764829E-002
   9.0000000000000007E-007  0.52673130092467435        3.9905267814820338        5.6107239903842245        1.0001276799313994      -0.10067325945306110     
   1.0000000000000002E-006  0.52971220941113606        4.0123001830841529        5.6002966936902858        1.0001414207528951      -0.11158089170078467     
   1.1000000000000001E-006  0.53268856460213554        4.0361681731544969        5.5887528105416786        1.0001550236920254      -0.12239233915739373     
   1.1999999999999999E-006  0.53565761449678051        4.0620117194583685        5.5760929640931085        1.0001686433599173      -0.13310392546036787     
   1.3000000000000000E-006  0.53861608525590832        4.0896750372489734        5.5623201815407342        1.0001824247892905      -0.14371335526295309     
   1.4000000000000001E-006  0.54156004099839261        4.1189638861562647        5.5474408095659955        1.0001964381925770      -0.15421588341065134     
   1.5000000000000000E-006  0.54448472533477277        4.1496460721011621        5.5314660014979413        1.0002106082988449      -0.16459855463087028     
   1.6000000000000001E-006  0.54738441392143977        4.1814551772406743        5.5144138632634014        1.0002246801943548      -0.17483415399458446     
   1.7000000000000000E-006  0.55025234292126257        4.2140989995834186        5.4963120530123231        1.0002382757083195      -0.18487809258724242     
   1.8000000000000001E-006  0.55308081596659420        4.2472743423671764        5.4772002166190559        1.0002510701105043      -0.19467200392284675     
   1.9000000000000000E-006  0.55586158326486790        4.2806891873399513        5.4571313195076003        1.0002630417440808      -0.20415590304606565     
   2.0000000000000003E-006  0.55858646373464294        4.3140915600215868        5.4361710220219406        1.0002746492090384      -0.21328600206761297     
   2.1000000000000002E-006  0.56124794239772280        4.3473016846232682        5.4143949501499620        1.0002867514155960      -0.22204968482262877     
   2.2000000000000001E-006  0.56383927010202661        4.3802411012053115        5.3918848486527242        1.0003001912850509      -0.23046700194329514     
   2.3000000000000000E-006  0.56635369091102949        4.4129503878410601        5.3687254950159433        1.0003151926560070      -0.23857304100968257     
   2.3999999999999999E-006  0.56878292810929876        4.4455870653785201        5.3450040915400256        1.0003309345999276      -0.24638698041290358     
   2.5000000000000002E-006  0.57111573230269019        4.4783979529632401        5.3208123656645840        1.0003456681205907      -0.25388490887696386     
   2.6000000000000001E-006  0.57333764029769052        4.5116660636038679        5.2962495766916833        1.0003574446671308      -0.26099507746667355     
   2.7000000000000004E-006  0.57543260150367015        4.5456407080414465        5.2714235395447826        1.0003650857030038      -0.26762205776481224     
   2.8000000000000003E-006  0.57738584942597682        4.5804683486817641        5.2464476714173598        1.0003687538868986      -0.27368703835570002     
   2.9000000000000002E-006  0.57918634225255328        4.6161457546980751        5.2214345284140080        1.0003696541738765      -0.27915927067030516     
   3.0000000000000001E-006  0.58082729687947510        4.6525114630906366        5.1964885957165885        1.0003690113284780      -0.28405888881023827     
   3.1000000000000004E-006  0.58230452271595079        4.6892776558051334        5.1717014690401948        1.0003670738568642      -0.28843123741267379     
   3.2000000000000003E-006  0.58361362506291026        4.7260899350252732        5.1471508283032543        1.0003628449993276      -0.29231121448763564     
   3.3000000000000002E-006  0.58474789332912891        4.7625947345018620        5.1229023154377975        1.0003546271353452      -0.29569921713534458     
   3.4000000000000001E-006  0.58569816755472792        4.7984953777321859        5.0990122220528642        1.0003409307518982      -0.29855980921482439     
   3.5000000000000004E-006  0.58645451881384392        4.8335853300908198        5.0755291854909705        1.0003211786564117      -0.30084015808134285     
   3.6000000000000003E-006  0.58700849388422549        4.8677563010711440        5.0524942771776162        1.0002958511942774      -0.30249531686011338     
   3.7000000000000002E-006  0.58735474759163997        4.9009857096889187        5.0299400656383710        1.0002661024880415      -0.30350575504140781     
   3.8000000000000000E-006  0.58749153981728042        4.9333113788784200        5.0078897771971054        1.0002331904833131      -0.30387964819628394     
   3.9000000000000008E-006  0.58742018886201119        4.9648017308752452        4.9863574134017812        1.0001980787998113      -0.30364251729994068     
   4.0000000000000007E-006  0.58714398078939201        4.9955282983956248        4.9653490128561062        1.0001613489555723      -0.30282260599391525     
   4.1000000000000006E-006  0.58666713763808931        5.0255450905323054        4.9448646880710871        1.0001233498032096      -0.30143985058837514     
   4.2000000000000004E-006  0.58599419668551689        5.0548769998744998        4.9249008617968526        1.0000844317278912      -0.29950226130440188     
   4.3000000000000003E-006  0.58512979657237796        5.0835173827299789        4.9054522125437261        1.0000451213867887      -0.29700912532941742     
   4.4000000000000002E-006  0.58407873181039105        5.1114332609454332        4.8865130719784116        1.0000061548458310      -0.29395750766577788     
   4.5000000000000001E-006  0.58284617038446229        5.1385753764275046        4.8680782673569727       0.99996838195106363      -0.29034809967975922     
   4.6000000000000000E-006  0.58143795462498571        5.1648898662349083        4.8501435623399445       0.99993261975387449      -0.28618810166647246     
   4.6999999999999999E-006  0.57986090034326099        5.1903287026059957        4.8327058827697913       0.99989953464252013      -0.28149100346185424     
   4.7999999999999998E-006  0.57812301251608933        5.2148570287240492        4.8157634585208324       0.99986959281480348      -0.27627456006148321     
   4.9000000000000005E-006  0.57623356208681742        5.2384567108703175        4.7993159316369214       0.99984307403235551      -0.27055856065895795     
   5.0000000000000004E-006  0.57420299028528299        5.2611264278001286        4.7833644227900685       0.99982011876236176      -0.26436345728160693     
   5.1000000000000003E-006  0.57204262798011207        5.2828792165496425        4.7679115290111813       0.99980077559145808      -0.25771010627254054     
   5.2000000000000002E-006  0.56976426981308292        5.3037385757425586        4.7529612377296280       0.99978502913115364      -0.25062021923318328     
   5.3000000000000009E-006  0.56737969290575552        5.3237340992989539        4.7385187681910201       0.99977280632419896      -0.24311686493574278     
   5.4000000000000008E-006  0.56490022609871104        5.3428973371779671        4.7245903740440456       0.99976397228855463      -0.23522451272860345     
   5.5000000000000007E-006  0.56233644929527560        5.3612582902983235        4.7111831491072618       0.99975832940845810      -0.22696847640985959     
   5.6000000000000006E-006  0.55969805032104214        5.3788427200989419        4.6983048693118343       0.99975562790816730      -0.21837397884624557     
   5.7000000000000005E-006  0.55699381748847421        5.3956703119767324        4.6859638838851794       0.99975558702564027      -0.20946522279192431     
   5.8000000000000004E-006  0.55423171828043993        5.4117536566266686        4.6741690484545231       0.99975792004602260      -0.20026479711990861     
   5.9000000000000003E-006  0.55141901366935619        5.4270979710307863        4.6629296794384771       0.99976235517938961      -0.19079355282046820     
   6.0000000000000002E-006  0.54856237481123338        5.4417014484639630        4.6522555063604649       0.99976864768325924      -0.18107088032121985     
   6.1000000000000000E-006  0.54566798019081697        5.4555560970974586        4.6421566044327420       0.99977658297938032      -0.17111521295701423     
   6.2000000000000008E-006  0.54274158104865977        5.4686489075563154        4.6326432988429902       0.99978597309484274      -0.16094456656655584     
   6.3000000000000007E-006  0.53978853338015398        5.4809631888831039        4.6237260407794709       0.99979664978357319      -0.15057696843931298     
   6.4000000000000006E-006  0.53681380289677716        5.4924799304854748        4.6154152615917567       0.99980845738095203      -0.14003069722740272     
   6.5000000000000004E-006  0.53382195366341001        5.5031790760508636        4.6077212146352879       0.99982124744523548      -0.12932432212268344     
   6.6000000000000003E-006  0.53081713162081301        5.5130406277918835        4.6006538146131479       0.99983487606450627      -0.11847657903824631     
   6.7000000000000002E-006  0.52780305208073064        5.5220455474660479        4.5942224831774361       0.99984920382261688      -0.10750614606052286     
   6.8000000000000001E-006  0.52478299697743758        5.5301764566444938        4.5884360072912136       0.99986409769674378       -9.6431382088434811E-002
   6.9000000000000009E-006  0.52175982436768265        5.5374181558381057        4.5833024139789282       0.99987943382311228       -8.5270082464675073E-002
   7.0000000000000007E-006  0.51873599013707905        5.5437579890353383        4.5788288626455644       0.99989510029586748       -7.4039290352414744E-002
   7.1000000000000006E-006  0.51571358032228043        5.5491860814794070        4.5750215544225847       0.99991099922426951       -6.2755179655643464E-002
   7.2000000000000005E-006  0.51269435175597700        5.5536954775933376        4.5718856571029090       0.99992704771873064       -5.1433017053511304E-002
   7.3000000000000004E-006  0.50967977870392900        5.5572822039665679        4.5694252440536465       0.99994317767057639       -4.0087192266185782E-002
   7.4000000000000003E-006  0.50667110344919697        5.5599452805248974        4.5676432457790508       0.99995933446337582       -2.8731305842075016E-002
   7.5000000000000002E-006  0.50366938920008508        5.5616867056048740        4.5665414133384843       0.99997547484496341       -1.7378298615737309E-002
   7.6000000000000001E-006  0.50067557415951969        5.5625114337290125        4.5661202931661951       0.99999156413748291       -6.0406084849989657E-003
   7.6999999999999991E-006  0.49769052594595392        5.5624273502726806        4.5663792127711487        1.0000075729921689        5.2696568581288529E-003
   7.8000000000000016E-006  0.49471509579107481        5.5614452490981705        4.5673162771758520        1.0000234739589127        1.6540541024127997E-002
   7.9000000000000006E-006  0.49175017206240851        5.5595788166456170        4.5689283760767321        1.0000392380678487        2.7760061783221362E-002
   8.0000000000000013E-006  0.48879673267840146        5.5568446210294216        4.5712112016832869        1.0000548315987459        3.8916042576037910E-002
   8.1000000000000004E-006  0.48585589590687744        5.5532620997745221        4.5741592771630852        1.0000702132099981        4.9995959701266586E-002
   8.2000000000000011E-006  0.48292896886806047        5.5488535349954828        4.5777659956501724        1.0000853316030238        6.0986813319624189E-002
   8.3000000000000002E-006  0.48001749281814965        5.5436440000080180        4.5820236698771524        1.0001001238947196        7.1875031561997371E-002
   8.4000000000000009E-006  0.47712328401658505        5.5376612550649229        4.5869235926320933        1.0001145148573347        8.2646419199434759E-002
   8.4999999999999999E-006  0.47424846870662524        5.5309355594363598        4.5924561083640008        1.0001284171134976        9.3286163903960106E-002
   8.6000000000000007E-006  0.47139551059655105        5.5234993704086728        4.5986106965986364        1.0001417323771857       0.10377890695933367     
   8.7000000000000014E-006  0.46856722931205608        5.5153869042635515        4.6053760680404343        1.0001543536562454       0.11410888429598619     
   8.8000000000000004E-006  0.46576680867398607        5.5066335349479631        4.6127402735860521        1.0001661679460427       0.12426012454858291     
   8.9000000000000012E-006  0.46299779459610080        5.4972750164994650        4.6206908253392296        1.0001770588596917       0.13421668107104182     
   9.0000000000000002E-006  0.46026408387696593        5.4873465333653959        4.6292148267880400        1.0001869083724839       0.14396285001371428     
   9.1000000000000010E-006  0.45756990720605661        5.4768816067858888        4.6382991068242818        1.0001955967870200       0.15348331505118645     
   9.2000000000000000E-006  0.45491981201165388        5.4659109119749418        4.6479303495204229        1.0002030003993656       0.16276315380632500     
   9.3000000000000007E-006  0.45231865276196004        5.4544610834296270        4.6580952094383798        1.0002089869149193       0.17178765640274907     
   9.3999999999999998E-006  0.44977159708523951        5.4425535980045030        4.6687804017440033        1.0002134096288271       0.18054194736718510     
   9.5000000000000005E-006  0.44728415453059173        5.4302038225485889        4.6799727585801527        1.0002161024061977       0.18901046378599365     
   9.5999999999999996E-006  0.44486223005726894        5.4174202877907129        4.6916592481659363        1.0002168780771596       0.19717641083158907     
   9.7000000000000020E-006  0.44251219626673832        5.4042042330662552        4.7038269615904564        1.0002155327877646       0.20502136469383214     
   9.8000000000000010E-006  0.44024096823351344        5.3905494698844887        4.7164630826317593        1.0002118576267860       0.21252519537561032     
   9.9000000000000001E-006  0.43805605519620666        5.3764426324994794        4.7295548647571168        1.0002056564904847       0.21966641963853414     
   1.0000000000000001E-005  0.43596555827101657        5.3618639187799548        4.7430896431424552        1.0001967667746547       0.22642297442199494     
   1.0100000000000000E-005  0.43397808596201942        5.3467884516225972        4.7570549052129767        1.0001850776951158       0.23277325515049610     
   1.0200000000000001E-005  0.43210257133161434        5.3311883748643414        4.7714384295304395        1.0001705415877307       0.23869715042075210     
   1.0300000000000000E-005  0.43034799487112274        5.3150357050585093        4.7862284824113228        1.0001531760230602       0.24417678181359695     
   1.0400000000000000E-005  0.42872304102675418        5.2983057849365380        4.8014140400194956        1.0001330591537938       0.24919675964644211     
   1.0499999999999999E-005  0.42723574173105350        5.2809809570052915        4.8169849893601402        1.0001103247652323       0.25374397922427144     
   1.0600000000000002E-005  0.42589317843138824        5.2630538673489955        4.8329322617984589        1.0000851638318708       0.25780721335253703     
   1.0700000000000001E-005  0.42470131050432353        5.2445297006009737        4.8492478688570539        1.0000578350893559       0.26137687120918524     
   1.0800000000000002E-005  0.42366496880756344        5.2254267030846711        4.8659248345306843        1.0000286789634383       0.26444519155932900     
   1.0900000000000001E-005  0.42278800609562384        5.2057745863792215        4.8829570379367864       0.99999812337438454       0.26700684090570109     
   1.1000000000000001E-005  0.42207354778984091        5.1856107769217470        4.9003389828509771       0.99996666985209859       0.26905953764184937     
   1.1100000000000000E-005  0.42152425557306983        5.1649749031791776        4.9180654930891823       0.99993485669386883       0.27060412135844369     
   1.1200000000000001E-005  0.42114251524654872        5.1439022929218439        4.9361313036826955       0.99990320894289819       0.27164359881421807     
   1.1300000000000000E-005  0.42093048962012841        5.1224175131883225        4.9545304963935290       0.99987219620171253       0.27218115764680795     
   1.1400000000000001E-005  0.42089002216213156        5.1005291075768451        4.9732557357067870       0.99984221957489883       0.27221777329864061     
   1.1500000000000002E-005  0.42102241516783079        5.0782267079471497        4.9922973074309605       0.99981363614451235       0.27175050003591128     
   1.1600000000000001E-005  0.42132812468399072        5.0554816547609907        5.0116420372890733       0.99978680996527070       0.27077254931961470     
   1.1700000000000001E-005  0.42180642600285029        5.0322521105552669        5.0312722463896939       0.99976216243317584       0.26927572885264589     
   1.1800000000000001E-005  0.42245511996730639        5.0084932384113561        5.0511649480346144       0.99974018797973030       0.26725485527946785     
   1.1900000000000001E-005  0.42327036786258021        4.9841721335750053        5.0712914672155254       0.99972140916039909       0.26471267934248405     
   1.2000000000000000E-005  0.42424674585315997        4.9592857697566659        5.0916175473749146       0.99970626774978588       0.26166311006510451     
   1.2100000000000001E-005  0.42537757942168281        4.9338785332660597        5.1121038173172222       0.99969498210077345       0.25813060935824012     
   1.2200000000000000E-005  0.42665553846056842        4.9080546527733571        5.1327063033390976       0.99968743219699663       0.25414485983166141     
   1.2300000000000001E-005  0.42807335229355231        4.8819808152240780        5.1533766068599309       0.99968314337498865       0.24973197998676699     
   1.2400000000000002E-005  0.42962439568920557        4.8558759866694370        5.1740615200658615       0.99968141037948610       0.24490578895426729     
   1.2500000000000001E-005  0.43130288198495448        4.8299886898831783        5.1947022060466894       0.99968153649662495       0.23966359053925029     
   1.2600000000000001E-005  0.43310353116633521        4.8045657580580512        5.2152334619567471       0.99968308674032536       0.23398959206554093     
   1.2700000000000000E-005  0.43502082999754782        4.7798195698837294        5.2355837684315816       0.99968602232765469       0.22786557388563419     
   1.2800000000000001E-005  0.43704823238048773        4.7559017845702920        5.2556766356133391       0.99969063200887154       0.22128447437552720     
   1.2900000000000000E-005  0.43917770957510560        4.7328899918722405        5.2754332264503718       0.99969728873648434       0.21426050991312701     
   1.3000000000000001E-005  0.44139989716861289        4.7107898102407590        5.2947756390017195       0.99970616682805513       0.20683083630423574     
   1.3100000000000000E-005  0.44370479255469197        4.6895503123821660        5.3136299015141253       0.99971707483229888       0.19904794388157815     
   1.3200000000000001E-005  0.44608270590966870        4.6690872433570005        5.3319278638360377       0.99972948000353745       0.19096649406748750     
   1.3300000000000000E-005  0.44852508649230854        4.6493075953016945        5.3496076661911856       0.99974268465085414       0.18263052173491093     
   1.3400000000000000E-005  0.45102494990190034        4.6301305094775831        5.3666130387105646       0.99975604542363561       0.17406591241029976     
   1.3499999999999999E-005  0.45357683888990208        4.6115019166792068        5.3828920486385741       0.99976913458775696       0.16528000056551340     
   1.3600000000000000E-005  0.45617644206212193        4.5934024983094925        5.3983959497548337       0.99978179608952455       0.15626698600067956     
   1.3699999999999999E-005  0.45882008892527965        4.5758498380253840        5.4130785658155682       0.99979410531597790       0.14701606892317767     
   1.3800000000000002E-005  0.46150431922969587        4.5588961124040575        5.4268963170930471       0.99980627425417867       0.13751908330326795     
   1.3900000000000002E-005  0.46422563480594076        4.5426227018631575        5.4398087291206503       0.99981854910791612       0.12777547830889940     
   1.4000000000000001E-005  0.46698044423067991        4.5271329906380622        5.4517791293577789       0.99983113414689251       0.11779397820426560     
   1.4100000000000002E-005  0.46976514522098162        4.5125444806720134        5.4627752452743730       0.99984415503593960       0.10759147459848291     
   1.4200000000000001E-005  0.47257626767517757        4.4989811635747223        5.4727695167008052       0.99985765724494036        9.7190329509337869E-002
   1.4300000000000002E-005  0.47541061196103418        4.4865668532706051        5.4817390609113366       0.99987162565738419        8.6615294608422433E-002
   1.4400000000000001E-005  0.47826534438985180        4.4754198924628561        5.4896653310132315       0.99988601070442007        7.5890903777752997E-002
   1.4500000000000002E-005  0.48113803880440048        4.4656493573286102        5.4965335646216857       0.99990075084953212        6.5039738584364210E-002
   1.4600000000000001E-005  0.48402667119253345        4.4573526499857365        5.5023321325291068       0.99991578703821360        5.4081589359882984E-002
   1.4700000000000002E-005  0.48692958186192747        4.4506142180869972        5.5070518809681346       0.99993106922028829        4.3033319325963500E-002
   1.4800000000000001E-005  0.48984541983574509        4.4455050776650689        5.5106855326937128       0.99994655731685000        3.1909169446296022E-002
   1.4900000000000001E-005  0.49277308048671942        4.4420828188394585        5.5132271844455207       0.99996221931590712        2.0721275487271013E-002
   1.5000000000000000E-005  0.49571164286292008        4.4403918173415100        5.5146719169006975       0.99997802865886509        9.4802350282477410E-003
   1.5100000000000001E-005  0.49866030936962952        4.4404634364344915        5.5150155206546847       0.99999396206887803       -1.8043553408105956E-003
   1.5200000000000000E-005  0.50161834790935589        4.4423160687544767        5.5142543362717831        1.0000099981742947       -1.3123416708779067E-002
   1.5299999999999999E-005  0.50458503513196939        4.4459549292016805        5.5123852062327341        1.0000261167072131       -2.4467938361187897E-002
   1.5399999999999998E-005  0.50755959879847801        4.4513715671940313        5.5094055397485526        1.0000422977184829       -3.5828518869767956E-002
   1.5500000000000001E-005  0.51054115720888982        4.4585431229286154        5.5053134958908574        1.0000585201521206       -4.7194847535988127E-002
   1.5600000000000003E-005  0.51352865417209026        4.4674314135640767        5.5001082944327822        1.0000747592956054       -5.8555088468798373E-002
   1.5700000000000002E-005  0.51652078928666445        4.4779820076651795        5.4937906646744521        1.0000909830685714       -6.9895165002540796E-002
   1.5800000000000001E-005  0.51951594569301884        4.4901235346344484        5.4863634379235107        1.0001071480450880       -8.1198003163123686E-002
   1.5900000000000004E-005  0.52251212128716462        4.5037675780703266        5.4778322745241086        1.0001231974877738       -9.2442901612828685E-002
   1.6000000000000003E-005  0.52550687443874888        4.5188096030006788        5.4682064891289182        1.0001390652068693      -0.10360530929090121     
   1.6100000000000002E-005  0.52849730010680374        4.5351314402724050        5.4574998974915427        1.0001546898300537      -0.11465740172780807     
   1.6200000000000001E-005  0.53148005408751564        4.5526058485439655        5.4457315617110673        1.0001700426771174      -0.12556984777345304     
   1.6300000000000000E-005  0.53445143744645673        4.5711035365117132        5.4329262761070174        1.0001851670717694      -0.13631495390253059     
   1.6400000000000002E-005  0.53740753540407638        4.5905027039746669        5.4191146413412374        1.0002002173171880      -0.14687087653768352     
   1.6500000000000001E-005  0.54034437418053305        4.6107006343284658        5.4043326508212131        1.0002154744517424      -0.15722583533007992     
   1.6600000000000000E-005  0.54325802288639768        4.6316261858616041        5.3886208737931618        1.0002313104402267      -0.16738049368033658     
   1.6699999999999999E-005  0.54614454341809915        4.6532512880553440        5.3720235325281447        1.0002480814520005      -0.17734638175057166     
   1.6800000000000002E-005  0.54899970512421881        4.6755988982384249        5.3545879449583555        1.0002659604694517      -0.18713898210845031     
   1.6900000000000001E-005  0.55181845452919731        4.6987444916353054        5.3363648070243128        1.0002847630519356      -0.19676613196281056     
   1.7000000000000000E-005  0.55459425793348849        4.7228083055941328        5.3174095174850944        1.0003038572326142      -0.20621523403436923     
   1.7099999999999999E-005  0.55731856661062140        4.7479366148399533        5.2977842204682464        1.0003222501358775      -0.21544506811798406     
   1.7200000000000001E-005  0.55998070743866035        4.7742726618705706        5.2775596631061097        1.0003388792182946      -0.22438788630426623     
   1.7300000000000000E-005  0.56256840126257268        4.8019214563705495        5.2568156914903970        1.0003530105979810      -0.23296372655907580     
   1.7400000000000003E-005  0.56506885229467541        4.8309164059533360        5.2356395467580725        1.0003645265119909      -0.24110239306426631     
   1.7500000000000002E-005  0.56747003152334852        4.8611974997236524        5.2141220551467038        1.0003738842358429      -0.24876294595943876     
   1.7600000000000001E-005  0.56976158095916085        4.8926085772447925        5.1923528575437343        1.0003817119069776      -0.25594024943818433     
   1.7700000000000003E-005  0.57193488788497615        4.9249152483140852        5.1704163197475381        1.0003882617845314      -0.26265459194373186     
   1.7800000000000002E-005  0.57398233100186846        4.9578381018822562        5.1483893529684499        1.0003930627278819      -0.26892993291179129     
   1.7900000000000001E-005  0.57589614919288179        4.9910914616555715        5.1263413117514069        1.0003949981816451      -0.27477283874872016     
   1.8000000000000000E-005  0.57766752422971357        5.0244178046288974        5.1043351005491591        1.0003927558178241      -0.28016325142107507     
   1.8100000000000003E-005  0.57928630069419496        5.0576111011205072        5.0824282427711553        1.0003853582276416      -0.28506051098873414     
   1.8200000000000002E-005  0.58074144081764534        5.0905265016989061        5.0606730843764760        1.0003724626630346      -0.28941896304041026     
   1.8300000000000001E-005  0.58202199471509719        5.1230773054317655        5.0391161119421088        1.0003543085616000      -0.29320306332271129     
   1.8400000000000000E-005  0.58311817924969556        5.1552224560780413        5.0177969782303622        1.0003314335155364      -0.29639431895465151     
   1.8500000000000002E-005  0.58402217032324655        5.1869489749021698        4.9967479220580726        1.0003043919848305      -0.29898884372029005     
   1.8600000000000001E-005  0.58472841213627424        5.2182538897118969        4.9759939386061269        1.0002736421245189      -0.30098984104141263     
   1.8700000000000001E-005  0.58523349208614883        5.2491294883190527        4.9555536233891360        1.0002396127476958      -0.30240085237356712     
   1.8800000000000000E-005  0.58553575995223994        5.2795543669603200        4.9354403488975294        1.0002028421020441      -0.30322330759680760     
   1.8900000000000002E-005  0.58563488566385624        5.3094910835992231        4.9156634276311522        1.0001640560055434      -0.30345813027029866     
   1.9000000000000001E-005  0.58553150443021462        5.3388895685703410        4.8962290912005431        1.0001241221687986      -0.30310857670424241     
   1.9100000000000000E-005  0.58522700895731161        5.3676941971950036        4.8771413124818803        1.0000839176215592      -0.30218149522586774     
   1.9199999999999999E-005  0.58472346726518054        5.3958519678823915        4.8584025889167375        1.0000441975610275      -0.30068605197838094     
   1.9300000000000002E-005  0.58402364189710843        5.4233195888515295        4.8400147672750489        1.0000055347895664      -0.29863091280689569     
   1.9400000000000004E-005  0.58313110334710050        5.4500681354457043        4.8219798882011942       0.99996834724353134      -0.29602178121201550     
   1.9500000000000003E-005  0.58205040574931943        5.4760848755239087        4.8043009410286421       0.99993298197157543      -0.29286090526448005     
   1.9600000000000002E-005  0.58078725869253345        5.5013725646012901        4.7869823923216268       0.99989979772199955      -0.28914902411643478     
   1.9700000000000001E-005  0.57934862859487479        5.5259468751213667        4.7700303969876119       0.99986919632505655      -0.28488888647467731     
   1.9800000000000000E-005  0.57774273860823699        5.5498327063765256        4.7534526935621590       0.99984158847746041      -0.28008869702304567     
   1.9900000000000003E-005  0.57597897655457053        5.5730600341013652        4.7372582790171087       0.99981731791930095      -0.27476396397104780     
   2.0000000000000002E-005  0.57406771161700387        5.5956598071792305        4.7214570112343504       0.99979658925615356      -0.26893709673713745     
   2.0100000000000001E-005  0.57202000364050498        5.6176602541288370        4.7060592787728188       0.99977943509662759      -0.26263516004014231     
   2.0200000000000000E-005  0.56984722503004337        5.6390838492153268        4.6910758206129062       0.99976573165397231      -0.25588683343099616     
   2.0300000000000002E-005  0.56756066140505856        5.6599450960443427        4.6765177070604551       0.99975524964235207      -0.24871968520974419     
   2.0400000000000001E-005  0.56517117454466437        5.6802491994609250        4.6623964370387805       0.99974771684008301      -0.24115849969123210     
   2.0500000000000000E-005  0.56268898847651216        5.6999916182854271        4.6487240816889912       0.99974287095964620      -0.23322487320409091     
   2.0599999999999999E-005  0.56012361346137907        5.7191584208396131        4.6355134079488733       0.99974049062255943      -0.22493785006926706     
   2.0700000000000002E-005  0.55748387988725545        5.7377273051850075        4.6227779379531944       0.99974040263201502      -0.21631512791452767     
   2.0800000000000001E-005  0.55477803135252424        5.7556691021581354        4.6105319278352548       0.99974247128373772      -0.20737433200431152     
   2.0900000000000000E-005  0.55201382647435304        5.7729495588592599        4.5987902730180874       0.99974657879563456      -0.19813398304675575     
   2.0999999999999999E-005  0.54919861656026492        5.7895312063973829        4.5875683610462108       0.99975260564317814      -0.18861397643350986     
   2.1100000000000001E-005  0.54633938450039909        5.8053751462083678        4.5768818970192573       0.99976041671346760      -0.17883557743386300     
   2.1200000000000004E-005  0.54344274420482275        5.8204426337976560        4.5667467227877276       0.99976985551174724      -0.16882106194074292     
   2.1300000000000003E-005  0.54051490998935359        5.8346963862375274        4.5571786431870596       0.99978074558662544      -0.15859317599102676     
   2.1400000000000002E-005  0.53756165057712602        5.8481015830234568        4.5481932645357555       0.99979289678924621      -0.14817456845521382     
   2.1500000000000001E-005  0.53458824281272377        5.8606265602776384        4.5398058445879963       0.99980611368373395      -0.13758730266547173     
   2.1600000000000003E-005  0.53159943700320678        5.8722432166418530        4.5320311499493799       0.99982020400059168      -0.12685249945674773     
   2.1700000000000002E-005  0.52859944080865195        5.8829271828350134        4.5248833175600582       0.99983498598110787      -0.11599012170558262     
   2.1800000000000001E-005  0.52559192369008700        5.8926578180005782        4.5183757181484747       0.99985029395731728      -0.10501888396280999     
   2.1900000000000000E-005  0.52258004013236647        5.9014180913390275        4.5125208210823535       0.99986598204115873       -9.3956258812315133E-002
   2.2000000000000003E-005  0.51956646768473724        5.9091944013259310        4.5073300616833816       0.99988192605503889       -8.2818548915620738E-002
   2.2100000000000002E-005  0.51655345514961326        5.9159763741830504        4.5028137132169865       0.99989802398866379       -7.1620999131722984E-002
   2.2200000000000001E-005  0.51354287661301290        5.9217566704070776        4.4989807664372199       0.99991419528076320       -6.0377927067741109E-002
   2.2300000000000000E-005  0.51053628791920791        5.9265308157118000        4.4958388195856713       0.99993037916910843       -4.9102860339799909E-002
   2.2400000000000002E-005  0.50753498328481383        5.9302970624262255        4.4933939816140755       0.99994653235550690       -3.7808670637558897E-002
   2.2500000000000001E-005  0.50454005073470787        5.9330562836113767        4.4916507910324093       0.99996262620707810       -2.6507703061916174E-002
   2.2600000000000000E-005  0.50155242581521464        5.9348119000778787        4.4906121523474356       0.99997864360490363       -1.5211898665242127E-002
   2.2700000000000000E-005  0.49857294352861070        5.9355698280245219        4.4902792911199878       0.99999457550441595       -3.9329111070280113E-003
   2.2800000000000002E-005  0.49560238871167828        5.9353384388255037        4.4906517283102572        1.0000104173614626        7.3177811788428491E-003
   2.2900000000000004E-005  0.49264154522360432        5.9341285282671583        4.4917272743188681        1.0000261655309632        1.8528766448271446E-002
   2.3000000000000003E-005  0.48969124434987893        5.9319532953863003        4.4935020427798058        1.0000418137272262        2.9688593992540566E-002
   2.3100000000000002E-005  0.48675241279771181        5.9288283336529437        4.4959704838175423        1.0000573496294194        4.0785670743817615E-002
   2.3200000000000001E-005  0.48382612056430668        5.9247716391794389        4.4991254361339896        1.0000727517161072        5.1808159806837020E-002
   2.3300000000000004E-005  0.48091362878931954        5.9198036414135373        4.5029581969232080        1.0000879864150460        6.2743880812764816E-002
   2.3400000000000003E-005  0.47801643742476807        5.9139472604292180        4.5074586081757522        1.0001030056493498        7.3580211888487734E-002
   2.3500000000000002E-005  0.47513633212559375        5.9072279883274428        4.5126151573359508        1.0001177448670227        8.4303994627891149E-002
   2.3600000000000001E-005  0.47227542916358034        5.8996739892761889        4.5184150900254476        1.0001321217131147        9.4901444583024228E-002
   2.3700000000000000E-005  0.46943621642773431        5.8913162122189435        4.5248445324097570        1.0001460355039311       0.10535806911772885     
   2.3800000000000003E-005  0.46662158783573787        5.8821884976456769        4.5318886204336106        1.0001593676228813       0.11565860038328903     
   2.3900000000000002E-005  0.46383486783747985        5.8723276486338483        4.5395316330335085        1.0001719829846505       0.12578695063810197     
   2.4000000000000001E-005  0.46107982254847940        5.8617734268311548        4.5477571266974648        1.0001837327235705       0.13572620454711418     
   2.4100000000000000E-005  0.45836065478109428        5.8505684263344468        4.5565480693164311        1.0001944582482620       0.14545866560946927     
   2.4200000000000002E-005  0.45568198218095363        5.8387577744064094        4.5658869722108824        1.0002039966614038       0.15496597794490508     
   2.4300000000000001E-005  0.45304880083602189        5.8263886096652975        4.5757560202894050        1.0002121873448115       0.16422934235563377     
   2.4400000000000000E-005  0.45046644073555014        5.8135092982702208        4.5861372011935408        1.0002188790914803       0.17322983349274684     
   2.4499999999999999E-005  0.44794052320431732        5.8001683713734797        4.5970124345505115        1.0002239366260632       0.18194879911692380     
   2.4600000000000002E-005  0.44547693239709751        5.7864131955434024        4.6083637010670531        1.0002272447365343       0.19036828318503146     
   2.4700000000000004E-005  0.44308181139865904        5.7722884197840134        4.6201731676180486        1.0002287080596690       0.19847137041670060     
   2.4800000000000003E-005  0.44076158754217903        5.7578342856738729        4.6324232997688961        1.0002282451475872       0.20624232023075231     
   2.4900000000000002E-005  0.43852302167528656        5.7430849237415167        4.6450969481119486        1.0002257770112108       0.21366636682887499     
   2.5000000000000001E-005  0.43637326451664293        5.7280667815452606        4.6581773919843616        1.0002212128771817       0.22072913140983041     
   2.5100000000000004E-005  0.43431989370665330        5.7127973322275256        4.6716483265889570        1.0002144385267981       0.22741572294913848     
   2.5200000000000003E-005  0.43237090166713071        5.6972841980355176        4.6854937894697848        1.0002053139956322       0.23370976408922606     
   2.5300000000000002E-005  0.43053460963569606        5.6815247993812790        4.6996980394276004        1.0001936862659202       0.23959270537848437     
   2.5400000000000001E-005  0.42881949718239309        5.6655066151097753        4.7142454212004532        1.0001794181888495       0.24504380909378848     
   2.5500000000000003E-005  0.42723395605443798        5.6492081188557988        4.7291202651207733        1.0001624281831718       0.25004104220526541     
   2.5600000000000002E-005  0.42578599729969868        5.6326004333075526        4.7443068734621843        1.0001427289091358       0.25456282905337579     
   2.5700000000000001E-005  0.42448295858266727        5.6156497021240153        4.7597896284958328        1.0001204509370445       0.25859027489284064     
   2.5800000000000000E-005  0.42333126789454245        5.5983201032826813        4.7755532222520038        1.0000958406856739       0.26210921802475035     
   2.5900000000000003E-005  0.42233630998445387        5.5805773183254725        4.7915829638549878        1.0000692310105519       0.26511142393127624     
   2.6000000000000002E-005  0.42150241551644674        5.5623921528608111        4.8078650818001138        1.0000409939997843       0.26759445302478763     
   2.6100000000000001E-005  0.42083295814827587        5.5437439116571410        4.8243869214743569        1.0000114944412866       0.26956016873916538     
   2.6200000000000000E-005  0.42033051378545716        5.5246230917476726        4.8411369519007623       0.99998106325341241       0.27101234717738987     
   2.6300000000000002E-005  0.41999702105136394        5.5050329827244342        4.8581045387917117       0.99995000269807077       0.27195420969129758     
   2.6400000000000001E-005  0.41983388844265018        5.4849898567192721        4.8752795005321348       0.99991862098516904       0.27238675945517810     
   2.6500000000000000E-005  0.41984201818874561        5.4645215882370355        4.8926515190943576       0.99988727926842225       0.27230850727997180     
   2.6599999999999999E-005  0.42002174716819046        5.4436647625556125        4.9102095086150968       0.99985642651867435       0.27171662745488967     
   2.6699999999999998E-005  0.42037272730509567        5.4224605953642602        4.9279410374888561       0.99982660012017810       0.27060898772011333     
   2.6800000000000001E-005  0.42089377580184434        5.4009502572707548        4.9458318558350491       0.99979838463983217       0.26898611257756494     
   2.6900000000000000E-005  0.42158272467953772        5.3791704145342383        4.9638655172613984       0.99977234202375231       0.26685219121140874     
   2.6999999999999999E-005  0.42243630192347553        5.3571499018849540        4.9820230342904317       0.99974894220387966       0.26421476123224402     
   2.7099999999999998E-005  0.42345008012838570        5.3349084007128109        5.0002824996966586       0.99972852271551449       0.26108342003476687     
   2.7200000000000000E-005  0.42461851821836050        5.3124578041695125        5.0186186499226295       0.99971129034710282       0.25746844373622502     
   2.7300000000000000E-005  0.42593509954975683        5.2898066044972252        5.0370024215754770       0.99969735463655474       0.25338022000997995     
   2.7399999999999999E-005  0.42739254975386121        5.2669671085056864        5.0554006158929417       0.99968676693688197       0.24882989616686441     
   2.7500000000000004E-005  0.42898310904453357        5.2439645850854024        5.0737757965705717       0.99967953725976799       0.24383086149054112     
   2.7600000000000003E-005  0.43069883148509580        5.2208466873977875        5.0920864841075657       0.99967561658228121       0.23840003592447404     
   2.7700000000000006E-005  0.43253187552883476        5.1976909405310963        5.1102875969235928       0.99967485602359141       0.23255781452007723     
   2.7800000000000005E-005  0.43447473591135027        5.1746080814455739        5.1283309847153635       0.99967697365893771       0.22632607877004762     
   2.7900000000000004E-005  0.43652036067209438        5.1517397617845351        5.1461658702988986       0.99968156163509836       0.21972475313232140     
   2.8000000000000003E-005  0.43866211521926363        5.1292504305902487        5.1637390951092428       0.99968814639627046       0.21276841045645095     
   2.8100000000000005E-005  0.44089360266896249        5.1073146674376311        5.1809952171652114       0.99969628182575021       0.20546473145324995     
   2.8200000000000004E-005  0.44320840905875203        5.0861023428131142        5.1978766508989143       0.99970563388373124       0.19781590827939499     
   2.8300000000000003E-005  0.44559988035896347        5.0657644341796066        5.2143240817177681       0.99971601724178460       0.18982269697532636     
   2.8400000000000003E-005  0.44806103133568120        5.0464220618925681        5.2302773036780978       0.99972737023660863       0.18148952134881763     
   2.8500000000000002E-005  0.45058463467689547        5.0281604632715835        5.2456764581454642       0.99973968554966730       0.17282853174536977     
   2.8600000000000004E-005  0.45316346595407631        5.0110284523015851        5.2604634809984798       0.99975293420291966       0.16386105477630869     
   2.8700000000000003E-005  0.45579062316711266        4.9950427351991014        5.2745834781113254       0.99976701766377107       0.15461609620654859     
   2.8800000000000002E-005  0.45845982247172629        4.9801955790444943        5.2879857758654660       0.99978176290440046       0.14512675965996646     
   2.8900000000000001E-005  0.46116559450168920        4.9664639594787117        5.3006245071639508       0.99979695242764133       0.13542605275054553     
   2.9000000000000004E-005  0.46390335073287803        4.9538184473979321        5.3124587320075882       0.99981236859921707       0.12554343212335806     
   2.9100000000000003E-005  0.46666933327874954        4.9422305791868082        5.3234521982604237       0.99982783215516791       0.11550284851207289     
   2.9200000000000002E-005  0.46946048915779542        4.9316780641854230        5.3335728954433952       0.99984322354396871       0.10532237975637114     
   2.9300000000000001E-005  0.47227431635353412        4.9221477237192968        5.3427925460533503       0.99985848567341051        9.5015065289996994E-002
   2.9400000000000003E-005  0.47510871890940326        4.9136364282198493        5.3510861370351250       0.99987361313405776        8.4590370377784968E-002
   2.9500000000000002E-005  0.47796189169140546        4.9061504887757135        5.3584315435824763       0.99988863507432457        7.4055759536224036E-002
   2.9600000000000001E-005  0.48083224011257414        4.8997040052669343        5.3648092559921503       0.99990359782158489        6.3418031306844702E-002
   2.9700000000000000E-005  0.48371832989014896        4.8943166291249893        5.3702021951757253       0.99991855096551896        5.2684257924374964E-002
   2.9800000000000003E-005  0.48661885731589383        4.8900111117564462        5.3745955928579621       0.99993353828530185        4.1862318729372662E-002
   2.9900000000000002E-005  0.48953263023279053        4.8868109142547977        5.3779769139396816       0.99994859325208230        3.0961102720129266E-002
   3.0000000000000001E-005  0.49245855198079702        4.8847380722390366        5.3803358050239529       0.99996373809134942        1.9990480343893134E-002
   3.0100000000000000E-005  0.49539560349788675        4.8838114405414892        5.3816640606946340       0.99997898524909568        8.9611400617363550E-003
   3.0200000000000002E-005  0.49834282148216175        4.8840453941044020        5.3819556048120143       0.99999434030441736       -2.1156456750893735E-003
   3.0300000000000001E-005  0.50129927264183083        4.8854490341130772        5.3812064871890790        1.0000098056930877       -1.3228286766028982E-002
   3.0400000000000000E-005  0.50426402545872440        4.8880259347144825        5.3794148968158577        1.0000253848681231       -2.4365158254033334E-002
   3.0499999999999999E-005  0.50723612165290022        4.8917744594433126        5.3765811919934077        1.0000410866806424       -3.5514895144973239E-002
   3.0599999999999998E-005  0.51021454971308344        4.8966886704716606        5.3727079466570808        1.0000569297222293       -4.6666691033113522E-002
   3.0700000000000001E-005  0.51319822239350577        4.9027598403123864        5.3678000123127170        1.0000729461081179       -5.7810572174861678E-002
   3.0799999999999996E-005  0.51618595877077622        4.9099785489194234        5.3618645976627617        1.0000891837635151       -6.8937588188279511E-002
   3.0899999999999999E-005  0.51917646903617709        4.9183373000794939        5.3549113738130041        1.0001057057413281       -8.0039821101906453E-002
   3.1000000000000001E-005  0.52216833659411044        4.9278335075792965        5.3469526222394537        1.0001225848075683       -9.1110077451863891E-002
   3.1100000000000004E-005  0.52515998752452098        4.9384725895316599        5.3380034528471150        1.0001398916097470      -0.10214112608288141     
   3.1200000000000006E-005  0.52814963332657128        4.9502707678940432        5.3280821264194822        1.0001576759494093      -0.11312439138617345     
   3.1300000000000002E-005  0.53113517142221189        4.9632570139217984        5.3172105118588320        1.0001759430862951      -0.12404814751630558     
   3.1400000000000004E-005  0.53411403258509937        4.9774734446894362        5.3054146860380822        1.0001946306614700      -0.13489548016025427     
   3.1500000000000007E-005  0.53708297846703046        4.9929734245467738        5.2927256376634428        1.0002135953936482      -0.14564254924084657     
   3.1600000000000002E-005  0.54003787608285470        5.0098167502906241        5.2791799704774567        1.0002326198952871      -0.15625789177065111     
   3.1700000000000005E-005  0.54297350324774674        5.0280616958326769        5.2648204339926794        1.0002514457731650      -0.16670348894523143     
   3.1800000000000007E-005  0.54588345711863528        5.0477544007052133        5.2496960749734809        1.0002698278062685      -0.17693793192489057     
   3.1900000000000003E-005  0.54876023208363134        5.0689169975098531        5.2338618369525722        1.0002875884462412      -0.18692123205576072     
   3.2000000000000005E-005  0.55159549080634207        5.0915366922249126        5.2173775556350206        1.0003046409163354      -0.19661987432240705     
   3.2100000000000001E-005  0.55438047843734906        5.1155583539557261        5.2003064789777573        1.0003209549888912      -0.20601012617514544     
   3.2200000000000003E-005  0.55710645275246251        5.1408827359282991        5.1827136060454082        1.0003364665850649      -0.21507793545500828     
   3.2300000000000006E-005  0.55976496665642939        5.1673712467573774        5.1646641947911629        1.0003509697882689      -0.22381512633233941     
   3.2400000000000001E-005  0.56234788159478888        5.1948566028703338        5.1462226865892227        1.0003640501279072      -0.23221342773870127     
   3.2500000000000004E-005  0.56484710735911692        5.2231572702521669        5.1274520774732784        1.0003751032359482      -0.24025906075909156     
   3.2600000000000000E-005  0.56725419194796767        5.2520927830988784        5.1084135510304733        1.0003834388537232      -0.24793037887502525     
   3.2700000000000002E-005  0.56955995549762917        5.2814969793269908        5.0891660966075376        1.0003884200747670      -0.25519944968826974     
   3.2800000000000004E-005  0.57175433785788576        5.3112268652058088        5.0697659195178613        1.0003895653215567      -0.26203632766971197     
   3.2900000000000000E-005  0.57382652409347368        5.3411659611015834        5.0502656488364375        1.0003865647763324      -0.26841338805664916     
   3.3000000000000003E-005  0.57576528593653042        5.3712223092264919        5.0307135334656090        1.0003792253048407      -0.27430740106003687     
   3.3100000000000005E-005  0.57755939979412696        5.4013225576394586        5.0111528709248772        1.0003674072205389      -0.27969880756634491     
   3.3200000000000001E-005  0.57919801540998805        5.4314043206775908        4.9916218153295517        1.0003510152051760      -0.28456956782617959     
   3.3300000000000003E-005  0.58067093125845903        5.4614091230400081        4.9721535416836025        1.0003300585637831      -0.28890168541622246     
   3.3399999999999999E-005  0.58196882188431853        5.4912777067977547        4.9527766139076412        1.0003047402413088      -0.29267773316544410     
   3.3500000000000001E-005  0.58308348430191936        5.5209485385428625        4.9335153855704945        1.0002755092588591      -0.29588310228482440     
   3.3600000000000004E-005  0.58400810537992809        5.5503593114975036        4.9143903482929421        1.0002430343486794      -0.29850846327398672     
   3.3699999999999999E-005  0.58473746903253021        5.5794504426391720        4.8954184581794804        1.0002081067945876      -0.30055083240994657     
   3.3800000000000002E-005  0.58526799591941914        5.6081692268126719        4.8766135352706081        1.0001715193956104      -0.30201255248599412     
   3.3900000000000004E-005  0.58559757903209975        5.6364734405475900        4.8579868174358474        1.0001339717920250      -0.30289862167756570     
   3.4000000000000000E-005  0.58572529313546307        5.6643336348108368        4.8395476832585080        1.0000960321402570      -0.30321353079583024     
   3.4100000000000002E-005  0.58565110415161870        5.6917338466581748        4.8213044793718050        1.0000581589337720      -0.30295893154241232     
   3.4199999999999998E-005  0.58537567131128510        5.7186708212129744        4.8032653308929349        1.0000207594890185      -0.30213308965052671     
   3.4300000000000000E-005  0.58490031315548729        5.7451520494536830        4.7854388025158281       0.99998424497520522      -0.30073224652376118     
   3.4400000000000003E-005  0.58422717388786893        5.7711930020919473        4.7678343192652850       0.99994905093937814      -0.29875316122604562     
   3.4499999999999998E-005  0.58335954522413713        5.7968139280581994        4.7504623284499488       0.99991561911554006      -0.29619574963223777     
   3.4600000000000001E-005  0.58230220775506625        5.8220365433295367        4.7333342514824670       0.99988435745692028      -0.29306494537618932     
   3.4699999999999996E-005  0.58106162048640186        5.8468808892408033        4.7164623113255866       0.99985560002751017      -0.28937138784455352     
   3.4800000000000006E-005  0.57964584521104112        5.8713625911243632        4.6998593252670293       0.99982958099880681      -0.28513097248723207     
   3.4900000000000008E-005  0.57806421618365433        5.8954906896230383        4.6835385340213707       0.99980642664632002      -0.28036354718947437     
   3.5000000000000004E-005  0.57632687957831852        5.9192661436140366        4.6675135113593749       0.99978616461192626      -0.27509113357217752     
   3.5100000000000006E-005  0.57444434512596521        5.9426810299505020        4.6517981706716016       0.99976874861649934      -0.26933612627309378     
   3.5200000000000002E-005  0.57242714298317388        5.9657184105008767        4.6364068581681925       0.99975409247262670      -0.26311991310342242     
   3.5300000000000004E-005  0.57028561800911681        5.9883528009702287        4.6213545015842374       0.99974210429922628      -0.25646221385154294     
   3.5400000000000007E-005  0.56802984384062505        6.0105511489099861        4.6066567727656187       0.99973271157387589      -0.24938120257028640     
   3.5500000000000002E-005  0.56566961239887192        6.0322742067111221        4.5923302235381698       0.99972587133581980      -0.24189424969645776     
   3.5600000000000005E-005  0.56321445116370328        6.0534781636368411        4.5783923648635971       0.99972156438161408      -0.23401896436973732     
   3.5700000000000007E-005  0.56067363337443676        6.0741163774484397        4.5648616749433240       0.99971977724221273      -0.22577417203188510     
   3.5800000000000003E-005  0.55805616495954202        6.0941410417942059        4.5517575384780722       0.99972047895026250      -0.21718053043518815     
   3.5900000000000005E-005  0.55537074485071947        6.1135046475156400        4.5391001323161424       0.99972360053302833      -0.20826063829386685     
   3.6000000000000001E-005  0.55262570413324508        6.1321611399684333        4.5269102785253095       0.99972902284509413      -0.19903865824325517     
   3.6100000000000003E-005  0.54982893660327437        6.1500667282195822        4.5152092845395178       0.99973657497006951      -0.18953960071461101     
   3.6200000000000006E-005  0.54698783477600543        6.1671803539306396        4.5040187835541738       0.99974604224353802      -0.17978847674378423     
   3.6300000000000001E-005  0.54410924178114117        6.1834638696538367        4.4933605797989431       0.99975718065677022      -0.16980952216944736     
   3.6400000000000004E-005  0.54119942386704611        6.1988820028969158        4.4832564957702807       0.99976973357600263      -0.15962563813370992     
   3.6500000000000000E-005  0.53826406295413720        6.2134021931928878        4.4737282141922448       0.99978344720757384      -0.14925811073278747     
   3.6600000000000002E-005  0.53530826552000355        6.2269943851217695        4.4647971070325188       0.99979808253556557      -0.13872659308655871     
   3.6700000000000004E-005  0.53233658316349619        6.2396308428428888        4.4564840467300142       0.99981342299381371      -0.12804927781340875     
   3.6800000000000000E-005  0.52935304080296464        6.2512860393678045        4.4488092000128123       0.99982927841747027      -0.11724316601403693     
   3.6900000000000002E-005  0.52636116966221624        6.2619366482223020        4.4417918091989543       0.99984548626506620      -0.10632434796087033     
   3.7000000000000005E-005  0.52336404338921705        6.2715616336457787        4.4354499686322928       0.99986191116681966       -9.5308238747964805E-002
   3.7100000000000001E-005  0.52036431650466697        6.2801424171035478        4.4298004051910498       0.99987844362745182       -8.4209744088340630E-002
   3.7200000000000003E-005  0.51736426495870458        4.4777822625423624E-003   4.4248582714209563       0.99989499832726580       -7.3043357301756109E-002
   3.7299999999999999E-005  0.51436582865707625        1.0925330250374898E-002   4.4206369582238425       0.99991151219896923       -6.1823205532554881E-002
   3.7400000000000001E-005  0.51137065572793972        1.6289851445556280E-002   4.4171479318395228       0.99992794226633419       -5.0563067883389108E-002
   3.7500000000000003E-005  0.50838014820933064        2.0564739045437541E-002   4.4144005976247769       0.99994426318764018       -3.9276387444149546E-002
   3.7599999999999999E-005  0.50539550879180661        2.3746827118110936E-002   4.4124021912981766       0.99996046446428377       -2.7976292235754686E-002
   3.7700000000000002E-005  0.50241778824681393        2.5836494932618415E-002   4.4111576971324498       0.99997654733876085       -1.6675633189924335E-002
   3.7800000000000004E-005  0.49944793319340230        2.6837729037792357E-002   4.4106697917190516       0.99999252139297501       -5.3870411137302643E-003
   3.7900000000000000E-005  0.49648683389216353        2.6758141691835213E-002   4.4109388117538035        1.0000084009482013        5.8770005915288193E-003
   3.8000000000000002E-005  0.49353537178060425        2.5608945729262977E-002   4.4119627446357619        1.0000242013806169        1.7104073531779580E-002
   3.8099999999999998E-005  0.49059446646707167        2.3404884901406575E-002   4.4137372412048972        1.0000399354634968        2.8281739820327449E-002
   3.8200000000000000E-005  0.48766512188212224        2.0164117740523402E-002   4.4162556505887256        1.0000556098471141        3.9397463390681946E-002
   3.8300000000000003E-005  0.48474847125178389        1.5908053215010654E-002   4.4195090777342303        1.0000712217815959        5.0438544137175217E-002
   3.8399999999999998E-005  0.48184582051396635        1.0661138695197359E-002   4.4234864646147969        1.0000867561754152        6.1392069748627862E-002
   3.8500000000000007E-005  0.47895868975695360        4.4506052607635738E-003   4.4281746961756649        1.0001021830565704        7.2244886616627244E-002
   3.8600000000000003E-005  0.47608885223100506        6.2804914875379581        4.4335587315713774        1.0001174554376753        8.2983585975715507E-002
   3.8700000000000006E-005  0.47323837048124795        6.2724450913233323        4.4396217601791159        1.0001325075899652        9.3594496464177654E-002
   3.8800000000000008E-005  0.47040962916328122        6.2635305457953541        4.4463453807180118        1.0001472537297347       0.10406366978336666     
   3.8900000000000004E-005  0.46760536415146259        6.2537833300887025        4.4537097998972026        1.0001615870623952       0.11437684305561564     
   3.9000000000000006E-005  0.46482868762557972        6.2432404128089019        4.4616940450216998        1.0001753792398709       0.12451936522990541     
   3.9100000000000002E-005  0.46208310889805704        6.2319401848180247        4.4702761834580969        1.0001884804329377       0.13447608259499655     
   3.9200000000000004E-005  0.45937255077738454        6.2199225008983872        4.4794335412258945        1.0002007204234178       0.14423119449596483     
   3.9300000000000007E-005  0.45670136112293402        6.2072288173659880        4.4891429136012961        1.0002119113188246       0.15376810845217526     
   3.9400000000000002E-005  0.45407431889183053        6.1939023883715532        4.4993807625367062        1.0002218524770106       0.16306933983005142     
   3.9500000000000005E-005  0.45149663341903956        6.1799884606638509        4.5101233985198066        1.0002303380097268       0.17211650818746166     
   3.9600000000000000E-005  0.44897393514175277        6.1655343912228817        4.5213471474862175        1.0002371666826451       0.18089047313564083     
   3.9700000000000003E-005  0.44651225579369275        6.1505896055428728        4.5330285052773753        1.0002421531934902       0.18937162486357292     
   3.9800000000000005E-005  0.44411799651814821        6.1352053123985719        4.5451442815665679        1.0002451390024876       0.19754030269183587     
   3.9900000000000001E-005  0.44179788394177172        6.1194339128300514        4.5576717329513450        1.0002460005516498       0.20537726985767257     
   4.0000000000000003E-005  0.43955891689011600        6.1033280748725298        4.5705886809802152        1.0002446528929239       0.21286414090277983     
   4.0100000000000006E-005  0.43740830953781351        6.0869394836949811        4.5838736064586012        1.0002410477127499       0.21998365362803909     
   4.0200000000000001E-005  0.43535343879506111        6.0703173174147897        4.5975057085334061        1.0002351662221425       0.22671970756334389     
   4.0300000000000004E-005  0.43340180282469021        6.0535065376275448        4.6114649175862699        1.0002270090041083       0.23305715122523096     
   4.0399999999999999E-005  0.43156099244804341        6.0365461158525351        4.6257318557230613        1.0002165859905130       0.23898137555457907     
   4.0500000000000002E-005  0.42983866816499522        6.0194673410244093        4.6402877470856456        1.0002039098855473       0.24447783650884455     
   4.0600000000000004E-005  0.42824252532814611        6.0022923681400009        4.6551142904406744        1.0001889955059762       0.24953166631380519     
   4.0700000000000000E-005  0.42678022339882093        5.9850331725954726        4.6701935158745487        1.0001718658883532       0.25412752688575990     
   4.0800000000000002E-005  0.42545925746740759        5.9676910660545381        4.6855076531990782        1.0001525639724680       0.25824980864992342     
   4.0900000000000005E-005  0.42428676492097711        5.9502569037847248        4.7010390398763979        1.0001311671356743       0.26188319639633151     
   4.1000000000000000E-005  0.42326928308138484        5.9327120646132609        4.7167700899454434        1.0001078005082602       0.26501352427800978     
   4.1100000000000003E-005  0.42241249729708397        5.9150302101793120        4.7326833329482394        1.0000826452456120       0.26762875394931795     
   4.1199999999999999E-005  0.42172103393527016        5.8971797341317407        4.7487615150245430        1.0000559388952508       0.26971985425816619     
   4.1300000000000001E-005  0.42119834818789714        5.8791267136199101        4.7649877367769866        1.0000279671456145       0.27128135591142039     
   4.1400000000000003E-005  0.42084673146545459        5.8608380969515519        4.7813455880218614       0.99999904875358936       0.27231140867343123     
   4.1499999999999999E-005  0.42066742593117323        5.8422848244233174        4.7978192325331452       0.99996951829092184       0.27281128533427085     
   4.1600000000000002E-005  0.42066079911108928        5.8234445943788788        4.8143933993321113       0.99993971234283230       0.27278442985464041     
   4.1700000000000004E-005  0.42082651321984021        5.8043040430320225        4.8310532516325404       0.99990996411936761       0.27223529246075734     
   4.1800000000000000E-005  0.42116362845403260        5.7848601827325812        4.8477841276181763       0.99988060860759254       0.27116828763601764     
   4.1900000000000002E-005  0.42167060493920616        5.7651210167776847        4.8645711738465973       0.99985199578574502       0.26958720956993365     
   4.1999999999999998E-005  0.42234520588613378        5.7451053097849547        4.8813989153596502       0.99982450527670319       0.26749532697157757     
   4.2100000000000007E-005  0.42318434220057449        5.7248415473180474        4.8982508195336241       0.99979855313589083       0.26489617093180445     
   4.2200000000000003E-005  0.42418392400263238        5.7043661818648541        4.9151089088987634       0.99977458260911234       0.26179479264898675     
   4.2300000000000005E-005  0.42533878937888625        5.6837213477690725        4.9319534605981898       0.99975303516372838       0.25819906777632340     
   4.2400000000000007E-005  0.42664275608971364        5.6629523339837506        4.9487628001398889       0.99973430520926787       0.25412053315857525     
   4.2500000000000003E-005  0.42808879866077282        5.6421052072629978        4.9655131642890389       0.99971869120710311       0.24957435212151807     
   4.2600000000000005E-005  0.42966931197686953        5.6212250402498016        4.9821785878900720       0.99970635963696186       0.24457832225082790     
   4.2700000000000008E-005  0.43137639910020686        5.6003551775462892        4.9987307735406485       0.99969733510849801       0.23915122886001997     
   4.2800000000000004E-005  0.43320212153495069        5.5795378367269386        5.0151389321722553       0.99969151974785830       0.23331114185272461     
   4.2900000000000006E-005  0.43513867085684704        5.5588160842381908        5.0313696245955999       0.99968873307957695       0.22707429575545676     
   4.3000000000000002E-005  0.43717845257015581        5.5382368839787457        5.0473866683635977       0.99968875606812801       0.22045495106654836     
   4.3100000000000004E-005  0.43931410342520466        5.5178545717603038        5.0631511822558721       0.99969136285146531       0.21346620195124891     
   4.3200000000000007E-005  0.44153847970123822        5.4977338822973145        5.0786218157429852       0.99969633199533503       0.20612128308800592     
   4.3300000000000002E-005  0.44384465026748332        5.4779516541542668        5.0937551630985745       0.99970343998462496       0.19843473600784009     
   4.3400000000000005E-005  0.44622590924958172        5.4585965959398584        5.1085063130304960       0.99971244803663850       0.19042291245616597     
   4.3500000000000000E-005  0.44867580457138223        5.4397669503657253        5.1228294564785140       0.99972309479384180       0.18210365104078169     
   4.3600000000000003E-005  0.45118816920904198        5.4215663910127274        5.1366784779864512       0.99973510172298585       0.17349536134840773     
   4.3700000000000005E-005  0.45375714323011490        5.4040988685884086        5.1500074842239014       0.99974818996284021       0.16461598510523057     
   4.3800000000000001E-005  0.45637718309980829        5.3874632855457252        5.1627712595264299       0.99976210106022867       0.15548227593247274     
   4.3900000000000003E-005  0.45904306348930446        5.3717488138426051        5.1749256649236193       0.99977661349339164       0.14610961411339354     
   4.4000000000000006E-005  0.46174988087869540        5.3570314450367187        5.1864280051341609       0.99979155023140620       0.13651230285541949     
   4.4100000000000001E-005  0.46449306615959224        5.3433720676979091        5.1972373796372731       0.99980677732854462       0.12670411300773546     
   4.4200000000000004E-005  0.46726840727187524        5.3308160877466628        5.2073150181714070       0.99982219678736617       0.11669880825340530     
   4.4299999999999999E-005  0.47007207670242557        5.3193943879576553        5.2166245875576882       0.99983773778720286       0.10651046632908043     
   4.4400000000000002E-005  0.47290065541362586        5.3091252845724242        5.2251324513003752       0.99985334923456104        9.6153539873070556E-002
   4.4500000000000004E-005  0.47575114527451795        5.3000170830121549        5.2328078664755528       0.99986899483655722        8.5642706677033678E-002
   4.4600000000000000E-005  0.47862096530302151        5.2920708499645777        5.2396231110138958       0.99988465046905384        7.4992611444769083E-002
   4.4700000000000002E-005  0.48150793103372314        5.2852830869159506        5.2455535444738004       0.99990030293589871        6.4217601039917818E-002
   4.4800000000000005E-005  0.48441021953796920        5.2796480874414087        5.2505776135784732       0.99991594920089766        5.3331524152444444E-002
   4.4900000000000000E-005  0.48732632429116424        5.2751598639941282        5.2546768186081296       0.99993159552649347        4.2347627845886547E-002
   4.5000000000000003E-005  0.49025500425210505        5.2718136195839200        5.2578356581523149       0.99994725631536996        3.1278551555290530E-002
   4.5099999999999998E-005  0.49319523067863624        5.2696068023128460        5.2600415684603741       0.99996295273587543        2.0136401775577507E-002
   4.5200000000000001E-005  0.49614613390523604        5.2685398187830623        5.2612848711424149       0.99997871124432236        8.9328850728251589E-003
   4.5300000000000003E-005  0.49910695100777785        5.2686164940698621        5.2615587398616110       0.99999456211730098       -2.3205213794475388E-003
   4.5399999999999999E-005  0.50207697426207831        5.2698443549275860        5.2608591935005524        1.0000105380335240       -1.3612377268781532E-002
   4.5500000000000001E-005  0.50505549963569929        5.2722347853622296        5.2591851202225994        1.0000266726792579       -2.4931076565609132E-002
   4.5600000000000004E-005  0.50804177423527985        5.2758030665637214        5.2565383338145635        1.0000429993200570       -3.6264645421811709E-002
   4.5700000000000000E-005  0.51103494164452112        5.2805682717702256        5.2529236605485154        1.0000595492908269       -4.7600552141816577E-002
   4.5800000000000009E-005  0.51403398443574666        5.2865529460415264        5.2483490513994253        1.0000763504017274       -5.8925543412028561E-002
   4.5900000000000004E-005  0.51703766385306260        5.2937824664081399        5.2428257107580585        1.0000934253227032       -7.0225523805147835E-002
   4.6000000000000007E-005  0.52004445777425434        5.3022839641795212        5.2363682291173390        1.0001107899757251       -8.1485497025847217E-002
   4.6100000000000002E-005  0.52305249947138932        5.3120847040986643        5.2289947041041422        1.0001284519108462       -9.2689582031290657E-002
   4.6200000000000005E-005  0.52605952106791343        5.3232098611500440        5.2207268322146723        1.0001464084950635      -0.10382110592523511     
   4.6300000000000007E-005  0.52906280643554415        5.3356797225879156        5.2115899538110373        1.0001646444045580      -0.11486275347032687     
   4.6400000000000003E-005  0.53205915789501645        5.3495064676488626        5.2016130370826801        1.0001831276431343      -0.12579672758202956     
   4.6500000000000005E-005  0.53504487907679388        5.3646908193984846        5.1908285926440332        1.0002018032372644      -0.13660485207903034     
   4.6600000000000008E-005  0.53801577269306333        5.3812189886469479        5.1792725179200012        1.0002205841856961      -0.14726854336423967     
   4.6700000000000003E-005  0.54096714777711197        5.3990603954684486        5.1669838768076213        1.0002393403762404      -0.15776860565751935     
   4.6800000000000006E-005  0.54389382811256637        5.4181666217547990        5.1540046220627040        1.0002578877612309      -0.16808487089127772     
   4.6900000000000002E-005  0.54679015420895749        5.4384719053700330        5.1403792636658965        1.0002759815417424      -0.17819579745526040     
   4.7000000000000004E-005  0.54964997602714827        5.4598952547781527        5.1261544769834781        1.0002933174157422      -0.18807822659863435     
   4.7100000000000006E-005  0.55246664104094423        5.4823439727816581        5.1113786340581751        1.0003095430793789      -0.19770750931509937     
   4.7200000000000002E-005  0.55523298810889110        5.5057180911418673        5.0961012378000472        1.0003242780409156      -0.20705811096460591     
   4.7300000000000005E-005  0.55794135768884101        5.5299150109566995        5.0803722501127737        1.0003371352191146      -0.21610458605074820     
   4.7400000000000000E-005  0.56058362042459486        5.5548335860104441        5.0642413322063229        1.0003477358423767      -0.22482257983676968     
   4.7500000000000003E-005  0.56315120950028841        5.5803770174761427        5.0477570505562523        1.0003557129679748      -0.23318941268144419     
   4.7600000000000005E-005  0.56563513335277293        5.6064542415874357        5.0309661289944021        1.0003607066404827      -0.24118394125241804     
   4.7700000000000001E-005  0.56802595816015122        5.6329799064908457        5.0139128312377244        1.0003623610882288      -0.24878572860870801     
   4.7800000000000003E-005  0.57031377780014769        5.6598734277531699        4.9966385325738818        1.0003603362791740      -0.25597392557534326     
   4.7900000000000006E-005  0.57248821566925068        5.6870578285687232        4.9791814931042486        1.0003543399901631      -0.26272645606977296     
   4.8000000000000001E-005  0.57453850847925481        5.7144590248977982        4.9615767972065967        1.0003441761370080      -0.26902000379256874     
   4.8100000000000004E-005  0.57645370015096442        5.7420059498502605        4.9438563957291333        1.0003297938075078      -0.27483094567973709     
   4.8199999999999999E-005  0.57822293361327903        5.7696315487198406        4.9260491908336608        1.0003113188848964      -0.28013695368193542     
   4.8300000000000002E-005  0.57983579297897681        5.7972743659916421        4.9081811326140645        1.0002890546261651      -0.28491870105423001     
   4.8400000000000004E-005  0.58128263638124955        5.8248802848452019        4.8902753335055849        1.0002634494993943      -0.28916106925538881     
   4.8500000000000000E-005  0.58255485447802424        5.8524039930222367        4.8723522318423269        1.0002350419632884      -0.29285345585387801     
   4.8600000000000002E-005  0.58364500227707838        5.8798098743294656        4.8544298407979989        1.0002043986200528      -0.29598911112795900     
   4.8700000000000005E-005  0.58454679392688014        5.9070721834681352        4.8365241045320451        1.0001720607140914      -0.29856374147907239     
   4.8800000000000000E-005  0.58525500050576218        5.9341744964170253        4.8186493570100204        1.0001385100429898      -0.30057382024667600     
   4.8900000000000003E-005  0.58576532994609209        5.9611085199542888        4.8008188499210709        1.0001041590218174      -0.30201512479619924     
   4.8999999999999998E-005  0.58607438217079533        5.9878724046336114        4.7830452928565945        1.0000693634801423      -0.30288197256028326     
   4.9100000000000001E-005  0.58617974201842826        6.0144687449043923        4.7653413377289793        1.0000344506233882      -0.30316745557090646     
   4.9200000000000003E-005  0.58608019197199113        6.0409024656768118        4.7477199441195070       0.99999975052022050      -0.30286469661943005     
   4.9299999999999999E-005  0.58577596569217627        6.0671787869836029        4.7301945825257095       0.99996561635437675      -0.30196881157647326     
   4.9400000000000008E-005  0.58526894973745935        6.0933014216194961        4.7127792674162521       0.99993242230565493      -0.30047894983938733     
   4.9500000000000004E-005  0.58456275679404912        6.1192711042345644        4.6954884546696531       0.99990053834341885      -0.29839968379799081     
   4.9600000000000006E-005  0.58366263783984362        6.1450844898433656        4.6783368748954599       0.99987029230590463      -0.29574120459284842     
   4.9700000000000009E-005  0.58257525434720914        6.1707334100219482        4.6613393903703901       0.99984193794573639      -0.29251822124237736     
   4.9800000000000004E-005  0.58130836944240138        6.1962044414667830        4.6445109499582502       0.99981564630738584      -0.28874798435617965     
   4.9900000000000007E-005  0.57987052109768333        6.2214787413258197        4.6278666763127783       0.99979152731929477      -0.28444822902816319     
   5.0000000000000002E-005  0.57827072994391360        6.2465321278845254        4.6114220688609180       0.99976967096086000      -0.27963583116495550     
   5.0100000000000005E-005  0.57651828503998159        6.2713353979614723        4.5951932673009042       0.99975018685201400      -0.27432658040792041     
   5.0200000000000007E-005  0.57462262836774769        1.2669550930255014E-002   4.5791973086506754       0.99973322293418698      -0.26853593600254361     
   5.0300000000000003E-005  0.57259332714266964        3.6867704319099914E-002   4.5634523268592515       0.99971895586848802      -0.26228022881083274     
   5.0400000000000005E-005  0.57044009183031930        6.0704001449494172E-002   4.5479776755195207       0.99970755988973803      -0.25557768236488349     
   5.0500000000000008E-005  0.56817278204724775        8.4135553840834376E-002   4.5327939842775056       0.99969916895374467      -0.24844882968427168     
   5.0600000000000003E-005  0.56580135344162130       0.10711773451729112        4.5179231755532401       0.99969384653873683      -0.24091623509137755     
   5.0700000000000006E-005  0.56333573166222584       0.12960463312697978        4.5033884672710620       0.99969157088751248      -0.23300370415326299     
   5.0800000000000002E-005  0.56078563944168980       0.15154937009339342        4.4892143739958721       0.99969223629625159      -0.22473529182804591     
   5.0900000000000004E-005  0.55816042390772014       0.17290429914521965        4.4754267023048699       0.99969566674697541      -0.21613441467167038     
   5.1000000000000006E-005  0.55546891976625945       0.19362113849668550        4.4620525224456786       0.99970163607984197      -0.20722329347451640     
   5.1100000000000002E-005  0.55271936413477862       0.21365107359602220        4.4491200916487168       0.99970988833756214      -0.19802281621602683     
   5.1200000000000004E-005  0.54991936285167209       0.23294487652292606        4.4366587072582968       0.99972015398334346      -0.18855276640034099     
   5.1300000000000000E-005  0.54707589814986390       0.25145309145764472        4.4246984790764863       0.99973216044587609      -0.17883225851128309     
   5.1400000000000003E-005  0.54419536317805750       0.26912633495625382        4.4132700253506929       0.99974563816908391      -0.16888019165575435     
   5.1500000000000005E-005  0.54128360821233701       0.28591574607934689        4.4024041103480451       0.99976032450818408      -0.15871557111153056     
   5.1600000000000001E-005  0.53834598566321756       0.30177359348705757        4.3921312493517002       0.99977596753339126      -0.14835762650492540     
   5.1700000000000003E-005  0.53538738542781028       0.31665400914798880        4.3824813079744622       0.99979233068681639      -0.13782573597677636     
   5.1800000000000005E-005  0.53241225763368261       0.33051377990998176        4.3734831181417197       0.99980919797739531      -0.12713921932162373     
   5.1900000000000001E-005  0.52942462430669857       0.34331311083915228        4.3651641262898444       0.99982637886557768      -0.11631708161339718     
   5.2000000000000004E-005  0.52642808483126147       0.35501628307336830        4.3575500827282445       0.99984371190136634      -0.10537777527287322     
   5.2099999999999999E-005  0.52342582165975737       0.36559215010279988        4.3506647758175445       0.99986106656960516       -9.4339019811335439E-002
   5.2200000000000002E-005  0.52042061169558973       0.37501444432611031        4.3445298110342740       0.99987834329496317       -8.3217691788853382E-002
   5.2300000000000004E-005  0.51741484647892233       0.38326189235298713        4.3391644326805094       0.99989547187485683       -7.2029780489970024E-002
   5.2400000000000000E-005  0.51441056194767998       0.39031815933833869        4.3345853845551803       0.99991240876983312       -6.0790397457324667E-002
   5.2500000000000002E-005  0.51140947684308924       0.39617165817003919        4.3308068050232169       0.99992913365400427       -4.9513826445378190E-002
   5.2600000000000005E-005  0.50841303789015746       0.40081526962851033        4.3278401514853018       0.99994564558488164       -3.8213603600536036E-002
   5.2700000000000000E-005  0.50542246967648052       0.40424602520277819        4.3256941492459697       0.99996195905169338       -2.6902619254640062E-002
   5.2800000000000003E-005  0.50243882734799228       0.40646480735884438        4.3243747602714739       0.99997810009281474       -1.5593235691431891E-002
   5.2899999999999998E-005  0.49946305068099794       0.40747610760674569        4.3238851674950913       0.99999410246893838       -4.2974172155040733E-003
   5.3000000000000001E-005  0.49649601853356762       0.40728787126584809        4.3242257711541532        1.0000100039607469        6.9731312049952079E-003
   5.3100000000000003E-005  0.49353860304485420       0.40591144869921791        4.3253941949116772        1.0000258428011624        1.8206819749208784E-002
   5.3199999999999999E-005  0.49059172318685429       0.40336165694411896        4.3273853006646545        1.0000416541988402        2.9392026635064093E-002
   5.3300000000000001E-005  0.48765639734403443       0.39965693835214378        4.3301912120915507        1.0000574668974715        4.0516950429626060E-002
   5.3399999999999997E-005  0.48473379449676984       0.39481958610929269        4.3338013481023365        1.0000732997235022        5.1569464103957054E-002
   5.3499999999999999E-005  0.48182528332243268       0.38887599195405897        4.3382024683914766        1.0000891581108433        6.2536974143641788E-002
   5.3600000000000002E-005  0.47893247813997331       0.38185686060256963        4.3433787342576364        1.0001050306494412        7.3406290392384430E-002
   5.3699999999999997E-005  0.47605728015936771       0.37379732833360713        4.3493117885879942        1.0001208857579862        8.4163514618005600E-002
   5.3800000000000000E-005  0.47320191208742307       0.36473692499293886        4.3559808595181186        1.0001366687304820        9.4793960324982704E-002
   5.3900000000000002E-005  0.47036894402949736       0.35471933582629411        4.3633628930310691        1.0001522994876877       0.10528211879660444     
   5.3999999999999998E-005  0.46756130900091175       0.34379194289216120        4.3714327197982055        1.0001676713822194       0.11561168634483764     
   5.4100000000000000E-005  0.46478230749171434       0.33200515720944335        4.3801632609799617        1.0001826513529135       0.12576566436801254     
   5.4199999999999996E-005  0.46203560239077474       0.31941159156137378        4.3895257762355362        1.0001970816175121       0.13572653385827591     
   5.4299999999999998E-005  0.45932520794251935       0.30606516066977729        4.3994901545375651        1.0002107828335052       0.14547649068998461     
   5.4400000000000001E-005  0.45665547850857674       0.29202022046932452        4.4100252443938865        1.0002235583885466       0.15499771006556970     
   5.4499999999999997E-005  0.45403110368835420       0.27733086157944786        4.4210992149361248        1.0002351992473975       0.16427259179028500     
   5.4599999999999999E-005  0.45145711489651080       0.26205044797670229        4.4326799336335538        1.0002454887290420       0.17328393013735066     
   5.4700000000000001E-005  0.44893890437849754       0.24623144347954540        4.4447353413969148        1.0002542068498557       0.18201495916923560     
   5.4799999999999997E-005  0.44648225188746499       0.22992550668258271        4.4572338029739091        1.0002611343185477       0.19044924895393861     
   5.4900000000000006E-005  0.44409334936929917       0.21318376934593797        4.4701444106834778        1.0002660569549016       0.19857047047734017     
   5.5000000000000009E-005  0.44177881158610460       0.19605716985819654        4.4834372243594025        1.0002687717658212       0.20636209576463466     
   5.5100000000000011E-005  0.43954566148134416       0.17859670280409734        4.4970834392064178        1.0002690958491951       0.21380713777184435     
   5.5200000000000007E-005  0.43740128339317752       0.16085346434866032        4.5110554840396055        1.0002668784469351       0.22088804496156947     
   5.5300000000000009E-005  0.43535334372130857       0.14287841058241657        4.5253270617366850        1.0002620149055981       0.22758683533975144     
   5.5400000000000012E-005  0.43340968521855944       0.12472178872074924        4.5398731485399155        1.0002544595742420       0.23388548552612917     
   5.5500000000000007E-005  0.43157820622050769       0.10643224038004373        4.5546699672499296        1.0002442337199238       0.23976649824540541     
   5.5600000000000010E-005  0.42986673852987833        8.8055612812717676E-002   4.5696949419430588        1.0002314248301249       0.24521348978316537     
   5.5700000000000005E-005  0.42828293651657018        6.9633551985452513E-002   4.5849266320735529        1.0002161760095900       0.25021160482016935     
   5.5800000000000008E-005  0.42683418499738340        5.1201992548475239E-002   4.6003446362774740        1.0001986674606236       0.25474760525650592     
   5.5900000000000010E-005  0.42552752523167259        3.2789697562503051E-002   4.6159294551256203        1.0001790955394132       0.25880959287209404     
   5.6000000000000006E-005  0.42436958949477122        1.4417024108797527E-002   4.6316623094024827        1.0001576565287174       0.26238648330242526     
   5.6100000000000008E-005  0.42336652875236963        6.2792803962567465        4.6475249246741166        1.0001345408207980       0.26546748045080748     
   5.6200000000000011E-005  0.42252391854344329        6.2610107885345476        4.6634993086064354        1.0001099390447388       0.26804183955081490     
   5.6300000000000006E-005  0.42184663842038783        6.2427859237534227        4.6795675580285376        1.0000840564919753       0.27009912327404639     
   5.6400000000000009E-005  0.42133873490098633        6.2245900747021823        4.6957117322278519        1.0000571278221968       0.27162996066766831     
   5.6500000000000005E-005  0.42100328857326980        6.2064010423030176        4.7119138148454907        1.0000294236389429       0.27262708870567015     
   5.6600000000000007E-005  0.42084230916036663        6.1881923645020844        4.7281557617950423        1.0000012444545945       0.27308630136912737     
   5.6700000000000009E-005  0.42085667763356088        6.1699358967771500        4.7444196055134276       0.99997290412238893       0.27300694173045964     
   5.6800000000000005E-005  0.42104614429369408        6.1516045468970590        4.7606875671300282       0.99994471054577039       0.27239175113550507     
   5.6900000000000007E-005  0.42140937928522598        6.1331749193928129        4.7769421254073565       0.99991695265636016       0.27124615335721225     
   5.7000000000000003E-005  0.42194406027445636        6.1146296306409784        4.7931660052907263       0.99988989924617688       0.26957727391076980     
   5.7100000000000006E-005  0.42264697424004422        6.0959590955689595        4.8093420735629957       0.99986380875179959       0.26739307415629199     
   5.7200000000000008E-005  0.42351410898181796        6.0771626562331802        4.8254531542483390       0.99983894317161148       0.26470188291686653     
   5.7300000000000004E-005  0.42454071670945442        6.0582490089107743        4.8414817928674623       0.99981557770097895       0.26151240179900609     
   5.7400000000000006E-005  0.42572134689248553        6.0392359727336684        4.8574100029191571       0.99979400013953168       0.25783406096325706     
   5.7500000000000009E-005  0.42704986533202405        6.0201497141081237        4.8732190221254967       0.99977449916042493       0.25367749514336618     
   5.7600000000000004E-005  0.42851948845388554        6.0010235844563669        4.8888890952110797       0.99975734486785672       0.24905491767232962     
   5.7700000000000007E-005  0.43012286044801945        5.9818967398465981        4.9043992893885662       0.99974276733714740       0.24398025862290129     
   5.7800000000000002E-005  0.43185218695146643        5.9628126978265383        4.9197273417974783       0.99973093817599346       0.23846904190537163     
   5.7900000000000005E-005  0.43369941819369701        5.9438179658429897        4.9348495356516837       0.99972195824473664       0.23253805056919849     
   5.8000000000000007E-005  0.43565645514501156        5.9249608619752907        4.9497406027566218       0.99971585246474159       0.22620485553770767     
   5.8100000000000003E-005  0.43771534266532136        5.9062906419542927        4.9643736532580416       0.99971257179446071       0.21948729082566987     
   5.8200000000000005E-005  0.43986841743919453        5.8878570308846054        4.9787201381570529       0.99971200144255079       0.21240296329028463     
   5.8300000000000008E-005  0.44210839286452885        5.8697102130147858        4.9927498548285278       0.99971397387008687       0.20496888610319830     
   5.8400000000000003E-005  0.44442838124816419        5.8519012511133486        5.0064310087472874       0.99971828410764085       0.19720130959686377     
   5.8500000000000006E-005  0.44682186883454145        5.8344828030158968        5.0197303442427810       0.99972470483112785       0.18911577976125246     
   5.8600000000000001E-005  0.44928266709393444        5.8175099100934915        5.0326133522811354       0.99973299886975753       0.18072738972746633     
   5.8700000000000004E-005  0.45180486383487234        5.8010405896046056        5.0450445548872205       0.99974292807192922       0.17205113098746108     
   5.8800000000000006E-005  0.45438279278252491        5.7851359925714414        5.0569878559886137       0.99975425891070380       0.16310222700890525     
   5.8900000000000002E-005  0.45701103111233582        5.7698599868024898        5.0684069400776668       0.99976676599561320       0.15389634835900393     
   5.9000000000000004E-005  0.45968442368986207        5.7552781608275181        5.0792656948112196       0.99978023486024048       0.14444965507218996     
   5.9100000000000000E-005  0.46239812448533968        5.7414563756731845        5.0895286328546572       0.99979446500031677       0.13477867069250282     
   5.9200000000000002E-005  0.46514764213984844        5.7284590805744857        5.0991612912309394       0.99980927340274017       0.12490003899642857     
   5.9300000000000005E-005  0.46792887797996657        5.7163476389774353        5.1081305921800730       0.99982449819637065       0.11483023644124563     
   5.9400000000000000E-005  0.47073814911116829        5.7051788855804846        5.1164051562715134       0.99984000173558674       0.10458530853043137     
   5.9500000000000003E-005  0.47357219414829826        5.6950040707426233        5.1239555648413004       0.99985567251738172        9.4180675846277775E-002
   5.9600000000000005E-005  0.47642816293152146        5.6858682689460940        5.1307545736666045       0.99987142561033415        8.3631027330163157E-002
   5.9700000000000001E-005  0.47930359355595104        5.6778102529124919        5.1367772828584846       0.99988720164472655        7.2950295404737214E-002
   5.9800000000000003E-005  0.48219638041487511        5.6708627763161799        5.1420012694586683       0.99990296465267292        6.2151694095698588E-002
   5.9899999999999999E-005  0.48510473637063012        5.6650531706352485        5.1464066896157892       0.99991869918381504        5.1247799175633955E-002
   6.0000000000000002E-005  0.48802715124324131        5.6604041432803029        5.1499763569135952       0.99993440710471382        4.0250650829229691E-002
   6.0100000000000004E-005  0.49096234795075350        5.6569346623470986        5.1526958028756669       0.99995010438185739        2.9171867619443227E-002
   6.0200000000000000E-005  0.49390923700565170        5.6546608237597962        5.1545533250069244       0.99996581802577666        1.8022764144806115E-002
   6.0300000000000002E-005  0.49686686970394883        5.6535966127557788        5.1555400270032781       0.99998158326834796        6.8144714012472385E-003
   6.0400000000000004E-005  0.49983439014126818        5.6537544889999856        5.1556498549071286       0.99999744094997023       -4.4419399564067635E-003
   6.0500000000000000E-005  0.50281098608374231        5.6551457432567087        5.1548796319662591        1.0000134350349912       -1.5735331983104776E-002
   6.0600000000000003E-005  0.50579583866373856        5.6577805920109645        5.1532290938655967        1.0000296101195862       -2.7054365278892455E-002
   6.0699999999999998E-005  0.50878807085004862        5.6616679951285338        5.1507009248136821        1.0000460087696363       -3.8387356465865982E-002
   6.0800000000000001E-005  0.51178669466871118        5.6668152014821498        5.1473007936881077        1.0000626685224714       -4.9722126415316953E-002
   6.0900000000000003E-005  0.51479055724364153        5.6732270493248915        5.1430373880699332        1.0000796184203415       -6.1045840569298675E-002
   6.0999999999999999E-005  0.51779828590147170        5.6809050711951690        5.1379224424259284        1.0000968750219748       -7.2344846114296230E-002
   6.1099999999999994E-005  0.52080823287369360        5.6898464754810707        5.1319707550325750        1.0001144379321616       -8.3604513001635405E-002
   6.1199999999999997E-005  0.52381842058273853        5.7000430987267112        5.1252001864986658        1.0001322850534875       -9.4809092725901781E-002
   6.1299999999999999E-005  0.52682648913368380        5.7114804382532975        5.1176316310104442        1.0001503678502093      -0.10594161106047184     
   6.1400000000000002E-005  0.52982964841183799        5.7241368783136055        5.1092889499904697        1.0001686070962221      -0.11698381492694832     
   6.1500000000000004E-005  0.53282463796038815        5.7379832119222955        5.1001988570845018        1.0001868895599266      -0.12791619114707992     
   6.1599999999999993E-005  0.53580769825656571        5.7529825343121370        5.0903907438568936        1.0002050660384842      -0.13871807059669303     
   6.1699999999999995E-005  0.53877455664238716        5.7690905448936292        5.0798964377782605        1.0002229509996174      -0.14936782096718212     
   6.1799999999999998E-005  0.54172042945891508        5.7862562481847437        5.0687498882746116        1.0002403238605890      -0.15984311740858229     
   6.1900000000000000E-005  0.54464003867032751        5.8044229970017787        5.0569867826456587        1.0002569317422882      -0.17012126363447735     
   6.2000000000000003E-005  0.54752763709351893        5.8235297765757119        5.0446441006506140        1.0002724934360145      -0.18017951720183220     
   6.2100000000000005E-005  0.55037703276801431        5.8435125805285022        5.0317596228270016        1.0002867043984658      -0.18999535606616433     
   6.2200000000000008E-005  0.55318160219335621        5.8643057218302550        5.0183714140481168        1.0002992425435626      -0.19954662022480904     
   6.2300000000000010E-005  0.55593428470202066        5.8858429583752363        5.0045173092111961        1.0003097751666616      -0.20881148356932644     
   6.2400000000000012E-005  0.55862755248053197        5.9080583778978104        4.9902344297901386        1.0003179681175112      -0.21776826544696129     
   6.2500000000000015E-005  0.56125335674145616        5.9308870634729542        4.9755587575268585        1.0003234984813032      -0.22639515861739518     
   6.2600000000000004E-005  0.56380306416224135        5.9542656196062502        4.9605247850318310        1.0003260711831086      -0.23466999224090310     
   6.2700000000000006E-005  0.56626741324165253        5.9781326561201995        4.9451652542510551        1.0003254385158289      -0.24257014616061270     
   6.2800000000000009E-005  0.56863652999522063        6.0024292976088800        4.9295109841399674        1.0003214202781032      -0.25007269044419334     
   6.2900000000000011E-005  0.57090003615512841        6.0270997291467605        4.9135907802523322        1.0003139217627315      -0.25715476643436697     
   6.3000000000000013E-005  0.57304725569877468        6.0520917392082483        4.8974314123193645        1.0003029467869862      -0.26379417506150371     
   6.3100000000000002E-005  0.57506748566012578        6.0773572019356443        4.8810576428955681        1.0002886028969209      -0.26997009185368398     
   6.3200000000000005E-005  0.57695026496133517        6.1028524586665709        4.8644922934226242        1.0002710947875293      -0.27566375876260957     
   6.3300000000000007E-005  0.57868557784185648        6.1285385854368171        4.8477563443100964        1.0002507020184237      -0.28085891744156494     
   6.3400000000000010E-005  0.58026396997613894        6.1543815409493892        4.8308690794959848        1.0002277417912371      -0.28554171960270325     
   6.3500000000000012E-005  0.58167659053542242        6.1803521831896315        4.8138482938652025        1.0002025267767884      -0.28970000578746841     
   6.3600000000000014E-005  0.58291519416752235        6.2064261341058673        4.7967105747899401        1.0001753336728569      -0.29332215031407621     
   6.3700000000000003E-005  0.58397214901947136        6.2325834834712701        4.7794716460318591        1.0001463959481862      -0.29639596673170149     
   6.3800000000000006E-005  0.58484050053369896        6.2588083505252854        4.7621467324340028        1.0001159232455838      -0.29890825466851551     
   6.3900000000000008E-005  0.58551412791979607        1.9030382400213597E-003   4.7447508826130180        1.0000841370155362      -0.30084535971561571     
   6.4000000000000011E-005  0.58598799503097487        2.8228669937577777E-002   4.7272991866300380        1.0000513043921109      -0.30219470681747024     
   6.4100000000000013E-005  0.58625845093202056        5.4592730738131756E-002   4.7098068507610531        1.0000177531054373      -0.30294683085819718     
   6.4200000000000002E-005  0.58632348897608411        8.0989660716915601E-002   4.6922891351569165       0.99998386010834561      -0.30309717542092646     
   6.4300000000000004E-005  0.58618287186195994       0.10741486999888572        4.6747612066540594       0.99995001813976780      -0.30264696615353104     
   6.4400000000000007E-005  0.58583808504087920       0.13386398024392765        4.6572379900932921       0.99991659661792165      -0.30160279609355206     
   6.4500000000000009E-005  0.58529214558619158       0.16033194982250709        4.6397341029763943       0.99988391710052327      -0.29997508539061707     
   6.4600000000000012E-005  0.58454933765770434       0.18681207545473377        4.6222639286238492       0.99985225620265084      -0.29777604897592919     
   6.4700000000000001E-005  0.58361496004619828       0.21329490802347362        4.6048418356964982       0.99982187249361654      -0.29501796225258164     
   6.4800000000000003E-005  0.58249515961252929       0.23976715930243220        4.5874825089191882       0.99979304076559472      -0.29171227825356566     
   6.4900000000000005E-005  0.58119688139704573       0.26621069624270977        4.5702013333679368       0.99976607624631475      -0.28786972350463924     
   6.5000000000000008E-005  0.57972789409885406       0.29260171926210443        4.5530147744195739       0.99974133873037196      -0.28350114679645594     
   6.5100000000000010E-005  0.57809681369328603       0.31891020186261709        4.5359407106488687       0.99971921438585210      -0.27861869295134611     
   6.5199999999999999E-005  0.57631305884904316       0.34509964370508506        4.5189986985530055       0.99970008059946602      -0.27323684507541113     
   6.5300000000000002E-005  0.57438671018141718       0.37112715862393664        4.5022101678919348       0.99968426323491910      -0.26737298895577372     
   6.5400000000000004E-005  0.57232828728772223       0.39694388162559768        4.4855985601446191       0.99967199709892873      -0.26104733604788027     
   6.5500000000000006E-005  0.57014848312704891       0.42249563283934766        4.4691894283314859       0.99966339905354284      -0.25428224366373819     
   6.5600000000000009E-005  0.56785789799907038       0.44772373225215478        4.4530105122204144       0.99965845975688294      -0.24710116229677476     
   6.5700000000000011E-005  0.56546680639081803       0.47256582563596350        4.4370917900119755       0.99965705358360679      -0.23952753517206810     
   6.5800000000000000E-005  0.56298498939736663       0.49695657635896318        4.4214654917573029       0.99965896091449902      -0.23158393630984708     
   6.5900000000000003E-005  0.56042165683167555       0.52082812736489092        4.4061660494299524       0.99966389620690077      -0.22329161841111900     
   6.6000000000000005E-005  0.55778545401034585       0.54411034707116102        4.3912299574279627       0.99967153614443227      -0.21467052124023234     
   6.6100000000000007E-005  0.55508452038853573       0.56673100136268850        4.3766955243146475       0.99968154331577530      -0.20573967802885079     
   6.6200000000000010E-005  0.55232655643069606       0.58861607935055638        4.3626025096543115       0.99969358244458084      -0.19651785255761528     
   6.6299999999999999E-005  0.54951886518332371       0.60969049684892518        4.3489916562579207       0.99970732880727287      -0.18702417725978743     
   6.6400000000000001E-005  0.54666835679548353       0.62987930673867965        4.3359041446426208       0.99972247111744372      -0.17727857505524594     
   6.6500000000000004E-005  0.54378152396596890       0.64910939917106703        4.3233810087411584       0.99973871259694547      -0.16730183871570975     
   6.6600000000000006E-005  0.54086440582227002       0.66731153026429624        4.3114625560428061       0.99975577343302946      -0.15711537435370568     
   6.6700000000000009E-005  0.53792255574353021       0.68442242113084806        4.3001878305187438       0.99977339586559377      -0.14674072769116250     
   6.6799999999999997E-005  0.53496102011900870       0.70038664120707583        4.2895941446756707       0.99979135088623994      -0.13619906057140330     
   6.6900000000000000E-005  0.53198433003345158       0.71515802797861738        4.2797166929090675       0.99980944435201957      -0.12551071569499778     
   6.7000000000000002E-005  0.52899650558934075       0.72870048600487181        4.2705882467056915       0.99982752075939807      -0.11469494001825353     
   6.7100000000000005E-005  0.52600107157500509       0.74098810278890603        4.2622389241628715       0.99984546377771644      -0.10376977368901702     
   6.7200000000000007E-005  0.52300108283729052       0.75200460891345422        4.2546960224019692       0.99986319373790167       -9.2752071306022560E-002
   6.7299999999999996E-005  0.51999915767073912       0.76174229048948749        4.2479839012280962       0.99988066296102240       -8.1657606679128567E-002
   6.7399999999999998E-005  0.51699751757722301       0.77020051690515512        4.2421239078803676       0.99989785003099407       -7.0501215543995369E-002
   6.7500000000000001E-005  0.51399803183037251       0.77738406880205790        4.2371343344807206       0.99991475397844631       -5.9296943677325062E-002
   6.7600000000000003E-005  0.51100226542207694       0.78330144251881606        4.2330304011117788       0.99993138902048362       -4.8058182156139245E-002
   6.7700000000000006E-005  0.50801152916485293       0.78796327645853648        4.2298242581613215       0.99994778015764441       -3.6797784307753600E-002
   6.7800000000000008E-005  0.50502693095530149       0.79138100406668421        4.2275250019412658       0.99996395968112617       -2.5528166448054432E-002
   6.7899999999999997E-005  0.50204942744818315       0.79356579803272442        4.2261386979003710       0.99997996447595983       -1.4261398192080412E-002
   6.7999999999999999E-005  0.49907987562465245       0.79452783911921632        4.2256684063722387       0.99999583394307823       -3.0092879817218690E-003
   6.8100000000000002E-005  0.49611908397108029       0.79427592014613957        4.2261142066515021        1.0000116083219277        8.2165316292975646E-003
   6.8200000000000004E-005  0.49316786313030769       0.79281738354353859        4.2274732164212478        1.0000273272210598        1.9404516623171279E-002
   6.8300000000000007E-005  0.49022707592720499       0.79015838660536808        4.2297396051352640        1.0000430281936019        3.0543122160978459E-002
   6.8399999999999996E-005  0.48729768661413225       0.78630448637134887        4.2329046017154459        1.0000587452165337        4.1620712889213554E-002
   6.8499999999999998E-005  0.48438080904579989       0.78126153094436557        4.2369564986779569        1.0000745069446224        5.2625474833032530E-002
   6.8600000000000000E-005  0.48147775331392240       0.77503683206215257        4.2418806563586564        1.0000903346120305        6.3545329373362602E-002
   6.8700000000000003E-005  0.47859007020508509       0.76764057279767695        4.2476595120912091        1.0001062394536446        7.4367846670500212E-002
   6.8800000000000005E-005  0.47571959277123405       0.75908737558681594        4.2542725999108839        1.0001222195331365        8.5080151687693381E-002
   6.8899999999999994E-005  0.47286847436215479       0.74939792080247170        4.2616965865178251        1.0001382558963867        9.5668812216958873E-002
   6.8999999999999997E-005  0.47003922258585640       0.73860046716487560        4.2699053289741133        1.0001543080890662       0.10611970042294243     
   6.9099999999999999E-005  0.46723472874795385       0.72673209391257565        4.2788699594558510        1.0001703093566690       0.11641782834716928     
   6.9200000000000002E-005  0.46445829220364299       0.71383947046261120        4.2885590029251759        1.0001861622044146       0.12654717776354871     
   6.9300000000000004E-005  0.46171363852147812       0.69997897147936339        4.2989385351333249        1.0002017354069133       0.13649057146394042     
   6.9399999999999993E-005  0.45900492939536042       0.68521600367732649        4.3099723907824545        1.0002168637153408       0.14622965682224612     
   6.9500000000000009E-005  0.45633676124523320       0.66962350054700881        4.3216224337499618        1.0002313511535919       0.15574507569120605     
   6.9600000000000011E-005  0.45371414925427411       0.65327966900495937        4.3338489008176886        1.0002449778339018       0.16501686130800214     
   6.9700000000000014E-005  0.45114249521253325       0.63626522106458339        4.3466108250485247        1.0002575087383343       0.17402502800509539     
   6.9800000000000016E-005  0.44862754145927847       0.61866046065698210        4.3598665333982627        1.0002687017599994       0.18275022337847474     
   6.9900000000000005E-005  0.44617531878244299       0.60054267445067833        4.3735741969198072        1.0002783122363301       0.19117423954004423     
   7.0000000000000007E-005  0.44379210109619149       0.58198425443536639        4.3876923954353950        1.0002860929529884       0.19928018092276056     
   7.0100000000000010E-005  0.44148438124799072       0.56305184034159428        4.4021806486361506        1.0002917915423988       0.20705218583889498     
   7.0200000000000012E-005  0.43925887817231229       0.54380653552484048        4.4169998674442859        1.0002951500400468       0.21447477444155960     
   7.0300000000000015E-005  0.43712257456441583       0.52430498610362086        4.4321126945349736        1.0002959118838572       0.22153206875860146     
   7.0400000000000004E-005  0.43508276696805420       0.50460090571652927        4.4474837261140836        1.0002938391765905       0.22820721007619602     
   7.0500000000000006E-005  0.43314709502736232       0.48474654620254398        4.4630796297084148        1.0002887383368557       0.23448223312641253     
   7.0600000000000008E-005  0.43132351301592886       0.46479367966871354        4.4788691862325827        1.0002804881995921       0.24033848121827270     
   7.0700000000000011E-005  0.42962017894537102       0.44479383475027134        4.4948232852650394        1.0002690625333739       0.24575743969008587     
   7.0800000000000013E-005  0.42804526161062217       0.42479774697962203        4.5109148923720630        1.0002545408243888       0.25072172670629905     
   7.0900000000000002E-005  0.42660669402746776       0.40485416300283372        4.5271189926215003        1.0002371046915837       0.25521595388300533     
   7.1000000000000005E-005  0.42531192107082877       0.38500823781046289        4.5434125017809963        1.0002170215204078       0.25922724353038989     
   7.1100000000000007E-005  0.42416769216791250       0.36529978119065820        4.5597741309952697        1.0001946200561800       0.26274532028329967     
   7.1200000000000009E-005  0.42317993427259609       0.34576157525233153        4.5761841933067062        1.0001702633462564       0.26576221865937749     
   7.1300000000000012E-005  0.42235371233523200       0.32641793820175202        4.5926243493967434        1.0001443238278986       0.26827172740174848     
   7.1400000000000014E-005  0.42169325386019135       0.30728367549982760        4.6090773016151303        1.0001171638553437       0.27026872290754494     
   7.1500000000000003E-005  0.42120199591256025       0.28836354277898391        4.6255264565380019        1.0000891243274923       0.27174855521560287     
   7.1600000000000006E-005  0.42088261176936981       0.26965232895413926        4.6419555857382244        1.0000605225804851       0.27270666034116503     
   7.1700000000000008E-005  0.42073698777887558       0.25113563585735399        4.6583485198681629        1.0000316581675042       0.27313853630125906     
   7.1800000000000011E-005  0.42076614591682721       0.23279137346041434        4.6746889102949511        1.0000028231511655       0.27304014545375754     
   7.1900000000000013E-005  0.42097013373184133       0.21459190796803895        4.6909600842365560       0.99997431149172011       0.27240868777053734     
   7.2000000000000002E-005  0.42134792002220045       0.19650670827976224        4.7071450032252704       0.99994642203219075       0.27124355139213563     
   7.2100000000000004E-005  0.42189733579486560       0.17850525704257425        4.7232263130335870       0.99991945209520150       0.26954714544749697     
   7.2200000000000007E-005  0.42261508583823720       0.16055994802470774        4.7391864516051534       0.99989368319666316       0.26732532146829596     
   7.2300000000000009E-005  0.42349683374667002       0.14264869464648910        4.7550077676075100       0.99986936454094411       0.26458721285603432     
   7.2400000000000012E-005  0.42453734248466019       0.12475702455449422        4.7706726015423682       0.99984670156715383       0.26134452696358951     
   7.2500000000000000E-005  0.42573064161636259       0.10687951726534628        4.7861632949713773       0.99982585475593655       0.25761052519237154     
   7.2600000000000003E-005  0.42707019422262582        8.9020528976317514E-002   4.8014621169570564       0.99980694930205305       0.25339903950238357     
   7.2700000000000005E-005  0.42854904663212084        7.1194223845731486E-002   4.8165511220816049       0.99979009098338512       0.24872384341738596     
   7.2800000000000008E-005  0.43015995397965695        5.3423989067776567E-002   4.8314119723743856       0.99977538051183434       0.24359853262134012     
   7.2900000000000010E-005  0.43189548181658260        3.5741352746842203E-002   4.8460257607758237       0.99976291966711706       0.23803685674747696     
   7.2999999999999999E-005  0.43374808756688632        1.8184553692866423E-002   4.8603728664943828       0.99975280628350993       0.23205327312902913     
   7.3100000000000001E-005  0.43571018712328385        7.9693060707164420E-004   4.8744328575037930       0.99974512024036688       0.22566343302174643     
   7.3200000000000004E-005  0.43777421288963769        6.2668106073639320        4.8881844393815044       0.99973990612179142       0.21888437334424640     
   7.3300000000000006E-005  0.43993266983546980        6.2499037824575652        4.9016054388396171       0.99973715912848826       0.21173432984737409     
   7.3400000000000009E-005  0.44217819462404073        6.2333113458139824        4.9146728077428801       0.99973681878044440       0.20423224079675040     
   7.3500000000000011E-005  0.44450361928679022        6.2170827488423841        4.9273626382323998       0.99973877161022873       0.19639710936207633     
   7.3600000000000000E-005  0.44690203644246607        6.2012667564923909        4.9396501883135260       0.99974286100543197       0.18824741494365499     
   7.3700000000000002E-005  0.44936685970121737        6.1859112156264313        4.9515099256436494       0.99974890075915646       0.17980071827576208     
   7.3800000000000005E-005  0.45189187234351247        6.1710630885773492        4.9629156020406393       0.99975668869593193       0.17107352331374895     
   7.3900000000000007E-005  0.45447125965300661        6.1567686671977908        4.9738403708865180       0.99976601795352049       0.16208137737327452     
   7.4000000000000010E-005  0.45709962411674387        6.1430738661724700        4.9842569549002560       0.99977668491043259       0.15283913147702988     
   7.4099999999999999E-005  0.45977198644649292        6.1300244897368508        4.9941378640657534       0.99978849402249170       0.14336125861205803     
   7.4200000000000001E-005  0.46248377740527447        6.1176663848148722        5.0034556563104973       0.99980126054690532       0.13366213646193731     
   7.4300000000000004E-005  0.46523082526692561        6.1060454266993398        5.0121832279493219       0.99981481226006264       0.12375623124012318     
   7.4400000000000006E-005  0.46800934220333829        6.0952073165239495        5.0202941176828011       0.99982899105850831       0.11365815816344199     
   7.4500000000000008E-005  0.47081591100867587        6.0851972064218884        5.0277628079430547       0.99984365482209070       0.10338263045147415     
   7.4599999999999997E-005  0.47364747197533286        6.0760591981864360        5.0345650099953003       0.99985867946825591        9.2944333235680465E-002
   7.4700000000000000E-005  0.47650130870701768        6.0678357779526255        5.0406779232413053       0.99987396084110536        8.2357767548591559E-002
   7.4800000000000002E-005  0.47937503133245785        6.0605672514357849        5.0460804635328795       0.99988941600000714        7.1637105459405631E-002
   7.4900000000000005E-005  0.48226655577056782        6.0542912336112904        5.0507534591165362       0.99990498361987612        6.0796086235802786E-002
   7.5000000000000007E-005  0.48517407817190700        6.0490422285289442        5.0546798156255459       0.99992062336552512        4.9847967332854681E-002
   7.5099999999999996E-005  0.48809604423839714        6.0448513158767359        5.0578446533343806       0.99993631427220442        3.8805533158190651E-002
   7.5199999999999998E-005  0.49103111360405921        6.0417459404170994        5.0602354204828428       0.99995205232856510        2.7681154515227846E-002
   7.5300000000000001E-005  0.49397811981400819        6.0397497831498779        5.0618419862767192       0.99996784747896439        1.6486888474043233E-002
   7.5400000000000003E-005  0.49693602660947156        6.0388826870391359        5.0626567167680774       0.99998372021523008        5.2346072256314879E-003
   7.5500000000000006E-005  0.49990388127433838        6.0391606093472632        5.0626745360664023       0.99999969789588716       -6.0638542665936495E-003
   7.5600000000000008E-005  0.50288076579825458        6.0405955765625787        5.0618929744093313        1.0000158108752943       -1.7396539977758221E-002
   7.5699999999999997E-005  0.50586574660140671        6.0431956255127472        5.0603122036173014        1.0000320884836311       -2.8751210429822378E-002
   7.5799999999999999E-005  0.50885782358045428        6.0469647239126996        5.0579350593968062        1.0000485548819504       -4.0115181980172630E-002
   7.5900000000000002E-005  0.51185587928118770        6.0519026737487396        5.0547670488590173        1.0000652248286375       -5.1475173858284935E-002
   7.6000000000000004E-005  0.51485862906048163        6.0580050091414819        5.0508163404538697        1.0000820994517787       -6.2817170437056008E-002
   7.6100000000000007E-005  0.51786457312888923        6.0652629051907159        5.0460937323027624        1.0000991621806228       -7.4126308836612767E-002
   7.6199999999999995E-005  0.52087195132664732        6.0736631271293540        5.0406125942746529        1.0001163749726305       -8.5386804772925221E-002
   7.6299999999999998E-005  0.52387870129446468        6.0831880525936075        5.0343887785107508        1.0001336751557302       -9.6581930833577467E-002
   7.6400000000000000E-005  0.52688242031007182        6.0938157923715677        5.0274404926285570        1.0001509732242970      -0.10769406100917121     
   7.6500000000000003E-005  0.52988033048903271        6.1055204255971729        5.0197881303120786        1.0001681518506884      -0.11870478740084101     
   7.6600000000000005E-005  0.53286924633542854        6.1182723507798675        5.0114540555977127        1.0001850661946459      -0.12959510318468251     
   7.6699999999999994E-005  0.53584554297624210        6.1320387349741310        5.0024623402319968        1.0002015453582001      -0.14034562507831957     
   7.6799999999999997E-005  0.53880512308953921        6.1467840226015973        4.9928384580311294        1.0002173945183472      -0.15093680672291421     
   7.6900000000000013E-005  0.54174338092955665        6.1624704479841625        4.9826089459692895        1.0002323971448766      -0.16134907815704747     
   7.7000000000000015E-005  0.54465516347032261        6.1790584899026451        4.9718010478210983        1.0002463168810125      -0.17156284669478436     
   7.7100000000000004E-005  0.54753473183962542        6.1965072193701873        4.9604423612523432        1.0002588991906862      -0.18155831991565322     
   7.7200000000000006E-005  0.55037573049673449        6.2147745140323494        4.9485605110059732        1.0002698738247187      -0.19131516357691572     
   7.7300000000000009E-005  0.55317117418533157        6.2338171446011588        4.9361828676961821        1.0002789599902089      -0.20081207665113116     
   7.7400000000000011E-005  0.55591346201378233        6.2535907712312921        4.9233363233467138        1.0002858765533615      -0.21002643280713301     
   7.7500000000000014E-005  0.55859442377367718        6.2740499111148145        4.9100471224985567        1.0002903585928402      -0.21893416930143303     
   7.7600000000000016E-005  0.56120539608095543        1.1962644873728223E-002   4.8963407355155910        1.0002921795816953      -0.22751007664153991     
   7.7700000000000005E-005  0.56373731803598770        3.3651984146849223E-002   4.8822417532022762        1.0002911750012586      -0.23572853760563853     
   7.7800000000000007E-005  0.56618083165930144        5.5884366219435044E-002   4.8677737838144823        1.0002872601742434      -0.24356459777948497     
   7.7900000000000010E-005  0.56852637359972302        7.8611473370941987E-002   4.8529593458550044        1.0002804342636147      -0.25099507465307647     
   7.8000000000000012E-005  0.57076424991862273       0.10178578672362093        4.8378197689322908        1.0002707656143133      -0.25799931438008045     
   7.8100000000000015E-005  0.57288469058909064       0.12536168279630644        4.8223751317359156        1.0002583607770814      -0.26455926499617477     
   7.8200000000000003E-005  0.57487788038504084       0.14929667506595123        4.8066442710312405        1.0002433276188605      -0.27065877080327450     
   7.8300000000000006E-005  0.57673396759919571       0.17355267621269732        4.7906448836499447        1.0002257467881444      -0.27628232011796788     
   7.8400000000000008E-005  0.57844307541195283       0.19809714774731457        4.7743937178541218        1.0002056630487124      -0.28141373569781741     
   7.8500000000000011E-005  0.57999536211274738       0.22290401456385389        4.7579068203616961        1.0001831001786761      -0.28603537149949243     
   7.8600000000000013E-005  0.58138117921018595       0.24795424840957558        4.7411997830933039        1.0001580937501191      -0.29012822790656867     
   7.8700000000000002E-005  0.58259135194409251       0.27323605590311040        4.7242879286411776        1.0001307289640264      -0.29367307306823376     
   7.8800000000000004E-005  0.58361755879418875       0.29874463177635580        4.7071863886501468        1.0001011691665165      -0.29665228305789626     
   7.8900000000000007E-005  0.58445273449842228       0.32448145384242544        4.6899100607809592        1.0000696652513263      -0.29905183869758556     
   7.9000000000000009E-005  0.58509138987092213       0.35045311113835886        4.6724734677050330        1.0000365440546712      -0.30086284705386351     
   7.9100000000000012E-005  0.58552975814201802       0.37666967725485190        4.6548905741951536        1.0000021812090760      -0.30208210403456826     
   7.9200000000000001E-005  0.58576574926365366       0.40314267036703466        4.6371746381368890       0.99996696866375956      -0.30271149409685461     
   7.9300000000000003E-005  0.58579875598482756       0.42988268564647214        4.6193381715347748       0.99993129099925415      -0.30275640396805514     
   7.9400000000000006E-005  0.58562938924000574       0.45689685078308440        4.6013930655789315       0.99989552107680268      -0.30222367961966118     
   7.9500000000000008E-005  0.58525922990601198       0.48418631510133636        4.5833508957093301       0.99986003642255294      -0.30111981135685834     
   7.9600000000000010E-005  0.58469067354809712       0.51174401846481565        4.5652233808502158       0.99982524765406422      -0.29944992595062442     
   7.9700000000000013E-005  0.58392691885051151       0.53955299435000725        4.5470229384524812       0.99979162449377401      -0.29721785580990123     
   7.9800000000000002E-005  0.58297210597429883       0.56758543769310332        4.5287632619105809       0.99975970569733963      -0.29442718755064329     
   7.9900000000000004E-005  0.58183154687530059       0.59580270860120166        4.5104598505488713       0.99973008559597742      -0.29108291716187018     
   8.0000000000000007E-005  0.58051191501771304       0.62415633382804803        4.4921304410194987       0.99970337576207591      -0.28719321906955764     
   8.0100000000000009E-005  0.57902126576441015       0.65258988434053133        4.4737953225716058       0.99968014278662642      -0.28277073694881838     
   8.0200000000000011E-005  0.57736884695435586       0.68104137388750807        4.4554775614257505       0.99966083541518524      -0.27783283396944602     
   8.0300000000000000E-005  0.57556475608316715       0.70944560056482064        4.4372031895021129       0.99964572456636280      -0.27240057533831341     
   8.0400000000000003E-005  0.57361955206100335       0.73773573498180767        4.4190014093948946       0.99963487984294674      -0.26649675812518819     
   8.0500000000000005E-005  0.57154392309633251       0.76584354959649126        4.4009048268195796       0.99962819216280563      -0.26014379393229481     
   8.0600000000000008E-005  0.56934845864064310       0.79369803245118042        4.3829496620027166       0.99962543139987869      -0.25336238838745934     
   8.0700000000000010E-005  0.56704351049878843       0.82122265641688763        4.3651758449593228       0.99962631013752012      -0.24617157303398579     
   8.0799999999999999E-005  0.56463910314751209       0.84833212422404447        4.3476268978427521       0.99963052366662919      -0.23858987508575905     
   8.0900000000000001E-005  0.56214485716492069       0.87492975542823004        4.3303495589318288       0.99963775546119626      -0.23063677585433526     
   8.1000000000000004E-005  0.55956991298524328       0.90090665998263120        4.3133931824175971       0.99964766001415950      -0.22233350233796101     
   8.1100000000000006E-005  0.55692287006606167       0.92614345183672508        4.2968090134148467       0.99965984732143132      -0.21370265304262145     
   8.1200000000000009E-005  0.55421177043996495       0.95051462648079887        4.2806494542489739       0.99967388866105089      -0.20476687668668847     
   8.1300000000000011E-005  0.55144414496133121       0.97389504989961750        4.2649674013398631       0.99968934666148557      -0.19554734849200930     
   8.1400000000000000E-005  0.54862710992246577       0.99616747663384331        4.2498156683321211       0.99970581745018905      -0.18606285648017115     
   8.1500000000000002E-005  0.54576747186071750        1.0172297884770751        4.2352464562810486       0.99972296636808278      -0.17632995067939150     
   8.1600000000000005E-005  0.54287179199356983        1.0370007312701794        4.2213108127024537       0.99974054340684615      -0.16636404412405581     
   8.1700000000000007E-005  0.53994637936172452        1.0554232705300901        4.2080580429039411       0.99975837600245887      -0.15618091778952148     
   8.1800000000000010E-005  0.53699721421273428        1.0724651898803890        4.1955350815245440       0.99977634706702567      -0.14579797220594684     
   8.1899999999999999E-005  0.53402983095584067        1.0881170965949059        4.1837858739530276       0.99979437033840113      -0.13523477988527474     
   8.2000000000000001E-005  0.53104920119744614        1.1023884454144062        4.1728508363656607       0.99981237231537001      -0.12451284536689995     
   8.2100000000000003E-005  0.52805965177850711        1.1153024501707929        4.1627664551273966       0.99983028430032528      -0.11365477532385052     
   8.2200000000000006E-005  0.52506483646607371        1.1268907896802878        4.1535650592296545       0.99984804298713514      -0.10268320105853067     
   8.2300000000000008E-005  0.52206776174255065        1.1371888526104614        4.1452747660891456       0.99986559538901132       -9.1619778005644401E-002
   8.2399999999999997E-005  0.51907085391455010        1.1462319891505448        4.1379195733712999       0.99988290392437429       -8.0484472445579755E-002
   8.2500000000000000E-005  0.51607604929999862        1.1540529450983295        4.1315195540453846       0.99989994908755375       -6.9295207725201535E-002
   8.2600000000000002E-005  0.51308489050521711        1.1606804187668063        4.1260911089802192       0.99991672904839790       -5.8067833643473107E-002
   8.2700000000000004E-005  0.51009861682474966        1.1661385334453849        4.1216472374220823       0.99993325682651313       -4.6816322840330750E-002
   8.2800000000000007E-005  0.50711824258478122        1.1704469539143982        4.1181977958489302       0.99994955629529858       -3.5553090183554237E-002
   8.2899999999999996E-005  0.50414462201679078        1.1736213738443695        4.1157497262800078       0.99996565816396243       -2.4289344583914910E-002
   8.2999999999999998E-005  0.50117850222391036        1.1756741361113203        4.1143072434281969       0.99998159667785746       -1.3035421415919483E-002
   8.3100000000000001E-005  0.49822056712712515        1.1766148048813507        4.1138719759694373       0.99999740734553466       -1.8010682077652951E-003
   8.3200000000000003E-005  0.49527147550693557        1.1764505679061097        4.1144430605729321        1.0000131256128264        9.4043157940157333E-003
   8.3300000000000005E-005  0.49233189600142185        1.1751864032494845        4.1160171886922798        1.0000287861320034        2.0571470527379808E-002
   8.3400000000000008E-005  0.48940254163259134        1.1728249966687070        4.1185886064403272        1.0000444221684355        3.1691072786638630E-002
   8.3499999999999997E-005  0.48648420631079331        1.1693664459365847        4.1221490677447123        1.0000600646735951        4.2753515012783593E-002
   8.3599999999999999E-005  0.48357780582014709        1.1648078382961087        4.1266877410500884        1.0000757406280196        5.3748643806055103E-002
   8.3700000000000002E-005  0.48068442583488064        1.1591428376724133        4.1321910706587746        1.0000914704168673        6.4665446415637970E-002
   8.3800000000000004E-005  0.47780537919361210        1.1523614658358134        4.1386425962553819        1.0001072643360627        7.5491695822950483E-002
   8.3900000000000006E-005  0.47494227343524892        1.1444502992433661        4.1460227389948479        1.0001231186173509        8.6213590861754313E-002
   8.3999999999999995E-005  0.47209708712777326        1.1353933153444187        4.1543085697864228        1.0001390119411941        9.6815464883859795E-002
   8.4099999999999998E-005  0.46927224960279551        1.1251735995294752        4.1634735855428202        1.0001549036234265       0.10727966655107139     
   8.4200000000000014E-005  0.46647071399229667        1.1137760473432152        4.1734875298417924        1.0001707347207738       0.11758672886753806     
   8.4300000000000016E-005  0.46369600937814626        1.1011910522763984        4.1843163024837100        1.0001864324725804       0.12771591071989913     
   8.4400000000000005E-005  0.46095225672526940        1.0874189624679600        4.1959220028554141        1.0002019169220209       0.13764610750378944     
   8.4500000000000008E-005  0.45824413746388487        1.0724748485866025        4.2082631401533037        1.0002171065559913       0.14735698454407825     
   8.4600000000000010E-005  0.45557681413990864        1.0563929036872040        4.2212950177533504        1.0002319183895207       0.15683003173515297     
   8.4700000000000012E-005  0.45295581748843761        1.0392296624525983        4.2349702637014994        1.0002462585619529       0.16604914879194840     
   8.4800000000000015E-005  0.45038692807865693        1.0210652429001854        4.2492394458151308        1.0002600030962887       0.17500043496786324     
   8.4900000000000004E-005  0.44787608610223356        1.0020020096228395        4.2640516935334940        1.0002729743237015       0.18367111303705777     
   8.5000000000000006E-005  0.44542935509913517       0.98216042936302994        4.2793552615188153        1.0002849239507343       0.19204790415448036     
   8.5100000000000009E-005  0.44305294517935295       0.96167239363376922        4.2950980123343454        1.0002955342311237       0.20011550479561402     
   8.5200000000000011E-005  0.44075327680901105       0.94067283461631579        4.3112278497980530        1.0003044422368847       0.20785587722552840     
   8.5300000000000013E-005  0.43853705012459954       0.91929093692108221        4.3276931719545386        1.0003112804714152       0.21524874403056243     
   8.5400000000000016E-005  0.43641128603036128       0.89764249109185812        4.3444434081439081        1.0003157171541168       0.22227309303133971     
   8.5500000000000005E-005  0.43438332358106074       0.87582480554243869        4.3614296545208546        1.0003174783095004       0.22890896084017176     
   8.5600000000000007E-005  0.43246078019138412       0.85391504804417195        4.3786053502556683        1.0003163441214704       0.23513860322614358     
   8.5700000000000010E-005  0.43065148868761077       0.83197205442293587        4.3959268822756368        1.0003121282978167       0.24094649454998318     
   8.5800000000000012E-005  0.42896341766456841       0.81004079363622772        4.4133540035281369        1.0003046612941784       0.24631826581928534     
   8.5900000000000014E-005  0.42740456704321855       0.78815811879896547        4.4308500030587803        1.0002937973559445       0.25123929758042240     
   8.6000000000000003E-005  0.42598282118155334       0.76635832081608335        4.4483816480682563        1.0002794513546258       0.25569389490949657     
   8.6100000000000006E-005  0.42470574614804230       0.74467729882011291        4.4659189849895373        1.0002616520024155       0.25966565899270405     
   8.6200000000000008E-005  0.42358033824002322       0.72315469393225396        4.4834351042720080        1.0002405851520073       0.26313901495007136     
   8.6300000000000011E-005  0.42261275886570798       0.70183389340296998        4.5009059381207308        1.0002166034932027       0.26610123657647483     
   8.6400000000000013E-005  0.42180811110624933       0.68076025572720766        4.5183100970426491        1.0001901937060762       0.26854404289333750     
   8.6500000000000002E-005  0.42117031154681295       0.65997817285558913        4.5356286957790584        1.0001619114227216       0.27046402634666189     
   8.6600000000000004E-005  0.42070208583505331       0.63952766861060883        4.5528450983184516        1.0001323080124085       0.27186168581578896     
   8.6700000000000007E-005  0.42040508214302358       0.61944117258785880        4.5699445319101519        1.0001018760283797       0.27273944136497863     
   8.6800000000000009E-005  0.42028006543795282       0.59974095794334659        4.5869135695264935        1.0000710300267985       0.27309944067225905     
   8.6900000000000012E-005  0.42032713100865848       0.58043754421326987        4.6037395349938901        1.0000401221507627       0.27294202318428057     
   8.7000000000000001E-005  0.42054586557364848       0.56152919430311243        4.6204099201256579        1.0000094770623127       0.27226539047524989     
   8.7100000000000003E-005  0.42093539628434162       0.54300250376417214        4.6369119058407655       0.99997942522324768       0.27106652439210299     
   8.7200000000000005E-005  0.42149430449736064       0.52483398795010672        4.6532320516001615       0.99995031805668999       0.26934293286461092     
   8.7300000000000008E-005  0.42222043219377164       0.50699250177558142        4.6693561724338588       0.99992251911865349       0.26709455438933150     
   8.7400000000000010E-005  0.42311065372918416       0.48944226513852573        4.6852693777334942       0.99989637694637723       0.26432518768316976     
   8.7500000000000013E-005  0.42416070368770392       0.47214621465590856        4.7009562147841741       0.99987219191002863       0.26104305987409770     
   8.7600000000000002E-005  0.42536513427539258       0.45506937175528783        4.7164008491675551       0.99985018989063823       0.25726047676793584     
   8.7700000000000004E-005  0.42671743042901589       0.43818192429397040        4.7315872226567501       0.99983051154693359       0.25299278889179799     
   8.7800000000000006E-005  0.42821025732868856       0.42146176782009892        4.7464991506434124       0.99981321866160111       0.24825706541689505     
   8.7900000000000009E-005  0.42983577495411890       0.40489633390590907        4.7611203465493768       0.99979831313452205       0.24307086880077317     
   8.8000000000000011E-005  0.43158594306687220       0.38848362690250582        4.7754343821005554       0.99978576083361337       0.23745140147752544     
   8.8100000000000000E-005  0.43345275780260528       0.37223247680206928        4.7894246052936946       0.99977551288044075       0.23141512393804531     
   8.8200000000000003E-005  0.43542839311286352       0.35616208530474580        4.8030740417252806       0.99976751940890274       0.22497778649245284     
   8.8300000000000005E-005  0.43750525341285590       0.34030099257992497        4.8163653018745460       0.99976173465229579       0.21815472627377669     
   8.8400000000000007E-005  0.43967596688483529       0.32468562301435977        4.8292805105392596       0.99975811484699373       0.21096126263859144     
   8.8500000000000010E-005  0.44193335674430750       0.30935858099840630        4.8418012678388376       0.99975661191487064       0.20341305869910611     
   8.8599999999999999E-005  0.44427042168798464       0.29436686252840616        4.8539086455897520       0.99975716591750674       0.19552637111796206     
   8.8700000000000001E-005  0.44668034257602329       0.27976012803839811        4.8655832187466128       0.99975969848036550       0.18731815678988170     
   8.8800000000000004E-005  0.44915651730774842       0.26558915159325380        4.8768051286977014       0.99976410858547404       0.17880603722329463     
   8.8900000000000006E-005  0.45169261513624220       0.25190452555644516        4.8875541734382608       0.99977027138854180       0.17000814134225425     
   8.9000000000000008E-005  0.45428263721319739       0.23875566294624750        4.8978099188919924       0.99977804012915650       0.16094286024351065     
   8.9100000000000011E-005  0.45692097120766328       0.22619010482497615        4.9075518259252053       0.99978725074891939       0.15162855662411090     
   8.9200000000000000E-005  0.45960243192634076       0.21425310693739963        4.9167593884695657       0.99979772844626180       0.14208327404230753     
   8.9300000000000002E-005  0.46232228461358726       0.20298745824917397        4.9254122796386710       0.99980929513989125       0.13232448658149451     
   8.9400000000000005E-005  0.46507625156548249       0.19243347440147929        4.9334905042583888       0.99982177681366269       0.12236891788385661     
   8.9500000000000007E-005  0.46786050498068182       0.18262910159799262        4.9409745569084986       0.99983500991859331       0.11223244267701905     
   8.9600000000000009E-005  0.47067164959318225       0.17361006917128652        4.9478455846094080       0.99984884632236160       0.10193006829836183     
   8.9699999999999998E-005  0.47350669832933812       0.16541003913432828        4.9540855528643979       0.99986315662141034        9.1475981543230070E-002
   8.9800000000000001E-005  0.47636304343343855       0.15806071543404254        4.9596774129740897       0.99987783186204426        8.0883639796518261E-002
   8.9900000000000003E-005  0.47923842462524424       0.15159189166753073        4.9646052677659611       0.99989278393972170        7.0165886451681841E-002
   9.0000000000000006E-005  0.48213089512010543       0.14603143096900784        4.9688545323184385       0.99990794495277480        5.9335072230873906E-002
   9.0100000000000008E-005  0.48503878585234206       0.14140518442559546        4.9724120861617989       0.99992326576928547        4.8403173121524111E-002
   9.0199999999999997E-005  0.48796066798817106       0.13773686581562572        4.9752664137328644       0.99993871398860223        3.7381898062453969E-002
   9.0299999999999999E-005  0.49089531374622947       0.13504790157924518        4.9774077302056172       0.99995427150394511        2.6282787114128969E-002
   9.0400000000000002E-005  0.49384165554307646       0.13335726948994697        4.9788280900920041       0.99996993176044457        1.5117301126997204E-002
   9.0500000000000004E-005  0.49679874352561382       0.13268134185586167        4.9795214767485581       0.99998569674383231        3.8969057801882833E-003
   9.0600000000000007E-005  0.49976570161866501       0.13303374668356227        4.9794838714565497        1.0000015737384844       -7.3668473962921373E-003
   9.0699999999999996E-005  0.50274168227039406       0.13442525627124535        4.9787133010558291        1.0000175718979400       -1.8662241615948531E-002
   9.0799999999999998E-005  0.50572582011601519       0.13686370885008881        4.9772098632962987        1.0000336986753215       -2.9977316501242988E-002
   9.0900000000000000E-005  0.50871718480156336       0.14035396536679290        4.9749757291921561        1.0000499561656300       -4.1299790641180875E-002
   9.1000000000000003E-005  0.51171473321338801       0.14489790027789695        4.9720151218013378        1.0000663374167647       -5.2616984620318205E-002
   9.1100000000000005E-005  0.51471726134032669       0.15049442124658263        4.9683342710535925        1.0000828227823706       -6.3915743053899410E-002
   9.1200000000000008E-005  0.51772335593771890       0.15713950558816769        4.9639413445195233        1.0000993764018231       -7.5182352109198478E-002
   9.1299999999999997E-005  0.52073134606688309       0.16482624152066983        4.9588463547986956        1.0001159428495485       -8.6402448136694066E-002
   9.1399999999999999E-005  0.52373925449531444       0.17354486169778660        4.9530610450546444        1.0001324440602397       -9.7560912462305555E-002
   9.1500000000000015E-005  0.52674474887167655       0.18328275082518886        4.9465987550398580        1.0001487767581789      -0.10864174836617582     
   9.1600000000000017E-005  0.52974509263973957       0.19402440940067756        4.9394742706138306        1.0001648106449832      -0.11962794345164189     
   9.1700000000000006E-005  0.53273709595392116       0.20575135967611313        4.9317036602754758        1.0001803878048126      -0.13050132702512562     
   9.1800000000000009E-005  0.53571706754017534       0.21844199014311627        4.9233041021589523        1.0001953237969863      -0.14124244495539182     
   9.1900000000000011E-005  0.53868076955830757       0.23207135039608495        4.9142937044410626        1.0002094110365138      -0.15183048616794040     
   9.2000000000000014E-005  0.54162337912487024       0.24661092888949465        4.9046913211015859        1.0002224248620324      -0.16224330159437816     
   9.2100000000000016E-005  0.54453946191675906       0.26202847099688498        4.8945163641460807        1.0002341322819350      -0.17245755472748550     
   9.2200000000000005E-005  0.54742296428939297       0.27828792002615899        4.8837886131015003        1.0002443028258989      -0.18244902731022633     
   9.2300000000000007E-005  0.55026722990897714       0.29534955699605003        4.8725280219017888        1.0002527203253786      -0.19219307284697096     
   9.2400000000000010E-005  0.55306504405823587       0.31317040607246849        4.8607545243160528        1.0002591936074758      -0.20166517065728448     
   9.2500000000000012E-005  0.55580870289706008       0.33170496194067756        4.8484878419255057        1.0002635637948969      -0.21084149546212319     
   9.2600000000000015E-005  0.55849009649403003       0.35090626674118131        4.8357473018519572        1.0002657062670128      -0.21969939381513781     
   9.2700000000000004E-005  0.56110078554883525       0.37072732474567527        4.8225516742534520        1.0002655262978994      -0.22821765872745745     
   9.2800000000000006E-005  0.56363204669473299       0.39112279721753929        4.8089190411500642        1.0002629486716339      -0.23637651920944980     
   9.2900000000000008E-005  0.56607486551619146       0.41205087282396757        4.7948667080453591        1.0002579030339795      -0.24415730714282780     
   9.3000000000000011E-005  0.56841987399067095       0.43347516606263259        4.7804111679270491        1.0002503079589415      -0.25154182400036523     
   9.3100000000000013E-005  0.57065725924580113       0.45536646664593761        4.7655681236584133        1.0002400577675792      -0.25851149848065519     
   9.3200000000000016E-005  0.57277670437091999       0.47770415103633113        4.7503525688393555        1.0002270172929786      -0.26504650379452160     
   9.3300000000000005E-005  0.57476743331824998       0.50047707677252884        4.7347789166234300        1.0002110306551499      -0.27112509827534909     
   9.3400000000000007E-005  0.57661840889216542       0.52368381477353854        4.7188611497275277        1.0001919488245983      -0.27672353092185487     
   9.3500000000000009E-005  0.57831868401629127       0.54733212357932803        4.7026129466226285        1.0001696748777109      -0.28181682993260143     
   9.3600000000000012E-005  0.57985784729155287       0.57143762843927792        4.6860477276250680        1.0001442164622940      -0.28638058865758070     
   9.3700000000000014E-005  0.58122646505641229       0.59602173242289869        4.6691785731300071        1.0001157263042739      -0.29039347631207985     
   9.3800000000000003E-005  0.58241642284696116       0.62110884844213921        4.6520180014745831        1.0000845099251185      -0.29383975968516884     
   9.3900000000000006E-005  0.58342110304764416       0.64672310469994976        4.6345776500732283        1.0000509916679672      -0.29671088369713311     
   9.4000000000000008E-005  0.58423537589102803       0.67288474898946760        4.6168679590091442        1.0000156508624869      -0.29900535674033801     
   9.4100000000000010E-005  0.58485541154847664       0.69960655902910229        4.5988979836848172       0.99997895776011425      -0.30072681931230960     
   9.4200000000000013E-005  0.58527838411236655       0.72689064642857382        4.5806754479366472       0.99994133727013434      -0.30188089537374224     
   9.4300000000000002E-005  0.58550221284246906       0.75472610020109432        4.5622070961357855       0.99990317754335700      -0.30247190392952533     
   9.4400000000000004E-005  0.58552547605580274       0.78308794232037382        4.5434993247661719       0.99986488320095801      -0.30250065999133186     
   9.4500000000000007E-005  0.58534752902622378       0.81193782269145220        4.5245589939285944       0.99982695131089727      -0.30196431414942626     
   9.4600000000000009E-005  0.58496873263445759       0.84122668074494555        4.5053942702101866       0.99979002761654800      -0.30085841781016870     
   9.4700000000000011E-005  0.58439065798607526       0.87089919190412513        4.4860153655266144       0.99975489640643145      -0.29918031177068055     
   9.4800000000000000E-005  0.58361620255631341       0.90089921908579207        4.4664351198231529       0.99972238514296385      -0.29693203409701446     
   9.4900000000000003E-005  0.58264964824859755       0.93117488687158101        4.4466694875645612       0.99969322298131447      -0.29412105724101351     
   9.5000000000000005E-005  0.58149670088597993       0.96168158869150933        4.4267380498340119       0.99966793186060243      -0.29075858237624974     
   9.5100000000000008E-005  0.58016451130406510       0.99238143533741585        4.4066646332846187       0.99964680934965244      -0.28685687092212231     
   9.5200000000000010E-005  0.57866164486994942        1.0232383792255693        4.3864779885796628       0.99963000153596360      -0.28242787086517163     
   9.5300000000000013E-005  0.57699793358796259        1.0542094057520943        4.3662123421190193       0.99961760194500882      -0.27748456493173679     
   9.5400000000000001E-005  0.57518413871326224        1.0852334235611378        4.3459075894577506       0.99960969035688940      -0.27204439402079095     
   9.5500000000000004E-005  0.57323141053690374        1.1162204277074137        4.3256090127312898       0.99960626689377308      -0.26613210298863199     
   9.5600000000000006E-005  0.57115064012033190        1.1470438931375107        4.3053666404938706       0.99960712049656786      -0.25977898314524900     
   9.5700000000000009E-005  0.56895190072427304        1.1775390569045729        4.2852345802195861       0.99961173491595112      -0.25301737015098263     
   9.5800000000000011E-005  0.56664420867264487        1.2075087660827606        4.2652706710733019       0.99961932855826829      -0.24587247640661228     
   9.5900000000000000E-005  0.56423573139180405        1.2367370512774372        4.2455365677436205       0.99962904141919673      -0.23835605062963380     
   9.6000000000000002E-005  0.56173436161791834        1.2650087536050139        4.2260979947407398       0.99964018420578415      -0.23046615582186775     
   9.6100000000000005E-005  0.55914838196833661        1.2921317760451059        4.2070246367253183       0.99965241363598334      -0.22219434585599379     
   9.6200000000000007E-005  0.55648688998145401        1.3179573456200719        4.1883891582156139       0.99966573398215608      -0.21353733192555077     
   9.6300000000000010E-005  0.55375977172627855        1.3423936044982616        4.1702652031711631       0.99968032787031980      -0.20450748443293335     
   9.6399999999999999E-005  0.55097723687903533        1.3654092939048024        4.1527247207699931       0.99969632214080728      -0.19513708977011626     
   9.6500000000000001E-005  0.54814912782307812        1.3870270158762841        4.1358353068213312       0.99971362061450442      -0.18547467054742772     
   9.6600000000000003E-005  0.54528427836867888        1.4073084511146758        4.1196582528184873       0.99973187730255342      -0.17557559483089846     
   9.6700000000000006E-005  0.54239012510608531        1.4263357313877680        4.1042476864537516       0.99975059487495976      -0.16549139871040119     
   9.6800000000000008E-005  0.53947263536986234        1.4441933270377332        4.0896507661126149       0.99976927390603787      -0.15526192123974825     
   9.6899999999999997E-005  0.53653649089134725        1.4609536358578241        4.0759085731933551       0.99978753670931142      -0.14491229060489255     
   9.7000000000000000E-005  0.53358540339500660        1.4766677695261574        4.0630572405901351       0.99980518473670155      -0.13445447486805509     
   9.7100000000000002E-005  0.53062244054016805        1.4913615558583286        4.0511289418623093       0.99982219006499073      -0.12389163962893457     
   9.7200000000000004E-005  0.52765028272705428        1.5050358495200662        4.0401525466975485       0.99983864557488911      -0.11322323383973257     
   9.7300000000000007E-005  0.52467138228372590        1.5176698708626626        4.0301539253044698       0.99985470310023150      -0.10244922796161025     
   9.7400000000000009E-005  0.52168803463563573        1.5292262983617757        4.0211559981210785       0.99987052099243734       -9.1572748501470930E-002
   9.7499999999999998E-005  0.51870239005821439        1.5396570443783872        4.0131786654606598       0.99988623078255978       -8.0601077007797076E-002
   9.7600000000000001E-005  0.51571643708852610        1.5489089220535801        4.0062387333880798       0.99990192304072933       -6.9545418657394387E-002
   9.7700000000000003E-005  0.51273198164690226        1.5569286914486664        4.0003499065715387       0.99991764728056787       -5.8419986884746901E-002
   9.7800000000000006E-005  0.50975063610449700        1.5636672173746078        3.9955228711338986       0.99993341947341963       -4.7240883863616419E-002
   9.7900000000000008E-005  0.50677382402175175        1.5690826611702695        3.9917654547258685       0.99994923181296125       -3.6025098204802777E-002
   9.7999999999999997E-005  0.50380280064435812        1.5731427572063765        3.9890828318409386       0.99996506164320464       -2.4789778925268836E-002
   9.8099999999999999E-005  0.50083868630950656        1.5758262950473849        3.9874777368241707       0.99998087807790470       -1.3551813841459882E-002
   9.8200000000000002E-005  0.49788250899006192        1.5771239480468289        3.9869506513032476       0.99999664632816554       -2.3276690386448227E-003
   9.8300000000000004E-005  0.49493525226000229        1.5770385768022432        3.9874999412342502        1.0000123302645887        8.8665891664064887E-003
   9.8400000000000007E-005  0.49199790535651527        1.5755850998386292        3.9891219292757065        1.0000278940252725        2.0015179982758903E-002
   9.8499999999999995E-005  0.48907151227997009        1.5727899770369174        3.9918108985769880        1.0000433034647160        3.1102487723215444E-002
   9.8599999999999998E-005  0.48615721686773489        1.5686903039832769        3.9955590338249083        1.0000585281667107        4.2113015072576955E-002
   9.8700000000000000E-005  0.48325630056357821        1.5633324759471536        4.0003563144147014        1.0000735446411277        5.3031481821296175E-002
   9.8800000000000016E-005  0.48037020943980613        1.5567703557447157        4.0061903825798364        1.0000883410937840        6.3843126377598799E-002
   9.8900000000000019E-005  0.47750056742715730        1.5490628774328501        4.0130464145041778        1.0001029236590357        7.4534229813432870E-002
   9.9000000000000008E-005  0.47464917432710990        1.5402710422496657        4.0209070232719659        1.0001173232783378        8.5092835139511117E-002
   9.9100000000000010E-005  0.47181799062931534        1.5304543229197405        4.0297522155801149        1.0001316011271726        9.5509535576952048E-002
   9.9200000000000012E-005  0.46900911675224566        1.5196665855242122        4.0395594068962408        1.0001458492925333       0.10577810514114964     
   9.9300000000000015E-005  0.46622478141142487        1.5079517614143620        4.0503034716864175        1.0001601825367215       0.11589563494263078     
   9.9400000000000017E-005  0.46346736040144165        1.4953396520939402        4.0619567707430377        1.0001747173907629       0.12586179603375758     
   9.9500000000000006E-005  0.46073944948957074        1.4818424181266021        4.0744890670995204        1.0001895375252456       0.13567693134671843     
   9.9600000000000009E-005  0.45804400870353412        1.4674524714441919        4.0878672327127505        1.0002046496742967       0.14533894795689770     
   9.9700000000000011E-005  0.45538457631785556        1.4521426232648595        4.1020546792021202        1.0002199416785755       0.15483944443394171     
   9.9800000000000013E-005  0.45276551970931639        1.4358693679531749        4.1170105294769179        1.0002351607915203       0.16416007039347200     
   9.9900000000000016E-005  0.45019225539847002        1.4185799950971063        4.1326886752499368        1.0002499316198963       0.17327054877109391     
   1.0000000000000000E-004  0.44767134888864213        1.4002236874472791        4.1490370005774135        1.0002638239219979       0.18212977524840790     
   1.0010000000000001E-004  0.44521041479260387        1.3807658151492621        4.1659971277435259        1.0002764578622039       0.19069065616895531     
   1.0020000000000001E-004  0.44281779071639932        1.3602033919505363        4.1835049884160567        1.0002876068185635       0.19890788046773469     
   1.0030000000000001E-004  0.44050204495284967        1.3385785173613787        4.2014923107677928        1.0002972419225833       0.20674617402952467     
   1.0040000000000001E-004  0.43827146241705867        1.3159861917540026        4.2198887985548970        1.0003054783962857       0.21418570921931332     
   1.0050000000000000E-004  0.43613368757716775        1.2925736348732197        4.2386245015542405        1.0003124336126383       0.22122206739057007     
   1.0060000000000001E-004  0.43409565605578015        1.2685301417193191        4.2576317950638591        1.0003180631144493       0.22786046378806893     
   1.0070000000000001E-004  0.43216382813615750        1.2440689697852880        4.2768465677588887        1.0003220635263022       0.23410671709378958     
   1.0080000000000001E-004  0.43034460429120858        1.2194048974722804        4.2962085775700007        1.0003238980963842       0.23995902935835434     
   1.0090000000000001E-004  0.42864472646284174        1.1947322271486556        4.3156612793007678        1.0003229316141573       0.24540404513959094     
   1.0100000000000002E-004  0.42707148883310497        1.1702078141323788        4.3351515762515644        1.0003186057782960       0.25041834572732941     
   1.0110000000000000E-004  0.42563267842810448        1.1459422728946258        4.3546298491528690        1.0003105724607841       0.25497391070108794     
   1.0120000000000001E-004  0.42433627458891521        1.1220002726947760        4.3740503572464728        1.0002987358016326       0.25904455529496245     
   1.0130000000000001E-004  0.42319000490707404        1.0984085051208980        4.3933718491895499        1.0002832080419179       0.26261051493447957     
   1.0140000000000001E-004  0.42220087447295118        1.0751682769536322        4.4125580984665689        1.0002642255889163       0.26565981575744985     
   1.0150000000000001E-004  0.42137477069394463        1.0522692180352688        4.4315781250873076        1.0002420783253985       0.26818683163884999     
   1.0160000000000000E-004  0.42071621439427509        1.0297011960851128        4.4504060183109546        1.0002170826448948       0.27018955237115327     
   1.0170000000000001E-004  0.42022828876047685        1.0074626822502326        4.4690204317980333        1.0001895955702262       0.27166721166639407     
   1.0180000000000001E-004  0.41991273601390089       0.98556496772792990        4.4874039064683471        1.0001600437079095       0.27261923539486865     
   1.0190000000000001E-004  0.41977017528719268       0.96403249672614688        4.5055421687041042        1.0001289366469017       0.27304550485589402     
   1.0200000000000001E-004  0.41980037455541430       0.94290010530854573        4.5234234841300038        1.0000968479965155       0.27294721726028831     
   1.0210000000000000E-004  0.42000250538378153       0.92220822025762761        4.5410380712684404        1.0000643678956374       0.27232745574715678     
   1.0220000000000000E-004  0.42037531480673379       0.90199715624026489        4.5583775348978985        1.0000320467761787       0.27119090931369982     
   1.0230000000000001E-004  0.42091717064248030       0.88230158913195211        4.5754342796805041        1.0000003550069909       0.26954277818121392     
   1.0240000000000001E-004  0.42162597598631607       0.86314609300946810        4.5922009022249810       0.99996967503714418       0.26738745247106394     
   1.0250000000000001E-004  0.42249899213689313       0.84454233629740649        4.6086696094197430       0.99994032477668970       0.26472775538891652     
   1.0260000000000000E-004  0.42353263738873437       0.82648819139435048        4.6248317434767312       0.99991259543329580       0.26156530156575142     
   1.0270000000000000E-004  0.42472233139426618       0.80896868511622610        4.6406774917851639       0.99988678091424132       0.25790199328300772     
   1.0280000000000001E-004  0.42606243472975525       0.79195844987292929        4.6561958221874251       0.99986318219417414       0.25374213921986033     
   1.0290000000000001E-004  0.42754630231848251       0.77542515934471101        4.6713746272149725       0.99984208391750751       0.24909438399456446     
   1.0300000000000001E-004  0.42916643913859442       0.75933336733547918        4.6862010078135610       0.99982371442162299       0.24397270676488556     
   1.0310000000000001E-004  0.43091472566260802       0.74364821671421488        4.7006615983627249       0.99980820762010902       0.23839611597060800     
   1.0320000000000000E-004  0.43278267473174770       0.72833862627068147        4.7147428394937538       0.99979558349617714       0.23238716414482077     
   1.0330000000000000E-004  0.43476168744096422       0.71337974535272597        4.7284311381434003       0.99978575434294048       0.22596980775104764     
   1.0340000000000001E-004  0.43684328072376127       0.69875463213290523        4.7417128996600226       0.99977855331805110       0.21916729728366396     
   1.0350000000000001E-004  0.43901926622036630       0.68445521968652034        4.7545744574424145       0.99977377382120347       0.21200067389799884     
   1.0360000000000001E-004  0.44128186931420826       0.67048267430172537        4.7670019495760094       0.99977120677262443       0.20448816576883275     
   1.0370000000000000E-004  0.44362378783776307       0.65684724352384460        4.7789811959477593       0.99977066613651766       0.19664545327728042     
   1.0380000000000000E-004  0.44603819970384750       0.64356767159928729        4.7904976173529557       0.99977199900008107       0.18848652808810198     
   1.0390000000000000E-004  0.44851873556231253       0.63067025109305686        4.8015362182316350       0.99977508220431022       0.18002477043434761     
   1.0400000000000001E-004  0.45105943496243778       0.61818758880800750        4.8120816349190134       0.99977981084899736       0.17127390483317917     
   1.0410000000000001E-004  0.45365470260381119       0.60615718384573203        4.8221182369915807       0.99978608472338226       0.16224861787076841     
   1.0420000000000000E-004  0.45629927626214845       0.59461993108738920        4.8316302625463283       0.99979379740460483       0.15296477020558835     
   1.0430000000000000E-004  0.45898821171394322       0.58361866138668095        4.8406019680919687       0.99980283048476748       0.14343925630806423     
   1.0440000000000000E-004  0.46171688416054041       0.57319681452314430        4.8490177781917909       0.99981305313658775       0.13368963463146333     
   1.0450000000000001E-004  0.46448100148224009       0.56339731933025838        4.8568624264460682       0.99982432571097934       0.12373366574705562     
   1.0460000000000001E-004  0.46727662267604769       0.55426171552068926        4.8641210846791179       0.99983650557015369       0.11358887170261116     
   1.0470000000000000E-004  0.47010017485868383       0.54582951644706146        4.8707794808952976       0.99984945345057197       0.10327218784233595     
   1.0480000000000000E-004  0.47294846361981530       0.53813778784883937        4.8768240084887795       0.99986303908171026        9.2799736070894853E-002
   1.0490000000000000E-004  0.47581867356220930       0.53122090399383559        4.8822418295187306       0.99987714540509065        8.2186718342025206E-002
   1.0500000000000000E-004  0.47870835787891697       0.52511043790845768        4.8870209741098947       0.99989167120210831        7.1447409108516935E-002
   1.0510000000000001E-004  0.48161541741283453       0.51983514400172748        4.8911504369267949       0.99990653219499115        6.0595220614562378E-002
   1.0520000000000001E-004  0.48453807060816539       0.51542099700746036        4.8946202703732204       0.99992166088351020        4.9642813864177668E-002
   1.0530000000000000E-004  0.48747481621585403       0.51189126048315803        4.8974216733603075       0.99993700535664454        3.8602235724345312E-002
   1.0540000000000000E-004  0.49042439060753806       0.50926656513982760        4.8995470738076721       0.99995252734586393        2.7485066298016829E-002
   1.0550000000000000E-004  0.49338572129250513       0.50756497824487123        4.9009902025167156       0.99996819976172424        1.6302567889482769E-002
   1.0560000000000001E-004  0.49635787778700308       0.50680205282599644        4.9017461561849220       0.99998400382685604        5.0658315981219476E-003
   1.0570000000000001E-004  0.49934002058046395       0.50699085076662964        4.9018114475809949       0.99999992591490539       -6.2140801169344659E-003
   1.0580000000000000E-004  0.50233134861877926       0.50814193670540853        4.9011840412543455        1.0000159541833422       -1.7525994155454083E-002
   1.0590000000000000E-004  0.50533104550677943       0.51026334140650231        4.8998633736203621        1.0000320750710070       -2.8858488657297517E-002
   1.0600000000000000E-004  0.50833822454795830       0.51336049435998188        4.8978503567892968        1.0000482697291579       -4.0199753430063989E-002
   1.0610000000000000E-004  0.51135187280019112       0.51743612629110647        4.8951473660706677        1.0000645104613826       -5.1537446301203015E-002
   1.0620000000000001E-004  0.51437079453220402       0.52249014271642569        4.8917582116173630        1.0000807572863279       -6.2858543928593344E-002
   1.0630000000000000E-004  0.51739355478410898       0.52851946725258170        4.8876880949827015        1.0000969547937841       -7.4149187983870157E-002
   1.0640000000000000E-004  0.52041842417531892       0.53551786386567723        4.8829435520145461        1.0001130293711871       -8.5394530105008457E-002
   1.0650000000000000E-004  0.52344332669523241       0.54347575918538205        4.8775323839733877        1.0001288870827185       -9.6578585336622905E-002
   1.0660000000000000E-004  0.52646579273588923       0.55238008821722140        4.8714635783380942        1.0001444125556891      -0.10768411175411162     
   1.0670000000000001E-004  0.52948292005597908       0.56221419361444802        4.8647472202003677        1.0001594692729321      -0.11869253876663972     
   1.0679999999999999E-004  0.53249134536015141       0.57295781578737870        4.8573943940449116        1.0001739016883178      -0.12958397615525663     
   1.0690000000000000E-004  0.53548722864066833       0.58458721598925045        4.8494170743043679        1.0001875394265913      -0.14033733464270942     
   1.0700000000000000E-004  0.53846625105903145       0.59707547608715839        4.8408280016425724        1.0002002035064703      -0.15093058462853023     
   1.0710000000000000E-004  0.54142362499162033       0.61039301631491139        4.8316405411789836        1.0002117140183879      -0.16134115976390079     
   1.0720000000000000E-004  0.54435411199937900       0.62450836765432705        4.8218685195873512        1.0002218978681463      -0.17154648015426135     
   1.0730000000000001E-004  0.54725204153019891       0.63938922610454973        4.8115260409986451        1.0002305945217262      -0.18152452544727504     
   1.0739999999999999E-004  0.55011132116537687       0.65500377744383709        4.8006272861210961        1.0002376574100658      -0.19125433806293482     
   1.0750000000000000E-004  0.55292542935752187       0.67132224555103903        4.7891863061665720        1.0002429487303650      -0.20071629926913828     
   1.0760000000000000E-004  0.55568738480960911       0.68831858330419937        4.7772168313855747        1.0002463268548900      -0.20989201943651059     
   1.0770000000000000E-004  0.55838969291282292       0.70597217923915601        4.7647321195141803        1.0002476282579900      -0.21876374124385026     
   1.0780000000000000E-004  0.56102427750908157       0.72426941114293886        4.7517448688711763        1.0002466493671136      -0.22731328505548976     
   1.0789999999999999E-004  0.56358241310481805       0.74320485210168563        4.7382672109317667        1.0002431367978044      -0.23552075381342297     
   1.0800000000000000E-004  0.56605467612157401       0.76278193569789021        4.7243107770689576        1.0002367950784432      -0.24336340678155138     
   1.0810000000000000E-004  0.56843093481272000       0.78301291529086203        4.7098868074103919        1.0002273170657230      -0.25081520953391312     
   1.0820000000000000E-004  0.57070040331960858       0.80391799861889801        4.6950062458893109        1.0002144334500189      -0.25784746385382312     
   1.0830000000000000E-004  0.57285179320346868       0.82552359452855661        4.6796797571333411        1.0001979676617669      -0.26443058221612303     
   1.0839999999999999E-004  0.57487358192881721       0.84785967111401828        4.6639176152031894        1.0001778768755227      -0.27053661685103053     
   1.0849999999999999E-004  0.57675438370005305       0.87095630442653516        4.6477294518862449        1.0001542627178241      -0.27614177392716288     
   1.0860000000000000E-004  0.57848336812886292       0.89483960860175138        4.6311239036133145        1.0001273468552696      -0.28122802991891560     
   1.0870000000000000E-004  0.58005064772511306       0.91952739043968901        4.6141082436970970        1.0000974230167041      -0.28578323043535642     
   1.0880000000000000E-004  0.58144756197686831       0.94502505889256838        4.5966881102799446        1.0000648113185444      -0.28979964372580125     
   1.0890000000000000E-004  0.58266681904076878       0.97132251293192340        4.5788674259275153        1.0000298425439897      -0.29327164647540277     
   1.0899999999999999E-004  0.58370249345802760       0.99839286138899030        4.5606485521019202       0.99999288709366885      -0.29619370151193342     
   1.0910000000000000E-004  0.58454989127938972        1.0261938077017998        4.5420326506194231       0.99995441663695084      -0.29855973475508668     
   1.0920000000000000E-004  0.58520529672852162        1.0546722305905627        4.5230201715322229       0.99991505673158376      -0.30036427035128649     
   1.0930000000000000E-004  0.58566566623281135        1.0837718102588969        4.5036113927314299       0.99987557845039454      -0.30160443419768584     
   1.0940000000000000E-004  0.58592838429090521        1.1134425578378186        4.4838070070335956       0.99983680852112156      -0.30228101817467490     
   1.0949999999999999E-004  0.58599118831747521        1.1436501055770663        4.4636088460090368       0.99979949528560597      -0.30239704834711501     
   1.0959999999999999E-004  0.58585231539355209        1.1743820323396976        4.4430208751351623       0.99976421310342178      -0.30195393290466310     
   1.0970000000000000E-004  0.58551087067123941        1.2056486339773640        4.4220505316771588       0.99973137835522496      -0.30094743581430045     
   1.0980000000000001E-004  0.58496737629311069        1.2374764440998129        4.4007103018241294       0.99970138484763360      -0.29936689615570183     
   1.0990000000000002E-004  0.58422437657357340        1.2698943088382340        4.3790192105414381       0.99967477984790720      -0.29720018521175168     
   1.1000000000000002E-004  0.58328688039894250        1.3029136132046348        4.3570037679195011       0.99965233350567961      -0.29444365254036303     
   1.1010000000000002E-004  0.58216240970488253        1.3365059751887278        4.3346980458612343       0.99963487859133127      -0.29111205827564740     
   1.1020000000000002E-004  0.58086048144239688        1.3705830613866770        4.3121429802329043       0.99962294426107634      -0.28724129918002139     
   1.1030000000000001E-004  0.57939150281609730        1.4049838993324881        4.2893855035901440       0.99961638296632538      -0.28287932305282681     
   1.1040000000000001E-004  0.57776537250196847        1.4394749005272951        4.2664783538442350       0.99961425732372078      -0.27806751473091740     
   1.1050000000000002E-004  0.57599042870021966        1.4737662968909735        4.2434810861378152       0.99961514014589736      -0.27282200148087760     
   1.1060000000000002E-004  0.57407337917257095        1.5075453889739459        4.2204619693061707       0.99961773803355436      -0.26712672117619723     
   1.1070000000000002E-004  0.57202033470416425        1.5405220165346192        4.1974995278165110       0.99962150038557007      -0.26094495351904023     
   1.1080000000000002E-004  0.56983842810121144        1.5724761499055155        4.1746821870708226       0.99962681087818983      -0.25424519894993214     
   1.1090000000000001E-004  0.56753715481157474        1.6032940686420920        4.1521052093378445       0.99963459500391250      -0.24702747324541952     
   1.1100000000000001E-004  0.56512868214306333        1.6329812972694100        4.1298655465798335       0.99964558904604106      -0.23933469496222126     
   1.1110000000000002E-004  0.56262688451096754        1.6616479145437388        4.1080564488966944       0.99965975518245287      -0.23124247237235518     
   1.1120000000000002E-004  0.56004555258676247        1.6894715517339272        4.0867638237622899       0.99967619060414181      -0.22283331430300904     
   1.1130000000000002E-004  0.55739669524413715        1.7166500914284200        4.0660653635848574       0.99969351615133573      -0.21416948017865703     
   1.1140000000000001E-004  0.55468970728086253        1.7433569886226632        4.0460320105008840       0.99971045324142138      -0.20527790085152750     
   1.1150000000000001E-004  0.55193157895988521        1.7697084143912338        4.0267302903769577       0.99972625596267928      -0.19615248778333191     
   1.1160000000000002E-004  0.54912778693018705        1.7957460942218670        4.0082239514026892       0.99974082549269871      -0.18676960153576988     
   1.1170000000000002E-004  0.54628330565454830        1.8214352094835284        3.9905740597488575       0.99975454098481742      -0.17710719770499647     
   1.1180000000000002E-004  0.54340329613097849        1.8466739622643100        3.9738376662008585       0.99976796471336948      -0.16715895349974810     
   1.1190000000000001E-004  0.54049330610578894        1.8713102643875796        3.9580658104615054       0.99978158234318804      -0.15693929227288739     
   1.1200000000000001E-004  0.53755907916340107        1.8951610887387300        3.9433017539576927       0.99979566775819384      -0.14648014300870463     
   1.1210000000000001E-004  0.53460619501227469        1.9180308860151438        3.9295800426674630       0.99981027633729824      -0.13582315583429411     
   1.1220000000000002E-004  0.53163974058803620        1.9397267396221523        3.9169265641208399       0.99982531707046507      -0.12501145456752225     
   1.1230000000000002E-004  0.52866411546362380        1.9600692452436217        3.9053594121958186       0.99984064262836347      -0.11408362270432321     
   1.1240000000000002E-004  0.52568298193218987        1.9788991728077612        3.8948902130835017       0.99985611730286905      -0.10307080317036825     
   1.1250000000000001E-004  0.52269931787306045        1.9960806247910714        3.8855255747685167       0.99987164955847962       -9.1996446639419305E-002
   1.1260000000000001E-004  0.51971551995283249        2.0115016443586562        3.8772684241910742       0.99988719525151060       -8.0877659087123077E-002
   1.1270000000000002E-004  0.51673351742457896        2.0250731787277534        3.8701191153378218       0.99990274456896833       -6.9727130921741931E-002
   1.1280000000000002E-004  0.51375487508562789        2.0367271186363585        3.8640762838786138       0.99991830446983598       -5.8554954301297896E-002
   1.1290000000000002E-004  0.51078087831545271        2.0464139280289988        3.8591374765790931       0.99993388374004144       -4.7369997111082897E-002
   1.1300000000000001E-004  0.50781260114707405        2.0541002099085297        3.8552996029737057       0.99994948347818591       -3.6180770467422144E-002
   1.1310000000000001E-004  0.50485096138189656        2.0597664363373749        3.8525592555470647       0.99996509295781721       -2.4995864597078886E-002
   1.1320000000000001E-004  0.50189676697066443        2.0634049921702857        3.8509129342391719       0.99998068959968789       -1.3824082028807583E-002
   1.1330000000000002E-004  0.49895075703439140        2.0650186300164037        3.8503571993324899       0.99999624159000422       -2.6743829194468727E-003
   1.1340000000000002E-004  0.49601363988894104        2.0646193980352407        3.8508887669498431        1.0000117119366099        8.4442667556349736E-003
   1.1350000000000001E-004  0.49308612963851389        2.0622280720456114        3.8525045542068725        1.0000270630662744        1.9523081489526192E-002
   1.1360000000000001E-004  0.49016898246404877        2.0578740975070673        3.8552016758373502        1.0000422612986626        3.0553629090991064E-002
   1.1370000000000001E-004  0.48726303368671525        2.0515960247491076        3.8589773893562871        1.0000572805751504        4.1527942168418944E-002
   1.1380000000000001E-004  0.48436923703661966        2.0434423993609787        3.8638289802890067        1.0000721047044159        5.2438508443473919E-002
   1.1390000000000002E-004  0.48148870824072543        2.0334730441343858        3.8697535717663079        1.0000867271691944        6.3278060195400249E-002
   1.1400000000000001E-004  0.47862277587747581        2.0217606317655257        3.8767478339831936        1.0001011474985795        7.4039071778872034E-002
   1.1410000000000001E-004  0.47577304287601724        2.0083923872287599        3.8848075608959602        1.0001153634242816        8.4712887739406439E-002
   1.1420000000000001E-004  0.47294146114880653        1.9934716695153387        3.8939270775781800        1.0001293592558040        9.5288465975880240E-002
   1.1430000000000001E-004  0.47013041821966517        1.9771190657840823        3.9040984496331479        1.0001430928900306       0.10575085824238424     
   1.1440000000000002E-004  0.46734282710013597        1.9594725016375403        3.9153104935211833        1.0001564869655037       0.11607976334549103     
   1.1450000000000002E-004  0.46458219889152563        1.9406857692247925        3.9275476401884775        1.0001694323409771       0.12624873289435995     
   1.1460000000000001E-004  0.46185266481365200        1.9209248697726977        3.9407887811694744        1.0001818121875325       0.13622577608934300     
   1.1470000000000001E-004  0.45915890845613366        1.9003617400054562        3.9550063067665198        1.0001935494350978       0.14597601114265527     
   1.1480000000000001E-004  0.45650598217946026        1.8791653249146751        3.9701655900110926        1.0002046674959293       0.15546647336303640     
   1.1490000000000001E-004  0.45389902402424642        1.8574905290850889        3.9862251262842769        1.0002153375964857       0.16467218494968008     
   1.1500000000000002E-004  0.45134295995163531        1.8354661736708024        4.0031373729602358        1.0002258758352129       0.17358143782408100     
   1.1510000000000001E-004  0.44884234260169042        1.8131835076091392        4.0208500679295565        1.0002366612134899       0.18219756651066399     
   1.1520000000000001E-004  0.44640149141729429        1.7906869695699523        4.0393075415512181        1.0002479793651686       0.19053504007798561     
   1.1530000000000001E-004  0.44402501079510132        1.7679688855074325        4.0584514282559194        1.0002598412387229       0.19860972228303600     
   1.1540000000000001E-004  0.44171857232913730        1.7449698544541814        4.0782203580506700        1.0002718612007879       0.20642605540398842     
   1.1550000000000002E-004  0.43948963841593536        1.7215867473726529        4.0985486701732459        1.0002832784365128       0.21396637214889255     
   1.1560000000000000E-004  0.43734771121957422        1.6976900376409327        4.1193647760816363        1.0002931569887648       0.22118795476327535     
   1.1570000000000001E-004  0.43530381757875125        1.6731507424998480        4.1405902014525013        1.0003007080757900       0.22803082584744813     
   1.1580000000000001E-004  0.43336928271901343        1.6478740771300826        4.1621402560487883        1.0003055828073779       0.23443413198593482     
   1.1590000000000001E-004  0.43155425429813615        1.6218328148152086        4.1839266350235578        1.0003079581918002       0.24035390787165681     
   1.1600000000000001E-004  0.42986666763476677        1.5950906144429560        4.2058613373951630        1.0003083377054940       0.24577348012554595     
   1.1610000000000000E-004  0.42831218246184144        1.5678066550268905        4.2278606381472770        1.0003071655579661       0.25070139565139071     
   1.1620000000000001E-004  0.42689510020794424        1.5402182455864812        4.2498478772338624        1.0003044831600181       0.25515853405365541     
   1.1630000000000001E-004  0.42561971481109528        1.5126053825765062        4.2717544922612651        1.0002998291203606       0.25916163721479918     
   1.1640000000000001E-004  0.42449134574826397        1.4852470502050581        4.2935195788556708        1.0002924237177988       0.26271154138143171     
   1.1650000000000001E-004  0.42351655463010784        1.4583810115494149        4.3150888147658373        1.0002815070395508       0.26579087977541960     
   1.1660000000000002E-004  0.42270252049923968        1.4321766468089292        4.3364135952426093        1.0002666374937745       0.26837062695036873     
   1.1670000000000000E-004  0.42205594921608552        1.4067254313527133        4.3574508195257415        1.0002478211483128       0.27042091067541013     
   1.1680000000000001E-004  0.42158203398175303        1.3820480296372226        4.3781632611677264        1.0002254584432908       0.27192066371557538     
   1.1690000000000001E-004  0.42128385875518720        1.3581127588571436        4.3985201286706435        1.0002001812498931       0.27286250504171428     
   1.1700000000000001E-004  0.42116236837268239        1.3348585543956624        4.4184973781194845        1.0001726743869119       0.27325208592440975     
   1.1710000000000001E-004  0.42121677254836792        1.3122164589335599        4.4380775034387305        1.0001435477086629       0.27310342319523734     
   1.1720000000000000E-004  0.42144511964207942        1.2901259618587586        4.4572487593338224        1.0001132840743707       0.27243274393671396     
   1.1730000000000001E-004  0.42184480241500355        1.2685449253243135        4.4760039571372401        1.0000822578398521       0.27125323070640928     
   1.1740000000000001E-004  0.42241287806154332        1.2474535226312575        4.4943390703110859        1.0000507983422111       0.26957221757017819     
   1.1750000000000001E-004  0.42314619362666650        1.2268534267426991        4.5122518924761392        1.0000192621134383       0.26739125917537337     
   1.1760000000000001E-004  0.42404136115620511        1.2067636832420217        4.5297409283288204       0.99998808029443620       0.26470847145084381     
   1.1770000000000000E-004  0.42509463768406547        1.1872146289377667        4.5468046028484714       0.99995776294881300       0.26152193001073232     
   1.1780000000000000E-004  0.42630175772600637        1.1682410830796552        4.5634407831831973       0.99992886105479839       0.25783281173779116     
   1.1790000000000001E-004  0.42765775865278083        1.1498758945352181        4.5796465450159998       0.99990190420512992       0.25364731466296819     
   1.1800000000000001E-004  0.42915683796000820        1.1321447426033684        4.5954180919200578       0.99987733906968035       0.24897701083435661     
   1.1810000000000001E-004  0.43079228120270052        1.1150628104454485        4.6107507477804344       0.99985548916771039       0.24383790109869871     
   1.1820000000000000E-004  0.43255649109372130        1.0986335767107072        4.6256389726011617       0.99983654366237218       0.23824880023554776     
   1.1830000000000000E-004  0.43444112935506357        1.0828495731519530        4.6400763829442901       0.99982057087506637       0.23222971332948616     
   1.1840000000000000E-004  0.43643735886265550        1.0676946300442873        4.6540557786053300       0.99980754544350436       0.22580065238908320     
   1.1850000000000001E-004  0.43853615182302969        1.0531469577034516        4.6675691841252318       0.99979737761806808       0.21898104207798363     
   1.1860000000000001E-004  0.44072861278504910        1.0391824147539781        4.6806079106186989       0.99978993721370013       0.21178961141473679     
   1.1870000000000001E-004  0.44300626145587096        1.0257774595222227        4.6931626363100847       0.99978506980263604       0.20424454483777399     
   1.1880000000000000E-004  0.44536123262607130        1.0129114941081108        4.7052234985356689       0.99978260646813855       0.19636367568929011     
   1.1890000000000000E-004  0.44778637389818426        1.0005685135912374        4.7167801883627867       0.99978236990056624       0.18816459467423799     
   1.1900000000000001E-004  0.45027524762216625       0.98873811313663484        4.7278220411786878       0.99978417913440487       0.17966464972172697     
   1.1910000000000001E-004  0.45282206289188220       0.97741596976207035        4.7383381207229531       0.99978785390702207       0.17088088219161959     
   1.1920000000000001E-004  0.45542157198535027       0.96660391982502514        4.7483172979108792       0.99979321861096260       0.16182996278836803     
   1.1930000000000000E-004  0.45806896340203390       0.95630972675074322        4.7577483279861914       0.99980010528752450       0.15252816981403614     
   1.1940000000000000E-004  0.46075977429429843       0.94654660073764330        4.7666199295559339       0.99980835539523705       0.14299141747112695     
   1.1950000000000000E-004  0.46348983320146553       0.93733251632467418        4.7749208678532060       0.99981782038367673       0.13323531359891022     
   1.1960000000000001E-004  0.46625523359547633       0.92868937734356205        4.7826400429473619       0.99982836147768295       0.12327521662585136     
   1.1970000000000001E-004  0.46905233173673244       0.92064208720482199        4.7897665820810600       0.99983984920281421       0.11312626768556838     
   1.1980000000000000E-004  0.47187775916278801       0.91321758780437268        4.7962899342756424       0.99985216306627611       0.10280338752552634     
   1.1990000000000000E-004  0.47472844005875148       0.90644392747791969        4.8021999649027061       0.99986519154899756        9.2321242214062099E-002
   1.2000000000000000E-004  0.47760160563418613       0.90034940689486831        4.8074870479910645       0.99987883243070586        8.1694192840956609E-002
   1.2010000000000001E-004  0.48049480026760932       0.89496183496155446        4.8121421543340084       0.99989299326673253        7.0936244251611852E-002
   1.2020000000000001E-004  0.48340587681041097       0.89030790889322020        4.8161569339953436       0.99990759176253607        6.0061010911092366E-002
   1.2030000000000000E-004  0.48633298050120111       0.88641271964027180        4.8195237921605276       0.99992255585394330        4.9081707573116355E-002
   1.2040000000000000E-004  0.48927452235455815       0.88329937799445624        4.8222359578779121       0.99993782328169944        3.8011173763011649E-002
   1.2050000000000000E-004  0.49222914359394687       0.88098874138339855        4.8242875450370750       0.99995334067678399        2.6861929205300547E-002
   1.2060000000000000E-004  0.49519567294571698       0.87949921649244001        4.8256736048742139       0.99996906214788972        1.5646258187033042E-002
   1.2070000000000001E-004  0.49817307854629028       0.87884661925802376        4.8263901695215408       0.99998494737277877        4.3763173085155796E-003
   1.2080000000000001E-004  0.50116041596296901       0.87904407907953530        4.8264342861150107        1.0000009592834171       -6.9357403765786391E-003
   1.2090000000000000E-004  0.50415677355595256       0.88010197915232080        4.8258040409668945        1.0000170614630730       -1.8277631712419581E-002
   1.2100000000000000E-004  0.50716121620164478       0.88202792947537567        4.8244985732981291        1.0000332153992293       -2.9636807440716485E-002
   1.2110000000000000E-004  0.51017272831387039       0.88482677300857304        4.8225180780021919        1.0000493777554365       -4.1000321153295584E-002
   1.2120000000000001E-004  0.51319015717350835       0.88850062814077724        4.8198637968880060        1.0000654978359504       -5.2354710171216449E-002
   1.2130000000000001E-004  0.51621215781562702       0.89304896876430018        4.8165379977396405        1.0000815154484675       -6.3685894827542250E-002
   1.2140000000000000E-004  0.51923714111054964       0.89846874701891721        4.8125439406146970        1.0000973592397362       -7.4979102811573689E-002
   1.2150000000000000E-004  0.52226322711415907       0.90475457947185145        4.8078858313472654        1.0001129454841740       -8.6218822251691363E-002
   1.2160000000000000E-004  0.52528820608339377       0.91189901516250860        4.8025687624619868        1.0001281774169652       -9.7388784943229237E-002
   1.2170000000000000E-004  0.52830950963842893       0.91989290317509198        4.7965986418817295        1.0001429449988342      -0.10847198163645964     
   1.2180000000000001E-004  0.53132419405914166       0.92872587866337764        4.7899821105180758        1.0001571249410450      -0.11945070127664302     
   1.2190000000000000E-004  0.53432893639271295       0.93838698551452104        4.7827264502878171        1.0001705807520187      -0.13030659132553368     
   1.2200000000000000E-004  0.53732004175558901       0.94886544755341884        4.7748394846242155        1.0001831626402189      -0.14102072766199858     
   1.2210000000000001E-004  0.54029345695367637       0.96015158544056600        4.7663294735017541        1.0001947070961539      -0.15157368639560406     
   1.2219999999999999E-004  0.54324478181693481       0.97223784992044759        4.7572050044725698        1.0002050363029451      -0.16194560999549443     
   1.2229999999999999E-004  0.54616926647436359       0.98511990310681252        4.7474748798282862        1.0002139576772433      -0.17211626289068194     
   1.2239999999999999E-004  0.54906178178565357       0.99879764177316765        4.7371479984037146        1.0002212639651449      -0.18206507798700633     
   1.2250000000000000E-004  0.55191675311443600        1.0132760372923295        4.7262332295731033        1.0002267343471354      -0.19177120185258623     
   1.2260000000000000E-004  0.55472805588811414        1.0285656542575747        4.7147392765135674        1.0002301367776105      -0.20121354589034762     
   1.2270000000000000E-004  0.55748888443402900        1.0446827077426954        4.7026745268598882        1.0002312313601538      -0.21037083935903314     
   1.2280000000000000E-004  0.56019162030894232        1.0616485313613913        4.6900468917698586        1.0002297741736268      -0.21922165861445153     
   1.2290000000000001E-004  0.56282773650353168        1.0794883530079789        4.6768636388627698        1.0002255209951911      -0.22774438687664231     
   1.2300000000000001E-004  0.56538777380054217        1.0982293139235502        4.6631312287206468        1.0002182312921923      -0.23591705914296779     
   1.2310000000000001E-004  0.56786141223742470        1.1178977293640138        4.6488551666677047        1.0002076742572443      -0.24371708078448001     
   1.2319999999999999E-004  0.57023764542119637        1.1385156928200981        4.6340398806493930        1.0001936396927897      -0.25112086897928260     
   1.2329999999999999E-004  0.57250505710176547        1.1600972887860523        4.6186886325325966        1.0001759578075908      -0.25810355198714929     
   1.2339999999999999E-004  0.57465217616915998        1.1826449130898249        4.6028034613170936        1.0001545329379828      -0.26463899516052608     
   1.2349999999999999E-004  0.57666785772013951        1.2061464724634217        4.5863851425715261        1.0001293927303097      -0.27070053386068177     
   1.2360000000000000E-004  0.57854162314429192        1.2305744426176073        4.5694331342996177        1.0001007442263001      -0.27626272671751056     
   1.2370000000000000E-004  0.58026390586121113        1.2558877670950901        4.5519454789421303        1.0000690139617130      -0.28130405753841253     
   1.2380000000000000E-004  0.58182618531184338        1.2820372374870486        4.5339186575996218        1.0000348433554667      -0.28580988307809024     
   1.2390000000000000E-004  0.58322101715290686        1.3089742599670142        4.5153474469413748       0.99999902081362146      -0.28977436238951115     
   1.2400000000000001E-004  0.58444195294451540        1.3366619066955288        4.4962248938962270       0.99996236089346235      -0.29320003602329797     
   1.2410000000000001E-004  0.58548330772059298        1.3650861705158324        4.4765425711737024       0.99992557097719326      -0.29609436421713276     
   1.2420000000000001E-004  0.58633976465863313        1.3942647039491050        4.4562912873818883       0.99988915954427104      -0.29846370469576156     
   1.2429999999999999E-004  0.58700593913085009        1.4242502033683131        4.4354623825211741       0.99985343508903501      -0.30030653551423786     
   1.2440000000000002E-004  0.58747615951542675        1.4551260371087738        4.4140496211588083       0.99981862273741717      -0.30160883653661130     
   1.2450000000000002E-004  0.58774473881860878        1.4869926859617992        4.3920514903345023       0.99978507920453086      -0.30234486549245787     
   1.2460000000000002E-004  0.58780688307952733        1.5199450667283072        4.3694734687762322       0.99975350672374830      -0.30248514283964983     
   1.2470000000000002E-004  0.58766012291547254        1.5540428999663218        4.3463297072866842       0.99972500698566047      -0.30200980972953717     
   1.2480000000000002E-004  0.58730570570830087        1.5892789070720053        4.3226436992321560       0.99970086552187010      -0.30092133952885070     
   1.2490000000000003E-004  0.58674898540197595        1.6255524369113630        4.2984479512428519       0.99968209099242766      -0.29924891223162170     
   1.2500000000000003E-004  0.58599816855960662        1.6626580200311762        4.2737832775713960       0.99966888638444706      -0.29703916232259353     
   1.2510000000000003E-004  0.58506182872741130        1.7002975448650872        4.2486988010207938       0.99966037919941420      -0.29433457966058563     
   1.2520000000000001E-004  0.58394652961093230        1.7381200335646589        4.2232535316007747       0.99965493469489797      -0.29114966387499636     
   1.2530000000000001E-004  0.58265597518912771        1.7757848235232281        4.1975192825959819       0.99965104210061173      -0.28746036303101191     
   1.2540000000000001E-004  0.58119237978555705        1.8130344106152805        4.1715832457845892       0.99964824374997419      -0.28321760664089141     
   1.2550000000000001E-004  0.57955948276916935        1.8497558339280040        4.1455479328900298       0.99964740080140679      -0.27838097648392029     
   1.2560000000000002E-004  0.57776526588523525        1.8860089655939767        4.1195271641873843       0.99965000781750391      -0.27295325099672568     
   1.2570000000000002E-004  0.57582240402091611        1.9220093872338531        4.0936390680136601       0.99965696328904263      -0.26699152398839887     
   1.2580000000000002E-004  0.57374617540397521        1.9580696523800043        4.0679992249198644       0.99966769084381990      -0.26058319419508713     
   1.2590000000000002E-004  0.57155133507168998        1.9945174984457790        4.0427172382570937       0.99968031325479456      -0.25380100625416568     
   1.2600000000000003E-004  0.56924988365554308        2.0316155336593411        4.0178975682850657       0.99969272463084913      -0.24666906556442991     
   1.2610000000000003E-004  0.56685080415570177        2.0695025419981761        3.9936423215710621       0.99970371581667905      -0.23916332870005796     
   1.2620000000000000E-004  0.56436142175983806        2.1081663259735475        3.9700524789599068       0.99971339315332275      -0.23124344761980467     
   1.2630000000000001E-004  0.56178911307545820        2.1474475337651455        3.9472256015361471       0.99972273931048972      -0.22289124447843481     
   1.2640000000000001E-004  0.55914228455234283        2.1870664658036709        3.9252509022364612       0.99973276694701541      -0.21413021368649907     
   1.2650000000000001E-004  0.55643034927660828        2.2266616226608207        3.9042044063385535       0.99974389739247083      -0.20501770865428415     
   1.2660000000000001E-004  0.55366305299359031        2.2658296553762831        3.8841465764386087       0.99975588857716269      -0.19562085807988397     
   1.2670000000000002E-004  0.55084966143405689        2.3041600750964975        3.8651229736322561       0.99976817193359724      -0.18599410935580149     
   1.2680000000000002E-004  0.54799836777893096        2.3412622542358505        3.8471668895223572       0.99978024980746960      -0.17616951209351683     
   1.2690000000000002E-004  0.54511604760611165        2.3767849407078572        3.8303023863355699       0.99979190953520403      -0.16615982893307596     
   1.2700000000000002E-004  0.54220832164230970        2.4104292826770362        3.8145466776708004       0.99980322166689140      -0.15596794908945127     
   1.2710000000000003E-004  0.53927980743807291        2.4419560449487356        3.7999115701201305       0.99981442063241199      -0.14559590644442744     
   1.2720000000000003E-004  0.53633442545432219        2.4711874229175042        3.7864042175405572       0.99982577576507170      -0.13505012872542047     
   1.2730000000000000E-004  0.53337565472780435        2.4980040888679778        3.7740275814286801       0.99983750893157597      -0.12434280538841913     
   1.2740000000000001E-004  0.53040668769548449        2.5223385554686040        3.7627808838641106       0.99984976415915050      -0.11349084208312490     
   1.2750000000000001E-004  0.52743048725790309        2.5441662645178926        3.7526601707537361       0.99986261068993110      -0.10251394908733810     
   1.2760000000000001E-004  0.52444978208072202        2.5634958152959921        3.7436589809943190       0.99987605966875215       -9.1432834584228906E-002
   1.2770000000000001E-004  0.52146703942909556        2.5803594619743695        3.7357690638673868       0.99989008218972630       -8.0267895961491476E-002
   1.2780000000000002E-004  0.51848444262619087        2.5948046062989256        3.7289810816080280       0.99990462360991550       -6.9038448108114964E-002
   1.2790000000000002E-004  0.51550388566133143        2.6068866353119216        3.7232852500534177       0.99991961329643142       -5.7762380964054248E-002
   1.2800000000000002E-004  0.51252698704784205        2.6166631784380847        3.7186718902909228       0.99993497068273718       -4.6456106804976208E-002
   1.2810000000000002E-004  0.50955511988564461        2.6241896978009578        3.7151318806885452       0.99995060891734866       -3.5134677719848781E-002
   1.2820000000000003E-004  0.50658945348361850        2.6295162553129359        3.7126570093228088       0.99996643715017219       -2.3811990281350517E-002
   1.2830000000000000E-004  0.50363100225445945        2.6326852890954395        3.7112402324040397       0.99998236217585423       -1.2501025487501097E-002
   1.2840000000000000E-004  0.50068067860005383        2.6337302460022478        3.7108758462771982       0.99999828975779237       -1.2140968732217740E-003
   1.2850000000000001E-004  0.49773934751137094        2.6326749431640710        3.7115595802801362        1.0000141257970594        1.0036904792393348E-002
   1.2860000000000001E-004  0.49480788129368636        2.6295335743298107        3.7132886158663894        1.0000297774390572        2.1240272542604841E-002
   1.2870000000000001E-004  0.49188721319214079        2.6243113171085870        3.7160615349397457        1.0000451541341480        3.2384248366294908E-002
   1.2880000000000001E-004  0.48897838874578120        2.6170055327480171        3.7198781978917417        1.0000601686706017        4.3456791608557151E-002
   1.2890000000000002E-004  0.48608261342890074        2.6076075794391134        3.7247395499150344        1.0000747382556066        5.4445355331506545E-002
   1.2900000000000002E-004  0.48320129457577277        2.5961052804213054        3.7306473534274627        1.0000887858397105        6.5336686763691462E-002
   1.2910000000000002E-004  0.48033607486591667        2.5824860957605686        3.7376038456429357        1.0001022420614296        7.6116685737496401E-002
   1.2920000000000002E-004  0.47748885419530646        2.5667410358275617        3.7456113243071703        1.0001150484422379        8.6770379984297138E-002
   1.2930000000000003E-004  0.47466179723787594        2.5488693190558749        3.7546716721724644        1.0001271626484436        9.7282103457919003E-002
   1.2940000000000000E-004  0.47185732616088838        2.5288837268239455        3.7647858411328916        1.0001385666038434       0.10763597528154224     
   1.2950000000000000E-004  0.46907810254709631        2.5068165311377406        3.7759533274772408        1.0001492772028975       0.11781674319950783     
   1.2960000000000001E-004  0.46632700999636395        2.4827257599312578        3.7881716743360561        1.0001593572529113       0.12781094735279871     
   1.2970000000000001E-004  0.46360715785040091        2.4567014386359727        3.8014360262707041        1.0001689208587534       0.13760814628090220     
   1.2980000000000001E-004  0.46092193348449628        2.4288712975259763        3.8157387235987636        1.0001781240439154       0.14720165381408135     
   1.2990000000000001E-004  0.45827512909263035        2.3994052255966647        3.8310688575313612        1.0001871310734403       0.15658798822151268     
   1.3000000000000002E-004  0.45567115040430239        2.3685174688765080        3.8474116282748305        1.0001960542330370       0.16576427805360369     
   1.3010000000000002E-004  0.45311527144766528        2.3364652549480400        3.8647473038999398        1.0002048823253717       0.17472348848483155     
   1.3020000000000002E-004  0.45061383649544645        2.3035423565678883        3.8830496401366958        1.0002134371152238       0.18344864367080463     
   1.3030000000000002E-004  0.44817425961262242        2.2700664276210727        3.9022838510833213        1.0002214101123381       0.19190883653992799     
   1.3040000000000000E-004  0.44580468635293879        2.2363600602954641        3.9224045943088752        1.0002285098568833       0.20006063912170438     
   1.3050000000000000E-004  0.44351331369823821        2.2027273030671353        3.9433547695135727        1.0002346753672182       0.20785706982466848     
   1.3060000000000000E-004  0.44130760245431794        2.1694292068470791        3.9650659172493263        1.0002402188347184       0.21526198120355536     
   1.3070000000000001E-004  0.43919382824598996        2.1366626629688898        3.9874604146023143        1.0002457358726764       0.22226246770100935     
   1.3080000000000001E-004  0.43717738985981636        2.1045456233268247        4.0104546651941533        1.0002517444218435       0.22887001390758027     
   1.3090000000000001E-004  0.43526390822594285        2.0731096177585986        4.0339617292113763        1.0002582388825441       0.23510624318645013     
   1.3100000000000001E-004  0.43346058069059262        2.0422994842994733        4.0578920694192711        1.0002644817102138       0.24097960512213815     
   1.3110000000000002E-004  0.43177691141796121        2.0119818573346322        4.0821523951220104        1.0002692425394730       0.24646757043823625     
   1.3120000000000002E-004  0.43022414208163789        1.9819666029507328        4.1066441321870872        1.0002713862787675       0.25151735377553058     
   1.3130000000000002E-004  0.42881345051962511        1.9520448618899078        4.1312636255533741        1.0002704417068502       0.25606642707746674     
   1.3140000000000002E-004  0.42755384615140957        1.9220408394033921        4.1559052243426535        1.0002667678948503       0.26007034907564036     
   1.3150000000000000E-004  0.42645099117490842        1.8918646475883545        4.1804665218276549        1.0002611907276775       0.26351999974782786     
   1.3160000000000000E-004  0.42550758992793075        1.8615478212990499        4.2048535738188733        1.0002543434246252       0.26643745494435683     
   1.3170000000000000E-004  0.42472499242414474        1.8312471767531999        4.2289839514047403        1.0002461651379728       0.26885439884643680     
   1.3180000000000001E-004  0.42410502910163983        1.8012146693439632        4.2527869206970612        1.0002359003204702       0.27078823426885307     
   1.3190000000000001E-004  0.42365109001573426        1.7717437053808389        4.2762017370286696        1.0002225686290349       0.27223077889321395     
   1.3200000000000001E-004  0.42336792253073818        1.7431096685986898        4.2991757836881055        1.0002055511542438       0.27315421860709205     
   1.3210000000000001E-004  0.42326032310497863        1.7155221493044230        4.3216637795950748        1.0001849105910321       0.27352766830100300     
   1.3220000000000001E-004  0.42333147287711986        1.6890999399341755        4.3436281710833633        1.0001613025432239       0.27333295012243675     
   1.3230000000000002E-004  0.42358177745101805        1.6638706662873446        4.3650399739474475        1.0001356251059206       0.27257139165597771     
   1.3240000000000002E-004  0.42400868830108901        1.6397890364764276        4.3858791761831393        1.0001086731238795       0.27126046671472021     
   1.3250000000000000E-004  0.42460741510476557        1.6167639862677960        4.4061342116263615        1.0000809783752116       0.26942468216965704     
   1.3260000000000000E-004  0.42537205932833816        1.5946857554529226        4.4258005584333802        1.0000528492742062       0.26708659184599542     
   1.3270000000000000E-004  0.42629664974512899        1.5734472760519846        4.4448788672536068        1.0000245094457885       0.26426177388432626     
   1.3280000000000000E-004  0.42737573339190010        1.5529578891431548        4.4633730762446797       0.99999622219799156       0.26095838019346496     
   1.3290000000000000E-004  0.42860442686084527        1.5331499328896250        4.4812888177343764       0.99996834491808728       0.25717964621310219     
   1.3300000000000001E-004  0.42997805518620941        1.5139798939246019        4.4986322260030143       0.99994131807675612       0.25292727300497392     
   1.3310000000000001E-004  0.43149162321757223        1.4954259908870586        4.5154091227942130       0.99991562062847783       0.24820427051562949     
   1.3320000000000001E-004  0.43313936015142140        1.4774837733398503        4.5316245057341717       0.99989172077424293       0.24301676253755622     
   1.3330000000000001E-004  0.43491448925251819        1.4601609225173862        4.5472822644195787       0.99987003616377612       0.23737483701221340     
   1.3340000000000002E-004  0.43680926090155464        1.4434720919125619        4.5623850640515178       0.99985090599233384       0.23129270155842502     
   1.3350000000000002E-004  0.43881519616822223        1.4274343572499175        4.5769343475321520       0.99983457265038600       0.22478834038468773     
   1.3359999999999999E-004  0.44092344303090136        1.4120636330347240        4.5909304111857532       0.99982117214127042       0.21788277779972709     
   1.3370000000000000E-004  0.44312514719760693        1.3973722302834561        4.6043725127611639       0.99981073387758634       0.21059903857181017     
   1.3380000000000000E-004  0.44541176566072466        1.3833675663096061        4.6172589782861371       0.99980319075158819       0.20296094617167978     
   1.3390000000000000E-004  0.44777528535858302        1.3700519011632153        4.6295872873051263       0.99979839811282667       0.19499194858036117     
   1.3400000000000000E-004  0.45020834040007718        1.3574228787391078        4.6413541307123989       0.99979615814897649       0.18671415953716317     
   1.3410000000000001E-004  0.45270424297371781        1.3454746038460756        4.6525554476908546       0.99979624512860665       0.17814774913236661     
   1.3420000000000001E-004  0.45525695390325449        1.3341989891226564        4.6631864555762848       0.99979842732419322       0.16931073193690918     
   1.3430000000000001E-004  0.45786102023963848        1.3235871454580277        4.6732416879829115       0.99980248293550411       0.16021911417169923     
   1.3440000000000001E-004  0.46051150255615403        1.3136306487712446        4.6827150532805142       0.99980820916080837       0.15088729727264116     
   1.3450000000000002E-004  0.46320390707793713        1.3043225765350472        4.6915999193906099       0.99981542521474553       0.14132860658078689     
   1.3459999999999999E-004  0.46593413039207937        1.2956582629435927        4.6998892243929076       0.99982397105866705       0.13155582123832210     
   1.3469999999999999E-004  0.46869841883336433        1.2876357638950644        4.7075756072741433       0.99983370387205961       0.12158161300991994     
   1.3480000000000000E-004  0.47149334103616863        1.2802560507190934        4.7146515500962813       0.99984449403132480       0.11141884392018482     
   1.3490000000000000E-004  0.47431577033181288        1.2735229689039649        4.7211095221387618       0.99985622176545663       0.10108071248547716     
   1.3500000000000000E-004  0.47716287307646316        1.2674430081281010        4.7269421176711361       0.99986877498910398        9.0580769072544171E-002
   1.3510000000000000E-004  0.48003209917472134        1.2620249345856438        4.7321421811895634       0.99988204837390993        7.9932839162225322E-002
   1.3520000000000001E-004  0.48292117163935355        1.2572793368039541        4.7367029164945897       0.99989594327505360        6.9150896150074290E-002
   1.3530000000000001E-004  0.48582807285981366        1.2532181314936937        4.7406179783194187       0.99991036813845657        5.8248925904102092E-002
   1.3540000000000001E-004  0.48875102603543230        1.2498540662094797        4.7438815468955493       0.99992523891821294        4.7240810337482897E-002
   1.3550000000000001E-004  0.49168847099497731        1.2472002530504378        4.7464883871308512       0.99994047916742190        3.6140252394757481E-002
   1.3560000000000002E-004  0.49463903425912503        1.2452697617075783        4.7484338947607645       0.99995601955845526        2.4960750818786723E-002
   1.3569999999999999E-004  0.49760149374342938        1.2440752871640406        4.7497141316752485       0.99997179683064086        1.3715624320895339E-002
   1.3579999999999999E-004  0.50057473884547821        1.2436288985539212        4.7503258523633818       0.99998775219476155        2.4180803556240792E-003
   1.3590000000000000E-004  0.50355772685159306        1.2439418700302642        4.7502665229343393        1.0000038292988938       -8.9186818507614868E-003
   1.3600000000000000E-004  0.50654943668864338        1.2450245913593347        4.7495343335984153        1.0000199719011591       -2.0281346184551699E-002
   1.3610000000000000E-004  0.50954882108154953        1.2468865547274213        4.7481282049264451        1.0000361214068925       -3.1656345352991909E-002
   1.3620000000000000E-004  0.51255475819939622        1.2495364144239494        4.7460477876517748        1.0000522144313475       -4.3029730861490194E-002
   1.3630000000000001E-004  0.51556600392051855        1.2529821193256652        4.7432934552724406        1.0000681805205658       -5.4387061309166346E-002
   1.3640000000000001E-004  0.51858114594319427        1.2572311221455488        4.7398662881867164        1.0000839401949191       -6.5713323822007993E-002
   1.3650000000000001E-004  0.52159856098285973        1.2622906608239042        4.7357680472797847        1.0000994035081117       -7.6992901562860927E-002
   1.3660000000000001E-004  0.52461637618468537        1.2681681049627445        4.7310011343829776        1.0001144691839827       -8.8209596822063169E-002
   1.3669999999999999E-004  0.52763243568661389        1.2748713569326249        4.7255685365961106        1.0001290243373837       -9.9346716796359688E-002
   1.3679999999999999E-004  0.53064427290629568        1.2824092873849775        4.7194737513860892        1.0001429445893031      -0.11038721445737813     
   1.3689999999999999E-004  0.53364908844375691        1.2907921711396826        4.7127206898289948        1.0001560943620389      -0.12131386961085686     
   1.3700000000000000E-004  0.53664373244656460        1.3000320729847443        4.7053135563943567        1.0001683268097687      -0.13210947508221577     
   1.3710000000000000E-004  0.53962468884990444        1.3101431163486419        4.6972567056137295        1.0001794829110573      -0.14275698248031643     
   1.3720000000000000E-004  0.54258805726213089        1.3211415553375874        4.6885544785407074        1.0001893892638307      -0.15323955071781986     
   1.3730000000000000E-004  0.54552952677722477        1.3330455674722197        4.6792110248166026        1.0001978544720704      -0.16354044619844685     
   1.3740000000000001E-004  0.54844433541998616        1.3458746977056730        4.6692301187819458        1.0002046646519556      -0.17364276323403918     
   1.3750000000000001E-004  0.55132720995468398        1.3596489116907984        4.6586149794759377        1.0002095793745747      -0.18352896882398709     
   1.3760000000000001E-004  0.55417228427611931        1.3743872546408360        4.6473681036353645        1.0002123301512069      -0.19318032177951266     
   1.3770000000000001E-004  0.55697300108081260        1.3901061711824898        4.6354911179644436        1.0002126239784295      -0.20257626284176344     
   1.3779999999999999E-004  0.55972201026919499        1.4068176226429836        4.6229846521839866        1.0002101543558732      -0.21169390938478974     
   1.3789999999999999E-004  0.56241108635739023        1.4245272393431332        4.6098482285749931        1.0002046213744755      -0.22050780664596367     
   1.3799999999999999E-004  0.56503109299588539        1.4432328583030181        4.5960801581808832        1.0001957610172658      -0.22899008237871840     
   1.3810000000000000E-004  0.56757202392532446        1.4629239003979073        4.5816774303717915        1.0001833814381866      -0.23711111550195083     
   1.3820000000000000E-004  0.57002315285110294        1.4835820960532642        4.5666355838036923        1.0001674007528214      -0.24484074320216634     
   1.3830000000000000E-004  0.57237332122609785        1.5051840237088658        4.5509485538706560        1.0001478795441934      -0.25214991865619152     
   1.3840000000000000E-004  0.57461136261763612        1.5277057370207938        4.5346085009007266        1.0001250418727738      -0.25901264397559098     
   1.3850000000000001E-004  0.57672660263509978        1.5511294073993662        4.5176056305846002        1.0000992801842195      -0.26540794233804899     
   1.3860000000000001E-004  0.57870930359891426        1.5754514256416901        4.4999280250566924        1.0000711377853202      -0.27132152446163821     
   1.3870000000000001E-004  0.58055088508199570        1.6006908794096484        4.4815615228343635        1.0000412606466904      -0.27674658388297757     
   1.3879999999999999E-004  0.58224378671140542        1.6268968396443269        4.4624897348918902        1.0000103116145884      -0.28168288853896745     
   1.3889999999999999E-004  0.58378095371540806        1.6541525216571351        4.4426943632637741       0.99997885835359412      -0.28613335531018308     
   1.3900000000000002E-004  0.58515508022282270        1.6825741885999506        4.4221560598566807       0.99994727954492391      -0.29009807156335077     
   1.3910000000000002E-004  0.58635791895061717        1.7123027146836245        4.4008560547841489       0.99991575957557344      -0.29356738297831159     
   1.3920000000000002E-004  0.58738010008249475        1.7434862389540555        4.3787786251147978       0.99988442749352047      -0.29651746011087188     
   1.3930000000000002E-004  0.58821183882079575        1.7762537148703785        4.3559141473509877       0.99985362601634031      -0.29891235803449656     
   1.3940000000000003E-004  0.58884450976451597        1.8106818747847502        4.3322620747606715       0.99982418210642154      -0.30071470569519759     
   1.3950000000000003E-004  0.58927247233546287        1.8467622144900151        4.3078329631634071       0.99979744122467407      -0.30190231387749689     
   1.3960000000000003E-004  0.58949420914356609        1.8843787849841647        4.2826489897023619       0.99977485466427918      -0.30248175014601225     
   1.3970000000000001E-004  0.58951204191637363        1.9233091547911272        4.2567433622217301       0.99975722671782108      -0.30248735065589627     
   1.3980000000000001E-004  0.58933027536833715        1.9632571973590167        4.2301600251317684       0.99974415413204776      -0.30196101757081611     
   1.3990000000000001E-004  0.58895255346605568        2.0039169745935297        4.2029551721900198       0.99973422181894922      -0.30092266527359324     
   1.4000000000000001E-004  0.58838005986657071        2.0450547784464828        4.1752007999436307       0.99972596691329652      -0.29935216413132398     
   1.4010000000000002E-004  0.58761202970551207        2.0865857920727997        4.1469884869128881       0.99971894724100774      -0.29720000072520714     
   1.4020000000000002E-004  0.58664849636097105        2.1286177514834481        4.1184302917299327       0.99971404800107644      -0.29442450180761681     
   1.4030000000000002E-004  0.58549348193129658        2.1714406481065591        4.0896547251840802       0.99971264200325816      -0.29102902258163049     
   1.4040000000000002E-004  0.58415628001006892        2.2154593428314158        4.0607991359042375       0.99971523967266296      -0.28706595925880468     
   1.4050000000000003E-004  0.58264954629729970        2.2610879959196470        4.0320027250894706       0.99972084677505879      -0.28260134721841623     
   1.4060000000000003E-004  0.58098548506370051        2.3086388753081000        4.0034036220389080       0.99972757339217122      -0.27767101532364408     
   1.4070000000000003E-004  0.57917321738850180        2.3582352931490931        3.9751394501887085       0.99973389607988361      -0.27226684164944942     
   1.4080000000000001E-004  0.57721930034852953        2.4097637753050325        3.9473475521634889       0.99973945589091495      -0.26636139111986284     
