   0.0000000000000000       0.50000000000000000        2.3247785636564471        5.2778756580308528        1.0000000000000000        0.0000000000000000     
   1.0000000000000001E-007  0.49697622594587848        2.3225058092006607        5.2786860398081696        1.0000126007983190        1.1988218826089182E-002
   2.0000000000000002E-007  0.49396011471376927        2.3181453407119230        5.2805769546197610        1.0000303872650420        2.3935214449862192E-002
   2.9999999999999999E-007  0.49095042379512893        2.3117030630661595        5.2835487252116451        1.0000479530318784        3.5837901382455649E-002
   4.0000000000000003E-007  0.48794604203813891        2.3031774819551059        5.2876039428824111        1.0000652481813848        4.7692610180138470E-002
   5.0000000000000008E-007  0.48494604098940064        2.2925617394508881        5.2927472480706719        1.0000822245247161        5.9494620697802959E-002
   5.9999999999999997E-007  0.48194972422548099        2.2798463400336462        5.2989850110522667        1.0000988343363206        7.1237602777455930E-002
   7.0000000000000007E-007  0.47895667372568873        2.2650225858502337        5.3063248957351412        1.0001150289186316        8.2912991384604992E-002
   8.0000000000000007E-007  0.47596679228277339        2.2480867131660465        5.3147752944127813        1.0001307585904435        9.4509402654236560E-002
   9.0000000000000007E-007  0.47298034096993474        2.2290446776603714        5.3243446361894948        1.0001459770261032       0.10601230133196045     
   1.0000000000000002E-006  0.46999797043782388        2.2079175033598633        5.3350405980554676        1.0001606540012429       0.11740424012700443     
   1.1000000000000001E-006  0.46702074396159965        2.1847470661248036        5.3468692840019196        1.0001747997652437       0.12866603402564236     
   1.1999999999999999E-006  0.46405014883078499        2.1596021396399285        5.3598344724790410        1.0001885000285222       0.13977910257029164     
   1.3000000000000000E-006  0.46108809300007864        2.1325844767340323        5.3739370427819466        1.0002019516852185       0.15072879981791867     
   1.4000000000000001E-006  0.45813689038917393        2.1038345718148044        5.3891746454873406        1.0002154777167238       0.16150783496919513     
   1.5000000000000000E-006  0.45519925547499374        2.0735364779465137        5.4055415568719560        1.0002294922700887       0.17211807095890599     
   1.6000000000000001E-006  0.45227835369064601        2.0419206182306935        5.4230284636945125        1.0002443946365636       0.18256857727591749     
   1.7000000000000000E-006  0.44937797032657500        2.0092629552809598        5.4416217402094169        1.0002604041923764       0.19286851845967407     
   1.8000000000000001E-006  0.44650283109551264        1.9758783615089091        5.4613017525295042        1.0002774031729806       0.20301577084142791     
   1.9000000000000000E-006  0.44365900248996909        1.9421059810808037        5.4820400200821551        1.0002949040328042       0.21298568038684262     
   2.0000000000000003E-006  0.44085414275464113        1.9082853384823759        5.5037957200278473        1.0003122467610681       0.22272718349366546     
   2.1000000000000002E-006  0.43809728048989199        1.8747242633466650        5.5265127868841066        1.0003290083775815       0.23217250701164507     
   2.2000000000000001E-006  0.43539795603399889        1.8416628023039263        5.5501191719172498        1.0003454004373076       0.24125981069429817     
   2.3000000000000000E-006  0.43276503260805127        1.8092395116657223        5.5745291354848856        1.0003623066544094       0.24995789352715037     
   2.3999999999999999E-006  0.43020599169350182        1.7774666983334266        5.5996478229597546        1.0003807693424152       0.25827624905609470     
   2.5000000000000002E-006  0.42772751889375660        1.7462202067003920        5.6253758220554468        1.0004011402122543       0.26624975208942409     
   2.6000000000000001E-006  0.42533736384531373        1.7152495560420160        5.6516112451591241        1.0004224513468014       0.27390378443332947     
   2.7000000000000004E-006  0.42304632421505717        1.6842154612381317        5.6782486038299220        1.0004425338945766       0.28122145284352357     
   2.8000000000000003E-006  0.42086876831902043        1.6527591637591457        5.7051763270243345        1.0004589655890788       0.28813667936156673     
   2.9000000000000002E-006  0.41882092257335884        1.6205963464012814        5.7322762297747474        1.0004702873458711       0.29456054640620855     
   3.0000000000000001E-006  0.41691777920898698        1.5876101033782357        5.7594271315077874        1.0004765732170995       0.30042337507464217     
   3.1000000000000004E-006  0.41517069733119527        1.5539055488603593        5.7865118016267409        1.0004788510172060       0.30570230901991707     
   3.2000000000000003E-006  0.41358734567512412        1.5197973687532416        5.8134239776263605        1.0004778471316429       0.31041618388052578     
   3.3000000000000002E-006  0.41217375878184359        1.4857305650318957        5.8400723780680623        1.0004731312695643       0.31459559376770740     
   3.4000000000000001E-006  0.41093673718979945        1.4521658169782974        5.8663809913705460        1.0004632963382973       0.31825271196996546     
   3.5000000000000004E-006  0.40988486984069999        1.4194742376069469        5.8922872220136533        1.0004468386003362       0.32137031996016396     
   3.6000000000000003E-006  0.40902770524264226        1.3878761414993817        5.9177400161013134        1.0004229606831252       0.32391190473714937     
   3.7000000000000002E-006  0.40837388539346287        1.3574344323663907        5.9426990641164394        1.0003918385182298       0.32584131472226924     
   3.8000000000000000E-006  0.40792949258567918        1.3280904671664935        5.9671348736866658        1.0003544037391046       0.32713857712871902     
   3.9000000000000008E-006  0.40769740424396106        1.2997191538724371        5.9910288658490742        1.0003119280507471       0.32780471145129891     
   4.0000000000000007E-006  0.40767765633452518        1.2721817784129259        6.0143727649621948        1.0002656563481145       0.32785603720417222     
   4.1000000000000006E-006  0.40786830788325046        1.2453639162046828        6.0371670327580373        1.0002166180728087       0.32731332175015976     
   4.2000000000000004E-006  0.40826629391543995        1.2191949562146869        6.0594185697830261        1.0001656411533544       0.32619210095847739     
   4.3000000000000003E-006  0.40886799539179475        1.1936515854841041        6.0811381718940716        1.0001134995955590       0.32449836909219987     
   4.4000000000000002E-006  0.40966946602835652        1.1687498769615099        6.1023382350643649        1.0000610725627770       0.32223035701900643     
   4.5000000000000001E-006  0.41066635924704209        1.1445308115042230        6.1230310195889013        1.0000094081175328       0.31938417326703999     
   4.6000000000000000E-006  0.41185363361515376        1.1210434650517360        6.1432275417086375       0.99995965427815592       0.31595982239269782     
   4.6999999999999999E-006  0.41322513748309475        1.0983293462302504        6.1629369703553456       0.99991290232167718       0.31196474069022601     
   4.7999999999999998E-006  0.41477320625023612        1.0764105331642488        6.1821663335492678       0.99987003217278525       0.30741388733517977     
   4.9000000000000005E-006  0.41648843081837544        1.0552832156135268        6.2009203791764635       0.99983163199381175       0.30232736161300150     
   5.0000000000000004E-006  0.41835973640271440        1.0349170258700537        6.2192015268401786       0.99979800803579477       0.29672743795427464     
   5.1000000000000003E-006  0.42037481516754843        1.0152593492094732        6.2370099189864616       0.99976925040527209       0.29063658138273130     
   5.2000000000000002E-006  0.42252081914512601       0.99624291424078126        6.2543435919706836       0.99974530470989009       0.28407693505890524     
   5.3000000000000009E-006  0.42478511296143584       0.97779459186877971        6.2711987505935962       0.99972601780762815       0.27707075165437783     
   5.4000000000000008E-006  0.42715586757567764       0.95984354331235200        4.3847760250352863E-003  0.99971115628587182       0.26964084664683896     
   5.5000000000000007E-006  0.42962235472261329       0.94232751619786903        2.0265730618891808E-002  0.99970041644468299       0.26181045236345940     
   5.6000000000000006E-006  0.43217492899796967       0.92519690849600367        3.5648697635721760E-002  0.99969344346310485       0.25360247834610694     
   5.7000000000000005E-006  0.43480479315833431       0.90841688310453528        5.0525094614744859E-002  0.99968986411135263       0.24503866242444813     
   5.8000000000000004E-006  0.43750369006122614       0.89196808976001851        6.4885390904214191E-002  0.99968932354410289       0.23613916870440108     
   5.9000000000000003E-006  0.44026364824691089       0.87584647346381472        7.8719127882781237E-002  0.99969151205243079       0.22692289725132322     
   6.0000000000000002E-006  0.44307685146278625       0.86006242389012155        9.2014980077016695E-002  0.99969617276013734       0.21740836327916907     
   6.1000000000000000E-006  0.44593564470100783       0.84463933648882539       0.10476087643536225       0.99970309065740715       0.20761472850294752     
   6.2000000000000008E-006  0.44883264672720408       0.82961161003036143       0.11694417336086449       0.99971207083154756       0.19756253237076718     
   6.3000000000000007E-006  0.45176091665312090       0.81502217960786316       0.12855185276869197       0.99972291642158650       0.18727383756918842     
   6.4000000000000006E-006  0.45471412163174202       0.80091979538525748       0.13957071377703478       0.99973541453619486       0.17677175940105458     
   6.5000000000000004E-006  0.45768666750590720       0.78735632426388935       0.14998753381011554       0.99974933346050832       0.16607956584940520     
   6.6000000000000003E-006  0.46067377439226043       0.77438433750532354       0.15978918833177502       0.99976442970952251       0.15521963822629006     
   6.7000000000000002E-006  0.46367149673117669       0.76205517495536335       0.16896273231542658       0.99978046056037406       0.14421256298800825     
   6.8000000000000001E-006  0.46667669836560938       0.75041756405895588       0.17749545581945902       0.99979719746203077       0.13307652571806908     
   6.9000000000000009E-006  0.46968699741307340       0.73951676569432379       0.18537492937322408       0.99981443695890337       0.12182705804306328     
   7.0000000000000007E-006  0.47270069491846611       0.72939415872541791       0.19258905347057276       0.99983200754404600       0.11047709392506197     
   7.1000000000000006E-006  0.47571669799253080       0.72008715358875186       0.19912612197838797       0.99984977242830930        9.9037241424001207E-002
   7.2000000000000005E-006  0.47873444426949791       0.71162932879457808       0.20497490370189464       0.99986762906856785        8.7516166484020219E-002
   7.3000000000000004E-006  0.48175383122207083       0.70405070030623018       0.21012474130940451       0.99988550666851950        7.5921004639702416E-002
   7.4000000000000003E-006  0.48477515149745398       0.69737805350679150       0.21456566317504322       0.99990336265602331        6.4257742256505490E-002
   7.5000000000000002E-006  0.48779903397234559       0.69163528714991107       0.21828850191130567       0.99992117877560727        5.2531541591529618E-002
   7.6000000000000001E-006  0.49082638958473346       0.68684373582464564       0.22128501280566315       0.99993895722427817        4.0747001490219849E-002
   7.6999999999999991E-006  0.49385836076856526       0.68302244829005132       0.22354798603144577       0.99995671690228405        2.8908363280217227E-002
   7.8000000000000016E-006  0.49689627326489322       0.68018840882027476       0.22507134745971147       0.99997448977493997        1.7019672350218010E-002
   7.9000000000000006E-006  0.49994158923376159       0.67835669622473460       0.22585024409287424       0.99999231727049209        5.0849096389158797E-003
   8.0000000000000013E-006  0.50299586078017788       0.67754058003365025       0.22588111124092691        1.0000102466313254       -6.8918958460208951E-003
   8.1000000000000004E-006  0.50606068315714470       0.67775155568505374       0.22516171940018381        1.0000283271745094       -1.8906565188974996E-002
   8.2000000000000011E-006  0.50913764700403208       0.67899932053089884       0.22369119944837301        1.0000466064425213       -3.0954671813492939E-002
   8.3000000000000002E-006  0.51222828900097273       0.68129169091441732       0.22147004532039727        1.0000651262396982       -4.3031441793125687E-002
   8.4000000000000009E-006  0.51533404025717600       0.68463445767740483       0.21850009389414193        1.0000839185580808       -5.5131645058448024E-002
   8.4999999999999999E-006  0.51845617155816381       0.68903117486083409       0.21478448252977422        1.0001030013640440       -6.7249468096501147E-002
   8.6000000000000007E-006  0.52159573435938922       0.69448288387113744       0.21032758583819522        1.0001223741218759       -7.9378354794768610E-002
   8.7000000000000014E-006  0.52475349623813927       0.70098778087706226       0.20513493468521649        1.0001420129916458       -9.1510798399739884E-002
   8.8000000000000004E-006  0.52792986939475306       0.70854084130541450       0.19921312190218465        1.0001618656838858      -0.10363807082115967     
   8.9000000000000012E-006  0.53112483088029727       0.71713342701958116       0.19256970071469226        1.0001818460217409      -0.11574987551123220     
   9.0000000000000002E-006  0.53433783370071897       0.72675291550402310       0.18521308280903881        1.0002018286408729      -0.12783393060165943     
   9.1000000000000010E-006  0.53756770912728546       0.73738240372738006       0.17715244273046782        1.0002216446149990      -0.13987550607870183     
   9.2000000000000000E-006  0.54081256280962164       0.74900054985278997       0.16839763330081592        1.0002410792493586      -0.15185697457698158     
   9.3000000000000007E-006  0.54406967070834122       0.76158162448071065       0.15895911283496655        1.0002598736936370      -0.16375746762173365     
   9.3999999999999998E-006  0.54733538511000757       0.77509585964667893       0.14884787958080636        1.0002777317589413      -0.17555275600024906     
   9.5000000000000005E-006  0.55060506515574859       0.78951018074391532       0.13807540238775928        1.0002943327546743      -0.18721547636825292     
   9.5999999999999996E-006  0.55387304863051801       0.80478938679521161       0.12665353115292621        1.0003093492056447      -0.19871578575275192     
   9.7000000000000020E-006  0.55713268031882279       0.82089783247519954       0.11459436960633695        1.0003224656506722      -0.21002243358181458     
   9.8000000000000010E-006  0.56037640476472517       0.83780162443933104       0.10191009787301564        1.0003333923047042      -0.22110410305957515     
   9.9000000000000001E-006  0.56359591659780028       0.85547127214148977        8.8612743692109142E-002   1.0003418665527994      -0.23193072940401355     
   1.0000000000000001E-005  0.56678234141232553       0.87388463349212375        7.4713916889232124E-002   1.0003476375189018      -0.24247441296058717     
   1.0100000000000000E-005  0.56992639980711057       0.89302988589969079        6.0224536471682022E-002   1.0003504351741968      -0.25270958475441080     
   1.0200000000000001E-005  0.57301849557034434       0.91290816237764760        4.5154586330983904E-002   1.0003499336861730      -0.26261229100844108     
   1.0300000000000000E-005  0.57604867356039435       0.93353544357596541        2.9512927412498335E-002   1.0003457260142143      -0.27215880807589943     
   1.0400000000000000E-005  0.57900641443802203       0.95494329625548391        1.3307169165222454E-002   1.0003373277208665      -0.28132415905471836     
   1.0499999999999999E-005  0.58188028841043848       0.97717806990399492        6.2797288761262493        1.0003242177554084      -0.29008125140207996     
   1.0600000000000002E-005  0.58465757599146384        1.0002981963302024        6.2624122103725517        1.0003059042670637      -0.29840109094474915     
   1.0700000000000001E-005  0.58732403332618344        1.0243693323576886        6.2445455647585781        1.0002819883340675      -0.30625392505722676     
   1.0800000000000002E-005  0.58986398036685905        1.0494573008154948        6.2261300275352269        1.0002521997015323      -0.31361056136902715     
   1.0900000000000001E-005  0.59226078856030706        1.0756192087607885        6.2071643232769942        1.0002164031057597      -0.32044300095990530     
   1.1000000000000001E-005  0.59449767879473880        1.1028938032649562        6.1876444623173734        1.0001746042571980      -0.32672411683735203     
   1.1100000000000000E-005  0.59655861493297202        1.1312929749808485        6.1675634808444642        1.0001269941724595      -0.33242706478036688     
   1.1200000000000001E-005  0.59842907479164098        1.1607970535885033        6.1469113079689546        1.0000740464614477      -0.33752575435330701     
   1.1300000000000000E-005  0.60009654913288313        1.1913567038583159        6.1256747400971543        1.0000166348443926      -0.34199748797592361     
   1.1400000000000001E-005  0.60155066964670301        1.2229033888444822        6.1038374708438701       0.99995608300400063      -0.34582754908384644     
   1.1500000000000002E-005  0.60278296574451951        1.2553682752259303        6.0813801830128122       0.99989404359875944      -0.34901329706950657     
   1.1600000000000001E-005  0.60378636031767785        1.2887063973059878        6.0582808738526506       0.99983219153586911      -0.35156386921048716     
   1.1700000000000001E-005  0.60455454013479404        1.3229198618954752        6.0345157619225880       0.99977187329951855      -0.35349291384380599     
   1.1800000000000001E-005  0.60508134200106656        1.3580721644173521        6.0100611567226121       0.99971395261524643      -0.35480619204793568     
   1.1900000000000001E-005  0.60536048753805360        1.3942861313213375        5.9848964558363313       0.99965901141070690      -0.35549098338856394     
   1.2000000000000000E-005  0.60538622184333579        1.4317204722812034        5.9590079806957208       0.99960784711465278      -0.35551607302367799     
   1.2100000000000001E-005  0.60515506873542368        1.4705241917955250        5.9323927920767225       0.99956197058684559      -0.35484721066827224     
   1.2200000000000000E-005  0.60466804447121714        1.5107744072205820        5.9050613120239381       0.99952361076077401      -0.35347277668673249     
   1.2300000000000001E-005  0.60393195295089652        1.5524113604717775        5.8770380901638024       0.99949486775022733      -0.35142215789952930     
   1.2400000000000002E-005  0.60295827272363223        1.5951928859524767        5.8483614540218749       0.99947636001577145      -0.34875740029133678     
   1.2500000000000001E-005  0.60175932072662919        1.6386949866734579        5.8190840623299058       0.99946641925457480      -0.34553586226909544     
   1.2600000000000001E-005  0.60034409263932920        1.6823789666168198        5.7892760959132907       0.99946183448777126      -0.34176727677077168     
   1.2700000000000000E-005  0.59871750864013673        1.7257236946628933        5.7590303830510328       0.99946012534022965      -0.33740158442748658     
   1.2800000000000001E-005  0.59688421406299752        1.7683881931658287        5.7284655789090895       0.99946164715413388      -0.33236847797668267     
   1.2900000000000000E-005  0.59485402231385265        1.8103416491996971        5.6977229474482947       0.99946918068010415      -0.32664668991910001     
   1.3000000000000001E-005  0.59264436057631875        1.8518980941688101        5.6669563880552971       0.99948486641801348      -0.32030366210546496     
   1.3100000000000000E-005  0.59027715397099234        1.8936317493302437        5.6363211912193352       0.99950740910117430      -0.31346110979432351     
   1.3200000000000001E-005  0.58777274286030123        1.9362051509467224        5.6059686006383069       0.99953241313614249      -0.30620874182595292     
   1.3300000000000000E-005  0.58514625990712421        1.9801777781611121        5.5760478713680728       0.99955557814940243      -0.29854507235259559     
   1.3400000000000000E-005  0.58240882655925952        2.0258606470275309        5.5467098432773883       0.99957562420676427      -0.29040327964869639     
   1.3499999999999999E-005  0.57957122458455956        2.0732527362046884        5.5181044855267398       0.99959429545820033      -0.28173500936946477     
   1.3600000000000000E-005  0.57664626558515319        2.1220579663234225        5.4903713246477484       0.99961390710093390      -0.27257053811296894     
   1.3699999999999999E-005  0.57364838629973158        2.1717543637995593        5.4636289440489758       0.99963505624611415      -0.26300566075398785     
   1.3800000000000002E-005  0.57059180382324137        2.2216807474080391        5.4379704092334364       0.99965639089983727      -0.25313973330025408     
   1.3900000000000002E-005  0.56748902101582421        2.2711181050138980        5.4134659366759523       0.99967602585278792      -0.24302545548763083     
   1.4000000000000001E-005  0.56435030943577302        2.3193581816450553        5.3901688012388709       0.99969294991788760      -0.23266448582986171     
   1.4100000000000002E-005  0.56118391739423046        2.3657589536544767        5.3681198645572161       0.99970739058191438      -0.22203696059449837     
   1.4200000000000001E-005  0.55799663214444839        2.4097857418824922        5.3473490562726917       0.99972029892934677      -0.21113327695387057     
   1.4300000000000002E-005  0.55479442409862378        2.4510349144250725        5.3278749857439038       0.99973266053411702      -0.19996796576443807     
   1.4400000000000001E-005  0.55158293625774524        2.4892389188355781        5.3097046010214539       0.99974511793825627      -0.18857563795742982     
   1.4500000000000002E-005  0.54836765931526810        2.5242555560655155        5.2928339500605075       0.99975794948895702      -0.17699938925669600     
   1.4600000000000001E-005  0.54515380550560533        2.5560473401969919        5.2772500113404099       0.99977121641774147      -0.16528075832454422     
   1.4700000000000002E-005  0.54194603695361576        2.5846570795187302        5.2629330303168338       0.99978490702265110      -0.15345463375425997     
   1.4800000000000001E-005  0.53874822468176697        2.6101842291706725        5.2498588161866806       0.99979901223383394      -0.14154831138476212     
   1.4900000000000001E-005  0.53556333734889872        2.6327644820925320        5.2380006979652949       0.99981354365851627      -0.12958266007239208     
   1.5000000000000000E-005  0.53239345865595067        2.6525533840710680        5.2273310578132399       0.99982852423808510      -0.11757384404118504     
   1.5100000000000001E-005  0.52923988391505328        2.6697138058347556        5.2178224780150266       0.99984397311548634      -0.10553483398580710     
   1.5200000000000000E-005  0.52610324604026559        2.6844067274372283        5.2094485773025463       0.99985989445110346       -9.3476484980219057E-002
   1.5299999999999999E-005  0.52298363976843543        2.6967847130153895        5.2021846114322878       0.99987627224787212       -8.1408216786488172E-002
   1.5399999999999998E-005  0.51988073076984331        2.7069874972128321        5.1960078987405174       0.99989307001326000       -6.9338409471573242E-002
   1.5500000000000001E-005  0.51679384717223009        2.7151391762018875        5.1908981166570172       0.99991023332837770       -5.7274623641138805E-002
   1.5600000000000003E-005  0.51372205567472218        2.7213465719669201        5.1868375033378493       0.99992769369777801       -4.5223727634514363E-002
   1.5700000000000002E-005  0.51066422563867475        2.7256984146888450        5.1838109897195617       0.99994537259655969       -3.3191985381467719E-002
   1.5800000000000001E-005  0.50761908437563730        2.7282650631434131        5.1818062806794778       0.99996318511585003       -2.1185135128284658E-002
   1.5900000000000004E-005  0.50458526630629241        2.7290985510339518        5.1808138990189851       0.99998104295585100       -9.2084736566525049E-003
   1.6000000000000003E-005  0.50156135805543134        2.7282328089801027        5.1808272020313968       0.99999885677944578        2.7330499083726774E-003
   1.6100000000000002E-005  0.49854594104683320        2.7256839791497520        5.1818423767134565        1.0000165381277053        1.4634732529273343E-002
   1.6200000000000001E-005  0.49553763281387292        2.7214507884212500        5.1838584169070057        1.0000340010599129        2.6492012757313377E-002
   1.6300000000000000E-005  0.49253512797073612        2.7155149878755456        5.1868770832910522        1.0000511637261804        3.8300369234197169E-002
   1.6400000000000002E-005  0.48953723964388701        2.7078419086169583        5.1909028448245875        1.0000679500759171        5.0055227851296541E-002
   1.6500000000000001E-005  0.48654294223805117        2.6983812248155150        5.1959427979305950        1.0000842918609112        6.1751881536310622E-002
   1.6600000000000000E-005  0.48355141678162100        2.6870680542755876        5.2020065572509306        1.0001001310049313        7.3385422889743396E-002
   1.6699999999999999E-005  0.48056210076003597        2.6738245631829742        5.2091061088605430        1.0001154222436872        8.4950681391790364E-002
   1.6800000000000002E-005  0.47757474511690956        2.6585622725394367        5.2172556128359178        1.0001301356802121        9.6442141856477120E-002
   1.6900000000000001E-005  0.47458948134564899        2.6411852877054067        5.2264711361760119        1.0001442584779134       0.10785379484048895     
   1.7000000000000000E-005  0.47160690022788493        2.6215946756897757        5.2367702887065386        1.0001577943684090       0.11917883608563548     
   1.7099999999999999E-005  0.46862813964203892        2.5996942000697123        5.2481717233431029        1.0001707594820333       0.13040910302454384     
   1.7200000000000001E-005  0.46565497140812978        2.5753975929547295        5.2606944500143475        1.0001831737829205       0.14153414707985457     
   1.7300000000000000E-005  0.46268986749440588        2.5486374738246256        5.2743569071722067        1.0001950502504808       0.15253995284467864     
   1.7400000000000003E-005  0.45973601817934090        2.5193758958772197        5.2891757504056480        1.0002063894097848       0.16340759265019447     
   1.7500000000000002E-005  0.45679727581742546        2.4876162951809970        5.3051643713627774        1.0002171929956982       0.17411253310034308     
   1.7600000000000001E-005  0.45387801614676021        2.4534163448630584        5.3223312598683288        1.0002275112486048       0.18462568894560766     
   1.7700000000000003E-005  0.45098295051950837        2.4169009153773651        5.3406784453908358        1.0002375243692474       0.19491723579222336     
   1.7800000000000002E-005  0.44811697084352753        2.3782739465193097        5.3602003263589113        1.0002476211532074       0.20496305499902862     
   1.7900000000000001E-005  0.44528514406556652        2.3378272745895621        5.3808830958212743        1.0002583955506801       0.21475139763525036     
   1.8000000000000000E-005  0.44249296780936342        2.2959432162352842        5.4027046176971316        1.0002704767812209       0.22428499684154687     
   1.8100000000000003E-005  0.43974690273097772        2.2530865263473294        5.4256340876802982        1.0002841920467462       0.23357367713586372     
   1.8200000000000002E-005  0.43705499985415286        2.2097814536790508        5.4496304996546030        1.0002992352929307       0.24261697825313339     
   1.8300000000000001E-005  0.43442722592400990        2.1665720403298119        5.4746393857492981        1.0003146661015931       0.25138528732536841     
   1.8400000000000000E-005  0.43187504824779038        2.1239688791385776        5.5005887296883635        1.0003294646748340       0.25981549196542014     
   1.8500000000000002E-005  0.42941017448581120        2.0823917153988387        5.5273865689268504        1.0003433912346020       0.26783270804991388     
   1.8600000000000001E-005  0.42704302616470174        2.0421204764624941        5.5549228425969659        1.0003573634839780       0.27538891591375697     
   1.8700000000000001E-005  0.42478211802777227        2.0032639342324741        5.5830754735516939        1.0003727161600777       0.28248752538043703     
   1.8800000000000000E-005  0.42263525993352957        1.9657480845540145        5.6117171993182993        1.0003897520859877       0.28916689654510186     
   1.8900000000000002E-005  0.42061207978830695        1.9293247858202329        5.6407188754619506        1.0004068861310969       0.29545092245892868     
   1.9000000000000001E-005  0.41872583005645392        1.8936088975953072        5.6699483150876464        1.0004212874824419       0.30130835351701751     
   1.9100000000000000E-005  0.41699255774156341        1.8581570683491138        5.6992682625318620        1.0004305950748864       0.30665822806882098     
   1.9199999999999999E-005  0.41542775065637277        1.8225866347919137        5.7285383157554701        1.0004342810120335       0.31141786762875001     
   1.9300000000000002E-005  0.41404275974225963        1.7867009847160717        5.7576221077484089        1.0004334781027424       0.31555112701282872     
   1.9400000000000004E-005  0.41284372610033260        1.7505656557010718        5.7863962349654816        1.0004294563650153       0.31907647836832514     
   1.9500000000000003E-005  0.41183377191749104        1.7144939290117189        5.8147560158233746        1.0004221661634956       0.32203360877700077     
   1.9600000000000002E-005  0.41101649130219170        1.6789458368173740        5.8426161089530675        1.0004101317040868       0.32444221250401278     
   1.9700000000000001E-005  0.41039793304418998        1.6443870802066367        5.8699079251177464        1.0003916202150744       0.32628619623306371     
   1.9800000000000000E-005  0.40998581975108100        1.6111671577601185        5.8965770807502746        1.0003658743127348       0.32752861008860218     
   1.9900000000000003E-005  0.40978688777259115        1.5794572394448310        5.9225825433867421        1.0003334152508645       0.32813802548660309     
   2.0000000000000002E-005  0.40980431853888516        1.5492546964415084        5.9478968884700727        1.0002955052596274       0.32810510461712145     
   2.0100000000000001E-005  0.41003684938401208        1.5204333507267438        5.9725062236871223        1.0002534815155690       0.32744248797883047     
   2.0200000000000000E-005  0.41047979702521714        1.4928087218304695        5.9964089110386274        1.0002084345461693       0.32617428459924802     
   2.0300000000000002E-005  0.41112698580442936        1.4661942514075481        6.0196131465406237        1.0001612177698234       0.32432450747328789     
   2.0400000000000001E-005  0.41197230013818548        1.4404376083092596        6.0421339615886476        1.0001125822578816       0.32190994173423287     
   2.0500000000000000E-005  0.41301019511221226        1.4154368165550442        6.0639902390443083        1.0000632980601118       0.31893840861245726     
   2.0599999999999999E-005  0.41423527054117049        1.3911410654072112        6.0852021510767154        1.0000142241005743       0.31541103749603316     
   2.0700000000000002E-005  0.41564142363221285        1.3675419278857557        6.1057892231586877       0.99996633003647684       0.31132674030705620     
   2.0800000000000001E-005  0.41722111858175198        1.3446597007391650        6.1257690792808619       0.99992066847007177       0.30668733049371016     
   2.0900000000000000E-005  0.41896509517123609        1.3225283241352583        6.1451568149777600       0.99987828951941093       0.30150182158759203     
   2.0999999999999999E-005  0.42086255386863936        1.3011814514764033        6.1639648542866805       0.99984010966690995       0.29578853804770694     
   2.1100000000000001E-005  0.42290164899790811        1.2806416039901825        6.1822030860097525       0.99980677952439001       0.28957427270222991     
   2.1200000000000004E-005  0.42507006502427791        1.2609136488808332        6.1998790737120757       0.99977860657622375       0.28289085295734911     
   2.1300000000000003E-005  0.42735551977447811        1.2419829444853372        6.2169981988799954       0.99975556498591767       0.27577055182644866     
   2.1400000000000002E-005  0.42974614709589321        1.2238175425873181        6.2335636964138033       0.99973738206460083       0.26824216255888733     
   2.1500000000000001E-005  0.43223077274650884        1.2063731164556943        6.2495766271842319       0.99972365798144425       0.26032904263574597     
   2.1600000000000003E-005  0.43479909185737492        1.1895990346276806        6.2650358694482282       0.99971397082893687       0.25204939514112057     
   2.1700000000000002E-005  0.43744174114922230        1.1734442311806044        6.2799381985428750       0.99970793958512361       0.24341814498574915     
   2.1800000000000001E-005  0.44015026350426856        1.1578620196526392        1.1093176708869557E-002  0.99970524254836413       0.23444937942191085     
   2.1900000000000000E-005  0.44291698422613468        1.1428135223107594        2.4864682533075388E-002  0.99970560544968612       0.22515844439301486     
   2.2000000000000003E-005  0.44573484041452949        1.1282697654278973        3.8059430410251061E-002  0.99970877734403585       0.21556318045684542     
   2.2100000000000002E-005  0.44859721411153425        1.1142126694704915        5.0668572284698676E-002  0.99971450869547529       0.20568419759924883     
   2.2200000000000001E-005  0.45149781254317911        1.1006351840866488        6.2682729185574715E-002  0.99972253880990058       0.19554437838151820     
   2.2300000000000000E-005  0.45443061996303807        1.0875407661397600        7.4092266703823739E-002  0.99973259392927116       0.18516792854049782     
   2.2400000000000002E-005  0.45738992273110801        1.0749423459739491        8.4887496518301297E-002  0.99974439315188035       0.17457928693951869     
   2.2500000000000001E-005  0.46037038996547508        1.0628609021986994        9.5058808418658991E-002  0.99975765835734565       0.16380212697175170     
   2.2600000000000000E-005  0.46336718129236920        1.0513237780298155       0.10459674722945600       0.99977212454176023       0.15285858007679473     
   2.2700000000000000E-005  0.46637605274279414        1.0403629017011635       0.11349205349872715       0.99978754830404637       0.14176872814067745     
   2.2800000000000002E-005  0.46939343857349275        1.0300130699290566       0.12173568623169384       0.99980371351578423       0.13055035237061358     
   2.2900000000000004E-005  0.47241649618670278        1.0203104191645382       0.12931884220739853       0.99982043420608735       0.11921889154334239     
   2.3000000000000003E-005  0.47544311114932530        1.0112911586883191       0.13623298150183416       0.99983755523230011       0.10778754971455350     
   2.3100000000000002E-005  0.47847186698248673        1.0029905887721187       0.14246986408444240       0.99985495146654024        9.6267495659570712E-002
   2.3200000000000001E-005  0.48150198871994676       0.99544238806720464       0.14802159856431363       0.99987252608221788        8.4668107454598698E-002
   2.3300000000000004E-005  0.48453327040323813       0.98867813145787242       0.15288070154132694       0.99989020839937015        7.2997230591265144E-002
   2.3400000000000003E-005  0.48756599554197461       0.98272699375993977       0.15704016450815317       0.99990795141990207        6.1261428404535870E-002
   2.3500000000000002E-005  0.49060085731617314       0.97761559107852969       0.16049352454765220       0.99992572923334921        4.9466218218522803E-002
   2.3600000000000001E-005  0.49363888270124429       0.97336790958000152       0.16323493479455564       0.99994353428042804        3.7616287732781105E-002
   2.3700000000000000E-005  0.49668136242663308       0.97000528733821079       0.16525923111488794       0.99996137440727584        2.5715697486955989E-002
   2.3800000000000003E-005  0.49972978694528680       0.96754642484921805       0.16656199208204292       0.99997926963824080        1.3768073267366794E-002
   2.3900000000000002E-005  0.50278578746333336       0.96600740438082999       0.16713958982079991       0.99999724868916928        1.7767931157089945E-003
   2.4000000000000001E-005  0.50585108042716198       0.96540170289067029       0.16698922989648679        1.0000153452241902       -1.0254826085069734E-002
   2.4100000000000000E-005  0.50892741352806581       0.96574018871568101       0.16610897897656329        1.0000335938788816       -2.2323339071422654E-002
   2.4200000000000002E-005  0.51201651112193491       0.96703109884293903       0.16449777950427613        1.0000520260826327       -3.4424977061155763E-002
   2.4300000000000001E-005  0.51512001687366493       0.96927999985728863       0.16215545111437724        1.0000706657371303       -4.6555444808643320E-002
   2.4400000000000000E-005  0.51823943136945627       0.97248973799480054       0.15908267897467887        1.0000895248326866       -5.8709707382808139E-002
   2.4499999999999999E-005  0.52137604253156955       0.97666039283071127       0.15528098985622929        1.0001085990182934       -7.0881763367036901E-002
   2.4600000000000002E-005  0.52453084712648923       0.98178925656093763       0.15075271740353369        1.0001278632329975       -8.3064402320251862E-002
   2.4700000000000004E-005  0.52770446253909409       0.98787086261250801       0.14550095855405409        1.0001472675339815       -9.5248948179234891E-002
   2.4800000000000003E-005  0.53089702952958273       0.99489708979546965       0.13952952366406635        1.0001667332055837      -0.10742498690512527     
   2.4900000000000002E-005  0.53410810901804573        1.0028573703107282       0.13284288336631889        1.0001861493878319      -0.11958008658830448     
   2.5000000000000001E-005  0.53733657903349774        1.0117390326244924       0.12544611533003014        1.0002053703172591      -0.13169951936476276     
   2.5100000000000004E-005  0.54058054135711942        1.0215278156983838       0.11734485389547711        1.0002242134563200      -0.14376600911163931     
   2.5200000000000003E-005  0.54383725025864182        1.0322085997372772       0.10854524455591630        1.0002424587536234      -0.15575953957370758     
   2.5300000000000002E-005  0.54710307667945957        1.0437664093320123        9.9053903334684001E-002   1.0002598492952472      -0.16765727402035252     
   2.5400000000000001E-005  0.55037351873817508        1.0561877180183106        8.8877877346935641E-002   1.0002760939511393      -0.17943364562024403     
   2.5500000000000003E-005  0.55364326255937557        1.0694620290221937        7.8024597628877146E-002   1.0002908723076993      -0.19106067414867348     
   2.5600000000000002E-005  0.55690628662490949        1.0835836609564089        6.6501810234913528E-002   1.0003038416928025      -0.20250854476804375     
   2.5700000000000001E-005  0.56015599031332408        1.0985535998682523        5.4317467254664464E-002   1.0003146455389509      -0.21374644281876545     
   2.5800000000000000E-005  0.56338531397761993        1.1143812074794279        4.1479557538110612E-002   1.0003229217932197      -0.22474358180868470     
   2.5900000000000003E-005  0.56658680830347730        1.1310855209897757        2.7995859296849446E-002   1.0003283093901789      -0.23547029895926383     
   2.6000000000000002E-005  0.56975261355825924        1.1486958536826810        1.3873605254008048E-002   1.0003304504915511      -0.24589903080641917     
   2.6100000000000001E-005  0.57287432814874406        1.1672514076902651        6.2823043731323382        1.0003289859766620      -0.25600493068031988     
   2.6200000000000000E-005  0.57594277997184773        1.1867996318728815        6.2669223837606864        1.0003235432354702      -0.26576587128120654     
   2.6300000000000002E-005  0.57894775585493075        1.2073930962594293        6.2509158598504930        1.0003137177356352      -0.27516160528710842     
   2.6400000000000001E-005  0.58187777625228343        1.2290847467057660        6.2342853608337174        1.0002990562778022      -0.28417199412630761     
   2.6500000000000000E-005  0.58471999973719457        1.2519216331976948        6.2170287577732122        1.0002790595050146      -0.29277453481892163     
   2.6599999999999999E-005  0.58746029310964210        1.2759376569888410        6.1991410333630572        1.0002532285081087      -0.30094192185078561     
   2.6699999999999998E-005  0.59008343799324736        1.3011465680325829        6.1806141908687113        1.0002211725152423      -0.30864083387338215     
   2.6800000000000001E-005  0.59257345419853946        1.3275372025847776        6.1614372011146035        1.0001827617887038      -0.31583305372740705     
   2.6900000000000000E-005  0.59491408864889528        1.3550734086321774        6.1415959050279678        1.0001382781493946      -0.32247926454208747     
   2.6999999999999999E-005  0.59708950825501006        1.3837008200094971        6.1210728199099576        1.0000885023915089      -0.32854479960179939     
   2.7099999999999998E-005  0.59908511199071490        1.4133613282497044        6.0998468597704276        1.0000346884698006      -0.33400566390788849     
   2.7200000000000000E-005  0.60088821754000232        1.4440138901858566        6.0778930652178120       0.99997840131881199      -0.33885249603718681     
   2.7300000000000000E-005  0.60248829911543755        1.4756577897551209        6.0551825480206665       0.99992124093042800      -0.34309002916280218     
   2.7399999999999999E-005  0.60387651245071572        1.5083524491571711        6.0316829733951494       0.99986454155995519      -0.34673057610265751     
   2.7500000000000004E-005  0.60504449589071363        1.5422269752295730        6.0073599739600789       0.99980919096064902      -0.34978256014906484     
   2.7600000000000003E-005  0.60598299552983093        1.5774730173973319        5.9821798389120566       0.99975569894788208      -0.35223846286768468     
   2.7700000000000006E-005  0.60668144322088535        1.6143161146758422        5.9561135534219298       0.99970456484803882      -0.35406909704798339     
   2.7800000000000005E-005  0.60712942505989720        1.6529640664536074        5.9291416770329723       0.99965685373590674      -0.35523111172042238     
   2.7900000000000004E-005  0.60731974224589080        1.6935375247282529        5.9012588084130941       0.99961459671611919      -0.35568929649051056     
   2.8000000000000003E-005  0.60725137535417273        1.7359988261593204        5.8724762129650445       0.99958038039430530      -0.35544290452113014     
   2.8100000000000005E-005  0.60693000287241183        1.7801071297396291        5.8428223175542877       0.99955594254812741      -0.35453426023256057     
   2.8200000000000004E-005  0.60636470776048657        1.8254327533500425        5.8123427401756222       0.99954068583271127      -0.35302398436538601     
   2.8300000000000003E-005  0.60556278089305982        1.8714512748352696        5.7811025867995562       0.99953168616714894      -0.35094258949597285     
   2.8400000000000003E-005  0.60452705273872409        1.9177060891005551        5.7491920452865664       0.99952593467685014      -0.34825661290648646     
   2.8500000000000002E-005  0.60325834441474135        1.9639885299121975        5.7167320278308935       0.99952317479905795      -0.34489096636479555     
   2.8600000000000004E-005  0.60176123398277537        2.0104591326949919        5.6838737536851323       0.99952609408842930      -0.34080357070189132     
   2.8700000000000003E-005  0.60004825716413013        2.0576436430447043        5.6507895316998331       0.99953704754425332      -0.33604257264456522     
   2.8800000000000002E-005  0.59813824524129144        2.1062896708312824        5.6176600269328310       0.99955474099397901      -0.33071587579141287     
   2.8900000000000001E-005  0.59605016062931226        2.1571371135155677        5.5846671709540052       0.99957467826829560      -0.32489420292976084     
   2.9000000000000004E-005  0.59379842782708014        2.2106909503273946        5.5519951978587052       0.99959304373681157      -0.31855564712079154     
   2.9100000000000003E-005  0.59139364803703609        2.2670703007666382        5.5198318013985928       0.99960958898441232      -0.31163730206834928     
   2.9200000000000002E-005  0.58884700732723294        2.3259620331777184        5.4883610883133311       0.99962643693009523      -0.30412827226363287     
   2.9300000000000001E-005  0.58617346647917190        2.3866629833608402        5.4577505583463246       0.99964480949881918      -0.29609598009757143     
   2.9400000000000003E-005  0.58339087915284904        2.4481778266859231        5.4281415646448625       0.99966362120212171      -0.28763151492193223     
   2.9500000000000002E-005  0.58051659451130344        2.5093494599433410        5.3996482228118996       0.99968081785105412      -0.27879010012331090     
   2.9600000000000001E-005  0.57756491106032881        2.5690071940184263        5.3723613057493766       0.99969517306045830      -0.26958226851316819     
   2.9700000000000000E-005  0.57454702050110973        2.6261098460232928        5.3463516262475368       0.99970677747884529      -0.26000173498193502     
   2.9800000000000003E-005  0.57147250826343132        2.6798507517947248        5.3216711532622654       0.99971645168926215      -0.25005178368864861     
   2.9900000000000002E-005  0.56835073490989996        2.7297009719606922        5.2983532891343348       0.99972505023478098      -0.23975332949402675     
   3.0000000000000001E-005  0.56519133541038535        2.7753940055869561        5.2764138826961027       0.99973316319017524      -0.22914003488815429     
   3.0100000000000000E-005  0.56200400105137238        2.8168753238574658        5.2558533407857615       0.99974114542921011      -0.21825068398954126     
   3.0200000000000002E-005  0.55879798912679590        2.8542419064068154        5.2366594159098341       0.99974923212700662      -0.20712369605525266     
   3.0300000000000001E-005  0.55558167287869109        2.8876881449943457        5.2188101463475638       0.99975762443007499      -0.19579451926261704     
   3.0400000000000000E-005  0.55236224162430092        2.9174641310576792        5.2022765913533426       0.99976651430749053      -0.18429502910000431     
   3.0499999999999999E-005  0.54914556357656541        2.9438458440181776        5.1870252041564004       0.99977607164121374      -0.17265373030338993     
   3.0599999999999998E-005  0.54593619365553792        2.9671146105844670        5.1730198154198153       0.99978642508902138      -0.16089601886315974     
   3.0700000000000001E-005  0.54273749332348775        2.9875433747599445        5.1602232514200264       0.99979765346204796      -0.14904430233678370     
   3.0799999999999996E-005  0.53955181695665555        3.0053879928070812        5.1485986201108389       0.99980978889460115      -0.13711807184462133     
   3.0899999999999999E-005  0.53638071665188325        3.0208822525227288        5.1381102967893417       0.99982282612705997      -0.12513406285448450     
   3.1000000000000001E-005  0.53322512821599410        3.0342355932756591        5.1287246429070494       0.99983673221399683      -0.11310655699749357     
   3.1100000000000004E-005  0.53008551853993446        3.0456326720175366        5.1204104972314983       0.99985145372638096      -0.10104778893641757     
   3.1200000000000006E-005  0.52696199021454071        3.0552340680788443        5.1131394833723336       0.99986692119684673       -8.8968382783967209E-002
   3.1300000000000002E-005  0.52385435037007477        3.0631776141130467        5.1068861771316385       0.99988305199569716       -7.6877745339152065E-002
   3.1400000000000004E-005  0.52076215559057348        3.0695800104864666        5.1016281731045359       0.99989975278458854       -6.4784373071363893E-002
   3.1500000000000007E-005  0.51768474454047742        3.0745385011346840        5.0973460841107840       0.99991692210204541       -5.2696064199082154E-002
   3.1600000000000002E-005  0.51462126703664912        3.0781324690561336        5.0940235004604739       0.99993445310684947       -4.0620053004161452E-002
   3.1700000000000005E-005  0.51157071474733218        3.0804248611219469        5.0916469296037921       0.99995223620759954       -2.8563093741936201E-002
   3.1800000000000007E-005  0.50853195566609843        3.0814633858303360        5.0902057309153319       0.99997016127477678       -1.6531521418559025E-002
   3.1900000000000003E-005  0.50550377244551059        3.0812814518176177        5.0896920554734013       0.99998811927239972       -4.5313088313727731E-003
   3.2000000000000005E-005  0.50248490355599618        3.0798988344572389        5.0901007966621261        1.0000060033208189        7.4318693026273050E-003
   3.2100000000000001E-005  0.49947408577599767        3.0773220647678836        5.0914295545696859        1.0000237092666691        1.9352561318171212E-002
   3.2200000000000003E-005  0.49647009637938866        3.0735445412630273        5.0936786147525073        1.0000411359782930        3.1225452705856964E-002
   3.2300000000000006E-005  0.49347179359907750        3.0685463759479399        5.0968509395576467        1.0000581856079611        4.3045270732317779E-002
   3.2400000000000001E-005  0.49047815443400322        3.0622939942796426        5.1009521680528342        1.0000747640076897        5.4806679990608495E-002
   3.2500000000000004E-005  0.48748830960004030        3.0547395186206647        5.1059906184689874        1.0000907814081490        6.6504166939244810E-002
   3.2600000000000000E-005  0.48450157643467701        3.0458199787564295        5.1119772847895764        1.0001061533942908        7.8131909613567446E-002
   3.2700000000000002E-005  0.48151749180932746        3.0354564150894596        5.1189258167184608        1.0001208021707153        8.9683629306726770E-002
   3.2800000000000004E-005  0.47853584837320401        3.0235529751316097        5.1268524696585969        1.0001346581282149       0.10115242380851061     
   3.2900000000000000E-005  0.47555673839048290        3.0099961630998884        5.1357760084223409        1.0001476618704046       0.11253058906629039     
   3.3000000000000003E-005  0.47258060958810255        2.9946544955722616        5.1457175449394246        1.0001597670453914       0.12380944232618515     
   3.3100000000000005E-005  0.46960833657127554        2.9773789195986335        5.1567002872549450        1.0001709443329148       0.13497916741732746     
   3.3200000000000001E-005  0.46664130918425895        2.9580044395117282        5.1687491752592871        1.0001811867911625       0.14602870509745433     
   3.3300000000000003E-005  0.46368153566910714        2.9363534466441816        5.1818903777884682        1.0001905160561595       0.15694569648268705     
   3.3399999999999999E-005  0.46073175437179503        2.9122412043373527        5.1961506252834102        1.0001989875056774       0.16771644614243203     
   3.3500000000000001E-005  0.45779554298095387        2.8854837905202619        5.2115563498052442        1.0002066906847582       0.17832580103597082     
   3.3600000000000004E-005  0.45487740628468587        2.8559086032661805        5.2281325963225687        1.0002137405529585       0.18875676671414415     
   3.3699999999999999E-005  0.45198281386043004        2.8233674609965052        5.2459016565516539        1.0002202586684796       0.19898969802563998     
   3.3800000000000002E-005  0.44911815332922178        2.7877525890462707        5.2648813750806172        1.0002263544477994       0.20900117393228421     
   3.3900000000000004E-005  0.44629057491885060        2.7490163354874908        5.2850831249941743        1.0002321333180293       0.21876332452477082     
   3.4000000000000000E-005  0.44350774041493829        2.7071957132138986        5.3065095871269108        1.0002377633238200       0.22824516406780296     
   3.4100000000000002E-005  0.44077754542608727        2.6624418001959360        5.3291526663008577        1.0002435916215553       0.23741736941404498     
   3.4199999999999998E-005  0.43810793135976261        2.6150507314770133        5.3529919719592023        1.0002502139522145       0.24625966157059292     
   3.4300000000000000E-005  0.43550693052279388        2.5654877049966771        5.3779940354958136        1.0002583238188874       0.25476580245003949     
   3.4400000000000003E-005  0.43298309444772076        2.5143898668224116        5.4041117537072356        1.0002682742262341       0.26293861661831675     
   3.4499999999999998E-005  0.43054633109693313        2.4625325158636553        5.4312829673028107        1.0002796470921755       0.27077299923186582     
   3.4600000000000001E-005  0.42820866024329507        2.4107517873104034        5.4594275655987641        1.0002913608891437       0.27823769287899053     
   3.4699999999999996E-005  0.42598379891256660        2.3598365235049368        5.4884442965038014        1.0003025003173038       0.28527466749999181     
   3.4800000000000006E-005  0.42388500088264625        2.3104219954516032        5.5182101489352684        1.0003132080892021       0.29182478101113485     
   3.4900000000000008E-005  0.42192259053395859        2.2629215790220223        5.5485844647140139        1.0003245549529796       0.29786218545303200     
   3.5000000000000004E-005  0.42010394179361682        2.2175092653328154        5.5794163824055971        1.0003371726421155       0.30340283409150426     
   3.5100000000000006E-005  0.41843668278900054        2.1741345000359589        5.6105510912140781        1.0003499674925478       0.30847156228306088     
   3.5200000000000002E-005  0.41693207173190022        2.1325473110162476        5.6418317481337672        1.0003604205124144       0.31305634116642062     
   3.5300000000000004E-005  0.41560460272964123        2.0923412880134729        5.6730989497218776        1.0003662858930327       0.31709673746515665     
   3.5400000000000007E-005  0.41446773739725307        2.0530432670144663        5.7041927834918100        1.0003670236508231       0.32052094997800318     
   3.5500000000000002E-005  0.41352976062394481        2.0142533370006470        5.7349600717501694        1.0003636543335168       0.32329604719211985     
   3.5600000000000005E-005  0.41279338005257238        1.9757851577711962        5.7652639619823418        1.0003573070269842       0.32544306223037095     
   3.5700000000000007E-005  0.41225895352869463        1.9377327221755893        5.7949903629606103        1.0003478513449267       0.32700560708501553     
   3.5800000000000003E-005  0.41192818275312915        1.9004253813799659        5.8240484159212276        1.0003337610404592       0.32800467107136427     
   3.5900000000000005E-005  0.41180524503232752        1.8642969769707747        5.8523669456055165        1.0003132841795279       0.32841977518710314     
   3.6000000000000001E-005  0.41189496423630567        1.8297359723575979        5.8798910335861665        1.0002858818879168       0.32820844140519229     
   3.6100000000000003E-005  0.41219987805311475        1.7969799166242053        5.9065811567602200        1.0002526425824212       0.32734225457726168     
   3.6200000000000006E-005  0.41271830207204402        1.7660828725274802        5.9324140776621617        1.0002154331390141       0.32582795921861613     
   3.6300000000000001E-005  0.41344434286213561        1.7369456386869804        5.9573830385817477        1.0001757632706252       0.32370068626420928     
   3.6400000000000004E-005  0.41436950808796258        1.7093771862292790        5.9814957315126165        1.0001343446873261       0.32100115847640770     
   3.6500000000000000E-005  0.41548475451301686        1.6831566665474660        6.0047703986527754        1.0000914203366054       0.31775664587471930     
   3.6600000000000002E-005  0.41678183050770928        1.6580787736109610        6.0272314554843271        1.0000473229057647       0.31397611966820854     
   3.6700000000000004E-005  0.41825345760989024        1.6339786949259114        6.0489058504977162        1.0000027908737730       0.30965741581552569     
   3.6800000000000000E-005  0.41989262195129373        1.6107403835586398        6.0698206330959712       0.99995893057076135       0.30479818320817542     
   3.6900000000000002E-005  0.42169157258391504        1.5882938987002901        6.0900015727738106       0.99991697302725602       0.29940369460795896     
   3.7000000000000005E-005  0.42364106626585746        1.5666067973644187        6.1094724288014310       0.99987802467629550       0.29348913098085672     
   3.7100000000000001E-005  0.42573015707308082        1.5456731097889604        6.1282545333411989       0.99984292490533089       0.28707768955761676     
   3.7200000000000003E-005  0.42794656048684032        1.5255022031523031        6.1463665221402017       0.99981221726810465       0.28019715434162157     
   3.7299999999999999E-005  0.43027740470642922        1.5061089895454505        6.1638241748164360       0.99978618431371469       0.27287688039912966     
   3.7400000000000001E-005  0.43271007225676145        1.4875063323787587        6.1806403660027973       0.99976489633850341       0.26514582546444615     
   3.7500000000000003E-005  0.43523286204472034        1.4697000279648473        6.1968251126938432       0.99974825346121543       0.25703138574177870     
   3.7599999999999999E-005  0.43783532905983319        1.4526863523230793        6.2123856839258425       0.99973602344005774       0.24855864913960812     
   3.7700000000000002E-005  0.44050830582628309        1.4364518594559601        6.2273267423598941       0.99972788242147026       0.23974994221066692     
   3.7800000000000004E-005  0.44324370771176436        1.4209749066087547        6.2416505073665087       0.99972345845287058       0.23062476783365413     
   3.7900000000000000E-005  0.44603425205347685        1.4062282804998349        6.2553569483867442       0.99972237110764628       0.22120023560618615     
   3.8000000000000002E-005  0.44887319649309421        1.3921823043878594        6.2684440234868228       0.99972425950426969       0.21149192881454404     
   3.8099999999999998E-005  0.45175415687294163        1.3788078974623701        6.2809079703917536       0.99972879558089356       0.20151498878363699     
   3.8200000000000000E-005  0.45467102600102172        1.3660791986740932        9.5583357559929638E-003  0.99973568438899796       0.19128512985896728     
   3.8300000000000003E-005  0.45761798342903348        1.3539755236857898        2.0759564885668880E-002  0.99974465644575361       0.18081933596370639     
   3.8399999999999998E-005  0.46058956716808092        1.3424825688939694        3.1319515305735735E-002  0.99975545795113152       0.17013609933943488     
   3.8500000000000007E-005  0.46358077293884997        1.3315928914164583        4.1231008905230127E-002  0.99976784346920677       0.15925519674742872     
   3.8600000000000003E-005  0.46658715127108841        1.3213057706985314        5.0486793035742217E-002  0.99978157333899542       0.14819710920292228     
   3.8700000000000006E-005  0.46960488246093385        1.3116265990978910        5.9079742562972548E-002  0.99979641581102896       0.13698225154552934     
   3.8800000000000008E-005  0.47263081986323308        1.3025659626555919        6.7002995765833795E-002  0.99981215235423837       0.12563018405964485     
   3.8900000000000004E-005  0.47566250036452179        1.2941385643843559        7.4250033042761565E-002  0.99982858404732755       0.11415894348557991     
   3.9000000000000006E-005  0.47869812632955483        1.2863621170691364        8.0814712500033359E-002  0.99984553721017577       0.10258457521781407     
   3.9100000000000002E-005  0.48173652582391363        1.2792562981674256        8.6691277879422657E-002  0.99986286714238526        9.0920892195466327E-002
   3.9200000000000004E-005  0.48477709825738030        1.2728418238732560        9.1874352716308394E-002  0.99988045953953675        7.9179441733762290E-002
   3.9300000000000007E-005  0.48781975165341079        1.2671396730207052        9.6358931408386361E-002  0.99989822973600129        6.7369637965062790E-002
   3.9400000000000002E-005  0.49086483619313231        1.2621704692373394       0.10014037400782705       0.99991612028491916        5.5499005706359572E-002
   3.9500000000000005E-005  0.49391307718408040        1.2579540024178542       0.10321440793502656       0.99993409751739881        4.3573488767851921E-002
   3.9600000000000000E-005  0.49696550920372023        1.2545088650993770       0.10557713695573856       0.99995214752557326        3.1597781181427642E-002
   3.9700000000000003E-005  0.50002341209164847        1.2518521830685654       0.10722505593630327       0.99997027192170784        1.9575657755274409E-002
   3.9800000000000005E-005  0.50308824866659985        1.2499994243874510       0.10815506902945682       0.99998848352371439        7.5102910730075988E-003
   3.9900000000000001E-005  0.50616160356070272        1.2489642764041931       0.10836450870805070        1.0000068020447677       -4.5954486013616127E-003
   4.0000000000000003E-005  0.50924512227048246        1.2487585851339502       0.10785115343256191        1.0000252497702133       -1.6738706262692329E-002
   4.0100000000000006E-005  0.51234044936368062        1.2493923551344970       0.10661324244796866        1.0000438471680024       -2.8916360139328492E-002
   4.0200000000000001E-005  0.51544916472129176        1.2508738069847021       0.10464948706136745        1.0000626084165853       -4.1124735168358011E-002
   4.0300000000000004E-005  0.51857271675627659        1.2532094847210786       0.10195907864037768        1.0000815368026301       -5.3359302483136591E-002
   4.0399999999999999E-005  0.52171235175004771        1.2564044243222614        9.8541694574923788E-002   1.0001006198118374       -6.5614357474040902E-002
   4.0500000000000002E-005  0.52486903878863900        1.2604623972013329        9.4397504107366359E-002   1.0001198240183335       -7.7882674653326461E-002
   4.0600000000000004E-005  0.52804339034080361        1.2653862374756983        8.9527176049564616E-002   1.0001390899305711       -9.0155146419269055E-002
   4.0700000000000000E-005  0.53123557940066246        1.2711782632183906        8.3931890031807121E-002   1.0001583270636405      -0.10242042210432103     
   4.0800000000000002E-005  0.53444525529608755        1.2778408038516513        7.7613351581313772E-002   1.0001774097602656      -0.11466458354399242     
   4.0900000000000005E-005  0.53767146178217440        1.2853768458692092        7.0573808868828358E-002   1.0001961743583594      -0.12687090663259507     
   4.1000000000000000E-005  0.54091256274305266        1.2937908044230160        6.2816065504659235E-002   1.0002144185110662      -0.13901977515533484     
   4.1100000000000003E-005  0.54416618241364223        1.3030894146280234        5.4343479486252733E-002   1.0002319032420668      -0.15108881434835839     
   4.1199999999999999E-005  0.54742916782835638        1.3132827071040891        4.5159934127440238E-002   1.0002483579323194      -0.16305329707768540     
   4.1300000000000001E-005  0.55069758052234374        1.3243849759914015        3.5269763595378478E-002   1.0002634877093370      -0.17488683354479914     
   4.1400000000000003E-005  0.55396672180997286        1.3364155988712187        2.4677615310271683E-002   1.0002769814817829      -0.18656229308314540     
   4.1499999999999999E-005  0.55723119025988033        1.3493995357420423        1.3388235064381249E-002   1.0002885180133774      -0.19805283219978395     
   4.1600000000000002E-005  0.56048496153708016        1.3633673114149003        1.4061686809707652E-003   1.0002977672514515      -0.20933283492534599     
   4.1700000000000004E-005  0.56372147058415278        1.3783542905595119        6.2719206927389477        1.0003043851441251      -0.22037853751523351     
   4.1800000000000000E-005  0.56693366697918179        1.3943990968460453        6.2585641493268405        1.0003080026251618      -0.23116813598012526     
   4.1900000000000002E-005  0.57011401091805602        1.4115411108027602        6.2445233209225179        1.0003082125549110      -0.24168126598535289     
   4.1999999999999998E-005  0.57325438445363874        1.4298171082339328        6.2297977349308589        1.0003045612681800      -0.25189788262129992     
   4.2100000000000007E-005  0.57634590966899546        1.4492572822191438        6.2143845355872704        1.0002965535492243      -0.26179673138407117     
   4.2200000000000003E-005  0.57937868113887980        1.4698811435857368        6.1982780979835530        1.0002836797306334      -0.27135376962981306     
   4.2300000000000005E-005  0.58234145241110524        1.4916941198977209        6.1814696938242744        1.0002654685466696      -0.28054099054068482     
   4.2400000000000007E-005  0.58522137638459581        1.5146860097523109        6.1639472029997471        1.0002415603660051      -0.28932604584091470     
   4.2500000000000003E-005  0.58800395721769061        1.5388326312137779        6.1456948686964639        1.0002117896904672      -0.29767290608600583     
   4.2600000000000005E-005  0.59067337545634158        1.5641018331513141        6.1266931029234799        1.0001762658600246      -0.30554366539818956     
   4.2700000000000008E-005  0.59321324551717391        1.5904643788830044        6.1069183457174301        1.0001354459352958      -0.31290159528864231     
   4.2800000000000004E-005  0.59560766415068045        1.6179090853388363        6.0863429559892737        1.0000901856505366      -0.31971545737611923     
   4.2900000000000006E-005  0.59784220826377177        1.6464602215176720        6.0649350971407197        1.0000417262928134      -0.32596438497168428     
   4.3000000000000002E-005  0.59990445573628381        1.6761938454054339        6.0426586450989435       0.99999155681957563      -0.33164122552751302     
   4.3100000000000004E-005  0.60178369135616894        1.7072487298007430        6.0194733368973710       0.99994113017500030      -0.33675111961196991     
   4.3200000000000007E-005  0.60346976488994242        1.7398268841113516        5.9953356540251761       0.99989152326117425      -0.34130292901081755     
   4.3300000000000002E-005  0.60495159666306209        1.7741785130767658        5.9702011202553988       0.99984326046628080      -0.34529497877389526     
   4.3400000000000005E-005  0.60621632315586838        1.8105671136685975        5.9440284960124030       0.99979655646141730      -0.34870249300448308     
   4.3500000000000000E-005  0.60725002193942001        1.8492138808932124        5.9167855431416152       0.99975202467995994      -0.35147809190121199     
   4.3600000000000003E-005  0.60804018507297641        1.8902288150355675        5.8884548768565956       0.99971136848775510      -0.35357223835504076     
   4.3700000000000005E-005  0.60857892098315980        1.9335489825696428        5.8590379319875163       0.99967717864665084      -0.35496464801848049     
   4.3800000000000001E-005  0.60886468638107605        1.9789166430935492        5.8285562400198732       0.99965149300599554      -0.35568115205330331     
   4.3900000000000003E-005  0.60890064845147196        2.0259294155979410        5.7970516847764246       0.99963418814281801      -0.35577358090608635     
   4.4000000000000006E-005  0.60869032047766369        2.0741718090679240        5.7645889636123870       0.99962300586364394      -0.35527090725009824     
   4.4100000000000001E-005  0.60823395665014623        2.1233965445076648        5.7312617095457510       0.99961562493386469      -0.35414427442099328     
   4.4200000000000004E-005  0.60752929755834584        2.1736843922128082        5.6971989446916336       0.99961185713555456      -0.35232832273817999     
   4.4299999999999999E-005  0.60657686253852683        2.2254989904555038        5.6625653284220521       0.99961347935547418      -0.34978865219329663     
   4.4400000000000002E-005  0.60538493104956970        2.2795881448541424        5.6275522659410067       0.99962173724140091      -0.34656448839073173     
   4.4500000000000004E-005  0.60396824615251909        2.3367564190054129        5.5923653772052964       0.99963528796892920      -0.34273203718123141     
   4.4600000000000000E-005  0.60234135769247221        2.3975953863082364        5.5572170462815293       0.99965086401861258      -0.33832891285038830     
   4.4700000000000002E-005  0.60051428975859256        2.4622601186727473        5.5223250192292346       0.99966588544185353      -0.33333171916344051     
   4.4800000000000005E-005  0.59849538693939319        2.5303384946984560        5.4879092563407177       0.99967999889845283      -0.32770642681765078     
   4.4900000000000000E-005  0.59629698501477657        2.6008284565127959        5.4541818888532339       0.99969413916836780      -0.32146208178357089     
   4.5000000000000003E-005  0.59393660174578011        2.6722403073324288        5.4213345530915351       0.99970857865244189      -0.31465076492458810     
   4.5099999999999998E-005  0.59143338277306767        2.7428330622123540        5.3895304376038693       0.99972227160768024      -0.30732970535294285     
   4.5200000000000001E-005  0.58880475016658185        2.8109313784681524        5.3589027868138688       0.99973381366025016      -0.29953353424056683     
   4.5300000000000003E-005  0.58606549934846219        2.8752054607139099        5.3295564141891187       0.99974256457577537      -0.29127715629510248     
   4.5399999999999999E-005  0.58322822038167754        2.9348083743838820        5.3015691953148192       0.99974873765322558      -0.28257241736000788     
   4.5500000000000001E-005  0.58030420655773562        2.9893552126886509        5.2749934693476108       0.99975285369465960      -0.27343621170996929     
   4.5600000000000004E-005  0.57730463668447707        3.0388091349855628        5.2498583192208059       0.99975543680270185      -0.26388947769532656     
   4.5700000000000000E-005  0.57424134266854820        3.0833511896695760        5.2261727571934946       0.99975703188892218      -0.25395673174641853     
   4.5800000000000009E-005  0.57112666081520647        3.1232787359952661        5.2039291076408096       0.99975825941266960      -0.24366902178829389     
   4.5900000000000004E-005  0.56797263387524843        3.1589416795770546        5.1831060898713028       0.99975973222200354      -0.23306601544852179     
   4.6000000000000007E-005  0.56479016749689681        3.1907067500609987        5.1636716629733295       0.99976191796625924      -0.22219344594273963     
   4.6100000000000002E-005  0.56158854647830492        3.2189373502153793        5.1455858840851487       0.99976507908850387      -0.21109697115886142     
   4.6200000000000005E-005  0.55837536544145838        3.2439809590470157        5.1288038203010524       0.99976931650633416      -0.19981618311991950     
   4.6300000000000007E-005  0.55515672945162464        3.2661607363218441        5.1132782971523163       0.99977465763675255      -0.18838155251048191     
   4.6400000000000003E-005  0.55193755346331608        3.2857703936052371        5.0989622021596324       0.99978112603809066      -0.17681472205951052     
   4.6500000000000005E-005  0.54872184025188242        3.3030719441714980        5.0858101747374400       0.99978876759812996      -0.16513093220093256     
   4.6600000000000008E-005  0.54551288268164966        3.3182957674547038        5.0737796758729399       0.99979764112607861      -0.15334201324181435     
   4.6700000000000003E-005  0.54231338566938259        3.3316422533714838        5.0628315462562634       0.99980779372860229      -0.14145883969900608     
   4.6800000000000006E-005  0.53912552850154505        3.3432843254579336        5.0529302041222435       0.99981923824016727      -0.12949279636194405     
   4.6900000000000002E-005  0.53595099417264713        3.3533703112315130        5.0440436229490633       0.99983194144735210      -0.11745629681690857     
   4.7000000000000004E-005  0.53279098767001964        3.3620268216852249        5.0361431939942651       0.99984582406406375      -0.10536263234904339     
   4.7100000000000006E-005  0.52964625676515842        3.3693614601049275        5.0292035410988900       0.99986076927702616       -9.3225471864211859E-002
   4.7200000000000002E-005  0.52651712122254901        3.3754652653983475        5.0232023261700691       0.99987663530183402       -8.1058273782324719E-002
   4.7300000000000005E-005  0.52340351123621165        3.3804148343710136        5.0181200650434805       0.99989326808045742       -6.8873779850881403E-002
   4.7400000000000000E-005  0.52030501340568813        3.3842741013941438        5.0139399622209755       0.99991051174589085       -5.6683674513752141E-002
   4.7500000000000003E-005  0.51722092182115975        3.3870957838268767        5.0106477670752287       0.99992821584835367       -4.4498427332145082E-002
   4.7600000000000005E-005  0.51415029206036011        3.3889225235480001        5.0082316514565086       0.99994623931386495       -3.2327299198769116E-002
   4.7700000000000001E-005  0.51109199648052139        3.3897877658762243        5.0066821079250303       0.99996445167049353       -2.0178473292058279E-002
   4.7800000000000003E-005  0.50804477976036710        3.3897164182187245        5.0059918678804687       0.99998273224058565       -8.0592713407797063E-003
   4.7900000000000006E-005  0.50500731410385558        3.3887253190061588        5.0061558394420667        1.0000009679430280        4.0235819384737770E-003
   4.8000000000000001E-005  0.50197825386867601        3.3868235269511850        5.0071710656318222        1.0000190503189019        1.6063675709339191E-002
   4.8100000000000004E-005  0.49895628958028931        3.3840124501137558        5.0090367027296248        1.0000368724943407        2.8054635285985514E-002
   4.8199999999999999E-005  0.49594020130355887        3.3802858223439443        5.0117540187361813        1.0000543264754629        3.9989871168709855E-002
   4.8300000000000002E-005  0.49292891126676841        3.3756295118991582        5.0153264122881165        1.0000713011799194        5.1862374544887908E-002
   4.8400000000000004E-005  0.48992153545030931        3.3700211355251768        5.0197594522837576        1.0000876816314266        6.3664578171572894E-002
   4.8500000000000000E-005  0.48691743352127403        3.3634294455009401        5.0250609381185525        1.0001033497304701        7.5388300905339281E-002
   4.8600000000000002E-005  0.48391625601374033        3.3558134589929232        5.0312409796140702        1.0001181868896867        8.7024788383896240E-002
   4.8700000000000005E-005  0.48091798711933093        3.3471213095769321        5.0383120940717951        1.0001320786519274        9.8564851488720517E-002
   4.8800000000000000E-005  0.47792298109758680        3.3372888207311266        5.0462893153195489        1.0001449209697479       0.10999908678719891     
   4.8900000000000003E-005  0.47493199060402685        3.3262378234217675        5.0551903057600409        1.0001566273381906       0.12131813847992744     
   4.8999999999999998E-005  0.47194618676880107        3.3138742527194509        5.0650354576117174        1.0001671352515804       0.13251293524408589     
   4.9100000000000001E-005  0.46896717376246039        3.3000860971005150        5.0758479618226051        1.0001764102287842       0.14357480800560204     
   4.9200000000000003E-005  0.46599700465256116        3.2847413552405027        5.0876538118054571        1.0001844457063667       0.15449537559389712     
   4.9299999999999999E-005  0.46303820960430170        3.2676862717117601        5.1004816951449730        1.0001912579876537       0.16526609330970973     
   4.9400000000000008E-005  0.46009384946036963        3.2487442920000587        5.1143627116530981        1.0001968775025472       0.17587741172733323     
   4.9500000000000004E-005  0.45716760448269000        3.2277163826080404        5.1293298456239267        1.0002013405733561       0.18631760524323426     
   4.9600000000000006E-005  0.45426389736142780        3.2043835211269442        5.1454171232006161        1.0002046884596034       0.19657150040856192     
   4.9700000000000009E-005  0.45138803280721279        3.1785121091741635        5.1626584127282120        1.0002069801561964       0.20661951815232701     
   4.9800000000000004E-005  0.44854631876099621        3.1498626135128265        5.1810858800695918        1.0002083196258866       0.21643754000181678     
   4.9900000000000007E-005  0.44574612420314941        3.1182008915820227        5.2007281757628805        1.0002088868199857       0.22599796205485395     
   5.0000000000000002E-005  0.44299582902263351        3.0833109294274328        5.2216084647799006        1.0002089505487017       0.23527180514469340     
   5.0100000000000005E-005  0.44030462991856500        3.0450081996077398        5.2437423693309562        1.0002088432591432       0.24423103587940193     
   5.0200000000000007E-005  0.43768218960347649        3.0031555729044825        5.2671357912180277        1.0002089061816246       0.25284988846046041     
   5.0300000000000003E-005  0.43513819685944649        2.9576881815961777        5.2917825272136838        1.0002094620692030       0.26110479261995190     
   5.0400000000000005E-005  0.43268204558237378        2.9086560331023024        5.3176617502191972        1.0002108796210389       0.26897445231817158     
   5.0500000000000008E-005  0.43032291708616027        2.8562872602813383        5.3447357632614922        1.0002136760456979       0.27644232414928765     
   5.0600000000000003E-005  0.42807036268919463        2.8010574833755313        5.3729485149243983        1.0002183969973941       0.28349995633132224     
   5.0700000000000006E-005  0.42593505824683692        2.7437288785483860        5.4022246486533243        1.0002250355470759       0.29014211298340775     
   5.0800000000000002E-005  0.42392916349220167        2.6853138847006544        5.4324678643331863        1.0002325371212641       0.29634824537602023     
   5.0900000000000004E-005  0.42206589495270108        2.6269421461162485        5.4635582572058272        1.0002395238034030       0.30206890285843535     
   5.1000000000000006E-005  0.42035815541000865        2.5696659453830062        5.4953515061486193        1.0002459856918957       0.30724692510979335     
   5.1100000000000002E-005  0.41881656407255879        2.5142902018329143        5.5276838071527052        1.0002535246342539       0.31186273462363656     
   5.1200000000000004E-005  0.41744856961837740        2.4613018469667995        5.5603813706357785        1.0002629905251785       0.31594516901068020     
   5.1300000000000000E-005  0.41626042215876563        2.4108952792484457        5.5932676948706535        1.0002723989023974       0.31952137679937448     
   5.1400000000000003E-005  0.41526048401499105        2.3630254298398925        5.6261647522042537        1.0002783431292186       0.32256384919443237     
   5.1500000000000005E-005  0.41445954829402298        2.3174453844853327        5.6588927817180164        1.0002792089508217       0.32500217366461720     
   5.1600000000000001E-005  0.41386688514659015        2.2737599144643648        5.6912754223782027        1.0002760736191350       0.32678359290574038     
   5.1700000000000003E-005  0.41348626313432685        2.2315410457613041        5.7231501049226328        1.0002706046045720       0.32791175271700679     
   5.1800000000000005E-005  0.41331635689568130        2.1904848699277841        5.7543774773445326        1.0002629131069218       0.32842844803397853     
   5.1900000000000001E-005  0.41335480181317502        2.1505261770095103        5.7848448452439332        1.0002515205901696       0.32836723252646355     
   5.2000000000000004E-005  0.41360153661858473        2.1118425516194348        5.8144640746635421        1.0002347314145466       0.32772553396788778     
   5.2099999999999999E-005  0.41405838693355507        2.0747520838903877        5.8431678030833973        1.0002118309915085       0.32647224876134251     
   5.2200000000000002E-005  0.41472578643521768        2.0395694450189064        5.8709071378633491        1.0001834749537708       0.32457653695631605     
   5.2300000000000004E-005  0.41559988573585815        2.0064929541971157        5.8976514275615521        1.0001512893976270       0.32203407432917797     
   5.2400000000000000E-005  0.41667226147985192        1.9755602255044753        5.9233885641649886        1.0001169831874392       0.31887370367345963     
   5.2500000000000002E-005  0.41793192117326072        1.9466667759949390        5.9481238483676773        1.0000815967865808       0.31514283847409053     
   5.2600000000000005E-005  0.41936780089065678        1.9196178751738464        5.9718766368833771        1.0000454028920669       0.31088461245337723     
   5.2700000000000000E-005  0.42097019854704365        1.8941838834346305        5.9946755476328395        1.0000083796025576       0.30612271526161772     
   5.2800000000000003E-005  0.42273073234905839        1.8701420929683554        6.0165537008028505       0.99997076869879231       0.30086101610186439     
   5.2899999999999998E-005  0.42464137477310376        1.8473009284769635        6.0375451261882622       0.99993332686622727       0.29509423176120470     
   5.3000000000000001E-005  0.42669340326462074        1.8255095443237968        6.0576826664945438       0.99989720830187523       0.28882095976361322     
   5.3100000000000003E-005  0.42887683483008893        1.8046578571674432        6.0769970667831794       0.99986365067745631       0.28205206477233652     
   5.3199999999999999E-005  0.43118046709954772        1.7846714099782690        6.0955167024558774       0.99983367436586590       0.27481202978108388     
   5.3300000000000001E-005  0.43359234235226779        1.7655041003483372        6.1132674847556610       0.99980791858281837       0.26713483564270163     
   5.3399999999999997E-005  0.43610036577711425        1.7471305807006157        6.1302727047288563       0.99978663132829404       0.25905765234567296     
   5.3499999999999999E-005  0.43869287091750986        1.7295392739787676        6.1465527812374727       0.99976976107441651       0.25061530897517165     
   5.3600000000000002E-005  0.44135902698045221        1.7127264308524028        6.1621249941469847       0.99975708042760092       0.24183713801040660     
   5.3699999999999997E-005  0.44408906366566059        1.6966913916249906        6.1770033077414350       0.99974829030628309       0.23274635904035715     
   5.3800000000000000E-005  0.44687433367478130        1.6814331048835143        6.1911983549666347       0.99974308291497505       0.22336126248600807     
   5.3900000000000002E-005  0.44970725387429583        1.6669479010280017        6.2047175999683377       0.99974116620939746       0.21369718444381472     
   5.3999999999999998E-005  0.45258117249159602        1.6532284559606114        6.2175656519461437       0.99974226378786923       0.20376843610591566     
   5.4100000000000000E-005  0.45549020718588246        1.6402637920526162        6.2297446786483581       0.99974610529063113       0.19358970211956791     
   5.4199999999999996E-005  0.45842909124302506        1.6280400702997493        6.2412548626618838       0.99975241782813840       0.18317676055981003     
   5.4299999999999998E-005  0.46139305428023547        1.6165418626802510        6.2520948518388648       0.99976092310165099       0.17254660473326652     
   5.4400000000000001E-005  0.46437775084113569        1.6057535870107886        6.2622621696400822       0.99977134045157023       0.16171715180596657     
   5.4499999999999997E-005  0.46737923733077452        1.5956608432865458        6.2717535662383970       0.99978339368121805       0.15070673506707935     
   5.4599999999999999E-005  0.47039398729384779        1.5862514775940209        6.2805653035804498       0.99979681908654738       0.13953353785951988     
   5.4700000000000001E-005  0.47341892916466544        1.5775162908177405        5.5080690292372836E-003  0.99981137272235854       0.12821507286198786     
   5.4799999999999997E-005  0.47645148979356633        1.5694493862645191        1.2948367644636249E-002  0.99982683584004817       0.11676776270382862     
   5.4900000000000006E-005  0.47948962980457116        1.5620482031085208        1.9696794894013436E-002  0.99984301817189258       0.10520664318751004     
   5.5000000000000009E-005  0.48253186135812781        1.5553133100972787        2.5749343487222909E-002  0.99985975920908698        9.3545187865008789E-002
   5.5100000000000011E-005  0.48557724426441612        1.5492480405688240        3.1102146220527871E-002  0.99987692784623394        8.1795241698792986E-002
   5.5200000000000007E-005  0.48862536099281706        1.5438580437473122        3.5751506298804081E-002  0.99989442082470747        6.9967047572422864E-002
   5.5300000000000009E-005  0.49167627401804115        1.5391508167009320        3.9693914897604543E-002  0.99991216026172036        5.8069348446733088E-002
   5.5400000000000012E-005  0.49473047027193812        1.5351352621896550        4.2926061316659769E-002  0.99993009059934401        4.6109549351716080E-002
   5.5500000000000007E-005  0.49778879740962312        1.5318212982312807        4.5444839589745989E-002  0.99994817515041445        3.4093923961034875E-002
   5.5600000000000010E-005  0.50085239572460849        1.5292195344924868        4.7247354039923195E-002  0.99996639238333651        2.2027852666917661E-002
   5.5700000000000005E-005  0.50392262829413303        1.5273410236131120        4.8330925237135780E-002  0.99998473201242610        9.9160830503123507E-003
   5.5800000000000008E-005  0.50700101066616010        1.5261970914265337        4.8693097058850832E-002   1.0000031909317537       -2.2369944496719672E-003
   5.5900000000000010E-005  0.51008914037597153        1.5257992471942503        4.8331645070274654E-002   1.0000217690170197       -1.4427060300996511E-002
   5.6000000000000006E-005  0.51318862585662839        1.5261591724346881        4.7244586208156747E-002   1.0000404648086003       -2.6649571821441974E-002
   5.6100000000000008E-005  0.51630101394647421        1.5272887824201107        4.5430189660821796E-002   1.0000592711122378       -3.8899463720811156E-002
   5.6200000000000011E-005  0.51942771524773723        1.5292003540112771        4.2886988747105725E-002   1.0000781705019399       -5.1170847085988409E-002
   5.6300000000000006E-005  0.52256992696068105        1.5319067211823547        3.9613793408218356E-002   1.0000971307231599       -6.3456712575979471E-002
   5.6400000000000009E-005  0.52572855353336068        1.5354215346881859        3.5609702581401947E-002   1.0001161001099692       -7.5748646690632596E-002
   5.6500000000000005E-005  0.52890412661216946        1.5397595762504863        3.0874115101588551E-002   1.0001350031354119       -8.8036573928147704E-002
   5.6600000000000007E-005  0.53209672729015156        1.5449371121130000        2.5406736831201648E-002   1.0001537362622961      -0.10030854191651739     
   5.6700000000000009E-005  0.53530591519146231        1.5509722626270956        1.9207580329777763E-002   1.0001721643192092      -0.11255057208643353     
   5.6800000000000005E-005  0.53853067024289014        1.5578853528352443        1.2276951662400393E-002   1.0001901176261194      -0.12474659881093932     
   5.6900000000000007E-005  0.54176935326896847        1.5656991918559853        4.6154170323671195E-003   1.0002073901746462      -0.13687851983018925     
   5.7000000000000003E-005  0.54501969023875463        1.5744392057506782        6.2794090471225550        1.0002237391430406      -0.14892637301051520     
   5.7100000000000006E-005  0.54827878141019604        1.5841333193425162        6.2702880850697227        1.0002388860560487      -0.16086864320390673     
   5.7200000000000008E-005  0.55154313088788109        1.5948114811710852        6.2604386337202236        1.0002525196960006      -0.17268268726758829     
   5.7300000000000004E-005  0.55480868539444494        1.6065047545078017        6.2498612065422092        1.0002643007841241      -0.18434524810995892     
   5.7400000000000006E-005  0.55807086514631221        1.6192439492970028        6.2385557394902484        1.0002738682126846      -0.19583300494295447     
   5.7500000000000009E-005  0.56132456574024470        1.6330578586306881        6.2265212143544275        1.0002808461447490      -0.20712307661388701     
   5.7600000000000004E-005  0.56456411043354526        1.6479712833501932        6.2137552017109554        1.0002848506673523      -0.21819335791502636     
   5.7700000000000007E-005  0.56778313878551856        1.6640031619983624        6.2002533356797072        1.0002854943348500      -0.22902253331967781     
   5.7800000000000002E-005  0.57097443043955320        1.6811652439244147        6.1860087476053387        1.0002823875937539      -0.23958960248886710     
   5.7900000000000005E-005  0.57412968095384431        1.6994618208113219        6.1710115019367437        1.0002751388212432      -0.24987280937485210     
   5.8000000000000007E-005  0.57723926880395515        1.7188910415514218        6.1552480899613933        1.0002633596627724      -0.25984803846620769     
   5.8100000000000003E-005  0.58029207634293478        1.7394482695049143        6.1387010379117886        1.0002466884414771      -0.26948704806981943     
   5.8200000000000005E-005  0.58327544539963638        1.7611317933293162        6.1213486668091255        1.0002248474936346      -0.27875629697712240     
   5.8300000000000008E-005  0.58617534937329796        1.7839509334018488        6.1031649981985820        1.0001977436259288      -0.28761739841754508     
   5.8400000000000003E-005  0.58897683663707445        1.8079361699479550        6.0841197427779772        1.0001655986940710      -0.29603009807374531     
   5.8500000000000006E-005  0.59166472950890836        1.8331503546466967        6.0641782700608626        1.0001290615027727      -0.30395780078536738     
   5.8600000000000001E-005  0.59422444601497570        1.8596993826286756        6.0433014859855181        1.0000892232723391      -0.31137408079185630     
   5.8700000000000004E-005  0.59664266155381374        1.8877399494609597        6.0214456841675421        1.0000474691041874      -0.31826697474611781     
   5.8800000000000006E-005  0.59890743472196339        1.9174812427476120        5.9985626841668678        1.0000051672854837      -0.32463737950450711     
   5.8900000000000002E-005  0.60100754343874196        1.9491767337345314        5.9746008430884672       0.99996331892014867      -0.33048976062280622     
   5.9000000000000004E-005  0.60293117844331867        1.9831020501419194        5.9495076292008413       0.99992240573680657      -0.33581797049453260     
   5.9100000000000000E-005  0.60466465606795983        2.0195163522390249        5.9232341165314564       0.99988265276158939      -0.34059449124845792     
   5.9200000000000002E-005  0.60619222709786269        2.0586095530440107        5.8957409306497759       0.99984462425377307      -0.34477288903862480     
   5.9300000000000005E-005  0.60749791844724466        2.1004473524312552        5.8670042820248050       0.99980966759530276      -0.34830602090187640     
   5.9400000000000000E-005  0.60856890729195856        2.1449384370724807        5.8370205096969627       0.99977970933042470      -0.35116986215515039     
   5.9500000000000003E-005  0.60939800085864915        2.1918554174776297        5.8058085116309526       0.99975639419602469      -0.35337489061730432     
   5.9600000000000005E-005  0.60998284208891562        2.2409305851690369        5.7734113258408666       0.99974013670746320      -0.35495145016547092     
   5.9700000000000001E-005  0.61032198723247688        2.2920128052809536        5.7398994455345491       0.99972990464001621      -0.35591549911852766     
   5.9800000000000003E-005  0.61041134258693874        2.3452249294066001        5.7053770563500459       0.99972395949258863      -0.35624285036922454     
   5.9899999999999999E-005  0.61024528756355945        2.4010326731177662        5.6699881821937019       0.99972130384232383      -0.35588133143600242     
   6.0000000000000002E-005  0.60982198447079816        2.4601592585965952        5.6339163813938216       0.99972274757210622      -0.35479996796343577     
   6.0100000000000004E-005  0.60914681567200890        2.5233556775406920        5.5973750993371185       0.99972981038165443      -0.35302485433594694     
   6.0200000000000000E-005  0.60822963076256209        2.5911092388443517        5.5605947020274940       0.99974190178084132      -0.35061373081309616     
   6.0300000000000002E-005  0.60707942115424252        2.6633792084819063        5.5238148325313974       0.99975550855801265      -0.34759382588145293     
   6.0400000000000004E-005  0.60570276905051423        2.7394108047551100        5.4872815787118405       0.99976742479539005      -0.34394042275854719     
   6.0500000000000000E-005  0.60410668299752823        2.8176870857924001        5.4512409474803771       0.99977767333962075      -0.33962247756126396     
   6.0600000000000003E-005  0.60230186947782860        2.8961151220504728        5.4159260359020536       0.99978775328002412      -0.33464561693805328     
   6.0699999999999998E-005  0.60030353931566605        2.9724628182985571        5.3815449513897216       0.99979773551422413      -0.32904337210016593     
   6.0800000000000001E-005  0.59812943204434776        3.0448642649673854        5.3482742643442833       0.99980623900799903      -0.32285546500878604     
   6.0900000000000003E-005  0.59579674154210660        3.1121330453760536        5.3162558926994921       0.99981204343448027      -0.31612340191641985     
   6.0999999999999999E-005  0.59332024347764944        3.1737751324153090        5.2855958767132885       0.99981470385657445      -0.30888359342475713     
   6.1099999999999994E-005  0.59071259737396631        3.2297978915340768        5.2563664432366428       0.99981424230240712      -0.30115314282704198     
   6.1199999999999997E-005  0.58798598478035768        3.2804782520097668        5.2286110109201465       0.99981098182940897      -0.29293033447806122     
   6.1299999999999999E-005  0.58515348742797801        3.3261937947683640        5.2023493133005694       0.99980566612214572      -0.28421518571317994     
   6.1400000000000002E-005  0.58222936344875831        3.3673381754055263        5.1775807828827825       0.99979935179513413      -0.27503013662803527     
   6.1500000000000004E-005  0.57922839893882505        3.4042946509485952        5.1542868338790777       0.99979303816805432      -0.26542343661688333     
   6.1599999999999993E-005  0.57616487605459077        3.4374336920455635        5.1324335935659917       0.99978736616971209      -0.25545621827824899     
   6.1699999999999995E-005  0.57305167961673542        3.4671132913307723        5.1119757754392925       0.99978259120201929      -0.24518536176556682     
   6.1799999999999998E-005  0.56989986346246835        3.4936751394589303        5.0928612177189718       0.99977876469392635      -0.23465267947290044     
   6.1900000000000000E-005  0.56671870442878214        3.5174381085792086        5.0750351327206848       0.99977594257052282      -0.22388353248833259     
   6.2000000000000003E-005  0.56351604682972589        3.5386923967470723        5.0584433524168873       0.99977429399126494      -0.21289204255270847     
   6.2100000000000005E-005  0.56029869099957885        3.5576963619316926        5.0430343612562307       0.99977409230013958      -0.20168826081002114     
   6.2200000000000008E-005  0.55707266721785809        3.5746762713386158        5.0287603003804113       0.99977563789611079      -0.19028385935415965     
   6.2300000000000010E-005  0.55384335815024288        3.5898281736209992        5.0155772857118457       0.99977917321166809      -0.17869499045840542     
   6.2400000000000012E-005  0.55061551239241602        3.6033209099034536        5.0034453606182474       0.99978482763198961      -0.16694254769986394     
   6.2500000000000015E-005  0.54739321230607940        3.6152995042296094        4.9923283032753778       0.99979260230095357      -0.15505079135065192     
   6.2600000000000004E-005  0.54417984371682071        3.6258884761248549        4.9821934051769627       0.99980238617027062      -0.14304535272695393     
   6.2700000000000006E-005  0.54097809068897995        3.6351948473075240        4.9730112642879751       0.99981398829700541      -0.13095134693984833     
   6.2800000000000009E-005  0.53778995962805254        3.6433107503646438        4.9647555978196589       0.99982717310566538      -0.11879197099751423     
   6.2900000000000011E-005  0.53461682682993039        3.6503156206866634        4.9574030659055692       0.99984169042268412      -0.10658768561683067     
   6.3000000000000013E-005  0.53145950055511970        3.6562779942886610        4.9509330970161249       0.99985729697320069       -9.4355912875995013E-002
   6.3100000000000002E-005  0.52831828979863216        3.6612569425932944        4.9453277109855165       0.99987376920872628       -8.2111110684319200E-002
   6.3200000000000005E-005  0.52519307440822782        3.6653031908924860        4.9405713405172111       0.99989090921789558       -6.9865076730333722E-002
   6.3300000000000007E-005  0.52208337348511780        3.6684599806948501        4.9366506553482949       0.99990854588281586       -5.7627360485940450E-002
   6.3400000000000010E-005  0.51898841065459189        3.6707637327060181        4.9335543950648919       0.99992653312287838       -4.5405697753023333E-002
   6.3500000000000012E-005  0.51590717581522061        3.6722445565833435        4.9312732168779183       0.99994474658299548       -3.3206420159436111E-002
   6.3600000000000014E-005  0.51283848355311112        3.6729266420707951        4.9297995639912564       0.99996307960977204       -2.1034817784146544E-002
   6.3700000000000003E-005  0.50978102869919084        3.6728285560454048        4.9291275589346855       0.99998143899562297       -8.8954533542007861E-003
   6.3800000000000006E-005  0.50673343960522876        3.6719634628716893        4.9292529247587691       0.99999974070664810        3.2075639443442613E-003
   6.3900000000000008E-005  0.50369432969604977        3.6703392795405954        4.9301729356154311        1.0000179056776615        1.5270332291052229E-002
   6.4000000000000011E-005  0.50066234775046803        3.6679587743916735        4.9318863969598814        1.0000358557080744        2.7288924393157155E-002
   6.4100000000000013E-005  0.49763622733472757        3.6648196180544494        4.9343936544440883        1.0000535094630651        3.9259154155228654E-002
   6.4200000000000002E-005  0.49461483582065158        3.6609143908148090        4.9376966295624074        1.0000707785874186        5.1176330781338833E-002
   6.4300000000000004E-005  0.49159722341469581        3.6562305452823569        4.9417988791544705        1.0000875640028020        6.3034991971202714E-002
   6.4400000000000007E-005  0.48858267264455962        3.6507503150871079        4.9467056750498486        1.0001037525634746        7.4828614649030512E-002
   6.4500000000000009E-005  0.48557074880134143        3.6444505480928213        4.9524240995114903        1.0001192143967388        8.6549310856941342E-002
   6.4600000000000012E-005  0.48256135188042792        3.6373024256136475        4.9589631518569588        1.0001338015234351        9.8187532176876063E-002
   6.4700000000000001E-005  0.47955477045263939        3.6292710099764953        4.9663338619736788        1.0001473485917920       0.10973182459238082     
   6.4800000000000003E-005  0.47655173743473483        3.6203145466377125        4.9745494072693255        1.0001596768806151       0.12116869527241234     
   6.4900000000000005E-005  0.47355348646940426        3.6103834442179266        4.9836252309588094        1.0001706027353894       0.13248266701544242     
   6.5000000000000008E-005  0.47056180531575903        3.5994188486446221        4.9935791618014314        1.0001799511362133       0.14365659708393258     
   6.5100000000000010E-005  0.46757907961499345        3.5873507381933929        5.0044315372855737        1.0001875741481077       0.15467231354553160     
   6.5199999999999999E-005  0.46460831771763383        3.5740955087349202        5.0162053319230866        1.0001933721873411       0.16551156145406631     
   6.5300000000000002E-005  0.46165314711348587        3.5595530913101601        5.0289262872546221        1.0001973136151414       0.17615714679045796     
   6.5400000000000004E-005  0.45871777861031171        3.5436037618408016        5.0426230263523921        1.0001994457734493       0.18659402557717183     
   6.5500000000000006E-005  0.45580694829779095        3.5261049822833224        5.0573271087868772        1.0001998899094391       0.19680994370387492     
   6.5600000000000009E-005  0.45292586850061423        3.5068888664845566        5.0730729410088520        1.0001988155780286       0.20679516118709224     
   6.5700000000000011E-005  0.45008023873535274        3.4857611758919580        5.0898974087518365        1.0001963988960969       0.21654090114959604     
   6.5800000000000000E-005  0.44727636652739539        3.4625030179761480        5.1078390642101112        1.0001927824611534       0.22603655275477966     
   6.5900000000000003E-005  0.44452140486701186        3.4368763868977026        5.1269367177727823        1.0001880659019506       0.23526633018743717     
   6.6000000000000005E-005  0.44182362638231409        3.4086339573004318        5.1472273871333671        1.0001823514566555       0.24420681466807972     
   6.6100000000000007E-005  0.43919256260251482        3.3775318549107203        5.1687437422676066        1.0001758372957605       0.25282706002539485     
   6.6200000000000010E-005  0.43663882475304927        3.3433418674641993        5.1915113699281781        1.0001689008323376       0.26109214841783490     
   6.6299999999999999E-005  0.43417356318723005        3.3058583668246566        5.2155462145280813        1.0001620874794463       0.26896919732212599     
   6.6400000000000001E-005  0.43180777741322468        3.2648978598305960        5.2408523251079711        1.0001559712990900       0.27643283453862105     
   6.6500000000000004E-005  0.42955186187444067        3.2202974703556944        5.2674196573375918        1.0001509767527126       0.28346674696473584     
   6.6600000000000006E-005  0.42741566240985640        3.1719300510367061        5.2952215008380756        1.0001473393469089       0.29006009359969176     
   6.6700000000000009E-005  0.42540898346243106        3.1197582602059319        5.3242114520042954        1.0001452889004787       0.29620151318519189     
   6.6799999999999997E-005  0.42354220626062072        3.0639350971163819        5.3543205609684206        1.0001452078597290       0.30187570809540659     
   6.6900000000000000E-005  0.42182665818348586        3.0049214559411439        5.3854555134120563        1.0001473124405289       0.30706368035481796     
   6.7000000000000002E-005  0.42027442738683446        2.9435519079911163        5.4174979510453998        1.0001509458266242       0.31174119880045520     
   6.7100000000000005E-005  0.41889726407639966        2.8809765163189520        5.4503043427840403        1.0001546331971429       0.31587316190899817     
   6.7200000000000007E-005  0.41770479807556887        2.8184667690477787        5.4837071742858239        1.0001577259530339       0.31942013634713878     
   6.7299999999999996E-005  0.41670355235656370        2.7571717047278979        5.5175203812239992        1.0001616259338642       0.32236916818853517     
   6.7399999999999998E-005  0.41589810068058641        2.6979546175761153        5.5515494165448933        1.0001677417303221       0.32475099458303042     
   6.7500000000000001E-005  0.41529341848870022        2.6413645977937406        5.5855998513634635        1.0001742393074109       0.32659671980406696     
   6.7600000000000003E-005  0.41489582409823728        2.5876767407809842        5.6194790940073576        1.0001769846993063       0.32787676309595903     
   6.7700000000000006E-005  0.41471126406715042        2.5369187000159350        5.6529961518796217        1.0001741574689818       0.32851525396090747     
   6.7800000000000008E-005  0.41474249750963310        2.4888948615477484        5.6859683620481976        1.0001678772240703       0.32847042484574646     
   6.7899999999999997E-005  0.41498795120067528        2.4432735015349882        5.7182341264159042        1.0001607231389456       0.32777546764167065     
   6.7999999999999999E-005  0.41544333542100914        2.3997404228785704        5.7496619177105623        1.0001523319648116       0.32649357394607142     
   6.8100000000000002E-005  0.41610431653406105        2.3581374542993059        5.7801500766625198        1.0001401048874041       0.32465132289679816     
   6.8200000000000004E-005  0.41696767703344956        2.3185031227935755        5.8096213564252910        1.0001221466450652       0.32222410746648195     
   6.8300000000000007E-005  0.41803003302542940        2.2810053444924590        5.8380188352043314        1.0000988378996825       0.31917409641554562     
   6.8399999999999996E-005  0.41928549036577129        2.2458235955773227        5.8653054087151126        1.0000721376322204       0.31549235415296939     
   6.8499999999999998E-005  0.42072440807289713        2.2130514728223720        5.8914645517412731        1.0000440070424068       0.31120969384079894     
   6.8600000000000000E-005  0.42233430654694903        2.1826575295832513        5.9164993790456855        1.0000154523912899       0.30637803210505221     
   6.8700000000000003E-005  0.42410213734009200        2.1545002339189954        5.9404290934243678       0.99998657811583469       0.30104457123407297     
   6.8800000000000005E-005  0.42601623523144938        2.1283705795734464        5.9632838825253947       0.99995719487985990       0.29523693366142817     
   6.8899999999999994E-005  0.42806686860501031        2.1040367122734698        5.9850998991235036       0.99992739532864072       0.28896371276242661     
   6.8999999999999997E-005  0.43024548746815272        2.0812766628181665        6.0059154285605905       0.99989777534056612       0.28222473806076387     
   6.9099999999999999E-005  0.43254347909398488        2.0598963422909482        6.0257685067739120       0.99986930661111284       0.27502260492186448     
   6.9200000000000002E-005  0.43495123482056264        2.0397359205242891        6.0446956732788166       0.99984304935011747       0.26736977939616152     
   6.9300000000000004E-005  0.43745792299042841        2.0206691848390377        6.0627313737496644       0.99981989366863522       0.25928991509047145     
   6.9399999999999993E-005  0.44005190956823431        2.0025996050487023        6.0799076269436121       0.99980042112904155       0.25081496515483975     
   6.9500000000000009E-005  0.44272150258851706        1.9854553517897728        6.0962537505532595       0.99978488720335246       0.24198055871947236     
   6.9600000000000011E-005  0.44545567417765558        1.9691843134193490        6.1117960885898928       0.99977328134168786       0.23282165156286744     
   6.9700000000000014E-005  0.44824454410915671        1.9537494747356863        6.1265577660121648       0.99976541606108327       0.22336954173745643     
   6.9800000000000016E-005  0.45107956900608120        1.9391247646580123        6.1405585227319435       0.99976101069183998       0.21365051873260635     
   6.9900000000000005E-005  0.45395349360154108        1.9252914520648354        6.1538146695912710       0.99975975270617323       0.20368588637612722     
   7.0000000000000007E-005  0.45686016607500846        1.9122351950740459        6.1663391838716617       0.99976133379399690       0.19349287617456354     
   7.0100000000000010E-005  0.45979431483416239        1.8999438400197717        6.1781419358427643       0.99976546507865516       0.18308595333342700     
   7.0200000000000012E-005  0.46275135371077802        1.8884059989170936        6.1892300186211919       0.99977187912730492       0.17247811995975618     
   7.0300000000000015E-005  0.46572724583430669        1.8776103337317800        6.1996081434093373       0.99978032575835019       0.16168195655404444     
   7.0400000000000004E-005  0.46871842879111042        1.8675454003232772        6.2092790604034001       0.99979056685785950       0.15071027947491392     
   7.0500000000000006E-005  0.47172178787790148        1.8581998687524013        6.2182439703475554       0.99980237321617949       0.13957640477909100     
   7.0600000000000008E-005  0.47473465856991071        1.8495629404712457        6.2265029001009626       0.99981552436600452       0.12829408619251045     
   7.0700000000000011E-005  0.47775484061483642        1.8416248165325380        6.2340550254210871       0.99982981101549417       0.11687723555836246     
   7.0800000000000013E-005  0.48078061066286210        1.8343771183972906        6.2408989335828320       0.99984503892691523       0.10533954120015745     
   7.0900000000000002E-005  0.48381072555354010        1.8278132097279154        6.2470328261338173       0.99986103294741302        9.3694083120383534E-002
   7.1000000000000005E-005  0.48684441277993007        1.8219284021744913        6.2524546675525938       0.99987764021407111        8.1953015675640034E-002
   7.1100000000000007E-005  0.48988134773860037        1.8167200504964283        6.2571622886418714       0.99989473194829881        7.0127356057936643E-002
   7.1200000000000009E-005  0.49292161917688709        1.8121875679066231        6.2611534545555285       0.99991220350849963        5.8226891434110195E-002
   7.1300000000000012E-005  0.49596568503867700        1.8083323935211255        6.2644259069802040       0.99992997295688557        4.6260198526582724E-002
   7.1400000000000014E-005  0.49901432110626126        1.8051579347436482        6.2669773888699867       0.99994797840265182        3.4234757783963440E-002
   7.1500000000000003E-005  0.50206856455104676        1.8026695020250598        6.2688056584225933       0.99996617449214931        2.2157140062541502E-002
   7.1600000000000006E-005  0.50512965405956933        1.8008742484327911        6.2699084973035513       0.99998452832835283        1.0033245473256769E-002
   7.1700000000000008E-005  0.50819896764484596        1.7997811219432207        6.2702837165581542        1.0000030150381383       -2.1314232517266672E-003
   7.1800000000000011E-005  0.51127795876845872        1.7994008342840655        6.2699291623412714        1.0000216131271800       -1.4331466368070197E-002
   7.1900000000000013E-005  0.51436809105881964        1.7997458468615339        6.2688427225250605        1.0000402996852944       -2.6561282056038981E-002
   7.2000000000000002E-005  0.51747077178503265        1.8008303765051237        6.2670223342732960        1.0000590454404077       -3.8814759890546592E-002
   7.2100000000000004E-005  0.52058728434689772        1.8026704151087789        6.2644659918209804        1.0000778097994074       -5.1084982853351668E-002
   7.2200000000000007E-005  0.52371872027819455        1.8052837468117140        6.2611717527794877        1.0000965359594871       -6.3363949425579644E-002
   7.2300000000000009E-005  0.52686591169862274        1.8086899476204266        6.2571377400826664        1.0001151462082312       -7.5642330463534233E-002
   7.2400000000000012E-005  0.53002936577521187        1.8129103489117215        6.2523621352651668        1.0001335376484950       -8.7909279628566026E-002
   7.2500000000000000E-005  0.53320920340430833        1.8179679417990391        6.2468431570992644        1.0001515786730191      -0.10015231881078104     
   7.2600000000000003E-005  0.53640510480015047        1.8238871961968008        6.2405790177187832        1.0001691066014315      -0.11235732259959634     
   7.2700000000000005E-005  0.53961626482359615        1.8306937677637205        6.2335678465368849        1.0001859268290003      -0.12450861863866035     
   7.2800000000000008E-005  0.54284136029743557        1.8384140694625168        6.2258075708703577        1.0002018137788140      -0.13658921183809711     
   7.2900000000000010E-005  0.54607853011401897        1.8470746943906422        6.2172957417472974        1.0002165136687291      -0.14858111664081045     
   7.2999999999999999E-005  0.54932536634855400        1.8567017115389752        6.2080292943161970        1.0002297485288321      -0.16046575550089576     
   7.3100000000000001E-005  0.55257891076925347        1.8673199245626264        6.1980042352734808        1.0002412204901019      -0.17222434917623075     
   7.3200000000000004E-005  0.55583564615183922        1.8789522415829913        6.1872152553105462        1.0002506152128827      -0.18383819357841277     
   7.3300000000000006E-005  0.55909146643853469        1.8916193627326037        6.1756552727690073        1.0002576034140178      -0.19528870043043692     
   7.3400000000000009E-005  0.56234160598674821        1.9053400386898365        6.1633149248627355        1.0002618403290775      -0.20655708957295499     
   7.3500000000000011E-005  0.56558050931570214        1.9201321654745593        6.1501820336828530        1.0002629646339010      -0.21762367285916731     
   7.3600000000000000E-005  0.56880163316596100        1.9360149443802184        6.1362410835252428        1.0002606009467911      -0.22846677401783241     
   7.3700000000000002E-005  0.57199719601230603        1.9530122495252586        6.1214727507446849        1.0002543726114186      -0.23906148293885474     
   7.3800000000000005E-005  0.57515792925106857        1.9711572200689875        6.1058535246167738        1.0002439330090505      -0.24937862204404068     
   7.3900000000000007E-005  0.57827292685449616        1.9904979521928132        6.0893554450435410        1.0002290223333847      -0.25938445315172987     
   7.4000000000000010E-005  0.58132971636051489        2.0111040146085908        6.0719459614483577        1.0002095497492027      -0.26904167677481428     
   7.4099999999999999E-005  0.58431465382500380        2.0330732859587197        6.0535878934715273        1.0001856879142264      -0.27831204141607457     
   7.4200000000000001E-005  0.58721364386224151        2.0565382892917423        6.0342394617037707        1.0001579505546858      -0.28716033663410112     
   7.4300000000000004E-005  0.59001300012364311        2.0816707703101405        6.0138543757546756        1.0001272103615653      -0.29555876714060841     
   7.4400000000000006E-005  0.59270007097292365        2.1086827410950679        5.9923820434588864        1.0000946124437402      -0.30348992943320680     
   7.4500000000000008E-005  0.59526322182900671        2.1378216499916944        5.9697681210457487        1.0000613626557771      -0.31094622602828736     
   7.4599999999999997E-005  0.59769098789612674        2.1693569647121178        5.9459558340616692        1.0000284423424273      -0.31792424800929314     
   7.4700000000000000E-005  0.59997064831904279        2.2035559144297872        5.9208886285485915       0.99999639889231617      -0.32441505904527734     
   7.4800000000000002E-005  0.60208705341750446        2.2406486610373304        5.8945145611818583       0.99996539636881143      -0.33039473705895500     
   7.4900000000000005E-005  0.60402287444231773        2.2807892314191482        5.8667922706261093       0.99993561645301177      -0.33582187383400147     
   7.5000000000000007E-005  0.60576079643471759        2.3240282803370418        5.8376974788695408       0.99990787975941464      -0.34064773787088748     
   7.5099999999999996E-005  0.60728645202878972        2.3703228595843893        5.8072282770012258       0.99988400041577574      -0.34483818672074967     
   7.5199999999999998E-005  0.60858989424327736        2.4196054787087697        5.7754080771880991       0.99986608771022456      -0.34839231681767746     
   7.5300000000000001E-005  0.60966436970136417        2.4719074869789206        5.7422875908866153       0.99985482003109549      -0.35133378356296030     
   7.5400000000000003E-005  0.61050314900991054        2.5274847257912891        5.7079490704508249       0.99984847105918817      -0.35367225047733236     
   7.5500000000000006E-005  0.61109750255263040        2.5868583889527081        5.6725135840850651       0.99984452799430312      -0.35537263231487959     
   7.5600000000000008E-005  0.61143858464452017        2.6507014722245943        5.6361462266238531       0.99984289025492545      -0.35637593497231668     
   7.5699999999999997E-005  0.61152173322005021        2.7195779337678672        5.5990524789003642       0.99984615401213073      -0.35665738234517874     
   7.5799999999999999E-005  0.61134884609948803        2.7936223616025413        5.5614666676283333       0.99985531090912549      -0.35624744996569074     
   7.5900000000000002E-005  0.61092596818026812        2.8722665085958998        5.5236407922424542       0.99986707464787949      -0.35518940306510044     
   7.6000000000000004E-005  0.61025813108251037        2.9541001942267919        5.4858371388634009       0.99987761066688163      -0.35349698252161688     
   7.6100000000000007E-005  0.60934706156249296        3.0369702523599664        5.4483204240078260       0.99988648038056582      -0.35115570514447803     
   7.6199999999999995E-005  0.60819482142227643        3.1183905009964299        5.4113481914977264       0.99989481771771305      -0.34813614775455504     
   7.6299999999999998E-005  0.60680860967779215        3.1961392297661835        5.3751617036570787       0.99990231437242616      -0.34441541686557792     
   7.6400000000000000E-005  0.60520142828569479        3.2687322162796226        5.3399760476245506       0.99990740124668276      -0.34000953754928220     
   7.6500000000000003E-005  0.60338963145480895        3.3355441301208248        5.3059693147518976       0.99990924179547824      -0.33497539810984428     
   7.6600000000000005E-005  0.60138971894829019        3.3966108251612326        5.2732762969847711       0.99990798194600949      -0.32937136434825631     
   7.6699999999999994E-005  0.59921603616802666        3.4523088063001151        5.2419906196062085       0.99990350679562412      -0.32321960923456711     
   7.6799999999999997E-005  0.59688092665292569        3.5030917720986556        5.2121721456036090       0.99989532017964389      -0.31650614234035396     
   7.6900000000000013E-005  0.59439690647481580        3.5493592826511611        5.1838535639823116       0.99988359862603726      -0.30921423185399466     
   7.7000000000000015E-005  0.59177841520836583        3.5914382780247958        5.1570435353656343       0.99986957518499719      -0.30135766835363859     
   7.7100000000000004E-005  0.58904167927112472        3.6296172425941684        5.1317282331864718       0.99985481870686921      -0.29298720820204749     
   7.7200000000000006E-005  0.58620318769986546        3.6641815769805191        5.1078741667081253       0.99984036949816069      -0.28417110126418610     
   7.7300000000000009E-005  0.58327813696248043        3.6954280046225749        5.0854332687029808       0.99982652497884572      -0.27496920410903070     
   7.7400000000000011E-005  0.58027976248156032        3.7236597178624065        5.0643491157357250       0.99981322578284237      -0.26541848901821835     
   7.7500000000000014E-005  0.57721956160832799        3.7491731173715150        5.0445625170684467       0.99980053947766567      -0.25553467915014705     
   7.7600000000000016E-005  0.57410788421583880        3.7722452885737132        5.0260153780501513       0.99978887514509585      -0.24532372153818016     
   7.7700000000000005E-005  0.57095440257557362        3.7931262365559957        5.0086527347956249       0.99977889629238581      -0.23479402655131176     
   7.7800000000000007E-005  0.56776828307493021        3.8120360136500562        4.9924234790955744       0.99977129321550506      -0.22396368081024814     
   7.7900000000000010E-005  0.56455812741332889        3.8291652471509772        4.9772804203312662       0.99976658211588720      -0.21286150340846016     
   7.8000000000000012E-005  0.56133181939608456        3.8446774752454727        4.9631801557331547       0.99976501087981184      -0.20152385455827959     
   7.8100000000000015E-005  0.55809638065959655        3.8587122015715698        4.9500829729124964       0.99976656745823567      -0.18998989530312260     
   7.8200000000000003E-005  0.55485788419416660        3.8713880932927767        4.9379528250394653       0.99977104741537814      -0.17829733993892818     
   7.8300000000000006E-005  0.55162143390319329        3.8828060615715523        4.9267573322018716       0.99977813630023005      -0.16647967303736141     
   7.8400000000000008E-005  0.54839119745529286        3.8930521046147906        4.9164677482662773       0.99978747907393195      -0.15456494091685796     
   7.8500000000000011E-005  0.54517047372850158        3.9021998445432646        4.9070588538645259       0.99979872640947987      -0.14257576001560837     
   7.8600000000000013E-005  0.54196177780850951        3.9103127130490889        4.8985087651982253       0.99981155910973540      -0.13053004879935559     
   7.8700000000000002E-005  0.53876693072122173        3.9174457646610108        4.8907986708832638       0.99982569681913791      -0.11844205007253383     
   7.8800000000000004E-005  0.53558714625020098        3.9236471243470228        4.8839125210584475       0.99984089767495099      -0.10632334502277531     
   7.8900000000000007E-005  0.53242311138078724        3.9289591044418546        4.8778366958437758       0.99985695403514130       -9.4183697868626154E-002
   7.9000000000000009E-005  0.52927505939695274        3.9334190379965577        4.8725596773893010       0.99987368731116577       -8.2031676595162278E-002
   7.9100000000000012E-005  0.52614283606063827        3.9370598784691624        4.8680717440188497       0.99989094335366369       -6.9875062833090654E-002
   7.9200000000000001E-005  0.52302596009887281        3.9399106189490256        4.8643646984497666       0.99990858878694333       -5.7721096243874087E-002
   7.9300000000000003E-005  0.51992367949286333        3.9419965770740002        4.8614316363231902       0.99992650806530936       -4.5576608826138947E-002
   7.9400000000000006E-005  0.51683502498754375        3.9433395822214723        4.8592667569119747       0.99994460090029957       -3.3448097741297055E-002
   7.9500000000000008E-005  0.51375886191378395        3.9439580923942139        4.8578652149716284       0.99996277972436909       -2.1341773765283113E-002
   7.9600000000000010E-005  0.51069394102763399        3.9438672607617837        4.8572230111597827       0.99998096699860473       -9.2636070872688311E-003
   7.9700000000000013E-005  0.50763894867659143        3.9430789659288350        4.8573369180411401       0.99999909231837047        2.7806196719543778E-003
   7.9800000000000002E-005  0.50459255632396338        3.9416018153366688        4.8582044390324537        1.0000170893685560        1.4785250253691800E-002
   7.9900000000000004E-005  0.50155346938005962        3.9394411276513237        4.8598237984617567        1.0000348928504657        2.6744690177980548E-002
   8.0000000000000007E-005  0.49852047521474202        3.9365988993605256        4.8621939619511334        1.0000524355274079        3.8653345467105381E-002
   8.0100000000000009E-005  0.49549249013657554        3.9330737591866289        4.8653146873295299        1.0000696455088047        5.0505570003114487E-002
   8.0200000000000011E-005  0.49246860522320668        3.9288609117460593        4.8691866069873670        1.0000864438335424        6.2295622193550011E-002
   8.0300000000000000E-005  0.48944813109433150        3.9239520697347317        4.8738113427575369        1.0001027423204465        7.4017623892734002E-002
   8.0400000000000003E-005  0.48643064198051833        3.9183353708417674        4.8791916538590652        1.0001184415460855        8.5665505165547690E-002
   8.0500000000000005E-005  0.48341601971036119        3.9119952710530939        4.8853316169437653        1.0001334286870274        9.7232907496217519E-002
   8.0600000000000008E-005  0.48040449844157596        3.9049123994850166        4.8922368346978695        1.0001475749080315       0.10871300769857219     
   8.0700000000000010E-005  0.47739671110839316        3.8970633517610436        4.8999146658252952        1.0001607320719013       0.12009822249562029     
   8.0799999999999999E-005  0.47439373857414280        3.8884203918750258        4.9083744647464780        1.0001727288568802       0.13137975811644864     
   8.0900000000000001E-005  0.47139716252247477        3.8789510261882874        4.9176278146334695        1.0001833670086024       0.14254699426283809     
   8.1000000000000004E-005  0.46840912308340560        3.8686174009335148        4.9276887338298101        1.0001924194919716       0.15358673890044033     
   8.1100000000000006E-005  0.46543238155306860        3.8573754588008060        4.9385738350432602        1.0001996335734513       0.16448246476508743     
   8.1200000000000009E-005  0.46247038669937934        3.8451737692578880        4.9503024209705666        1.0002047430252086       0.17521373232678608     
   8.1300000000000011E-005  0.45952733922866601        3.8319519211744750        4.9628965111245638        1.0002074938122802       0.18575609425427936     
   8.1400000000000000E-005  0.45660824292409352        3.8176383433402847        4.9763808126061697        1.0002076856204003       0.19608181801612093     
   8.1500000000000002E-005  0.45371892364270139        3.8021474216962092        4.9907826687014749        1.0002052259425922       0.20616168726220876     
   8.1600000000000005E-005  0.45086599145182965        3.7853758588154780        5.0061320331535288        1.0002001839784675       0.21596787096731421     
   8.1700000000000007E-005  0.44805672476216168        3.7671984443019406        5.0224615067756826        1.0001928204208075       0.22547734334454941     
   8.1800000000000010E-005  0.44529887817088687        3.7474638526729325        5.0398064144774342        1.0001835631156952       0.23467467809836323     
   8.1899999999999999E-005  0.44260046253799484        3.7259917737357697        5.0582047824410727        1.0001729091213742       0.24355253006852981     
   8.2000000000000001E-005  0.43996960449560840        3.7025734451693628        5.0776969188135812        1.0001612699049787       0.25210829342988911     
   8.2100000000000003E-005  0.43741462150723148        3.6769780465254445        5.0983241891843871        1.0001488351483678       0.26033685764651016     
   8.2200000000000006E-005  0.43494438287837012        3.6489666338981905        5.1201266478209178        1.0001355744535747       0.26822205623502526     
   8.2300000000000008E-005  0.43256882781607087        3.6183124874516723        5.1431395497538377        1.0001214604589617       0.27573201417816195     
   8.2399999999999997E-005  0.43029926380864286        3.5848218642225156        5.1673893532013890        1.0001068346007280       0.28282350434374515     
   8.2500000000000000E-005  0.42814801562372445        3.5483443392173957        5.1928902416448901        1.0000926193790378       0.28945546502452746     
   8.2600000000000002E-005  0.42612734909276140        3.5087621306862720        5.2196419140699755        1.0000800464177213       0.29560367863659870     
   8.2700000000000004E-005  0.42424824960060503        3.4659583156769256        5.2476282810057953        1.0000699342130730       0.30126432416640131     
   8.2800000000000007E-005  0.42252004135996030        3.4197839806427024        5.2768155833384398        1.0000621287152309       0.30644094000530520     
   8.2899999999999996E-005  0.42095138741780996        3.3700620001471626        5.3071487225467608        1.0000558581535191       0.31112500070691679     
   8.2999999999999998E-005  0.41955194617758979        3.3166604179929600        5.3385466585667505        1.0000508701658331       0.31528926477904645     
   8.3100000000000001E-005  0.41833291772866282        3.2596298705280518        5.3708995958337074        1.0000479544717309       0.31889999843398054     
   8.3200000000000003E-005  0.41730549149652690        3.1993442057709491        5.4040697646139408        1.0000478373998765       0.32193286809052263     
   8.3300000000000005E-005  0.41647840878339443        3.1365576562239830        5.4378947861730174        1.0000497437708153       0.32437541480045190     
   8.3400000000000008E-005  0.41585668500939155        3.0723301184926322        5.4721918737750581        1.0000520408873119       0.32622137628474290     
   8.3499999999999997E-005  0.41544225495331394        3.0078551021120417        5.5067633374251814        1.0000543111978859       0.32747227014804470     
   8.3599999999999999E-005  0.41523604324555852        2.9442829222804967        5.5414043163526729        1.0000574615167539       0.32814095966088869     
   8.3700000000000002E-005  0.41524005808566494        2.8826063113837703        5.5759105449822206        1.0000612841077323       0.32823804461974482     
   8.3800000000000004E-005  0.41545719689506949        2.8235968376780094        5.6100827900404964        1.0000631676701135       0.32774542595088307     
   8.3900000000000006E-005  0.41588834873006553        2.7677487077554015        5.6437292333573987        1.0000606698071568       0.32661672087646032     
   8.3999999999999995E-005  0.41652999170570587        2.7152412913652921        5.6766714221319265        1.0000544441164121       0.32482347113313320     
   8.4099999999999998E-005  0.41737504027818045        2.6659795413329292        5.7087547568171830        1.0000469231533808       0.32239356570698274     
   8.4200000000000014E-005  0.41841566030054222        2.6197277086494681        5.7398565288062242        1.0000388083923679       0.31938729021029150     
   8.4300000000000016E-005  0.41964491974734480        2.5762675925347476        5.7698856385120161        1.0000283194498802       0.31583989773437665     
   8.4400000000000005E-005  0.42105613570036649        2.5354912691848215        5.7987765033197212        1.0000135237130234       0.31173895526996442     
   8.4500000000000008E-005  0.42264125655747403        2.4973947252393827        5.8264837965777261       0.99999442767003865       0.30705459506615096     
   8.4600000000000010E-005  0.42439000174566405        2.4620068254643086        5.8529811676529411       0.99997282457287640       0.30178329274188082     
   8.4700000000000012E-005  0.42629026933421477        2.4293137073207061        5.8782618698767761       0.99995071004179148       0.29596249300825145     
   8.4800000000000015E-005  0.42832933747540031        2.3992197552416967        5.9023377952864990       0.99992908110870959       0.28965102949777216     
   8.4900000000000004E-005  0.43049507156634409        2.3715514242284379        5.9252356282349448       0.99990790736233726       0.28289957562209445     
   8.5000000000000006E-005  0.43277652781986387        2.3460868809507662        5.9469913587547332       0.99988683330851558       0.27573445771766664     
   8.5100000000000009E-005  0.43516385386771689        2.3225905616409812        5.9676451659067382       0.99986583812664898       0.26816070689501648     
   8.5200000000000011E-005  0.43764779387718100        2.3008395156815191        5.9872379129039892       0.99984544455635782       0.26017604906816544     
   8.5300000000000013E-005  0.44021917630854313        2.2806377413905912        6.0058093561030690       0.99982652873226396       0.25178450680035325     
   8.5400000000000016E-005  0.44286862220814860        2.2618205663176223        6.0233974845732092       0.99980998951878264       0.24300306377960210     
   8.5500000000000005E-005  0.44558653917118224        2.2442530454640579        6.0400383148539714       0.99979649403848148       0.23386093737234290     
   8.5600000000000007E-005  0.44836334481729001        2.2278258418311951        6.0557657093031256       0.99978637975334128       0.22439450361264010     
   8.5700000000000010E-005  0.45118980696673805        2.2124507045061339        6.0706110770517130       0.99977968568138387       0.21464137902546968     
   8.5800000000000012E-005  0.45405738049938454        2.1980564460014094        6.0846030020872535       0.99977624569380319       0.20463592380843593     
   8.5900000000000014E-005  0.45695845504244370        2.1845855923330921        6.0977669051987942       0.99977578710900583       0.19440693118299077     
   8.6000000000000003E-005  0.45988647941919075        2.1719915967152104        6.1101248298963151       0.99977800466325040       0.18397724528208514     
   8.6100000000000006E-005  0.46283597087143324        2.1602364906248783        6.1216953954694615       0.99978260299177768       0.17336461640813300     
   8.6200000000000008E-005  0.46580244047862157        2.1492889186249955        6.1324939146968829       0.99978931358756440       0.16258308751528183     
   8.6300000000000011E-005  0.46878227281699719        2.1391225576165875        6.1425326435482335       0.99979789619951298       0.15164439244150579     
   8.6400000000000013E-005  0.47177259339212713        2.1297149296988480        6.1518211172236876       0.99980813359195575       0.14055907635511458     
   8.6500000000000002E-005  0.47477114733742021        2.1210465927915734        6.1603665271089021       0.99981982547020098       0.12933723757518181     
   8.6600000000000004E-005  0.47777620163929019        2.1131006584304930        6.1681741009896811       0.99983278437793877       0.11798891111926167     
   8.6700000000000007E-005  0.48078647357116294        2.1058625609432218        6.1752474595695199       0.99984683421313558       0.10652417498187568     
   8.6800000000000009E-005  0.48380108153364959        2.0993199946865868        6.1815889328373315       0.99986181083113035        9.4953077607155545E-002
   8.6900000000000012E-005  0.48681951130710033        2.0934629439882730        6.1871998285806455       0.99987756377338244        8.3285476867899569E-002
   8.7000000000000001E-005  0.48984159022033075        2.0882837447838334        6.1920806518825682       0.99989395814182880        7.1530860454279144E-002
   8.7100000000000003E-005  0.49286746292336081        2.0837771378405274        6.1962312786862217       0.99991087595349415        5.9698197667130928E-002
   8.7200000000000005E-005  0.49589756439638799        2.0799402993331553        6.1996510888572587       0.99992821644588548        4.7795848895704630E-002
   8.7300000000000008E-005  0.49893258780641725        2.0767728486723018        6.2023390652347912       0.99994589523210498        3.5831548965531007E-002
   8.7400000000000010E-005  0.50197344636992580        2.0742768383505048        6.2042938653221613       0.99996384230409663        2.3812462249434962E-002
   8.7500000000000013E-005  0.50502122945163408        2.0724567306579638        6.2055138716099858       0.99998199909477137        1.1745302556045736E-002
   8.7600000000000002E-005  0.50807715375348905        2.0713193643227994        6.2059972255863860        1.0000003147834942       -3.6349427914954773E-004
   8.7700000000000004E-005  0.51114251074876305        2.0708739118910096        6.2057418491519947        1.0000187420661826       -1.2507560696783793E-002
   8.7800000000000006E-005  0.51421861164136617        2.0711318276209347        6.2047454556684176        1.0000372325814846       -2.4680366565678010E-002
   8.7900000000000009E-005  0.51730673119609527        2.0721067877629862        6.2030055512700670        1.0000557321576911       -3.6874983432005293E-002
   8.8000000000000011E-005  0.52040805183955063        2.0738146202950416        6.2005194255625939        1.0000741761276752       -4.9083860164703411E-002
   8.8100000000000000E-005  0.52352360943826137        2.0762732160069421        6.1972841292699927        1.0000924849374977       -6.1298627305050875E-002
   8.8200000000000003E-005  0.52665424209305323        2.0795024176155197        6.1932964345844113        1.0001105602942324       -7.3509948708045295E-002
   8.8300000000000005E-005  0.52980054304335655        2.0835238869933206        6.1885527722382756        1.0001282821158883       -8.5707436604479589E-002
   8.8400000000000007E-005  0.53296281817324975        2.0883609548879316        6.1830491378166137        1.0001455066130258       -9.7879643271161165E-002
   8.8500000000000010E-005  0.53614104750318092        2.0940384648932384        6.1767809584613724        1.0001620656838450      -0.11001413724734875     
   8.8599999999999999E-005  0.53933484836122381        2.1005826351064840        6.1697429106995161        1.0001777677179398      -0.12209765468780424     
   8.8700000000000001E-005  0.54254343568578667        2.1080209800402994        6.1619286805402345        1.0001923995263586      -0.13411630279371850     
   8.8800000000000004E-005  0.54576557252640912        2.1163823642028872        6.1533306591265866        1.0002057288422053      -0.14605576639006429     
   8.8900000000000006E-005  0.54899950220750771        2.1256972941519217        6.1439395714566878        1.0002175063979426      -0.15790144473221263     
   8.9000000000000008E-005  0.55224285384187333        2.1359985722196013        6.1337440430501662        1.0002274665913644      -0.16963842241459073     
   8.9100000000000011E-005  0.55549251611472494        2.1473224372476603        6.1227301197887165        1.0002353259864789      -0.18125116666467558     
   8.9200000000000000E-005  0.55874448164597379        2.1597103012589463        6.1108807688037006        1.0002407800137660      -0.19272286209626308     
   8.9300000000000002E-005  0.56199367608133000        2.1732111464592050        6.0981754011688620        1.0002435004876900      -0.20403436205589953     
   8.9400000000000005E-005  0.56523380112521182        2.1878845770312210        6.0845894663883344        1.0002431398902589      -0.21516286991163533     
   8.9500000000000007E-005  0.56845723574190032        2.2038044356113042        6.0700941687185850        1.0002393518440813      -0.22608066484975908     
   8.9600000000000009E-005  0.57165504793098165        2.2210628097594669        6.0546563403996121        1.0002318386504274      -0.23675441905356276     
   8.9699999999999998E-005  0.57481716045606579        2.2397741768455308        6.0382384736684109        1.0002204328865467      -0.24714582225544626     
   8.9800000000000001E-005  0.57793267507197543        2.2600793510652188        6.0207988665711571        1.0002052065925997      -0.25721417352414655     
   8.9900000000000003E-005  0.58099028764383531        2.2821487371656293        6.0022917958748643        1.0001865767728977      -0.26692110997117213     
   9.0000000000000006E-005  0.58397865366081303        2.3061841183457839        5.9826676363757549        1.0001653438942515      -0.27623654819600418     
   9.0100000000000008E-005  0.58688653650090161        2.3324177943621920        5.9618729597960698        1.0001425858189745      -0.28514336603683499     
   9.0199999999999997E-005  0.58970260182831657        2.3611073859827876        5.9398508987863288        1.0001193730499738      -0.29363721857764041     
   9.0299999999999999E-005  0.59241483381176729        2.3925243666363656        5.9165423847050986        1.0000963966114178      -0.30171866824086024     
   9.0400000000000002E-005  0.59500976311872000        2.4269352454249176        5.8918890354409852        1.0000737606469614      -0.30937879286949854     
   9.0500000000000004E-005  0.59747198832563286        2.4645776987639523        5.8658381517950495        1.0000512378759123      -0.31658580958172949     
   9.0600000000000007E-005  0.59978460391237620        2.5056406990552960        5.8383493115574003        1.0000290297938796      -0.32328453323150147     
   9.0699999999999996E-005  0.60193071864166325        2.5502655782837556        5.8094008514060471        1.0000084976485670      -0.32941580160228401     
   9.0799999999999998E-005  0.60389539857209051        2.5985858003954143        5.7789943051046437       0.99999188807472994      -0.33494622918406880     
   9.0900000000000000E-005  0.60566673362891332        2.6508057476975693        5.7471566777402154       0.99998071255660514      -0.33988130997222732     
   9.1000000000000003E-005  0.60723478827606769        2.7072815859778365        5.7139431116682768       0.99997427125627036      -0.34424240947704615     
   9.1100000000000005E-005  0.60858869254783943        2.7685317050928258        5.6794424853233298       0.99997053234517841      -0.34802604816119154     
   9.1200000000000008E-005  0.60971492250381509        2.8351070227602229        5.6437844401328361       0.99996888829154607      -0.35118861458305017     
   9.1299999999999997E-005  0.61059969640926381        2.9073122999720393        5.6071427224816421       0.99997098044460586      -0.35367254105789581     
   9.1399999999999999E-005  0.61123377860578243        2.9848625545701388        5.5697314919538305       0.99997772731569468      -0.35544482560591023     
   9.1500000000000015E-005  0.61161454799770443        3.0666301173504333        5.5317957189121492       0.99998718948468390      -0.35651684542989132     
   9.1600000000000017E-005  0.61174320093114687        3.1506454988567500        5.4935984664357633       0.99999700383494328      -0.35693384481997598     
   9.1700000000000006E-005  0.61162065953081779        3.2344329941876584        5.4554088570833903        1.0000068097644570      -0.35672910309274308     
   9.1800000000000009E-005  0.61124590321728822        3.3155773965364861        5.4174946759356990        1.0000165423334348      -0.35588049073467598     
   9.1900000000000011E-005  0.61061757832995289        3.3922562144417916        5.3801175526658351        1.0000241438938644      -0.35432852404457421     
   9.2000000000000014E-005  0.60973783262685233        3.4635061684999857        5.3435241094987509        1.0000272295866184      -0.35203561272993361     
   9.2100000000000016E-005  0.60861525177394138        3.5291710036994286        5.3079315139050305        1.0000261620398860      -0.34902286187698195     
   9.2200000000000005E-005  0.60726330754719693        3.5896229845226495        5.2735143687486756        1.0000227584932273      -0.34535258493055843     
   9.2300000000000007E-005  0.60569570724050514        3.6454177862590544        5.2404009930615141        1.0000168654609161      -0.34107482467716077     
   9.2400000000000010E-005  0.60392369232792453        3.6970358471905214        5.2086792018821404        1.0000064268012201      -0.33619184256200618     
   9.2500000000000012E-005  0.60195748288714401        3.7447839394445350        5.1784044095239112       0.99999032779349606      -0.33067620035963730     
   9.2600000000000015E-005  0.59980918105283199        3.7888313810036096        5.1496041303791698       0.99996982419113067      -0.32451876535938418     
   9.2700000000000004E-005  0.59749392700968484        3.8293005749493698        5.1222793056491183       0.99994727572418718      -0.31775524775914232     
   9.2800000000000006E-005  0.59502887401025506        3.8663408126573380        5.0964064832893650       0.99992430227041662      -0.31045108804224497     
   9.2900000000000008E-005  0.59243120498321644        3.9001571076367263        5.0719431324908619       0.99990126351203212      -0.30266789760195462     
   9.3000000000000011E-005  0.58971656737987643        3.9310021719538342        5.0488349607820711       0.99987794512538941      -0.29444215948738495     
   9.3100000000000013E-005  0.58689863801856157        3.9591522071258471        5.0270227402720451       0.99985440301507233      -0.28578633299122297     
   9.3200000000000016E-005  0.58398961729918730        3.9848825470585578        5.0064470297151011       0.99983130015942068      -0.27670364269211117     
   9.3300000000000005E-005  0.58100100867925419        4.0084502000470987        4.9870506508804491       0.99980972315294914      -0.26720326196103078     
   9.3400000000000007E-005  0.57794419213471071        4.0300840993860731        4.9687796571205185       0.99979079090086143      -0.25730796744476292     
   9.3500000000000009E-005  0.57483060921387463        4.0499813214249576        4.9515836437776199       0.99977534177296012      -0.24705352565868155     
   9.3600000000000012E-005  0.57167159619014196        4.0683072029624512        4.9354159403449467       0.99976381137905179      -0.23648321869838754     
   9.3700000000000014E-005  0.56847801079490323        4.0851977512134710        4.9202338659988154       0.99975626947998730      -0.22564145087014628     
   9.3800000000000003E-005  0.56525982343428216        4.1007632660181841        4.9059990095204142       0.99975253211840942      -0.21456894485878847     
   9.3900000000000006E-005  0.56202581054382184        4.1150924781123503        4.8926774274234672       0.99975227882680484      -0.20330032331542985     
   9.4000000000000008E-005  0.55878341069956949        4.1282567577470957        4.8802396802471897       0.99975514032220192      -0.19186375444894008     
   9.4100000000000010E-005  0.55553873284538602        4.1403140850289333        4.8686606813262978       0.99976074950324922      -0.18028189546793294     
   9.4200000000000013E-005  0.55229666995056659        4.1513125541893645        4.8579193792658568       0.99976876325031516      -0.16857336892639296     
   9.4300000000000002E-005  0.54906106486622097        4.1612932642788056        4.8479983225508470       0.99977886674342831      -0.15675421865384850     
   9.4400000000000004E-005  0.54583488498361998        4.1702925348600841        4.8388831627023619       0.99979077035289354      -0.14483904542443146     
   9.4500000000000007E-005  0.54262037800463947        4.1783434674264841        4.8305621468049402       0.99980420548495397      -0.13284172872073524     
   9.4600000000000009E-005  0.53941919628446688        4.1854769363196311        4.8230256378441378       0.99981892222462110      -0.12077577100386366     
   9.4700000000000011E-005  0.53623248873809148        4.1917221286781396        4.8162656872185465       0.99983468924452756      -0.10865436260642684     
   9.4800000000000000E-005  0.53306096621422483        4.1971067611695165        4.8102756713051980       0.99985129525863836       -9.6490278701527724E-002
   9.4900000000000003E-005  0.52990494905428720        4.2016570948990504        4.8050499943803038       0.99986855103330063       -8.4295704894465695E-002
   9.5000000000000005E-005  0.52676440547254633        4.2053978470075446        4.8005838538332304       0.99988629097107873       -7.2082062978163650E-002
   9.5100000000000008E-005  0.52363898757187322        4.2083520603541285        4.7968730602016914       0.99990437368221863       -5.9859885329902551E-002
   9.5200000000000010E-005  0.52052806936346230        4.2105409663151931        4.7939139030735145       0.99992268122473627       -4.7638759403469864E-002
   9.5300000000000013E-005  0.51743078893817540        4.2119838585871827        4.7917030537836807       0.99994111709667455       -3.5427352001646317E-002
   9.5400000000000001E-005  0.51434609530046205        4.2126979860295943        4.7902374965876948       0.99995960313774124       -2.3233504758665223E-002
   9.5500000000000004E-005  0.51127279931580183        4.2126984666114868        4.7895144813911461       0.99997807565986574       -1.1064388908280537E-002
   9.5600000000000006E-005  0.50820962765998756        4.2119982214627001        4.7895314926140475       0.99999648105992212        1.0732965097885456E-003
   9.5700000000000009E-005  0.50515527843081853        4.2106079248678556        4.7902862305060436        1.0000147711566136        1.3173100802425087E-002
   9.5800000000000011E-005  0.50210847701551020        4.2085359624134115        4.7917766029485831        1.0000328984603064        2.5228588766468395E-002
   9.5900000000000000E-005  0.49906803081415813        4.2057883967411724        4.7940007272584690        1.0000508116256139        3.7233114929943197E-002
   9.6000000000000002E-005  0.49603288146840102        4.2023689430421882        4.7969569430564167        1.0000684512574771        4.9179621232627625E-002
   9.6100000000000005E-005  0.49300215330276520        4.1982789545038743        4.8006438388613093        1.0000857462600177        6.1060474320972336E-002
   9.6200000000000007E-005  0.48997519681666502        4.1935174190277831        4.8050602965653963        1.0001026109529445        7.2867358401674326E-002
   9.6300000000000010E-005  0.48695162638758954        4.1880809703355135        4.8102055592232729        1.0001189431462842        8.4591235605618237E-002
   9.6399999999999999E-005  0.48393135200943327        4.1819639175382628        4.8160793284573495        1.0001346233891553        9.6222381469336704E-002
   9.6500000000000001E-005  0.48091460600601693        4.1751582960786662        4.8226818983299857        1.0001495154174493       0.10775049668068701     
   9.6600000000000003E-005  0.47790196725032941        4.1676539362656166        4.8300143320034330        1.0001634677073754       0.11916487887982938     
   9.6700000000000006E-005  0.47489438740359480        4.1594385290365334        4.8380786861670488        1.0001763156517012       0.13045462685386414     
   9.6800000000000008E-005  0.47189322556357866        4.1504976423847495        4.8468782852446415        1.0001878836945697       0.14160882683602677     
   9.6899999999999997E-005  0.46890029871460714        4.1408146235773078        4.8564180424486594        1.0001979864507511       0.15261664991369348     
   9.7000000000000000E-005  0.46591795458937391        4.1303703096080850        4.8667048175113061        1.0002064278514435       0.16346727140598133     
   9.7100000000000002E-005  0.46294917001917923        4.1191424639177407        4.8777477917265815        1.0002129977357059       0.17414951774974186     
   9.7200000000000004E-005  0.45999767105002953        4.1071048693387677        4.8895588306176521        1.0002174664170986       0.18465116811077639     
   9.7300000000000007E-005  0.45706806141638290        4.0942260354068001        4.9021527952399397        1.0002195798043694       0.19495790327367737     
   9.7400000000000009E-005  0.45416593500312186        4.0804675122141880        4.9155477584261540        1.0002190604812453       0.20505201766505091     
   9.7499999999999998E-005  0.45129793860655854        4.0657818225723616        4.9297650870891827        1.0002156231149129       0.21491119454689112     
   9.7600000000000001E-005  0.44847174805069595        4.0501100077217851        4.9448293708213864        1.0002090135915938       0.22450785579290927     
   9.7700000000000003E-005  0.44569592889043691        4.0333787248762611        4.9607682122160073        1.0001990776163454       0.23380975036778262     
   9.7800000000000006E-005  0.44297967773048813        4.0154967793368082        4.9776119393756399        1.0001858528419869       0.24278238674045186     
   9.7900000000000008E-005  0.44033248259395524        3.9963510430238589        4.9953933363687879        1.0001696576936316       0.25139345103769667     
   9.7999999999999997E-005  0.43776379062880427        3.9758020817913780        5.0141474771379162        1.0001511251663366       0.25961835733193667     
   9.8099999999999999E-005  0.43528280105668204        3.9536806368852937        5.0339116483813235        1.0001311194616296       0.26744470691502559     
   9.8200000000000002E-005  0.43289848987355312        3.9297873422222134        5.0547251341039736        1.0001105055560282       0.27487241039503801     
   9.8300000000000004E-005  0.43061991343821399        3.9038992300349062        5.0766283662298708        1.0000898359770256       0.28190685506102564     
   9.8400000000000007E-005  0.42845671850297506        3.8757865763502966        5.0996608052146248        1.0000691444252052       0.28854586738288973     
   9.8499999999999995E-005  0.42641962326684540        3.8452408846541060        5.1238571674439726        1.0000480895354167       0.29476674581244872     
   9.8599999999999998E-005  0.42452050936024460        3.8121081964803634        5.1492424007101389        1.0000265342992924       0.30052370023500291     
   9.8700000000000000E-005  0.42277184047530436        3.7763128372428119        5.1758268115804995        1.0000052460378130       0.30576296135645814     
   9.8800000000000016E-005  0.42118550432268465        3.7378513176522996        5.2036030900437602       0.99998602314072005       0.31044994106931662     
   9.8900000000000019E-005  0.41977164326184069        3.6967441600001338        5.2325457683950090       0.99997073113931256       0.31458724698609236     
   9.9000000000000008E-005  0.41853821963055798        3.6529594923687569        5.2626112341642015       0.99995975493520095       0.31820150073679809     
   9.9100000000000010E-005  0.41749181234050536        3.6063542515637583        5.2937351480580563       0.99995148350690022       0.32130313254179110     
   9.9200000000000012E-005  0.41663923383512980        3.5566887779872265        5.3258265806240965       0.99994395179513418       0.32385788580214925     
   9.9300000000000015E-005  0.41598832621275655        3.5037358198393549        5.3587630515119127       0.99993729192451231       0.32580669019021297     
   9.9400000000000017E-005  0.41554648916922465        3.4474375191400619        5.3923920416299342       0.99993378652428300       0.32711809992000446     
   9.9500000000000006E-005  0.41531780592046491        3.3880222124468857        5.4265388923317488       0.99993472466613398       0.32781071562453284     
   9.9600000000000009E-005  0.41530185594336166        3.3260289241965584        5.4610147755214378       0.99993825388193747       0.32791919159276478     
   9.9700000000000011E-005  0.41549590128813990        3.2622664122153524        5.4956209278627952       0.99994152786998636       0.32745456145885010     
   9.9800000000000013E-005  0.41589799230044794        3.1977587363953952        5.5301524347411206       0.99994379831308911       0.32640601692179672     
   9.9900000000000016E-005  0.41650747041185593        3.1336755981584150        5.5644048542822535       0.99994595457441371       0.32476186340477781     
   1.0000000000000000E-004  0.41732286547366693        3.0712051923424801        5.5981816191785141       0.99994797027618409       0.32251506666138247     
   1.0010000000000001E-004  0.41833961354305993        3.0113714721030647        5.6312996271076274       0.99994830571297899       0.31965942456800794     
   1.0020000000000001E-004  0.41954927296488320        2.9548716340675498        5.6635942227686842       0.99994583823806693       0.31619637058528022     
   1.0030000000000001E-004  0.42094077234314703        2.9020222952743477        5.6949251843887039       0.99994104719102794       0.31214716863858394     
   1.0040000000000001E-004  0.42250288990668528        2.8528366337550373        5.7251815906466774       0.99993485118038750       0.30754844043850366     
   1.0050000000000000E-004  0.42422588836669789        2.8071725935105101        5.7542822140394891       0.99992720434775606       0.30243021221133448     
   1.0060000000000001E-004  0.42610101750366874        2.7648630099882632        5.7821715392713315       0.99991732076103101       0.29680048468250664     
   1.0070000000000001E-004  0.42811884288102336        2.7257743166732382        5.8088147818206970       0.99990486268445788       0.29065313913618168     
   1.0080000000000001E-004  0.43026821908838697        2.6897983182140925        5.8341948047346559       0.99989052373209142       0.28399054511310728     
   1.0090000000000001E-004  0.43253667996133288        2.6568152865222334        5.8583109507755031       0.99987557231692126       0.27683860193354992     
   1.0100000000000002E-004  0.43491169768096238        2.6266651363475777        5.8811779135734579       0.99986106099110916       0.26924278482703712     
   1.0110000000000000E-004  0.43738178696972629        2.5991424866164512        5.9028231660998784       0.99984744056591068       0.26125164768462988     
   1.0120000000000001E-004  0.43993685606750516        2.5740116527458903        5.9232829849336319       0.99983472019574671       0.25290175222664191     
   1.0130000000000001E-004  0.44256789345754671        2.5510293628867511        5.9425981635733924       0.99982285195756748       0.24421287463657959     
   1.0140000000000001E-004  0.44526644194829917        2.5299647637342848        5.9608105220936256       0.99981199655263886       0.23519308589879956     
   1.0150000000000001E-004  0.44802424520057577        2.5106118776529129        5.9779607031926476       0.99980255244429717       0.22584790529434082     
   1.0160000000000000E-004  0.45083318851425064        2.4927944014248999        5.9940871233397202       0.99979502323240199       0.21618784116354869     
   1.0170000000000001E-004  0.45368545234792923        2.4763650612774537        6.0092256482155149       0.99978985285986743       0.20623164117073461     
   1.0180000000000001E-004  0.45657373627213871        2.4612021027320945        6.0234095708266864       0.99978731625551054       0.19600550078212164     
   1.0190000000000001E-004  0.45949144653114299        2.4472048788039444        6.0366696288886308       0.99978748869783984       0.18553995081320843     
   1.0200000000000001E-004  0.46243280256924268        2.4342896690761688        6.0490339636046722       0.99979027477016058       0.17486624010184063     
   1.0210000000000000E-004  0.46539286478141861        2.4223861993612217        6.0605280283724943       0.99979546478832992       0.16401341989279541     
   1.0220000000000000E-004  0.46836750704445435        2.4114349382412423        6.0711744973205111       0.99980279230679137       0.15300661202342403     
   1.0230000000000001E-004  0.47135335946849688        2.4013850724409913        6.0809932215935518       0.99981197851668280       0.14186641744217113     
   1.0240000000000001E-004  0.47434773993322071        2.3921930172643080        6.0900012604909133       0.99982275971934464       0.13060915635949072     
   1.0250000000000001E-004  0.47734858533428415        2.3838213302323408        6.0982129918187304       0.99983490030854349       0.11924757421508311     
   1.0260000000000000E-004  0.48035438739382696        2.3762379239089748        6.1056402892078596       0.99984819592808749       0.10779170632665533     
   1.0270000000000000E-004  0.48336413414818918        2.3694154997715557        6.1122927454858722       0.99986247130904493        9.6249696032523091E-002
   1.0280000000000001E-004  0.48637725651754066        2.3633311441737845        6.1181779192589243       0.99987757605614525        8.4628460801009595E-002
   1.0290000000000001E-004  0.48939357884195495        2.3579660418171042        6.1233015842840137       0.99989338029400265        7.2934176920560312E-002
   1.0300000000000001E-004  0.49241327226858961        2.3533052728095178        6.1276679658183522       0.99990977095687472        6.1172599194338241E-002
   1.0310000000000001E-004  0.49543680992167977        2.3493376646772006        6.1312799532969819       0.99992664884740556        4.9349255398192925E-002
   1.0320000000000000E-004  0.49846492282206650        2.3460556783124420        6.1341392831859824       0.99994392623068307        3.7469558121370310E-002
   1.0330000000000000E-004  0.50149855569873603        2.3434553146794022        6.1362466893139329       0.99996152463520549        2.5538872972851730E-002
   1.0340000000000001E-004  0.50453882205625322        2.3415360352273100        6.1376020202972716       0.99997937257950398        1.3562570814221202E-002
   1.0350000000000001E-004  0.50758695814610066        2.3403006931250214        6.1382043248758116       0.99999740307052587        1.5460803644747746E-003
   1.0360000000000001E-004  0.51064427575573557        2.3397554752323901        6.1380519062890064        1.0000155508319379       -1.0505052065690412E-002
   1.0370000000000000E-004  0.51371211393405480        2.3399098567172469        6.1371423464613528        1.0000337493168621       -2.2585096711369712E-002
   1.0380000000000000E-004  0.51679178984722129        2.3407765724215639        6.1354724999395565        1.0000519276225621       -3.4688073911582011E-002
   1.0390000000000000E-004  0.51988454886434921        2.3423716106005781        6.1330384564905973        1.0000700074557094       -4.6807693907450522E-002
   1.0400000000000001E-004  0.52299151394194587        2.3447142355864106        6.1298354702663964        1.0000879002775902       -5.8937307674294198E-002
   1.0410000000000001E-004  0.52611363427116453        2.3478270499104874        6.1258578527382310        1.0001055046911458       -7.1069867684373234E-002
   1.0420000000000000E-004  0.52925163285762233        2.3517361114186399        6.1210988264597086        1.0001227040387390       -8.3197888704958187E-002
   1.0430000000000000E-004  0.53240595231408472        2.3564711271324543        6.1155503374166589        1.0001393640394618       -9.5313386917592766E-002
   1.0440000000000000E-004  0.53557669777733918        2.3620657533431690        6.1092028256271291        1.0001553301530499      -0.10740776089328036     
   1.0450000000000001E-004  0.53876357556559429        2.3685580405807252        6.1020449568825201        1.0001704243423692      -0.11947156803334845     
   1.0460000000000001E-004  0.54196582617246991        2.3759910713103389        6.0940633231095340        1.0001844410070972      -0.13149414477300889     
   1.0470000000000000E-004  0.54518215053165442        2.3844138431949102        6.0852421244855739        1.0001971424496379      -0.14346303187125936     
   1.0480000000000000E-004  0.54841062935350160        2.3938824462176815        6.0755628523074456        1.0002082552157068      -0.15536320053550623     
   1.0490000000000000E-004  0.55164863682974041        2.4044615801290887        6.0650039957940560        1.0002174701172206      -0.16717614366911943     
   1.0500000000000000E-004  0.55489275270473726        2.4162264422866135        6.0535407965081491        1.0002244507155307      -0.17887900027339979     
   1.0510000000000001E-004  0.55813868113962173        2.4292649873860723        6.0411450680166041        1.0002288564529132      -0.19044400838164641     
   1.0520000000000001E-004  0.56138118996662578        2.4436805323169191        6.0277850833729438        1.0002303862141513      -0.20183869726803322     
   1.0530000000000000E-004  0.56461408786609335        2.4595946525567669        6.0134255095408555        1.0002288436350402      -0.21302726127097479     
   1.0540000000000000E-004  0.56783025781539087        2.4771502824408245        5.9980273432133266        1.0002242150739655      -0.22397339561359716     
   1.0550000000000000E-004  0.57102175737194361        2.4965148571227807        5.9815477939634798        1.0002167351124405      -0.23464440277409360     
   1.0560000000000001E-004  0.57417997313723268        2.5178831571752327        5.9639400967406502        1.0002068987465553      -0.24501556807913460     
   1.0570000000000001E-004  0.57729577479887728        2.5414791714486320        5.9451533459875625        1.0001953789364424      -0.25507286037210231     
   1.0580000000000000E-004  0.58035956181720116        2.5675558075206228        5.9251326333628169        1.0001828412056333      -0.26481152585474016     
   1.0590000000000000E-004  0.58336107032283513        2.5963909520139703        5.9038199802332674        1.0001697220430916      -0.27422901476103340     
   1.0600000000000000E-004  0.58628888591766293        2.6282788529093861        5.8811566370011885        1.0001561214576120      -0.28331350939179539     
   1.0610000000000000E-004  0.58912985545609431        2.6635178958257564        5.8570870836106064        1.0001419688488973      -0.29203339320055366     
   1.0620000000000001E-004  0.59186888789123993        2.7023998965500775        5.8315644300740841        1.0001274645700156      -0.30033560903492806     
   1.0630000000000000E-004  0.59448964864499410        2.7452102828390106        5.8045561275828081        1.0001134946221475      -0.30815816150850611     
   1.0640000000000000E-004  0.59697611336127543        2.7922479308152255        5.7760486024073714        1.0001015364542509      -0.31545263464981593     
   1.0650000000000000E-004  0.59931405076172672        2.8438615131815674        5.7460502235817650        1.0000929035672765      -0.32220196736727957     
   1.0660000000000000E-004  0.60149109988371074        2.9004747398074384        5.7145936372525723        1.0000879550478732      -0.32841741390433760     
   1.0670000000000001E-004  0.60349498813623592        2.9625476033475193        5.6817394444517886        1.0000862562921031      -0.33411274659609802     
   1.0679999999999999E-004  0.60531139660409938        3.0304198366271207        5.6475820299420247        1.0000876016918219      -0.33927405134006777     
   1.0690000000000000E-004  0.60692389329508378        3.1040304202506439        5.6122556827595531        1.0000922049110632      -0.34385007574907656     
   1.0700000000000000E-004  0.60831616450543535        3.1826034629821400        5.5759373461938759        1.0000995008574167      -0.34777474038693995     
   1.0710000000000000E-004  0.60947485885334607        3.2644932358223886        5.5388428049935099        1.0001079395518129      -0.35100919044747270     
   1.0720000000000000E-004  0.61039192626869676        3.3473781321474947        5.5012163336041358        1.0001168483817882      -0.35356261243966858     
   1.0730000000000001E-004  0.61106468128777780        3.4287904948546140        5.4633178670789704        1.0001272659753793      -0.35546866309444863     
   1.0739999999999999E-004  0.61149158052963781        3.5067029266725385        5.4254122135299081        1.0001393503752012      -0.35674644236604497     
   1.0750000000000000E-004  0.61166789331439408        3.5798738769375742        5.3877620874074577        1.0001497156581685      -0.35737340990280686     
   1.0760000000000000E-004  0.61158712364266088        3.6478882725600710        5.3506229288650822        1.0001544219017395      -0.35729023278663896     
   1.0770000000000000E-004  0.61124649056108327        3.7109880917522955        5.3142335282258122        1.0001536495244088      -0.35645522743374769     
   1.0780000000000000E-004  0.61065020524003355        3.7697821629613637        5.2788012779891575        1.0001501340119598      -0.35488960949220055     
   1.0789999999999999E-004  0.60980730104946779        3.8249222251959183        5.2444905219641722        1.0001443605927287      -0.35265150404184797     
   1.0800000000000000E-004  0.60872686765518147        3.8768619512502873        5.2114214021809468        1.0001338981218817      -0.34977375424611024     
   1.0810000000000000E-004  0.60741579521007882        3.9257804823266391        5.1796763482558674        1.0001166238006927      -0.34624319527354652     
   1.0820000000000000E-004  0.60588091305913172        3.9716565296661512        5.1493064463719485        1.0000928903094024      -0.34203406918521267     
   1.0830000000000000E-004  0.60413245158198192        4.0144074571446113        5.1203343167006929        1.0000648277361359      -0.33714852237021942     
   1.0839999999999999E-004  0.60218533187548995        4.0540059228813341        5.0927558212760120        1.0000344683654405      -0.33162474685822768     
   1.0849999999999999E-004  0.60005748156299565        4.0905326954334544        5.0665438058947077        1.0000028140614663      -0.32551637266908556     
   1.0860000000000000E-004  0.59776667344461043        4.1241717343900071        5.0416543218856766       0.99997012128776441      -0.31886926557727446     
   1.0870000000000000E-004  0.59532830452722230        4.1551747993878640        5.0180335931268703       0.99993656644463691      -0.31171141345886677     
   1.0880000000000000E-004  0.59275527412255047        4.1838202875465544        4.9956239362745816       0.99990270264675485      -0.30405618555717501     
   1.0890000000000000E-004  0.59005928034115751        4.2103798496300699        4.9743678278326922       0.99986953694095337      -0.29591237871267340     
   1.0899999999999999E-004  0.58725227350845133        4.2350968689852353        4.9542102298850565       0.99983831616584662      -0.28729388510189469     
   1.0910000000000000E-004  0.58434724246305025        4.2581757837120255        4.9350997316909604       0.99981022304705025      -0.27822471354325023     
   1.0920000000000000E-004  0.58135813846336404        4.2797794865318544        4.9169890757474670       0.99978614973993296      -0.26873881428573265     
   1.0930000000000000E-004  0.57829918008142134        4.3000319803104317        4.8998354323443651       0.99976660747115731      -0.25887650552414299     
   1.0940000000000000E-004  0.57518397677671740        4.3190239880032291        4.8836005738982138       0.99975174895487229      -0.24867980224222591     
   1.0949999999999999E-004  0.57202483916243374        4.3368198230571258        4.8682509715182345       0.99974145364012601      -0.23818841245386221     
   1.0959999999999999E-004  0.56883243535056516        4.3534643690000081        4.8537577866671464       0.99973542943536764      -0.22743731225834746     
   1.0970000000000000E-004  0.56561576900820176        4.3689894489984908        4.8400967297227915       0.99973329988704696      -0.21645601455317434     
   1.0980000000000001E-004  0.56238236401855390        4.3834191861616585        4.8272477783274246       0.99973466370655217      -0.20526912493839961     
   1.0990000000000002E-004  0.55913853062438446        4.3967741640650999        4.8151947731514282       0.99973912706762524      -0.19389758564056828     
   1.1000000000000002E-004  0.55588961996808961        4.4090743378806287        4.8039249267770030       0.99974631626988375      -0.18236006919041889     
   1.1010000000000002E-004  0.55264021887276249        4.4203407760991142        4.7934282890945061       0.99975587951096057      -0.17067415491518659     
   1.1020000000000002E-004  0.54939427464843205        4.4305964187199383        4.7836972112369391       0.99976748480150013      -0.15885710710150536     
   1.1030000000000001E-004  0.54615516101205619        4.4398661017658503        4.7747258426239405       0.99978081835283150      -0.14692622739891376     
   1.1040000000000001E-004  0.54292570486954572        4.4481761136343794        4.7665096851006892       0.99979558508957411      -0.13489885211476482     
   1.1050000000000002E-004  0.53970819371039191        4.4555535214366726        4.7590452172625781       0.99981151119662226      -0.12279211187079517     
   1.1060000000000002E-004  0.53650437905456794        4.4620254510317690        4.7523295924828712       0.99982834769374940      -0.11062257716713937     
   1.1070000000000002E-004  0.53331548593774014        4.4676184458929518        4.7463604069222951       0.99984587391127044       -9.8405893593251248E-002
   1.1080000000000002E-004  0.53014223354832535        4.4723579709946382        4.7411355291240218       0.99986389990488322       -8.6156479350986193E-002
   1.1090000000000001E-004  0.52698486849043225        4.4762680644692470        4.7366529805823312       0.99988226718640894       -7.3887325245882998E-002
   1.1100000000000001E-004  0.52384320969657183        4.4793711161617455        4.7329108561405677       0.99990084775062471       -6.1609912054792902E-002
   1.1110000000000002E-004  0.52071670270429893        4.4816877455183217        4.7299072738332972       0.99991954166038532       -4.9334237723248534E-002
   1.1120000000000002E-004  0.51760448051746277        4.4832367511173992        4.7276403452057405       0.99993827351938480       -3.7068937970758074E-002
   1.1130000000000002E-004  0.51450542847800529        4.4840351062523460        4.7261081589576017       0.99995698822406243       -2.4821477731478688E-002
   1.1140000000000001E-004  0.51141825106020988        4.4840979795970144        4.7253087724803322       0.99997564630496782       -1.2598393370605497E-002
   1.1150000000000001E-004  0.50834153914629066        4.4834387647012983        4.7252402073793434       0.99999421908274955       -4.0556808187118244E-004
   1.1160000000000002E-004  0.50527383693307848        4.4820691049390451        4.7259004463640037        1.0000126837573535        1.1751473300904617E-002
   1.1170000000000002E-004  0.50221370801318144        4.4799988997485531        4.7272874299946794        1.0000310184929455        2.3867261167545284E-002
   1.1180000000000002E-004  0.49915980038734381        4.4772362911725212        4.7293990526222283        1.0000491976435844        3.5936079462107952E-002
   1.1190000000000001E-004  0.49611091023592230        4.4737876345135268        4.7322331577332397        1.0000671871274271        4.7951674766227463E-002
   1.1200000000000001E-004  0.49306604410848892        4.4696574555410873        4.7357875339286766        1.0000849400094909        5.9906987044436616E-002
   1.1210000000000001E-004  0.49002447882155703        4.4648484003710402        4.7400599139361512        1.0001023924387480        7.1793916466370289E-002
   1.1220000000000002E-004  0.48698581784729073        4.4593611879913650        4.7450479805094643        1.0001194601662209        8.3603145054327768E-002
   1.1230000000000002E-004  0.48395004241556627        4.4531945798146602        4.7507493847583318        1.0001360359347455        9.5324034447095585E-002
   1.1240000000000002E-004  0.48091755511840661        4.4463453845585219        4.7571617842511777        1.0001519881215704       0.10694462309138238     
   1.1250000000000001E-004  0.47788921354647168        4.4388085220909659        4.7642829099204196        1.0001671609013867       0.11845174012611052     
   1.1260000000000001E-004  0.47486635175439856        4.4305771771863949        4.7721106717556756        1.0001813762078873       0.12983124231693799     
   1.1270000000000002E-004  0.47185078822624765        4.4216430663567001        4.7806433133081292        1.0001944371962495       0.14106835879555221     
   1.1280000000000002E-004  0.46884482098024155        4.4119968127742890        4.7898796233958532        1.0002061326211209       0.15214810315698299     
   1.1290000000000002E-004  0.46585121373472826        4.4016284001515968        4.7998192094940242        1.0002162411704330       0.16305567970005005     
   1.1300000000000001E-004  0.46287318160498159        4.3905276382475220        4.8104628310224049        1.0002245344736971       0.17377678334762617     
   1.1310000000000001E-004  0.45991439000436457        4.3786845256854825        4.8218127823417536        1.0002307776343076       0.18429767916389081     
   1.1320000000000001E-004  0.45697898459509539        4.3660893523523701        4.8338733055478240        1.0002347268483434       0.19460495869790537     
   1.1330000000000002E-004  0.45407167059018100        4.3527323588007718        4.8466510037201962        1.0002361250096996       0.20468491532773703     
   1.1340000000000002E-004  0.45119785267744961        4.3386027789554014        4.8601552181710339        1.0002346981465879       0.21452256205654421     
   1.1350000000000001E-004  0.44836382958374843        4.3236871417263254        4.8743983310210979        1.0002301576268411       0.22410042818343934     
   1.1360000000000001E-004  0.44557700847675774        4.3079667945052904        4.8893959595046486        1.0002222146886626       0.23339740217905744     
   1.1370000000000001E-004  0.44284606855887976        4.2914147134441256        4.9051670226850197        1.0002106144751783       0.24238801468695248     
   1.1380000000000001E-004  0.44018097662190675        4.2739917215278611        4.9217336841281689        1.0001951935579445       0.25104263365422386     
   1.1390000000000002E-004  0.43759275912520446        4.2556422354861905        4.9391212013603232        1.0001759580946850       0.25932900283033367     
   1.1400000000000001E-004  0.43509298866862273        4.2362896387296338        4.9573577339973918        1.0001531666616874       0.26721530002313876     
   1.1410000000000001E-004  0.43269305935776514        4.2158314432923349        4.9764741596397268        1.0001273859257087       0.27467435516225253     
   1.1420000000000001E-004  0.43040347989448025        4.1941347399114122        4.9965038987093697        1.0000994747003791       0.28168787889458796     
   1.1430000000000001E-004  0.42823352384487057        4.1710332231463019        5.0174826400234318        1.0000704564791651       0.28824873637819781     
   1.1440000000000002E-004  0.42619152772642083        4.1463283371533262        5.0394476957212477        1.0000412793416993       0.29435900365051182     
   1.1450000000000002E-004  0.42428584875539310        4.1197984250432853        5.0624365586121876        1.0000125426530666       0.30002256718583370     
   1.1460000000000001E-004  0.42252605999460624        4.0912200969530765        5.0864842231621186       0.99998435920265449       0.30523390364991487     
   1.1470000000000001E-004  0.42092360367760734        4.0604035282726221        5.1116191315541943       0.99995653078362989       0.30996858529758886     
   1.1480000000000001E-004  0.41949117468247499        4.0272362738079677        5.1378582594669782       0.99992906467590981       0.31418326378606182     
   1.1490000000000001E-004  0.41824082101896742        3.9917189558327850        5.1652025894532381       0.99990276897270347       0.31783002476530509     
   1.1500000000000002E-004  0.41718183454070390        3.9539668873879035        5.1936344274692976       0.99987940510128670       0.32088064351966938     
   1.1510000000000001E-004  0.41631997085665184        3.9141561840389869        5.2231170655824872       0.99986092832007800       0.32334391855624828     
   1.1520000000000001E-004  0.41565864759842364        3.8724200776700575        5.2535952568334805       0.99984802401829220       0.32525536220992712     
   1.1530000000000001E-004  0.41520112865605435        3.8287416014275353        5.2849935220819102       0.99983919962470513       0.32663722696398234     
   1.1540000000000001E-004  0.41495172246680584        3.7829115165250760        5.3172110046852143       0.99983187757891367       0.32746170565647803     
   1.1550000000000002E-004  0.41491474080896296        3.7345940430248628        5.3501164635100515       0.99982516182203196       0.32766366914851636     
   1.1560000000000000E-004  0.41509202595821909        3.6834722554145451        5.3835499517993952       0.99982118370549189       0.32720438368191485     
   1.1570000000000001E-004  0.41548134017490485        3.6293872219501502        5.4173328472199334       0.99982248014921660       0.32611687575588877     
   1.1580000000000001E-004  0.41607723515798756        3.5724074113677879        5.4512788744060563       0.99982814001241005       0.32446924243103797     
   1.1590000000000001E-004  0.41687360748427849        3.5128509608709644        5.4851981031797212       0.99983422548703238       0.32228664436154303     
   1.1600000000000001E-004  0.41786551133585398        3.4513205661118596        5.5188963892280647       0.99983819912810656       0.31953455640059641     
   1.1610000000000000E-004  0.41904856742424618        3.3887393411279509        5.5521792825944125       0.99984097549409889       0.31617750410084622     
   1.1620000000000001E-004  0.42041674387938777        3.3262983695152437        5.5848619908189354       0.99984422565822839       0.31222273275208118     
   1.1630000000000001E-004  0.42196092894707904        3.2652700656934557        5.6167783669771998       0.99984771974383402       0.30770312506326730     
   1.1640000000000001E-004  0.42366959569805407        3.2067633934857001        5.6477848263283139       0.99984998779942214       0.30264705849166890     
   1.1650000000000001E-004  0.42553057142896178        3.1515506648633149        5.6777616569233427       0.99985013679680590       0.29707479526250768     
   1.1660000000000002E-004  0.42753235476094353        3.1000349028376553        5.7066140872855637       0.99984824314159160       0.29100564891070885     
   1.1670000000000000E-004  0.42966446693661714        3.0523309385107757        5.7342722869532983       0.99984468978773577       0.28445717783786606     
   1.1680000000000001E-004  0.43191708425026171        3.0083842305774926        5.7606893442497995       0.99983973319168173       0.27744197827944883     
   1.1690000000000001E-004  0.43428033613516087        2.9680636453344991        5.7858380174762090       0.99983359802649097       0.26997063196861015     
   1.1700000000000001E-004  0.43674373563794461        2.9312063007363762        5.8097076575350171       0.99982668747464032       0.26205922397986220     
   1.1710000000000001E-004  0.43929612447766209        2.8976269697291661        5.8323018652608551       0.99981958221545786       0.25373442852934719     
   1.1720000000000000E-004  0.44192617124215766        2.8671153564424801        5.8536364967823866       0.99981286582765938       0.24503228546808417     
   1.1730000000000001E-004  0.44462310633107860        2.8394372845159230        5.8737374147775077       0.99980696112852918       0.23599202305678002     
   1.1740000000000001E-004  0.44737728260093113        2.8143438788555897        5.8926377739599172       0.99980209532397157       0.22664906086345341     
   1.1750000000000001E-004  0.45018034996042439        2.7915852236681382        5.9103751043751496       0.99979837739110367       0.21703078585265756     
   1.1760000000000001E-004  0.45302510187363304        2.7709234097357074        5.9269886489123378       0.99979589991876072       0.20715626961366543     
   1.1770000000000000E-004  0.45590519092477000        2.7521417661522030        5.9425172981937013       0.99979479612972089       0.19703887284180552     
   1.1780000000000000E-004  0.45881488955462640        2.7350495151444245        5.9569982261222947       0.99979523690119110       0.18668980736775531     
   1.1790000000000001E-004  0.46174897284809929        2.7194826486358235        5.9704661328696620       0.99979739130726841       0.17612107003442581     
   1.1800000000000001E-004  0.46470271149945269        2.7053023454820240        5.9829529149036240       0.99980138221630099       0.16534700998553273     
   1.1810000000000001E-004  0.46767192177896372        2.6923921231894985        5.9944875858101101       0.99980725774993118       0.15438454006707220     
   1.1820000000000000E-004  0.47065302103153844        2.6806545735218976        6.0050963196633376       0.99981498456479945       0.14325241196659214     
   1.1830000000000000E-004  0.47364305876058294        2.6700082005262811        6.0148025422398437       0.99982445871491765       0.13197006632368499     
   1.1840000000000000E-004  0.47663971491431117        2.6603846354441427        6.0236270356394126       0.99983552604246417       0.12055647231412120     
   1.1850000000000001E-004  0.47964127041485255        2.6517263426318425        6.0315880453215636       0.99984800456267786       0.10902920812212133     
   1.1860000000000001E-004  0.48264655990588023        2.6439848308645102        6.0387013889404821       0.99986170389699736        9.7403882357269975E-002
   1.1870000000000001E-004  0.48565491603391958        2.6371193245616777        6.0449805689068334       0.99987643948391947        8.5693888542146227E-002
   1.1880000000000000E-004  0.48866611163461648        2.6310958162397511        6.0504368894893510       0.99989204130895004        7.3910426329108714E-002
   1.1890000000000000E-004  0.49168030309819849        2.6258864200558309        6.0550795767490424       0.99990835792397303        6.2062703996904042E-002
   1.1900000000000001E-004  0.49469797595271348        2.6214689511694975        6.0589158975825992       0.99992525702393953        5.0158241559169273E-002
   1.1910000000000001E-004  0.49771989255163385        2.6178266604478617        6.0619512731081970       0.99994262383964039        3.8203211925435014E-002
   1.1920000000000001E-004  0.50074704135094117        2.6149480716861340        6.0641893811662744       0.99996035824381702        2.6202779000553036E-002
   1.1930000000000000E-004  0.50378058717882757        2.6128268873653848        6.0656322427702678       0.99997837120212507        1.4161411424373369E-002
   1.1940000000000000E-004  0.50682182195995185        2.6114619448190526        6.0662802879497582       0.99999658091245458        2.0831662278095993E-003
   1.1950000000000000E-004  0.50987211541324617        2.6108572159150749        6.0661323972547709        1.0000149088114025       -1.0028054400005917E-002
   1.1960000000000001E-004  0.51293286526968707        2.6110218506429801        6.0651859161538200        1.0000332755199097       -2.2168263791050791E-002
   1.1970000000000001E-004  0.51600544656664737        2.6119702701052625        6.0634366405780220        1.0000515967365777       -3.4333156399757016E-002
   1.1980000000000000E-004  0.51909115960368368        2.6137223181926972        6.0608787729149025        1.0000697790843507       -4.6517864745529068E-002
   1.1990000000000000E-004  0.52219117610035404        2.6163034810242207        6.0575048489338057        1.0000877159487973       -5.8716694197670734E-002
   1.2000000000000000E-004  0.52530648301276273        2.6197451871455320        6.0533056373388865        1.0001052833947530       -7.0922824476161453E-002
   1.2010000000000001E-004  0.52843782348455315        2.6240852076460994        6.0482700149134381        1.0001223363767175       -8.3127972068821859E-002
   1.2020000000000001E-004  0.53158563453882379        2.6293681831093889        6.0423848214681621        1.0001387057065376       -9.5322018437295347E-002
   1.2030000000000000E-004  0.53474998145546382        2.6356463151403626        6.0356346996107204        1.0001541965871428      -0.10749262915756862     
   1.2040000000000000E-004  0.53793048940672328        2.6429802716087036        6.0280019244856566        1.0001685899861301      -0.11962491438260107     
   1.2050000000000000E-004  0.54112627401777491        2.6514403646489400        6.0194662275533695        1.0001816485705577      -0.13170121618765521     
   1.2060000000000000E-004  0.54433587423782415        2.6611080604481243        6.0100046160557401        1.0001931292005519      -0.14370113957477904     
   1.2070000000000001E-004  0.54755719323549656        2.6720778616024350        5.9995911861755751        1.0002028036080524      -0.15560196242695834     
   1.2080000000000001E-004  0.55078745538202212        2.6844595905330220        5.9881969232064103        1.0002104871412762      -0.16737954300534647     
   1.2090000000000000E-004  0.55402318798655092        2.6983810835373734        5.9757894792284052        1.0002160725311220      -0.17900976685299660     
   1.2100000000000000E-004  0.55726023266775482        2.7139912520727298        5.9623329234949285        1.0002195611624722      -0.19047040963674178     
   1.2110000000000000E-004  0.56049378022348417        2.7314633815587452        5.9477874809926581        1.0002210795378288      -0.20174303006503305     
   1.2120000000000001E-004  0.56371840352425229        2.7509983895127843        5.9321093201078012        1.0002208667178838      -0.21281419163062518     
   1.2130000000000001E-004  0.56692803951674176        2.7728275381301177        5.9152505263075614        1.0002192238412819      -0.22367507659609395     
   1.2140000000000000E-004  0.57011585899134509        2.7972138386645811        5.8971594944129988        1.0002164331185202      -0.23431864246941317     
   1.2150000000000000E-004  0.57327398788081829        2.8244512745330361        5.8777820480198137        1.0002126796223705      -0.24473416401708423     
   1.2160000000000000E-004  0.57639312575162227        2.8548613379950947        5.8570635797812267        1.0002080315203941      -0.25490043344117980     
   1.2170000000000000E-004  0.57946222407384740        2.8887875247616819        5.8349523210312855        1.0002025297822832      -0.26478071373111967     
   1.2180000000000001E-004  0.58246846019203524        2.9265900672556917        5.8114034780629868        1.0001963814044939      -0.27432358928276768     
   1.2190000000000000E-004  0.58539767562852973        2.9686437954859026        5.7863835601498304        1.0001901496176064      -0.28347236387200847     
   1.2200000000000000E-004  0.58823522036929776        3.0153388627401938        5.7598741025277498        1.0001847679642506      -0.29218063970289571     
   1.2210000000000001E-004  0.59096689076593389        3.0670746431581617        5.7318744710960257        1.0001812868339184      -0.30042520021801211     
   1.2219999999999999E-004  0.59357952463454788        3.1242227536982572        5.7024043914361817        1.0001805063592206      -0.30820514574138752     
   1.2229999999999999E-004  0.59606083013821065        3.1870255507815832        5.6715074269314698        1.0001828200719167      -0.31552438274889494     
   1.2239999999999999E-004  0.59839824017718013        3.2554105236248012        5.6392558650730349        1.0001883220373378      -0.32237022870291110     
   1.2250000000000000E-004  0.60057730702466094        3.3287557162729318        5.6057556924949692        1.0001967018425566      -0.32870681540609803     
   1.2260000000000000E-004  0.60258096549843954        3.4057258592283945        5.5711495251968106        1.0002068834053239      -0.33448542738679765     
   1.2270000000000000E-004  0.60439095705393542        3.4843441401657880        5.5356164310816967        1.0002174007840472      -0.33965633663304051     
   1.2280000000000000E-004  0.60599120053390521        3.5623641959849990        5.4993683132655171        1.0002279823022104      -0.34417952919124306     
   1.2290000000000001E-004  0.60737051694094268        3.6377868532943425        5.4626414374008219        1.0002400519015635      -0.34804505183699835     
   1.2300000000000001E-004  0.60852195033558310        3.7092527740687107        5.4256836812571319        1.0002541380241652      -0.35127779990566477     
   1.2310000000000001E-004  0.60943889073420376        3.7761715929837028        5.3887435821847838        1.0002674156498079      -0.35389467691500348     
   1.2319999999999999E-004  0.61011182279088449        3.8386386808035260        5.3520654162760648        1.0002759881596635      -0.35586113326904506     
   1.2329999999999999E-004  0.61053021812505359        3.8972289394246391        5.3158849276869402        1.0002786585385095      -0.35711278910909505     
   1.2339999999999999E-004  0.61068843366600023        3.9527143468741111        5.2804190399338040        1.0002768108273075      -0.35761600176537495     
   1.2349999999999999E-004  0.61058850672533105        4.0057674850105567        5.2458522060732706        1.0002714871764362      -0.35739443881576399     
   1.2360000000000000E-004  0.61023623616870648        4.0567549647349948        5.2123280184595950        1.0002618385311028      -0.35649624607220287     
   1.2370000000000000E-004  0.60963555866339603        4.1056954969523041        5.1799501598463928        1.0002460342931727      -0.35494434946283976     
   1.2380000000000000E-004  0.60878772849251206        4.1523680413531219        5.1487887775261472        1.0002228515054858      -0.35272153488048519     
   1.2390000000000000E-004  0.60769539125780103        4.1964858484131318        5.1188861620579686        1.0001925772586047      -0.34979607186702638     
   1.2400000000000001E-004  0.60636659918078939        4.2378458818451747        5.0902593989365235        1.0001568870356503      -0.34615834715689558     
   1.2410000000000001E-004  0.60481522148699551        4.2764037725963790        5.0629018368379617        1.0001178624752316      -0.34183661184396874     
   1.2420000000000001E-004  0.60305801219224142        4.3122735696865000        5.0367861051757403        1.0000770220727151      -0.33688408986167290     
   1.2429999999999999E-004  0.60111110955527602        4.3456812924667965        5.0118695307763943        1.0000350422521036      -0.33135294951974709     
   1.2440000000000002E-004  0.59898838677291066        4.3769051934623899        4.9881007757075659       0.99999220041795112      -0.32527536828423065     
   1.2450000000000002E-004  0.59670189095139481        4.4062244896348330        4.9654258418138371       0.99994901272561221      -0.31866199128932393     
   1.2460000000000002E-004  0.59426324869703007        4.4338851780427087        4.9437922135926611       0.99990652403442537      -0.31151386681353849     
   1.2470000000000002E-004  0.59168493542574152        4.4600828616006689        4.9231509965823461       0.99986614960862175      -0.30383693173462345     
   1.2480000000000002E-004  0.58898081019083526        4.4849588014993342        4.9034576455087553       0.99982930438405793      -0.29565062763503253     
   1.2490000000000003E-004  0.58616585959983902        4.5086047562118470        4.8846720256945613       0.99979707934831574      -0.28698839983219160     
   1.2500000000000003E-004  0.58325546397287154        4.5310727107210074        4.8667583310991898       0.99977009438618114      -0.27789248440767739     
   1.2510000000000003E-004  0.58026457041653334        4.5523864459569898        4.8496850770390418       0.99974852465498143      -0.26840699047997635     
   1.2520000000000001E-004  0.57720703409861884        4.5725527663909151        4.8334251612035093       0.99973222503885750      -0.25857246812408013     
   1.2530000000000001E-004  0.57409523422039321        4.5915710171162871        4.8179558907786406       0.99972086978670360      -0.24842330836660231     
   1.2540000000000001E-004  0.57093995990551383        4.6094402240169963        4.8032588805096532       0.99971405741624075      -0.23798771288551804     
   1.2550000000000001E-004  0.56775049930301169        4.6261637272282341        4.7893197818731217       0.99971136922112791      -0.22728919600626538     
   1.2560000000000002E-004  0.56453484620768490        4.6417515380896690        4.7761278596689607       0.99971239221118180      -0.21634855264746261     
   1.2570000000000002E-004  0.56129994517674875        4.6562208503019287        4.7636754661312866       0.99971672341704276      -0.20518556850624156     
   1.2580000000000002E-004  0.55805191668134391        4.6695952217776728        4.7519574720943751       0.99972396869569402      -0.19382015038757103     
   1.2590000000000002E-004  0.55479622776595972        4.6819029571464892        4.7409707078011074       0.99973374283350391      -0.18227284703310753     
   1.2600000000000003E-004  0.55153779524113156        4.6931751702248778        4.7307134513376266       0.99974567273391779      -0.17056488347667445     
   1.2610000000000003E-004  0.54828102566381842        4.7034439047275916        4.7211849869034417       0.99975940277669040      -0.15871787502895435     
   1.2620000000000000E-004  0.54502980800509915        4.7127405646129539        4.7123852417983105       0.99977460078717928      -0.14675337179030218     
   1.2630000000000001E-004  0.54178748034724911        4.7210947787984896        4.7043145013500069       0.99979096336520601      -0.13469234954411360     
   1.2640000000000001E-004  0.53855679138511003        4.7285337197482997        4.6969731948503890       0.99980821990445312      -0.12255472867653185     
   1.2650000000000001E-004  0.53533987301826569        4.7350818239248245        4.6903617422211275       0.99982613505606732      -0.11035897445945560     
   1.2660000000000001E-004  0.53213823419999517        4.7407608241936350        4.6844804497943873       0.99984450962091420       -9.8121809318574671E-002
   1.2670000000000002E-004  0.52895277952177577        4.7455899848387313        4.6793294436791637       0.99986317991818929       -8.5858050584126794E-002
   1.2680000000000002E-004  0.52578385062402255        4.7495864431545103        4.6749086303140981       0.99988201589412717       -7.3580570623560534E-002
   1.2690000000000002E-004  0.52263128535614733        4.7527655922390233        4.6712176755068571       0.99990091823576077       -6.1300364327790964E-002
   1.2700000000000002E-004  0.51949448860361136        4.7551414613056115        4.6682559952227125       0.99991981477762171       -4.9026702038837133E-002
   1.2710000000000003E-004  0.51637250920913713        4.7567270651621234        4.6660227531936060       0.99993865641077873       -3.6767345217091241E-002
   1.2720000000000003E-004  0.51326411876933509        4.7575347047069538        4.6645168620623929       0.99995741270506933       -2.4528803076408687E-002
   1.2730000000000000E-004  0.51016788962397441        4.7575762069367320        4.6637369860091535       0.99997606739973188       -1.2316613852526487E-002
   1.2740000000000001E-004  0.50708227079647183        4.7568630974639730        4.6636815436535830       0.99999461387125943       -1.3563831354946031E-004
   1.2750000000000001E-004  0.50400566169875749        4.7554067045910031        4.6643487105635613        1.0000130506852858        1.2009642924542058E-002
   1.2760000000000001E-004  0.50093648404888480        4.7532181959739850        4.6657364209925465        1.0000313772423177        2.4114833883343591E-002
   1.2770000000000001E-004  0.49787325277068256        4.7503085407449213        4.6678423686201658        1.0000495894882322        3.6175333015611176E-002
   1.2780000000000002E-004  0.49481464662053548        4.7466883926731684        4.6706640061302647        1.0000676757264821        4.8186050581795384E-002
   1.2790000000000002E-004  0.49175957885318233        4.7423678940501848        4.6741985435677629        1.0000856125498296        6.0141136412145496E-002
   1.2800000000000002E-004  0.48870726745540050        4.7373564028626847        4.6784429457017724        1.0001033609211072        7.2033722921889934E-002
   1.2810000000000002E-004  0.48565730340132834        4.7316621493696456        4.6833939291742155        1.0001208624462168        8.3855690650960379E-002
   1.2820000000000003E-004  0.48260971407975828        4.7252918335093916        4.6890479610283089        1.0001380359126983        9.5597465692184982E-002
   1.2830000000000000E-004  0.47956501783596012        4.7182501828061199        4.6954012613649994        1.0001547742435291       0.10724786285416532     
   1.2840000000000000E-004  0.47652426477758808        4.7105395031293185        4.7024498143354307        1.0001709420475655       0.11879398994737272     
   1.2850000000000001E-004  0.47348905916819373        4.7021592755723152        4.7101893932594843        1.0001863741206798       0.13022123057692844     
   1.2860000000000001E-004  0.47046156027964547        4.6931058694891101        4.7186156073932350        1.0002008752160438       0.14151332386463539     
   1.2870000000000001E-004  0.46744446178952015        4.6833724496804745        4.7277239794464236        1.0002142215428904       0.15265255999642857     
   1.2880000000000001E-004  0.46444095462103241        4.6729491574679720        4.7375100642198538        1.0002261644006245       0.16362010573014824     
   1.2890000000000002E-004  0.46145468340036089        4.6618236307529655        4.7479696191894636        1.0002364361179124       0.17439646174997123     
   1.2900000000000002E-004  0.45848971091703306        4.6499818903171652        4.7590988368294695        1.0002447579730802       0.18496202885399610     
   1.2910000000000002E-004  0.45555050722197243        4.6374095559092279        4.7708946451051952        1.0002508489960327       0.19529772185734329     
   1.2920000000000002E-004  0.45264197828061342        4.6240932701543800        4.7833550759708130        1.0002544336080532       0.20538551874076505     
   1.2930000000000003E-004  0.44976954239498645        4.6100221147884115        4.7964796912428715        1.0002552454449276       0.21520877751523990     
   1.2940000000000000E-004  0.44693925167770526        4.5951887235377598        4.8102700410839212        1.0002530251524107       0.22475211980598370     
   1.2950000000000000E-004  0.44415794297092043        4.5795897597841995        4.8247301146597339        1.0002475123804337       0.23400070603361797     
   1.2960000000000001E-004  0.44143339014341898        4.5632254624410189        4.8398667299597786        1.0002384366601262       0.24293885105911364     
   1.2970000000000001E-004  0.43877441957209812        4.5460980541346538        4.8556898068398509        1.0002255175973169       0.25154817476386160     
   1.2980000000000001E-004  0.43619094400509084        4.5282089172054354        4.8722124811244081        1.0002084889748077       0.25980581997385815     
   1.2990000000000001E-004  0.43369386903231655        4.5095545393903933        4.8894510517008039        1.0001871597346814       0.26768358602174214     
   1.3000000000000002E-004  0.43129483525258017        4.4901212948024636        4.9074248024515725        1.0001615133287076       0.27514892610537961     
   1.3010000000000002E-004  0.42900578327807470        4.4698791849909467        4.9261557885902176        1.0001318233923395       0.28216839265722427     
   1.3020000000000002E-004  0.42683837809907665        4.4487747948002259        4.9456686902323437        1.0000987362872675       0.28871315891318938     
   1.3030000000000002E-004  0.42480341316563758        4.4267240215763763        4.9659907776513696        1.0000632556702134       0.29476487035823462     
   1.3040000000000000E-004  0.42291040997411866        4.4036057234652315        4.9871518830185497        1.0000265828332464       0.30031890568126096     
   1.3050000000000000E-004  0.42116766938205830        4.3792583736706536        5.0091840595283958       0.99998983106405115       0.30538208499537894     
   1.3060000000000000E-004  0.41958291521032931        4.3534830431692120        5.0321204297617044       0.99995372882698919       0.30996376963327071     
   1.3070000000000001E-004  0.41816434908427264        4.3260571646777031        5.0559927445758364       0.99991850340631949       0.31406313922612644     
   1.3080000000000001E-004  0.41692151883859979        4.2967634345906998        5.0808275435399208       0.99988410394013039       0.31765953082676196     
   1.3090000000000001E-004  0.41586520555612161        4.2654348605466970        5.1066415006541090       0.99985071777465895       0.32071369345297757     
   1.3100000000000001E-004  0.41500590187549857        4.2320084180673776        5.1334371935110426       0.99981923640069570       0.32318266626823883     
   1.3110000000000002E-004  0.41435140949573346        4.1965671470096648        5.1612005463964330       0.99979122023396660       0.32504103927439543     
   1.3120000000000002E-004  0.41390509639165135        4.1593412081474446        5.1899002376288488       0.99976824570228862       0.32629401960883775     
   1.3130000000000002E-004  0.41366641626884093        4.1206446437110325        5.2194879374175187       0.99975106301746952       0.32697094346823669     
   1.3140000000000002E-004  0.41363377030188331        4.0807535118319240        5.2498974952519371       0.99973914694724941       0.32710064264725669     
   1.3150000000000000E-004  0.41380751006044164        4.0397723030051305        5.2810419554575461       0.99973095559810154       0.32668364898294106     
   1.3160000000000000E-004  0.41419011984278298        3.9975599319490871        5.3128095036696266       0.99972496590467164       0.32568374803476574     
   1.3170000000000000E-004  0.41478293046141540        3.9537649583013375        5.3450619407766942       0.99972103054642569       0.32405447275643834     
   1.3180000000000001E-004  0.41558231187032652        3.9079543783673860        5.3776392859710951       0.99972065124039411       0.32178561491267593     
   1.3190000000000001E-004  0.41657937802439704        3.8597606095296899        5.4103696832304617       0.99972518777338482       0.31892315456866971     
   1.3200000000000001E-004  0.41776380513445177        3.8089775122369880        5.4430785033384899       0.99973359016866659       0.31553200380917051     
   1.3210000000000001E-004  0.41912757447432469        3.7556052692186666        5.4755913472907540       0.99974265713101096       0.31163525860647673     
   1.3220000000000001E-004  0.42066463582534624        3.6998930969449670        5.5077331706158956       0.99975000004843972       0.30720071034112073     
   1.3230000000000002E-004  0.42236772048041277        3.6423939999707842        5.5393308924335694       0.99975602750254866       0.30219295784472933     
   1.3240000000000002E-004  0.42422645106194889        3.5839753014906330        5.5702221453222620       0.99976241634051211       0.29662524173604998     
   1.3250000000000000E-004  0.42622819728415867        3.5257247742548365        5.6002645055467708       0.99976952064969227       0.29055058423700564     
   1.3260000000000000E-004  0.42835994112941056        3.4687677651581468        5.6293391608160634       0.99977609500782483       0.28401622469640214     
   1.3270000000000000E-004  0.43060956576209503        3.4140787594268023        5.6573495807665353       0.99978091835267024       0.27704119270641353     
   1.3280000000000000E-004  0.43296630497832472        3.3623668023781694        5.6842194375472461       0.99978379794201788       0.26962972454801132     
   1.3290000000000000E-004  0.43542048383610243        3.3140573401591307        5.7098917229602577       0.99978522772193257       0.26179023635604670     
   1.3300000000000001E-004  0.43796284000900199        3.2693409831512441        5.7343280665794625       0.99978575125287872       0.25354014664911462     
   1.3310000000000001E-004  0.44058394261158507        3.2282436791834743        5.7575071587889841       0.99978576205042280       0.24490214235600061     
   1.3320000000000001E-004  0.44327406903706529        3.1906859559146383        5.7794223974661501       0.99978558935125073       0.23590154700426463     
   1.3330000000000001E-004  0.44602349612468162        3.1565210674429922        5.8000793731969766       0.99978557725723194       0.22656635521047455     
   1.3340000000000002E-004  0.44882294199718598        3.1255571739690979        5.8194935415995594       0.99978606922452318       0.21692739866577776     
   1.3350000000000002E-004  0.45166393905552787        3.0975724677957319        5.8376880710076069       0.99978735110231798       0.20701692040360317     
   1.3359999999999999E-004  0.45453905061544464        3.0723287451391901        5.8546917542298438       0.99978961766504260       0.19686598218200671     
   1.3370000000000000E-004  0.45744193181446213        3.0495844777237688        5.8705369756210164       0.99979297986345050       0.18650204945746388     
   1.3380000000000000E-004  0.46036727014443130        3.0291061467397911        5.8852578388369308       0.99979749559541831       0.17594771749187779     
   1.3390000000000000E-004  0.46331065612763989        3.0106765303464149        5.8988885865403171       0.99980320010260293       0.16522075117705509     
   1.3400000000000000E-004  0.46626843546833757        2.9940995723711268        5.9114623908662507       0.99981012239873324       0.15433505123772290     
   1.3410000000000001E-004  0.46923758083185657        2.9792023227291735        5.9230105178872519       0.99981828651402194       0.14330198491828910     
   1.3420000000000001E-004  0.47221560104327120        2.9658348171921962        5.9335618130925027       0.99982770384017827       0.13213162221581515     
   1.3430000000000001E-004  0.47520048713855628        2.9538687378172312        5.9431424309725687       0.99983836395648940       0.12083362480179871     
   1.3440000000000001E-004  0.47819068401601783        2.9431954864233187        5.9517757330155936       0.99985022888814734       0.10941772449499892     
   1.3450000000000002E-004  0.48118507380694242        2.9337240780496878        5.9594822921186852       0.99986323250865106        9.7893851350988062E-002
   1.3459999999999999E-004  0.48418295978518056        2.9253790909549551        5.9662799580154831       0.99987728441313661        8.6272026441444299E-002
   1.3469999999999999E-004  0.48718404427913814        2.9180987980357904        5.9721839528967022       0.99989227648877466        7.4562139552673629E-002
   1.3480000000000000E-004  0.49018839824127747        2.9118335324991267        5.9772069775082795       0.99990809028799854        6.2773709030518571E-002
   1.3490000000000000E-004  0.49319642296293248        2.9065443163068303        5.9813593149960758       0.99992460356352109        5.0915690662441317E-002
   1.3500000000000000E-004  0.49620880578166821        2.9022017673950669        5.9846489242950796       0.99994169506633102        3.8996374041606108E-002
   1.3510000000000000E-004  0.49922647177498874        2.8987852796637488        5.9870815183600845       0.99995924725967633        2.7023378076474966E-002
   1.3520000000000001E-004  0.50225053300573930        2.8962824527671573        5.9886606247265890       0.99997714709110919        1.5003740319781186E-002
   1.3530000000000001E-004  0.50528223632942248        2.8946887402961505        5.9893876272695490       0.99999528514408020        2.9440843107099756E-003
   1.3540000000000001E-004  0.50832291030330012        2.8940072851465439        5.9892617886558872        1.0000135536172823       -9.1491555166971650E-003
   1.3550000000000001E-004  0.51137391142924427        2.8942489179761521        5.9882802532674919        1.0000318435870326       -2.1269471837548421E-002
   1.3560000000000002E-004  0.51443656980216201        2.8954323085711535        5.9864380303212243        1.0000500419741594       -3.3410006220355282E-002
   1.3569999999999999E-004  0.51751213417252684        2.8975842848373072        5.9837279563717978        1.0000680286145400       -4.5563276717113070E-002
   1.3579999999999999E-004  0.52060171648551234        2.9007403332563606        5.9801406367682182        1.0000856741412336       -5.7720935703366075E-002
   1.3590000000000000E-004  0.52370623621063705        2.9049452943638276        5.9756643658187754        1.0001028392684175       -6.9873587724919986E-002
   1.3600000000000000E-004  0.52682636514510650        2.9102542889810552        5.9702850244877146        1.0001193760856273       -8.2010703401167714E-002
   1.3610000000000000E-004  0.52996247385161666        2.9167339176789904        5.9639859540417044        1.0001351320073866       -9.4120665926989269E-002
   1.3620000000000000E-004  0.53311458147135549        2.9244637726960208        5.9567478041468309        1.0001499568714241      -0.10619098441782621     
   1.3630000000000001E-004  0.53628231119185643        2.9335382871014213        5.9485483552335472        1.0001637131289542      -0.11820868578815313     
   1.3640000000000001E-004  0.53946485376415176        2.9440689215085754        5.9393623185109599        1.0001762881788117      -0.13016085917473100     
   1.3650000000000001E-004  0.54266094050173785        2.9561866561284988        5.9291611243696591        1.0001876066257316      -0.14203526257168761     
   1.3660000000000001E-004  0.54586882446142304        2.9700447213678074        5.9179127227571255        1.0001976388445293      -0.15382082047448994     
   1.3669999999999999E-004  0.54908626325745058        2.9858214562039800        5.9055814395877695        1.0002064014959180      -0.16550775912276966     
   1.3679999999999999E-004  0.55231048957405748        3.0037230852411727        5.8921279633222943        1.0002139467847264      -0.17708707625923079     
   1.3689999999999999E-004  0.55553814782438260        3.0239860492243018        5.8775095715998589        1.0002203409142669      -0.18854909098613057     
   1.3700000000000000E-004  0.55876517174806484        3.0468783490035918        5.8616807367070622        1.0002256392918438      -0.19988105136519599     
   1.3710000000000000E-004  0.56198658453521211        3.0726992311643047        5.8445942488511946        1.0002298744091895      -0.21106423841907720     
   1.3720000000000000E-004  0.56519622743276743        3.1017765491379339        5.8262029418457244        1.0002330762134406      -0.22207160807357515     
   1.3730000000000000E-004  0.56838646861413078        3.1344612890701855        5.8064619868927316        1.0002353352934719      -0.23286743369822335     
   1.3740000000000001E-004  0.57154800502601644        3.1711187585534231        5.7853315747727034        1.0002368894984719      -0.24341008123963012     
   1.3750000000000001E-004  0.57466991955094959        3.2121149856202154        5.7627797341682587        1.0002381768340662      -0.25365754613316055     
   1.3760000000000001E-004  0.57774013984727146        3.2577939151804984        5.7387851386525455        1.0002397920746766      -0.26357319121513539     
   1.3770000000000001E-004  0.58074626772632543        3.3084361256475190        5.7133400004889889        1.0002423572687058      -0.27312822902660822     
   1.3779999999999999E-004  0.58367640918595409        3.3641863303260777        5.6864532694957033        1.0002464256482666      -0.28229990030824625     
   1.3789999999999999E-004  0.58651939650880114        3.4249427452435413        5.6581540794982281        1.0002525230993999      -0.29106866669583176     
   1.3799999999999999E-004  0.58926404014691303        3.4902247597139837        5.6284949120351513        1.0002611913257957      -0.29941822724246958     
   1.3810000000000000E-004  0.59189780734114639        3.5590727440216647        5.5975539732862964        1.0002727424148323      -0.30733581951899869     
   1.3820000000000000E-004  0.59440570948613369        3.6300598978505780        5.5654370893376477        1.0002867013646080      -0.31480404551531926     
   1.3830000000000000E-004  0.59676986520667807        3.7014683957570909        5.5322799204576274        1.0003017266890544      -0.32178479323241344     
   1.3840000000000000E-004  0.59897063426832076        3.7715904451030489        5.4982496014676006        1.0003166184989103      -0.32821644876148531     
   1.3850000000000001E-004  0.60099019443591473        3.8390366383811712        5.4635423282691598        1.0003314389782203      -0.33404059532643893     
   1.3860000000000001E-004  0.60281607366239354        3.9029434461931047        5.4283743254209300        1.0003471460630082      -0.33923957402973837     
   1.3870000000000001E-004  0.60443968137883197        3.9630457318202752        5.3929692537618443        1.0003636561246307      -0.34383919299567961     
   1.3879999999999999E-004  0.60585038256054446        4.0196295965509670        5.3575492606446460        1.0003785548023878      -0.34785745050760242     
   1.3889999999999999E-004  0.60703284528250723        4.0733755970544081        5.3223323986963402        1.0003883460746408      -0.35125132051512853     
   1.3900000000000002E-004  0.60797192304784464        4.1251081837244570        5.2875301839589621        1.0003912350620814      -0.35393536608608450     
   1.3910000000000002E-004  0.60865953645176007        4.1755147012748592        5.2533381384001938        1.0003882257485586      -0.35586076201461958     
   1.3920000000000002E-004  0.60909550748080299        4.2249387300030303        5.2199220133080209        1.0003812174218272      -0.35705832406046462     
   1.3930000000000002E-004  0.60928199118540050        4.2733280892800796        5.1874095781221365        1.0003702337958085      -0.35759405582732445     
   1.3940000000000003E-004  0.60921821614956051        4.3203372174610575        5.1558928197740572        1.0003529361426311      -0.35749444906752054     
   1.3950000000000003E-004  0.60890036407462445        4.3655131630372548        5.1254355789999240        1.0003268570345887      -0.35672405770232241     
   1.3960000000000003E-004  0.60832572441638666        4.4084752746659248        5.0960790507833700        1.0002917461239700      -0.35522676167194428     
   1.3970000000000001E-004  0.60749701243404952        4.4490249047648369        5.0678428804817592        1.0002497394004224      -0.35297959131719703     
   1.3980000000000001E-004  0.60642348814442193        4.4871674233982066        5.0407249338561977        1.0002036474794380      -0.35001117291038736     
   1.3990000000000001E-004  0.60511872385184351        4.5230682047038266        5.0147033880110294        1.0001553539098043      -0.34637970457886413     
   1.4000000000000001E-004  0.60359724789332747        4.5569803311656907        4.9897419704758361        1.0001055671933627      -0.34213839694924031     
   1.4010000000000002E-004  0.60187223451039318        4.5891754183080167        4.9657965824737564        1.0000545620251713      -0.33731563012211996     
   1.4020000000000002E-004  0.59995506481143435        4.6198936548908192        4.9428210572041102        1.0000029340872798      -0.33191681511361543     
   1.4030000000000002E-004  0.59785638787886575        4.6493165052957792        4.9207708935875649       0.99995184170188856      -0.32593863445069127     
   1.4040000000000002E-004  0.59558763293325478        4.6775588919234821        4.8996050598074268       0.99990280087223082      -0.31938340068209420     
   1.4050000000000003E-004  0.59316201506145017        4.7046754458982676        4.8792865722588656       0.99985732146972095      -0.31226657546900466     
   1.4060000000000003E-004  0.59059464267614536        4.7306751885662068        4.8597825492057583       0.99981661935579302      -0.30461686455540232     
   1.4070000000000003E-004  0.58790184950484881        4.7555395347769291        4.8410641512608787       0.99978149029927366      -0.29647192043633080     
   1.4080000000000001E-004  0.58510013788153670        4.7792394685145245        4.8231065396260062       0.99975231406013054      -0.28787304805459879     
   1.4090000000000001E-004  0.58220516651306398        4.8017490653089823        4.8058888328111067       0.99972912028814886      -0.27886087653323688     
   1.4100000000000001E-004  0.57923109079944579        4.8230540430671311        4.7893940163192852       0.99971167191429011      -0.26947250465083911     
   1.4110000000000001E-004  0.57619034491072285        4.8431553964332963        4.7736087875999704       0.99969955203178151      -0.25974001788499318     
   1.4120000000000002E-004  0.57309376769890796        4.8620691168030472        4.7585233387449355       0.99969224865927198      -0.24969022640212654     
   1.4130000000000002E-004  0.56995089995523973        4.8798233988320572        4.7441310784543784       0.99968922698102247      -0.23934545123224454     
   1.4140000000000002E-004  0.56677030472566092        4.8964546701222771        4.7304282889344309       0.99968997910791513      -0.22872504640349764     
   1.4150000000000002E-004  0.56355982580106212        4.9120034547192963        4.7174137167754449       0.99969404748812363      -0.21784720694391702     
   1.4160000000000003E-004  0.56032675563515877        4.9265107017735250        4.7050881099584565       0.99970102663319804      -0.20673060252168965     
   1.4170000000000003E-004  0.55707790954914072        4.9400149058205978        4.6934537284586613       0.99971055233996198      -0.19539550346408582     
   1.4180000000000000E-004  0.55381961867954843        4.9525501349437571        4.6825138642101169       0.99972228721661771      -0.18386424649416788     
   1.4190000000000001E-004  0.55055766957742480        4.9641449439130172        4.6722724051112383       0.99973590895865150      -0.17216105151826447     
   1.4200000000000001E-004  0.54729722289949423        4.9748220580267484        4.6627334693408837       0.99975110486102658      -0.16031133264926750     
   1.4210000000000001E-004  0.54404273850882534        4.9845986583832946        4.6539011236558760       0.99976757296483731      -0.14834072492503836     
   1.4220000000000001E-004  0.54079792478579369        4.9934870781127731        4.6457791860422883       0.99978502790178503      -0.13627405890911359     
   1.4230000000000002E-004  0.53756572006358994        5.0014957279246008        4.6383711025041983       0.99980320861538430      -0.12413446997024544     
   1.4240000000000002E-004  0.53434830629596242        5.0086300977463241        4.6316798814302400       0.99982188539524675      -0.11194275582911881     
   1.4250000000000002E-004  0.53114715008583302        5.0148937147536810        4.6257080670783211       0.99984086452357113       -9.9717021054171642E-002
   1.4260000000000002E-004  0.52796306398327841        5.0202889911746080        4.6204577354755259       0.99985999005118231       -8.7472587913975122E-002
   1.4270000000000003E-004  0.52479628061271133        5.0248179430015645        4.6159305000102355       0.99987914294738423       -7.5222115592313843E-002
   1.4280000000000003E-004  0.52164653319846011        5.0284827828664369        4.6121275183959325       0.99989823820313295       -6.2975858782170283E-002
   1.4290000000000000E-004  0.51851313764291995        5.0312863994924912        4.6090494968212647       0.99991722067488975       -5.0742002280351556E-002
   1.4300000000000001E-004  0.51539507297663334        5.0332327381147746        4.6066966901295245       0.99993606023458081       -3.8527023938139490E-002
   1.4310000000000001E-004  0.51229105839005562        5.0343270942512817        4.6050688989847837       0.99995474672032458       -2.6336053546455965E-002
   1.4320000000000001E-004  0.50919962615519732        5.0345763305132278        4.6041654658811355       0.99997328493228943       -1.4173213435134157E-002
   1.4330000000000001E-004  0.50611919053289534        5.0339890248115120        4.6039852720565939       0.99999168981399578       -2.0419350387258306E-003
   1.4340000000000002E-004  0.50304811325761889        5.0325755646132961        4.6045267370857106        1.0000099819201822        1.0054745500186995E-002
   1.4350000000000002E-004  0.49998476649403784        5.0303481914807584        4.6057878221113109        1.0000281829996212        2.2113904812659214E-002
   1.4360000000000002E-004  0.49692759433273537        5.0273209863691024        4.6077660366868214        1.0000463116284877        3.4132453236231791E-002
   1.4370000000000002E-004  0.49387517392389280        5.0235097925859744        4.6104584483273197        1.0000643788862813        4.6106849825018260E-002
   1.4380000000000003E-004  0.49082627726918465        5.0189320724324435        4.6138616930328062        1.0000823840266542        5.8032804010121133E-002
   1.4390000000000000E-004  0.48777993450770341        5.0136066897681477        4.6179719844127103        1.0001003101363690        6.9904960570287819E-002
   1.4400000000000000E-004  0.48473549920412301        5.0075536061163746        4.6227851188576041        1.0001181198732925        8.1716573220147540E-002
   1.4410000000000001E-004  0.48169271560097965        5.0007934731844434        4.6282964746429114        1.0001357514471325        9.3459180788545329E-002
   1.4420000000000001E-004  0.47865178692143073        4.9933471007423220        4.6345010039865784        1.0001531152224752       0.10512231289173016     
   1.4430000000000001E-004  0.47561344266008149        4.9852347767256093        4.6413932193540068        1.0001700913882339       0.11669326788324190     
   1.4440000000000001E-004  0.47257900132919650        4.9764754288040480        4.6489671783436721        1.0001865293452956       0.12815701111367370     
   1.4450000000000002E-004  0.46955042358479765        4.9670856467572646        4.6572164753401877        1.0002022493168956       0.13949624611066455     
   1.4460000000000002E-004  0.46653034912048646        4.9570786072988708        4.6661342517001891        1.0002170463112527       0.15069169735998766     
   1.4470000000000002E-004  0.46352210995349019        4.9464629741117321        4.6757132389251614        1.0002306959592964       0.16172261549174763     
   1.4480000000000002E-004  0.46052971344975585        4.9352418830355376        4.6859458497238808        1.0002429610455719       0.17256746967359951     
   1.4490000000000003E-004  0.45755779151787396        4.9234121553704355        4.6968243290960299        1.0002535968675856       0.18320473557412351     
   1.4500000000000000E-004  0.45461151859449356        4.9109639027092156        4.7083409710378570        1.0002623533772161       0.19361363620149644     
   1.4510000000000000E-004  0.45169651006972827        4.8978806864409226        4.7204883968035771        1.0002689726710936       0.20377466669196342     
   1.4520000000000001E-004  0.44881872354807628        4.8841403675734094        4.7332598798062007        1.0002731820428519       0.21366975241344491     
   1.4530000000000001E-004  0.44598439442235849        4.8697167217600628        4.7466496933193110        1.0002746851067168       0.22328196161283936     
   1.4540000000000001E-004  0.44320004009040537        4.8545817936565019        4.7606534534092626        1.0002731557505953       0.23259481087798983     
   1.4550000000000001E-004  0.44047255882694203        4.8387088253366350        4.7752684332944204        1.0002682406377641       0.24159133030176486     
   1.4560000000000002E-004  0.43780942673475204        4.8220754312949428        4.7904938359537308        1.0002595748548053       0.25025314594902354     
   1.4570000000000002E-004  0.43521896347630035        4.8046665349827773        4.8063310255565233        1.0002468116984478       0.25855984537594723     
   1.4580000000000002E-004  0.43271059637065695        4.7864764663014929        4.8227837289206796        1.0002296625908369       0.26648879510169138     
   1.4590000000000002E-004  0.43029500985341834        4.7675095848914308        4.8398582187720729        1.0002079388642224       0.27401540219270232     
   1.4600000000000000E-004  0.42798405341665674        4.7477788706411976        4.8575634777987711        1.0001815891837194       0.28111368530881914     
   1.4610000000000000E-004  0.42579032514203408        4.7273021106128983        4.8759113229172781        1.0001507331175776       0.28775707962621400     
   1.4620000000000000E-004  0.42372645928383862        4.7060955860458948        4.8949164577499218        1.0001156984271133       0.29391965919517921     
   1.4630000000000001E-004  0.42180429149085602        4.6841654902789704        4.9145964308110042        1.0000770635198424       0.29957817530640629     
   1.4640000000000001E-004  0.42003418060618170        4.6614976864158022        4.9349714988178865        1.0000356837065258       0.30471504249696213     
   1.4650000000000001E-004  0.41842476131529116        4.6380468744479399        4.9560643901481010       0.99999265383793423       0.30932143555490721     
   1.4660000000000001E-004  0.41698326946522157        4.6137268555333701        4.9778998866998085       0.99994916332763872       0.31339844164718944     
   1.4670000000000002E-004  0.41571636126718359        4.5884044942003372        5.0005039911806417       0.99990625618264217       0.31695383775077618     
   1.4680000000000002E-004  0.41463109129483539        4.5619012190532375        5.0239023087581929       0.99986460621497586       0.31999369370113950     
   1.4690000000000002E-004  0.41373550544317617        4.5340070758691793        5.0481173180887620       0.99982449094018022       0.32251176563562090     
   1.4700000000000002E-004  0.41303830168555189        4.5045122132035642        5.0731645924076547       0.99978609491621295       0.32448361552477767     
   1.4710000000000000E-004  0.41254739172383531        4.4732570217939518        5.0990487045342148       0.99975003552493269       0.32587273365689134     
   1.4720000000000000E-004  0.41226791822897224        4.4401930026114638        5.1257600899834106       0.99971768277672834       0.32664934482128588     
   1.4730000000000000E-004  0.41220087240595443        4.4054332868555983        5.1532738817772206       0.99969077930640837       0.32681083796961657     
   1.4740000000000000E-004  0.41234335012973333        4.3692623780566313        5.1815503921768897       0.99967040382328531       0.32638578677074542     
   1.4750000000000001E-004  0.41269062333871481        4.3320805344512365        5.2105353916902670       0.99965613974041145       0.32541276621961307     
   1.4760000000000001E-004  0.41323894151356044        4.2942844955020094        5.2401582995307550       0.99964636873441370       0.32390746138991033     
   1.4770000000000001E-004  0.41398701525085257        4.2561234386431348        5.2703284669133641       0.99963956875020421       0.32184613579973848     
   1.4780000000000001E-004  0.41493460513917174        4.2175946475095536        5.3009323671010122       0.99963548549657788       0.31918368985372253     
   1.4790000000000002E-004  0.41607888196567250        4.1784339518028455        5.3318351908138615       0.99963515375377976       0.31589572093539353     
   1.4800000000000002E-004  0.41741152465532882        4.1382072827781533        5.3628877715592003       0.99963969673250319       0.31200881472771008     
   1.4809999999999999E-004  0.41891937310613880        4.0964524949806167        5.3939354835036468       0.99964886576368095       0.30758757457493258     
   1.4820000000000000E-004  0.42058850206943538        4.0528027529095132        5.4248239790805490       0.99966067996277275       0.30268648877035009     
   1.4830000000000000E-004  0.42240819351003212        4.0070584758132179        5.4554000003429426       0.99967263902092240       0.29731257076511231     
   1.4840000000000000E-004  0.42437112426278523        3.9592228867123982        5.4855108163534290       0.99968343977138285       0.29143562190091427     
   1.4850000000000000E-004  0.42647002936826173        3.9095267169981005        5.5150071825078175       0.99969352784809007       0.28503406433663220     
   1.4860000000000001E-004  0.42869465467133983        3.8584395373449079        5.5437505386547192       0.99970400678050786       0.27812914108951375     
   1.4870000000000001E-004  0.43103186826790357        3.8066421782521451        5.5716203317065451       0.99971519628488481       0.27077706794227052     
   1.4880000000000001E-004  0.43346810511934136        3.7549477329619858        5.5985172131062502       0.99972629484537312       0.26303408822665314     
   1.4890000000000001E-004  0.43599146564190450        3.7041912468374871        5.6243617335747578       0.99973617624155076       0.25493016026418175     
   1.4900000000000002E-004  0.43859209693113876        3.6551258084496352        5.6490912773782576       0.99974429238738705       0.24646958761728011     
   1.4910000000000002E-004  0.44126144418296981        3.6083544091789674        5.6726578281402542       0.99975089836111397       0.23764956540768667     
   1.4919999999999999E-004  0.44399143837034238        3.5643055208139316        5.6950271350963311       0.99975666828278509       0.22847727591479636     
   1.4930000000000000E-004  0.44677409116383121        3.5232422799465408        5.7161783550247209       0.99976222734352227       0.21897469002813325     
   1.4940000000000000E-004  0.44960146545055035        3.4852890811638235        5.7361031745895490       0.99976795500998394       0.20917332097978233     
   1.4950000000000000E-004  0.45246587128792171        3.4504625755929741        5.7548041371608933       0.99977403433959455       0.19910665029964594     
   1.4960000000000000E-004  0.45536014503294719        3.4186999645108487        5.7722924766111579       0.99978057065593984       0.18880521608133338     
   1.4970000000000001E-004  0.45827789805824615        3.3898823830940108        5.7885858923425726       0.99978766783873418       0.17829517698147213     
   1.4980000000000001E-004  0.46121366974651917        3.3638538222502099        5.8037065531308301       0.99979544291266909       0.16759889441317247     
   1.4990000000000001E-004  0.46416297375823856        3.3404366437394599        5.8176794261617255       0.99980400860516994       0.15673597676450574     
   1.5000000000000001E-004  0.46712226108680960        3.3194443333962487        5.8305309163056043       0.99981345317596715       0.14572401987932804     
   1.5010000000000002E-004  0.47008883240083810        3.3006916358379290        5.8422877692750621       0.99982383009556908       0.13457893627677822     
   1.5019999999999999E-004  0.47306072719907394        3.2840020674497228        5.8529761979572372       0.99983515776892817       0.12331503976384368     
   1.5029999999999999E-004  0.47603660909702233        3.2692129499954024        5.8626212017265456       0.99984742483403022       0.11194506642070341     
   1.5040000000000000E-004  0.47901565930766193        3.2561783228572696        5.8712460531662005       0.99986059689281326       0.10048023520201126     
   1.5050000000000000E-004  0.48199748550198446        3.2447702274206063        5.8788719268813310       0.99987462240706837        8.8930377693134263E-002
   1.5060000000000000E-004  0.48498204854781585        3.2348788741854877        5.8855176444876696       0.99988943706837419        7.7304122852309268E-002
   1.5070000000000000E-004  0.48796960565120950        3.2264121358945985        5.8911995103669916       0.99990496682646901        6.5609108251235546E-002
   1.5080000000000001E-004  0.49096066602729654        3.2192947087634698        5.8959312147269003       0.99992112997514526        5.3852192536733831E-002
   1.5090000000000001E-004  0.49395595431362171        3.2134671721895507        5.8997237837867029       0.99993783871937492        4.2039652496738834E-002
   1.5100000000000001E-004  0.49695637722000530        3.2088850895419694        5.9025855603572754       0.99995500043145569        3.0177356313296967E-002
   1.5110000000000001E-004  0.49996299002506628        3.2055182392125157        5.9045222010714129       0.99997251863168046        1.8270913125053911E-002
   1.5120000000000002E-004  0.50297696091969279        3.2033500339996492        5.9055366792323252       0.99999029368625392        6.3258021803471827E-003
   1.5129999999999999E-004  0.50599953249825758        3.2023771671654582        5.9056292847558316        1.0000082232518335       -5.6525146064337903E-003
   1.5139999999999999E-004  0.50903198071628486        3.2026095111934052        5.9047976150063546        1.0000262025701689       -1.7658494851571657E-002
   1.5150000000000000E-004  0.51207557235065881        3.2040702862409036        5.9030365525100041        1.0000441247938598       -2.9686433045002836E-002
   1.5160000000000000E-004  0.51513152244813099        3.2067965061060808        5.9003382277570910        1.0000618815808524       -4.1730394113185292E-002
   1.5170000000000000E-004  0.51820095337823990        3.2108396995086830        5.8966919677127541        1.0000793641685799       -5.3784162841030603E-002
   1.5180000000000000E-004  0.52128485694180160        3.2162669009159242        5.8920842329915510        1.0000964650034594       -6.5841204560780020E-002
   1.5190000000000001E-004  0.52438406048426611        3.2231618929048191        5.8864985498538953        1.0001130799437139       -7.7894625232252351E-002
   1.5200000000000001E-004  0.52749919673058487        3.2316266610409925        5.8799154473515367        1.0001291108808437       -8.9937110848696322E-002
   1.5210000000000001E-004  0.53063067493095017        3.2417829969054974        5.8723124149237487        1.0001444684857417      -0.10196081897757013     
   1.5220000000000001E-004  0.53377864789773710        3.2537741473063440        5.8636639014783123        1.0001590748060658      -0.11395719603844401     
   1.5229999999999999E-004  0.53694296612921244        3.2677663521211353        5.8539413832054974        1.0001728656965334      -0.12591670435364810     
   1.5239999999999999E-004  0.54012310764281857        3.2839500270940012        5.8431135334863926        1.0001857935368932      -0.13782846704051313     
   1.5249999999999999E-004  0.54331807229561568        3.3025402202438801        5.8311465335740174        1.0001978312597073      -0.14967986976845085     
   1.5260000000000000E-004  0.54652623439336201        3.3237757931625054        5.8180045663797282        1.0002089788531507      -0.16145618317167190     
   1.5270000000000000E-004  0.54974515806812896        3.3479165991437831        5.8036505356800694        1.0002192723063354      -0.17314027069861510     
   1.5280000000000000E-004  0.55297139480911395        3.3752377785619516        5.7880470493191751        1.0002287926326943      -0.18471240778047945     
   1.5290000000000000E-004  0.55620029946317995        3.4060200762670250        5.7711577031857715        1.0002376698668367      -0.19615015185980253     
   1.5300000000000001E-004  0.55942591202802139        3.4405347407348201        5.7529487059193389        1.0002460762172400      -0.20742812255258611     
   1.5310000000000001E-004  0.56264095171612327        3.4790209977698390        5.7333908890387928        1.0002542080957493      -0.21851759896397599     
   1.5320000000000001E-004  0.56583695938649292        3.5216534430429394        5.7124621329163521        1.0002622710465909      -0.22938615308525007     
   1.5330000000000001E-004  0.56900460795257723        3.5684969533714175        5.6901501658356439        1.0002704979147621      -0.23999810989965287     
   1.5339999999999999E-004  0.57213416315872556        3.6194498644601758        5.6664555314932938        1.0002792276670032      -0.25031709186046064     
   1.5349999999999999E-004  0.57521597090564258        3.6741838971009471        5.6413943118786660        1.0002890236694388      -0.26031148880187177     
   1.5359999999999999E-004  0.57824064459433377        3.7320998871960400        5.6150000879249387        1.0003007283671652      -0.26996192673762315     
   1.5370000000000002E-004  0.58119850861697553        3.7923254294975361        5.5873248932576169        1.0003152181173176      -0.27926568301224175     
   1.5380000000000003E-004  0.58407815420120224        3.8537744935318239        5.5584398678964497        1.0003327335939109      -0.28822813638123362     
   1.5390000000000003E-004  0.58686491695986431        3.9152655591694532        5.5284373090145600        1.0003522092101007      -0.29683629813103207     
   1.5400000000000003E-004  0.58954100879074245        3.9756702981822705        5.4974349784537839        1.0003715775935900      -0.30503096835787774     
   1.5410000000000003E-004  0.59208822805567418        4.0340607434013513        5.4655798369812523        1.0003894996388603      -0.31271547362347130     
   1.5420000000000001E-004  0.59449145523564351        4.0898344578591193        5.4330453314176799        1.0004069627139329      -0.31981617689418923     
   1.5430000000000001E-004  0.59673936026910301        4.1428026102854547        5.4000201350703225        1.0004262000219166      -0.32633923753021349     
   1.5440000000000001E-004  0.59882082317707619        4.1932133250740611        5.3666953157142991        1.0004473019818738      -0.33234386393501708     
   1.5450000000000001E-004  0.60072038956293183        4.2416748984621249        5.3332594418319239        1.0004665324379622      -0.33784457073295959     
   1.5460000000000002E-004  0.60241802822407231        4.2889698257676994        5.2999012639269987        1.0004790156527679      -0.34275725987570371     
   1.5470000000000002E-004  0.60389453003433291        4.3358048198567003        5.2668092520081737        1.0004830021127649      -0.34696126921413312     
   1.5480000000000002E-004  0.60513783435243462        4.3825885629360526        5.2341610105465364        1.0004807538747955      -0.35040519574882306     
   1.5490000000000002E-004  0.60614398488176657        4.4293286577495214        5.2021085467923811        1.0004751666111327      -0.35313578715767918     
   1.5500000000000003E-004  0.60691211638845821        4.4756817116463994        5.1707705056796831        1.0004660910983985      -0.35522934523764926     
   1.5510000000000003E-004  0.60743860930844662        4.5211155742750284        5.1402348133334925        1.0004503591410217      -0.35671091641974279     
   1.5520000000000003E-004  0.60771537496740458        4.5651019638104220        5.1105657433487943        1.0004248469413737      -0.35753817273359567     
   1.5530000000000001E-004  0.60773340822808886        4.6072641307499049        5.0818085015852992        1.0003889640459755      -0.35764519484628376     
   1.5540000000000001E-004  0.60748819799462828        4.6474407760340020        5.0539898494090156        1.0003446576643422      -0.35699436338261564     
   1.5550000000000001E-004  0.60698248508786934        4.6856700947228109        5.0271175505861754        1.0002947585342101      -0.35559708350875224     
   1.5560000000000001E-004  0.60622503815641471        4.7221250703693816        5.0011816193457852        1.0002414576763849      -0.35349892386567161     
   1.5570000000000002E-004  0.60522730012272674        4.7570356042223105        4.9761581868049927        1.0001859042484962      -0.35074993543819460     
   1.5580000000000002E-004  0.60400038382560306        4.7906224661851295        4.9520148081636233        1.0001286689451425      -0.34738289681718010     
   1.5590000000000002E-004  0.60255395692871372        4.8230543623433730        4.9287155197266213        1.0000703566823339      -0.34340823270550497     
   1.5600000000000002E-004  0.60089698232168398        4.8544295307944800        4.9062246039066411        1.0000119672459380      -0.33882197260587016     
   1.5610000000000003E-004  0.59903916699543269        4.8847779723115066        4.8845088429181365       0.99995493021220638      -0.33361877295771797     
   1.5620000000000003E-004  0.59699203335411932        4.9140779262211804        4.8635385390469548       0.99990088854613401      -0.32780287763201255     
   1.5630000000000000E-004  0.59476920396428534        4.9422792337291357        4.8432877495301270       0.99985138137838048      -0.32139314317682588     
   1.5640000000000001E-004  0.59238600658871854        4.9693266499570408        4.8237341510560956       0.99980757656112917      -0.31442192408133440     
   1.5650000000000001E-004  0.58985870987024813        4.9951779377183589        4.8048588196611748       0.99977013378452817      -0.30692992318098306     
   1.5660000000000001E-004  0.58720371671629135        5.0198141856593121        4.7866460717680823       0.99973920839789732      -0.29895972390175057     
   1.5670000000000001E-004  0.58443692442881834        5.0432423946329292        4.7690834038587875       0.99971456247776480      -0.29055031434861850     
   1.5680000000000002E-004  0.58157329267658076        5.0654921993151181        4.7521614944169128       0.99969572712609334      -0.28173405326560230     
   1.5690000000000002E-004  0.57862656386470257        5.0866093036954254        4.7358741902625656       0.99968215511577174      -0.27253644631199125     
   1.5700000000000002E-004  0.57560910174358870        5.1066479716250832        4.7202183960294999       0.99967332076524396      -0.26297806343990793     
   1.5710000000000002E-004  0.57253188072626759        5.1256641712750515        4.7051938204060093       0.99966875800357302      -0.25307733526212933     
   1.5720000000000003E-004  0.56940463835729482        5.1437101734626927        4.6908025862238416       0.99966805682970061      -0.24285309708481428     
   1.5730000000000003E-004  0.56623613555549368        5.1608308180781153        4.6770487523950601       0.99967084351258917      -0.23232627920207632     
   1.5740000000000000E-004  0.56303443369001305        5.1770613432968249        4.6639378102133779       0.99967676073406297      -0.22152062057932492     
   1.5750000000000001E-004  0.55980710766433939        5.1924265473332243        4.6514762102753062       0.99968545473505932      -0.21046255232897237     
   1.5760000000000001E-004  0.55656135171978427        5.2069410214476752        4.6396709589079457       0.99969657052506822      -0.19918049793451126     
   1.5770000000000001E-004  0.55330397565030676        5.2206101835584500        4.6285293023641083       0.99970975393353023      -0.18770385460392172     
   1.5780000000000001E-004  0.55004131933281231        5.2334318360287693        4.6180584986619024       0.99972465789136167      -0.17606189023466076     
   1.5790000000000002E-004  0.54677912746530544        5.2453979807401589        4.6082656639621522       0.99974095056911150      -0.16428273786775699     
   1.5800000000000002E-004  0.54352242522346561        5.2564966594221607        4.5991576739403888       0.99975832335988035      -0.15239260379805292     
   1.5810000000000002E-004  0.54027542388441774        5.2667136465638364        4.5907410997296942       0.99977649742120955      -0.14041524207363060     
   1.5820000000000002E-004  0.53704147225552812        5.2760338920609762        4.5830221609132620       0.99979522809149146      -0.12837169117871228     
   1.5830000000000003E-004  0.53382305757751947        5.2844426687325949        4.5760066828419887       0.99981430706379770      -0.11628023040459315     
   1.5840000000000000E-004  0.53062184977884874        5.2919264226676912        4.5697000507792032       0.99983356266013568      -0.10415649705253510     
   1.5850000000000000E-004  0.52743877734877820        5.2984733762298335        4.5641071583839308       0.99985285882985075       -9.2013705332552598E-002
   1.5860000000000001E-004  0.52427412170220422        5.3040739408447592        4.5592323511398085       0.99987209314458758       -7.9862917527432797E-002
   1.5870000000000001E-004  0.52112761848762523        5.3087209833656992        4.5550793669036400       0.99989119398965132       -6.7713334659372765E-002
   1.5880000000000001E-004  0.51799855733358324        5.3124099809785159        4.5516512765966084       0.99991011721679224       -5.5572586039764886E-002
   1.5890000000000001E-004  0.51488587486385573        5.3151390936976641        4.5489504280833417       0.99992884231529178       -4.3447007376497107E-002
   1.5900000000000002E-004  0.51178823866061962        5.3169091804392732        4.5469783962258239       0.99994736832763775       -3.1341901711748166E-002
   1.5910000000000002E-004  0.50870412194774206        5.3177237819499847        4.5457359415432776       0.99996570957332198       -1.9261783953688060E-002
   1.5920000000000002E-004  0.50563187009615529        5.3175890913318788        4.5452229795059553       0.99998389131181031       -7.2106075592872432E-003
   1.5930000000000002E-004  0.50256976080228344        5.3165139307595597        4.5454385619819977        1.0000019454399303        4.8080238224034360E-003
   1.5940000000000003E-004  0.49951606013951827        5.3145097432446349        4.5463808716992755        1.0000199062346098        1.6790656618712263E-002
   1.5950000000000000E-004  0.49646907670181967        5.3115906021786765        4.5480472300721164        1.0000378062221760        2.8733797219966120E-002
   1.5960000000000000E-004  0.49342721598941147        5.3077732382990375        4.5504341182852306        1.0000556722318295        4.0633729116355558E-002
   1.5970000000000001E-004  0.49038903708758624        5.3030770768763436        4.5535372109942678        1.0000735216675427        5.2486334380220663E-002
   1.5980000000000001E-004  0.48735331349297450        5.2975242716057638        4.5573514214263326        1.0000913590229055        6.4286915618739990E-002
   1.5990000000000001E-004  0.48431909953627522        5.2911397164835430        4.5618709560053556        1.0001091726472287        7.6030012824100032E-002
   1.6000000000000001E-004  0.48128580308666402        5.2839510127128007        4.5670893759717135        1.0001269317930048        8.7709210900263415E-002
   1.6010000000000002E-004  0.47825326393593082        5.2759883625679747        4.5729996628671117        1.0001445838692866        9.9316932112520032E-002
   1.6020000000000002E-004  0.47522183535870310        5.2672843498780484        4.5795942839477402        1.0001620518697008       0.11084420953623102     
   1.6030000000000002E-004  0.47219246394090542        5.2578735550687652        4.5868652533506635        1.0001792319387863       0.12228044623269203     
   1.6040000000000002E-004  0.46916676016824727        5.2477919601835792        4.5948041850894175        1.0001959912970959       0.13361316888413682     
   1.6050000000000003E-004  0.46614705020368769        5.2370761018516356        4.6034023349306992        1.0002121666558441       0.14482779739218662     
   1.6060000000000000E-004  0.46313639865116524        5.2257619427893864        4.6126506300231283        1.0002275635917561       0.15590746531299426     
   1.6070000000000000E-004  0.46013859406107893        5.2138834617233476        4.6225396882610115        1.0002419574924992       0.16683293959087717     
   1.6080000000000001E-004  0.45715809422052645        5.2014710065143914        4.6330598337083133        1.0002550968047466       0.17758269923019357     
   1.6090000000000001E-004  0.45419993671462122        5.1885495090389044        4.6442011195255084        1.0002667091524682       0.18813323290120279     
   1.6100000000000001E-004  0.45126963018525068        5.1751367091153044        4.6559533747479271        1.0002765103221616       0.19845959939544289     
   1.6110000000000001E-004  0.44837305054159626        5.1612415622418473        4.6683062942786888        1.0002842150764031       0.20853625509967633     
   1.6120000000000002E-004  0.44551637164123464        5.1468629985232832        4.6812495903177309        1.0002895473840048       0.21833808784864367     
   1.6130000000000002E-004  0.44270605657548617        5.1319891699272668        4.6947732165114378        1.0002922462854655       0.22784150471969228     
   1.6140000000000002E-004  0.43994892224912130        5.1165973215758074        4.7088676633578510        1.0002920634793755       0.23702532019627609     
   1.6150000000000002E-004  0.43725226918296201        5.1006544510953447        4.7235243059312131        1.0002887500754294       0.24587112244667639     
   1.6160000000000000E-004  0.43462404636097640        5.0841189645129443        4.7387357669229901        1.0002820345076759       0.25436282207130256     
   1.6170000000000000E-004  0.43207300500746620        5.0669435521875368        4.7544962462823008        1.0002715999034182       0.26248525933426625     
   1.6180000000000000E-004  0.42960879274554581        5.0490794146738809        4.7708017707774930        1.0002570761842715       0.27022207926584679     
   1.6190000000000001E-004  0.42724195342299193        5.0304816939261245        4.7876503374751467        1.0002380651161122       0.27755350536393869     
   1.6200000000000001E-004  0.42498382127389245        5.0111155065012571        4.8050419627164977        1.0002142099684643       0.28445497224997723     
   1.6210000000000001E-004  0.42284631540928475        4.9909614471368426        4.8229786906536836        1.0001853034337855       0.29089755757091795     
   1.6220000000000001E-004  0.42084163794670976        4.9700190547243928        4.8414646402440500        1.0001514015669981       0.29685059757898435     
   1.6230000000000001E-004  0.41898186126467313        4.9483067510453580        4.8605061528499833        1.0001128955039633       0.30228588975292692     
   1.6240000000000002E-004  0.41727840010185158        4.9258573084244635        4.8801120372890026        1.0000705025592427       0.30718198268560332     
   1.6250000000000002E-004  0.41574144495610965        4.9027088213202319        4.9002938163792322        1.0000251749741729       0.31152683357827066     
   1.6260000000000002E-004  0.41437953637961622        4.8788921259079681        4.9210658029482648       0.99997796406556716       0.31531774454809225     
   1.6270000000000000E-004  0.41319949723840499        4.8544163632281903        4.9424448108244361       0.99992989478046734       0.31855860080990955     
   1.6280000000000000E-004  0.41220684387242462        4.8292549036388763        4.9644493429610055       0.99988188901938080       0.32125536234149293     
   1.6290000000000000E-004  0.41140657163175781        4.8033344103611126        4.9870981680897781       0.99983474420226814       0.32341110040310767     
   1.6300000000000000E-004  0.41080394578074131        4.7765307110839448        5.0104082752208834       0.99978915839039939       0.32502185791871224     
   1.6310000000000001E-004  0.41040476860286579        4.7486762346568554        5.0343922960470744       0.99974580201713881       0.32607476630350790     
   1.6320000000000001E-004  0.41021468674458333        4.7195840916084473        5.0590556456770326       0.99970543917819221       0.32655015362124212     
   1.6330000000000001E-004  0.41023757125813798        4.6890915577376102        5.0843938429489635       0.99966905904560832       0.32642885223346735     
   1.6340000000000001E-004  0.41047374829444633        4.6571188047617351        5.1103906025945660       0.99963788373091245       0.32570330986903556     
   1.6350000000000002E-004  0.41091931520381381        4.6237274714468253        5.1370170844869456       0.99961306460801103       0.32438654976608183     
   1.6360000000000002E-004  0.41156733287716663        4.5891531241491741        5.1642319789820581       0.99959506486694050       0.32251005532201582     
   1.6369999999999999E-004  0.41241043130653965        4.5537849473973484        5.1919812826191452       0.99958316416560333       0.32010623039270103     
   1.6380000000000000E-004  0.41344318188637869        4.5180819867806807        5.2201966302496228       0.99957572975290720       0.31718421528832996     
   1.6390000000000000E-004  0.41466243941093500        4.4824447014848303        5.2487924736233493       0.99957134499049971       0.31371921485580545     
   1.6400000000000000E-004  0.41606508792312774        4.4470887641247376        5.2776643310552753       0.99956991860316136       0.30967046755759825     
   1.6410000000000000E-004  0.41764468341566768        4.4119759314181106        5.3066908108924338       0.99957265606542278       0.30501998216956910     
   1.6420000000000001E-004  0.41938969021779099        4.3768334491642671        5.3357400270819673       0.99958074515132100       0.29980143938899467     
   1.6430000000000001E-004  0.42128488180134160        4.3412491728051341        5.3646776378473202       0.99959386762770874       0.29409036313751025     
   1.6440000000000001E-004  0.42331487532433293        4.3047947392307027        5.3933721324815647       0.99960989540005918       0.28795819874024597     
   1.6450000000000001E-004  0.42546715760153125        4.2671284743343678        5.4216952568555667       0.99962608447250600       0.28142785004859477     
   1.6460000000000002E-004  0.42773259614507619        4.2280571420740740        5.4495199104067122       0.99964075321410761       0.27446996904711024     
   1.6470000000000002E-004  0.43010354910848164        4.1875623632006462        5.4767201602608440       0.99965405116506822       0.26704318585614001     
   1.6479999999999999E-004  0.43257148848971716        4.1458040563625111        5.5031758504573274       0.99966726248998750       0.25914228429823782     
   1.6490000000000000E-004  0.43512599357847848        4.1031051764512485        5.5287797838721309       0.99968139072082984       0.25081373091661524     
   1.6500000000000000E-004  0.43775546254032593        4.0599166242717510        5.5534430516429634       0.99969631442524276       0.24213068722256573     
   1.6510000000000000E-004  0.44044860826646948        4.0167656782400627        5.5770958015966947       0.99971105580479913       0.23315438915666761     
   1.6520000000000000E-004  0.44319564042042153        3.9741986577571486        5.5996842949981804       0.99972462539736251       0.22391281229246165     
   1.6530000000000001E-004  0.44598862642031706        3.9327303201837700        5.6211670534895548       0.99973663504649146       0.21440561297623995     
   1.6540000000000001E-004  0.44882115895096691        3.8928081383714646        5.6415122647569591       0.99974735411675442       0.20462343152983817     
   1.6550000000000001E-004  0.45168775142295708        3.8547933519569662        5.6606968635155139       0.99975739563127031       0.19456525978601177     
   1.6560000000000001E-004  0.45458333257765798        3.8189561036609248        5.6787064909431999       0.99976736443763359       0.18424540887693344     
   1.6570000000000002E-004  0.45750300860079091        3.7854800648627593        5.6955353626626053       0.99977766581838834       0.17369084119880768     
   1.6579999999999999E-004  0.46044207698209211        3.7544723106070048        5.7111855313674962       0.99978848944611920       0.16293409709895415     
   1.6589999999999999E-004  0.46339618474892846        3.7259755933592236        5.7256655471784734       0.99979988600449354       0.15200668929079272     
   1.6600000000000000E-004  0.46636151660518643        3.6999813596501809        5.7389887997722058       0.99981185204102985       0.14093531181604285     
   1.6610000000000000E-004  0.46933493137691168        3.6764424816914483        5.7511718555885176       0.99982438101581506       0.12974086661786052     
   1.6620000000000000E-004  0.47231401430230752        3.6552849844099717        5.7622329969811412       0.99983747905837050       0.11843921507666384     
   1.6630000000000000E-004  0.47529705457989230        3.6364183161283763        5.7721910450203993       0.99985116013834552       0.10704253607968950     
   1.6640000000000001E-004  0.47828297570260264        3.6197439649780727        5.7810644598041696       0.99986543514783366        9.5560588513738706E-002
   1.6650000000000001E-004  0.48127124644746849        3.6051624199103873        5.7888706711169986       0.99988030307115128        8.4001612486270819E-002
   1.6660000000000001E-004  0.48426179199164865        3.5925786013694712        5.7956255845122557       0.99989574664065051        7.2372873757042488E-002
   1.6670000000000001E-004  0.48725491467020432        3.5819059537215869        5.8013432160315341       0.99991173180545800        6.0680957514539474E-002
   1.6680000000000002E-004  0.49025122648790953        3.5730694219782291        5.8060354205850953       0.99992820946843097        4.8931922084991163E-002
   1.6689999999999999E-004  0.49325159158188936        3.5660075484514988        5.8097116889784273       0.99994511812588394        3.7131391570173068E-002
   1.6699999999999999E-004  0.49625707570472838        3.5606739117015818        5.8123789959318453       0.99996238660194203        2.5284632453071294E-002
   1.6710000000000000E-004  0.49926890014855602        3.5570381024649738        5.8140416864729856       0.99997993650263706        1.3396634273676464E-002
   1.6720000000000000E-004  0.50228839829462557        3.5550863971892284        5.8147013916010195       0.99999768428817548        1.4722003615898146E-003
   1.6730000000000000E-004  0.50531697358873418        3.5548222509227481        5.8143569668271562        1.0000155430346740       -1.0483953053073033E-002
   1.6740000000000000E-004  0.50835605806928952        3.5562666903610380        5.8130044495760620        1.0000334240457411       -2.2467094188895646E-002
   1.6750000000000001E-004  0.51140707062821722        3.5594586459433208        5.8106370337238449        1.0000512385175473       -3.4472375548995675E-002
   1.6760000000000001E-004  0.51447137404751442        3.5644552196694410        5.8072450618602556        1.0000688994585820       -4.6494742036074004E-002
   1.6770000000000001E-004  0.51755022961595754        3.5713318438302970        5.8028160382491958        1.0000863240273710       -5.8528851411939191E-002
   1.6780000000000001E-004  0.52064474777004388        3.5801822279855235        5.7973346686631082        1.0001034364957517       -7.0569007579082840E-002
   1.6789999999999999E-004  0.52375583265706971        3.5911179279449299        5.7907829369771147        1.0001201718319945       -8.2609100583041578E-002
   1.6799999999999999E-004  0.52688411788247547        3.6042673102010370        5.7831402326007852        1.0001364796725796       -9.4642536340313332E-002
   1.6809999999999999E-004  0.53002989009222912        3.6197736144414998        5.7743835483745913        1.0001523281211686      -0.10666212273882361     
   1.6820000000000000E-004  0.53319299682921317        3.6377917415330008        5.7644877759963906        1.0001677063505146      -0.11865985507009887     
   1.6830000000000003E-004  0.53637273644721462        3.6584833176064295        5.7534261361019636        1.0001826244410907      -0.13062651478099990     
   1.6840000000000003E-004  0.53956773300655592        3.6820095087956255        5.7411707934606335        1.0001971085291366      -0.14255096822495308     
   1.6850000000000003E-004  0.54277581072884284        3.7085209921789439        5.7276937238973602        1.0002111899285815      -0.15441905096519215     
   1.6860000000000003E-004  0.54599390107152346        3.7381444661769687        5.7129679126092512        1.0002248898401112      -0.16621200857019658     
   1.6870000000000003E-004  0.54921803326859908        3.7709652191782634        5.6969689571584388        1.0002382086341308      -0.17790473985501498     
   1.6880000000000001E-004  0.55244345599276978        3.8070057718365629        5.6796770911168801        1.0002511405362580      -0.18946465180613034     
   1.6890000000000001E-004  0.55566488513912637        3.8462017487457230        5.6610794979850265        1.0002637440305902      -0.20085271382139935     
   1.6900000000000002E-004  0.55887677285309456        3.8883779578564082        5.6411725471441265        1.0002762829642913      -0.21202871342348337     
   1.6910000000000002E-004  0.56207342114905201        3.9332297178122251        5.6199633778016569        1.0002893808453195      -0.22296132081565345     
   1.6920000000000002E-004  0.56524878711283777        3.9803157218984135        5.5974703733803537        1.0003040238402432      -0.23363929520263310     
   1.6930000000000002E-004  0.56839596629379896        4.0290678201340073        5.5737227810861265        1.0003212146416183      -0.24407461293868604     
   1.6940000000000002E-004  0.57150650890844701        4.0788197138505611        5.5487608634188570        1.0003412862792305      -0.25428740319301563     
   1.6950000000000003E-004  0.57456981640249238        4.1288528234408588        5.5226385178818331        1.0003633260500977      -0.26427338186063376     
   1.6960000000000003E-004  0.57757294016646166        4.1784568012714267        5.4954289369172296        1.0003854411431934      -0.27397476465588488     
   1.6970000000000003E-004  0.58050121206184246        4.2270039874174197        5.4672306136847428        1.0004061368963852      -0.28328672609454536     
   1.6980000000000001E-004  0.58333991959958187        4.2740360079624402        5.4381685280641161        1.0004258573250455      -0.29211056258608942     
   1.6990000000000001E-004  0.58607619244413689        4.3193505727016994        5.4083873621234657        1.0004469325297769      -0.30041689535856053     
   1.7000000000000001E-004  0.58869910949375759        4.3630600779110038        5.3780400411094167        1.0004712887349161      -0.30825545738454679     
   1.7010000000000001E-004  0.59119685079404960        4.4055848428650295        5.3472797267530527        1.0004977581232268      -0.31568796658097104     
   1.7020000000000002E-004  0.59355290352501677        4.4475566326657425        5.3162602794326146        1.0005218680397121      -0.32270051705324843     
   1.7030000000000002E-004  0.59574545792611300        4.4896424931759729        5.2851410792233340        1.0005388621895783      -0.32918370705237515     
   1.7040000000000002E-004  0.59775196041435663        4.5323406157040260        5.2540868481773071        1.0005472216975411      -0.33500420167111972     
   1.7050000000000002E-004  0.59955550207806196        4.5758260290085868        5.2232581588298013        1.0005491544058751      -0.34009724437745603     
   1.7060000000000003E-004  0.60114717628673853        4.6199109738295583        5.1927979383592398        1.0005475848311756      -0.34449344647295121     
   1.7070000000000003E-004  0.60252256079200173        4.6641310861368330        5.1628228571747883        1.0005427994341050      -0.34826522340530025     
   1.7080000000000003E-004  0.60367589261967602        4.7079086894075468        5.1334232819228633        1.0005320539469871      -0.35145224207231834     
   1.7090000000000001E-004  0.60459691709790475        4.7507191132019813        5.1046683232656962        1.0005119480274487      -0.35402925808999391     
   1.7100000000000001E-004  0.60527272714126246        4.7922022595491942        5.0766104740419706        1.0004808866046595      -0.35592940149739882     
   1.7110000000000001E-004  0.60569246423539436        4.8321985418682569        5.0492872333831560        1.0004397708404746      -0.35709256500858622     
   1.7120000000000001E-004  0.60585085068557976        4.8707214499315983        5.0227206500332846        1.0003910023042228      -0.35750010703740626     
   1.7130000000000002E-004  0.60574865103784470        4.9078948892499978        4.9969171616875139        1.0003369947828118      -0.35717619714219484     
   1.7140000000000002E-004  0.60539086652660290        4.9438832113657014        4.9718693536207157        1.0002793388278179      -0.35616392835759542     
   1.7150000000000002E-004  0.60478434347805621        4.9788335433655426        4.9475595797863079        1.0002188963191223      -0.35449875764050975     
   1.7160000000000002E-004  0.60393615030578074        5.0128402670710619        4.9239642757872986        1.0001563621772653      -0.35219569085827401     
   1.7170000000000003E-004  0.60285317275221662        5.0459334678727563        4.9010577594415450        1.0000927579836667      -0.34925265315165255     
   1.7180000000000003E-004  0.60154252330716651        5.0780875257134142        4.8788148839112271        1.0000295760445734      -0.34566287726334488     
   1.7190000000000000E-004  0.60001220398807997        5.1092425178568552        4.8572125153038073       0.99996856082686092      -0.34142671078671633     
   1.7200000000000001E-004  0.59827173751329266        5.1393297564095954        4.8362301862650003       0.99991133386629472      -0.33655675563501208     
   1.7210000000000001E-004  0.59633261710441132        5.1682938804799274        4.8158503528403562       0.99985911132498062      -0.33107611177683860     
   1.7220000000000001E-004  0.59420843168873705        5.1961068986653753        4.7960585293350340       0.99981262904781254      -0.32501337043754563     
   1.7230000000000001E-004  0.59191459080290110        5.2227730361856919        4.7768433714469838       0.99977222827716283      -0.31839826402097365     
   1.7240000000000002E-004  0.58946769988966075        5.2483258978804406        4.7581966632865260       0.99973798709182404      -0.31125975104798626     
   1.7250000000000002E-004  0.58688471342691584        5.2728207518479451        4.7401131665826028       0.99970981683221283      -0.30362613704999553     
   1.7260000000000002E-004  0.58418204437356480        5.2963248335460253        4.7225903471886825       0.99968750170122778      -0.29552586751441295     
   1.7270000000000002E-004  0.58137486304226804        5.3189079195581161        4.7056280426533172       0.99967070412056225      -0.28698775855689324     
   1.7280000000000003E-004  0.57847676490734978        5.3406345213993136        4.6892281491550021       0.99965897575975293      -0.27804027580351387     
   1.7290000000000003E-004  0.57549983161343976        5.3615582625001581        4.6733943806079727       0.99965179789491221      -0.26871037689618510     
   1.7300000000000000E-004  0.57245495684258629        5.3817184794464898        4.6581321040072652       0.99964864463636904      -0.25902280085642237     
   1.7310000000000001E-004  0.56935224560457287        5.4011388181724476        4.6434482121240270       0.99964904208276539      -0.24900036714065776     
   1.7320000000000001E-004  0.56620132878771634        5.4198274833495725        4.6293509802039976       0.99965259951716301      -0.23866520028066246     
   1.7330000000000001E-004  0.56301151670446203        5.4377787616215985        4.6158498697833323       0.99965900528968044      -0.22804029053777403     
   1.7340000000000001E-004  0.55979179501184950        5.4549754286793570        4.6029552746118529       0.99966799778409021      -0.21715069412940224     
   1.7350000000000002E-004  0.55655070707360077        5.4713916384756587        4.5906782319675026       0.99967932938237336      -0.20602392777061407     
   1.7360000000000002E-004  0.55329618107055434        5.4869959151178493        4.5790301354433991       0.99969273856204410      -0.19468948686644855     
   1.7370000000000002E-004  0.55003535816594773        5.5017539376330040        4.5680224820106172       0.99970793789550971      -0.18317772049076636     
   1.7380000000000002E-004  0.54677446209869807        5.5156309114883832        4.5576666726970769       0.99972461786329414      -0.17151844261565002     
   1.7390000000000003E-004  0.54351872953041391        5.5285934303985602        4.5479738698245393       0.99974246121873223      -0.15973964292387996     
   1.7400000000000000E-004  0.54027240205483973        5.5406108204128470        4.5389549003518574       0.99976116113942848      -0.14786654266901489     
   1.7410000000000000E-004  0.53703876882478441        5.5516560145150784        4.5306201876171537       0.99978043754715606      -0.13592109256682033     
   1.7420000000000001E-004  0.53382024373914916        5.5617060282549451        4.5229796928302868       0.99980004839146708      -0.12392188489046341     
   1.7430000000000001E-004  0.53061846127916390        5.5707421122212351        4.5160428516142428       0.99981979518278630      -0.11188437800992880     
   1.7440000000000001E-004  0.52743437821335493        5.5787496726551753        4.5098184976275011       0.99983952374148755       -9.9821307485557120E-002
   1.7450000000000001E-004  0.52426837268417281        5.5857180372174948        4.5043147713202325       0.99985912152784173       -8.7743170130302126E-002
   1.7460000000000002E-004  0.52112033609760722        5.5916401285079891        4.4995390166532534       0.99987851310210041       -7.5658699758118175E-002
   1.7470000000000002E-004  0.51798975622637111        5.5965120988581445        4.4954976717290780       0.99989765488614291       -6.3575284230588350E-002
   1.7480000000000002E-004  0.51487579173359821        5.6003329691839481        4.4921961603570724       0.99991652987517665       -5.1499306287274900E-002
   1.7490000000000002E-004  0.51177733920920032        5.6031043016516620        4.4896387914317426       0.99993514269473949       -3.9436407718596328E-002
   1.7500000000000003E-004  0.50869309409324470        5.6048299241406463        4.4878286717100320       0.99995351499396234       -2.7391691402888569E-002
   1.7510000000000000E-004  0.50562160686247859        5.6055157152817063        4.4867676361966682       0.99997168114974833       -1.5369875886978355E-002
   1.7520000000000000E-004  0.50256133570422401        5.6051694555938090        4.4864561989339373       0.99998968419967471       -3.3754192458310076E-003
   1.7530000000000001E-004  0.49951069670657716        5.6038007430607077        4.4868935257181901        1.0000075718783183        8.5873754898447719E-003
   1.7540000000000001E-004  0.49646811234518728        5.6014209681053080        4.4880774293553429        1.0000253927297686        2.0514264345226456E-002
   1.7550000000000001E-004  0.49343205890302017        5.5980433468268069        4.4900043874420144        1.0000431922979767        3.2400968915100289E-002
   1.7560000000000001E-004  0.49040111342522164        5.5936830136370972        4.4926695820909499        1.0000610093914386        4.4243079230879577E-002
   1.7570000000000002E-004  0.48737400085506705        5.5883571753554886        4.4960669603962096        1.0000788724056571        5.6035945951461739E-002
   1.7580000000000002E-004  0.48434964210947351        5.5820853276284721        4.5001893136489670        1.0000967956625342        6.7774552950610162E-002
   1.7590000000000002E-004  0.48132720401426293        5.5748895306476243        4.5050283722804796        1.0001147756864182        7.9453358012561801E-002
   1.7600000000000002E-004  0.47830615221202738        5.5667947345982043        4.5105749122174670        1.0001327873650694        9.1066087671721446E-002
   1.7610000000000000E-004  0.47528630824684842        5.5578291354952141        4.5168188671637477        1.0001507799920735       0.10260547647048049     
   1.7620000000000000E-004  0.47226791191629636        5.5480245315451038        4.5237494402918701        1.0001686733421693       0.11406294290941277     
   1.7630000000000000E-004  0.46925168966250891        5.5374166360734591        4.5313552087044435        1.0001863542237599       0.12542821693562969     
   1.7640000000000001E-004  0.46623892888902346        5.5260452844635175        4.5396242150123181        1.0002036742897831       0.13668895207973639     
   1.7650000000000001E-004  0.46323155628399332        5.5139544529513440        4.5485440431505841        1.0002204501446463       0.14783038887156499     
   1.7660000000000001E-004  0.46023221553276511        5.5011919898906489        4.5581018798806534        1.0002364669946662       0.15883516157062935     
   1.7670000000000001E-004  0.45724433617957966        5.4878089504599474        4.5682845688092044        1.0002514866014938       0.16968335016926839     
   1.7680000000000001E-004  0.45427218150257709        5.4738584341418814        4.5790786687169600        1.0002652592421548       0.18035285809587850     
   1.7690000000000002E-004  0.45132086053867049        5.4593938636842525        4.5904705305863969        1.0002775376641750       0.19082012966463363     
   1.7700000000000002E-004  0.44839629001463444        5.4444667267357127        4.6024464060767141        1.0002880892323787       0.20106111484570394     
   1.7710000000000002E-004  0.44550509837096081        5.4291239209495528        4.6149925933493003        1.0002967014577304       0.21105227028239679     
   1.7720000000000000E-004  0.44265447762762494        5.4134049431220079        4.6280956139886262        1.0003031768720656       0.22077130917276339     
   1.7730000000000000E-004  0.43985200809301866        5.3973392156600966        4.6417424012826105        1.0003073167390575       0.23019743648115859     
   1.7740000000000000E-004  0.43710550043877655        5.3809438232611617        4.6559204710577013        1.0003088982216217       0.23931095592238946     
   1.7750000000000000E-004  0.43442291030046504        5.3642218377676798        4.6706180470676664        1.0003076542913014       0.24809237982322427     
   1.7760000000000001E-004  0.43181237288536278        5.3471612987725363        4.6858241267612639        1.0003032668770446       0.25652141129071815     
   1.7770000000000001E-004  0.42928237488302989        5.3297348799087496        4.7015284978318777        1.0002953798643286       0.26457627033456749     
   1.7780000000000001E-004  0.42684203259276893        5.3119003699127330        4.7177217428626701        1.0002836300598674       0.27223370996329699     
   1.7790000000000001E-004  0.42450138381885211        5.2936023031623778        4.7343952861086285        1.0002676851837975       0.27946972120034463     
   1.7800000000000002E-004  0.42227155467546257        5.2747752437622735        4.7515415303641007        1.0002472745101860       0.28626052369527549     
   1.7810000000000002E-004  0.42016466817134679        5.2553491533764412        4.7691541000527176        1.0002222054797161       0.29258325646524969     
   1.7820000000000002E-004  0.41819343364254397        5.2352567962510426        4.7872281596605175        1.0001923735979181       0.29841600746446972     
   1.7830000000000000E-004  0.41637047786064268        5.2144423472703645        4.8057607398666642        1.0001577848484571       0.30373739147632517     
   1.7840000000000000E-004  0.41470759431055204        5.1928695802547500        4.8247510010981438        1.0001186055472728       0.30852644110761535     
   1.7850000000000000E-004  0.41321513157205336        5.1705275642069770        4.8442003962190183        1.0000752314631784       0.31276364583386745     
   1.7860000000000000E-004  0.41190168637565555        5.1474319295016233        4.8641127339966346        1.0000283394163285       0.31643333772737842     
   1.7870000000000001E-004  0.41077414259987938        5.1236205173273941        4.8844941542221916       0.99997887385837125       0.31952654775971495     
   1.7880000000000001E-004  0.40983797162104685        5.0991434000848166        4.9053529830648568       0.99992794541115237       0.32204262001072381     
   1.7890000000000001E-004  0.40909764537163029        5.0740485380866192        4.9266993605980254       0.99987667049010232       0.32398796802240565     
   1.7900000000000001E-004  0.40855701729350297        5.0483654192381362        4.9485444747267380       0.99982602867722037       0.32537161451687452     
   1.7910000000000002E-004  0.40821955894067008        5.0220897864433285        4.9708992557986038       0.99977681809434238       0.32619904994238041     
   1.7920000000000002E-004  0.40808837022909844        4.9951731029313873        4.9937725074236443       0.99972973649177377       0.32646737855830021     
   1.7929999999999999E-004  0.40816589945199971        4.9675208781659164        5.0171686403883173       0.99968553941938265       0.32616475563622327     
   1.7940000000000000E-004  0.40845334732640132        4.9390041372405129        5.0410853663418571       0.99964517183228863       0.32527552253968356     
   1.7950000000000000E-004  0.40894984320982269        4.9094872826270928        5.0655118022694952       0.99960976668594181       0.32378964212966843     
   1.7960000000000000E-004  0.40965169924301043        4.8788720281645963        5.0904273470828221       0.99958045800617124       0.32171212885311212     
   1.7970000000000000E-004  0.41055225483958874        4.8471501875518639        5.1158013775213345       0.99955803805723442       0.31906666101494324     
   1.7980000000000001E-004  0.41164272830553139        4.8144494091883017        5.1415933359554922       0.99954258190459766       0.31588894028804576     
   1.7990000000000001E-004  0.41291391920985804        4.7810502480930923        5.1677524039394971       0.99953326935041165       0.31221041565764757     
   1.8000000000000001E-004  0.41435787172143096        4.7473564220308084        5.1942161177407318       0.99952866081230562       0.30804045141276454     
   1.8010000000000001E-004  0.41596832538111705        4.7138155983530066        5.2209082413317009       0.99952745479134653       0.30335999338491565     
   1.8020000000000002E-004  0.41773938565891144        4.6808109655851986        5.2477374747973258       0.99952929301322968       0.29813587523967744     
   1.8030000000000002E-004  0.41966313449828130        4.6485621545636313        5.2745989614171309       0.99953490806967227       0.29235086633221030     
   1.8039999999999999E-004  0.42172792331331160        4.6170747062862958        5.3013792452650339       0.99954531968660432       0.28602954426658206     
   1.8050000000000000E-004  0.42391884513891026        4.5861563991927961        5.3279630128549318       0.99956065674953698       0.27923879302256205     
   1.8060000000000000E-004  0.42622026636225685        4.5554881519041714        5.3542385153679346       0.99957958917209189       0.27205899255192550     
   1.8070000000000000E-004  0.42861868777369438        4.5247167676597622        5.3800993988747123       0.99959983051140500       0.26454483320392247     
   1.8080000000000000E-004  0.43110408083469365        4.4935372778256619        5.4054432665023073       0.99961928063875616       0.25670332671380375     
   1.8090000000000001E-004  0.43366911717161299        4.4617478301027589        5.4301695869609201       0.99963695848689760       0.24850348157179172     
   1.8100000000000001E-004  0.43630718756547093        4.4292756364241050        5.4541797684635691       0.99965316489243816       0.23990917032730549     
   1.8110000000000001E-004  0.43901072806066876        4.3961797526083375        5.4773803591932957       0.99966890956119503       0.23091219558027698     
   1.8120000000000001E-004  0.44177083718637200        4.3626366146422662        5.4996879820960549       0.99968508521741850       0.22154535304521356     
   1.8130000000000002E-004  0.44457807432066687        4.3289130336318067        5.5210334679387749       0.99970193659299067       0.21187086464361349     
   1.8139999999999999E-004  0.44742361986002865        4.2953319738305984        5.5413633110738099       0.99971906560173585       0.20195539543816926     
   1.8149999999999999E-004  0.45030004916919220        4.2622376206137798        5.5606382527578306       0.99973581081517537       0.19184813062035186     
   1.8160000000000000E-004  0.45320148402308452        4.2299656742016420        5.5788301808015692       0.99975166136459337       0.18157213725637525     
   1.8170000000000000E-004  0.45612331713218723        4.1988222382743814        5.5959188832805404       0.99976646988773799       0.17112904541799764     
   1.8180000000000000E-004  0.45906182493228398        4.1690716756886923        5.6118896763706081       0.99978043284287932       0.16051056017626036     
   1.8190000000000000E-004  0.46201387513217751        4.1409318525143952        5.6267321490240070       0.99979393755412393       0.14970963495178471     
   1.8200000000000001E-004  0.46497678228663442        4.1145745368283126        5.6404397153172701       0.99980739447756883       0.13872711393256951     
   1.8210000000000001E-004  0.46794827033333047        4.0901289272825236        5.6530094884579922       0.99982112621739494       0.12757318069046691     
   1.8220000000000001E-004  0.47092648052343578        4.0676868438875884        5.6644420908403754       0.99983532880821169       0.11626518573826347     
   1.8230000000000001E-004  0.47390998304925736        4.0473086554525386        5.6747412196484852       0.99985008511827822       0.10482402958867118     
   1.8240000000000002E-004  0.47689777604194389        4.0290294120555474        5.6839129661540913       0.99986540075658337        9.3270790030982167E-002
   1.8249999999999999E-004  0.47988927074133564        4.0128648771604460        5.6919649847215679       0.99988123992290712        8.1624429858437222E-002
   1.8259999999999999E-004  0.48288426630581849        3.9988172496673124        5.6989056292077800       0.99989755060155272        6.9900705113426401E-002
   1.8270000000000000E-004  0.48588291722284399        3.9868804110960494        5.7047431503234840       0.99991427781633024        5.8112000832399424E-002
   1.8280000000000000E-004  0.48888569488711597        3.9770445768211240        5.7094850080055819       0.99993136820840400        4.6267714181904222E-002
   1.8290000000000003E-004  0.49189334427832887        3.9693002662046024        5.7131373178906610       0.99994877012496508        3.4374863731853333E-002
   1.8300000000000003E-004  0.49490683665099899        3.9636415501785351        5.7157044278812297       0.99996643221751258        2.2438721359845537E-002
   1.8310000000000003E-004  0.49792731930106254        3.9600685804504767        5.7171886091849089       0.99998430219580225        1.0463369257118235E-002
   1.8320000000000003E-004  0.50095606342050869        3.9585894239824171        5.7175898440023580        1.0000023263130389       -1.5478390367590362E-003
   1.8330000000000001E-004  0.50399441072642426        3.9592212257325206        5.7169056951186255        1.0000204495773812       -1.3591896483158474E-002
   1.8340000000000001E-004  0.50704371911165103        3.9619907079373218        5.7151312484246022        1.0000386164050521       -2.5665802706887158E-002
   1.8350000000000002E-004  0.51010530719608349        3.9669339909621812        5.7122591262708937        1.0000567713313548       -3.7766224084049976E-002
   1.8360000000000002E-004  0.51318039751110811        3.9740956922472717        5.7082795768410328        1.0000748593814504       -4.9889110206024614E-002
   1.8370000000000002E-004  0.51627005822804428        3.9835272235496300        5.7031806523705777        1.0000928257953989       -6.2029225466244224E-002
   1.8380000000000002E-004  0.51937514386837891        3.9952841690603207        5.6969484963310890        1.0001106149258330       -7.4179565463435501E-002
   1.8390000000000002E-004  0.52249623617765872        4.0094226080413584        5.6895677649640479        1.0001281685524321       -8.6330654732071382E-002
   1.8400000000000003E-004  0.52563358701509022        4.0259942339036270        5.6810222091304663        1.0001454249884989       -9.8469790945028668E-002
   1.8410000000000003E-004  0.52878706530141206        4.0450401458358147        5.6712954331380745        1.0001623220050346      -0.11058041107846496     
   1.8420000000000003E-004  0.53195610951696104        4.0665832794478396        5.6603718215180221        1.0001788086485119      -0.12264191811524863     
   1.8430000000000003E-004  0.53513968649185861        4.0906196230624854        5.6482375787594306        1.0001948720867433      -0.13463046508087556     
   1.8440000000000001E-004  0.53833625805769447        4.1171086372346606        5.6348817666178901        1.0002105826932270      -0.14652121642953220     
   1.8450000000000001E-004  0.54154376107798896        4.1459636081871203        5.6202971746565593        1.0002261502361889      -0.15829227658996611     
   1.8460000000000001E-004  0.54475960992509254        4.1770429316418864        5.6044808712305807        1.0002419656024737      -0.16992960767326606     
   1.8470000000000002E-004  0.54798072080365989        4.2101434822380730        5.5874344105485942        1.0002585834226436      -0.18143093514116920     
   1.8480000000000002E-004  0.55120351870727735        4.2449973169769839        5.5691639348507822        1.0002766003923815      -0.19280551024286594     
   1.8490000000000002E-004  0.55442382886913011        4.2812731676108315        5.5496807313874701        1.0002964223565125      -0.20406681644206137     
   1.8500000000000002E-004  0.55763653791506018        4.3185846283027542        5.5290029773768312        1.0003179969600589      -0.21521797018036301     
   1.8510000000000003E-004  0.56083502776726080        4.3565075453256004        5.5071591516702041        1.0003406844973650      -0.22623463189029247     
   1.8520000000000003E-004  0.56401065898242231        4.3946094295645919        5.4841927317219028        1.0003634705907072      -0.23705553069224516     
   1.8530000000000003E-004  0.56715282288022184        4.4324927796377924        5.4601665371042758        1.0003855857556407      -0.24759173761171546     
   1.8540000000000001E-004  0.57024993476564101        4.4698508667463441        5.4351642299241840        1.0004072492173854      -0.25775783154049642     
   1.8550000000000001E-004  0.57329102806382559        4.5065281963360526        5.4092871713266888        1.0004298993562233      -0.26751131138054735     
   1.8560000000000001E-004  0.57626674442960890        4.5425696481203310        5.3826474583594184        1.0004553636281357      -0.27687187447165412     
   1.8570000000000001E-004  0.57916844113743582        4.5782364503406177        5.3553610236504943        1.0004842100138860      -0.28589708796639196     
   1.8580000000000002E-004  0.58198544769864768        4.6139692797935732        5.3275452621149402        1.0005144954173701      -0.29462182841876589     
   1.8590000000000002E-004  0.58470235763369582        4.6502921445077616        5.2993221835667264        1.0005422464502400      -0.30300477881659654     
   1.8600000000000002E-004  0.58729888410815756        4.6876735514524235        5.2708228877740630        1.0005637229863942      -0.31092933841036846     
   1.8610000000000002E-004  0.58975316752036921        4.7263862474223162        5.2421871801164963        1.0005777387770813      -0.31826435416251564     
   1.8620000000000003E-004  0.59204638393396836        4.7664191701245908        5.2135558680902792        1.0005859145099503      -0.32493713747496406     
   1.8630000000000003E-004  0.59416514788476416        4.8074799775333004        5.1850594553171803        1.0005905015944014      -0.33095952564379061     
   1.8640000000000003E-004  0.59610017713425434        4.8490853247429504        5.1568097553922900        1.0005918114904429      -0.33638979306919475     
   1.8650000000000001E-004  0.59784266767880434        4.8906955237019343        5.1288980169489147        1.0005876351692271      -0.34126808854141683     
   1.8660000000000001E-004  0.59938131822801421        4.9318382428235257        5.1013979198901804        1.0005748726540404      -0.34557880583635914     
   1.8670000000000001E-004  0.60070213650238091        4.9721839353126764        5.0743692518218024        1.0005515981409450      -0.34926185055472286     
   1.8680000000000001E-004  0.60179078145582243        5.0115640980179403        5.0478594642954739        1.0005179158373176      -0.35225313871273461     
   1.8690000000000002E-004  0.60263542196368369        5.0499446932588476        5.0219032062525653        1.0004753734415184      -0.35451862205193041     
   1.8700000000000002E-004  0.60322843020128880        5.0873756181421390        4.9965216605260050        1.0004258094237883      -0.35606060147020352     
   1.8710000000000002E-004  0.60356653231591384        5.1239361867832312        4.9717232599285870        1.0003706343945749      -0.35690102047308719     
   1.8720000000000002E-004  0.60364986688927769        5.1596913249629726        4.9475060177944155        1.0003108777366254      -0.35706098361246247     
   1.8730000000000003E-004  0.60348066941184597        5.1946665203256632        4.9238606368290982        1.0002476196671015      -0.35655123102108999     
   1.8740000000000003E-004  0.60306221999051268        5.2288429110950156        4.9007734263430187        1.0001822803958071      -0.35537495356563065     
   1.8750000000000000E-004  0.60239834020171090        5.2621683982014948        4.8782285558186560        1.0001165462754928      -0.35353536498471744     
   1.8760000000000001E-004  0.60149344270620975        5.2945774174325253        4.8562096955022138        1.0000520547033498      -0.35104009362612620     
   1.8770000000000001E-004  0.60035298679253934        5.3260115279193068        4.8347013154440486       0.99999011944484339      -0.34789997569582737     
   1.8780000000000001E-004  0.59898406966376072        5.3564349528350039        4.8136898117410700       0.99993168077622707      -0.34412542827792036     
   1.8790000000000001E-004  0.59739587644845993        5.3858424035816075        4.7931644008230432       0.99987744380448640      -0.33972489941544376     
   1.8800000000000002E-004  0.59559985170823115        5.4142593690235703        4.7731176011053886       0.99982803443296220      -0.33470718491536744     
   1.8810000000000002E-004  0.59360956334148152        5.4417367051511487        4.7535451969679379       0.99978404153886624      -0.32908593396408709     
   1.8820000000000002E-004  0.59144024329252443        5.4683418854831407        4.7344457697706410       0.99974593185213390      -0.32288318233704577     
   1.8830000000000002E-004  0.58910806988726805        5.4941491161926894        4.7158200387130549       0.99971391504662210      -0.31612955289256467     
   1.8840000000000003E-004  0.58662936711388491        5.5192300182565894        4.6976702899430745       0.99968786160934431      -0.30886085485885767     
   1.8850000000000003E-004  0.58401993049376677        5.5436459760185617        4.6800000809061206       0.99966733469477442      -0.30111282189566413     
   1.8860000000000000E-004  0.58129461294902163        5.5674427047839021        4.6628142494242839       0.99965172601890273      -0.29291659353334665     
   1.8870000000000001E-004  0.57846717938302950        5.5906471812411080        4.6461191148951588       0.99964042892113847      -0.28429694371249264     
   1.8880000000000001E-004  0.57555035512123820        5.6132668118794795        4.6299226940551321       0.99963296883656727      -0.27527368204464270     
   1.8890000000000001E-004  0.57255599011360103        5.6352905382515308        4.6142347816989044       0.99962904562138477      -0.26586506714047864     
   1.8900000000000001E-004  0.56949526892100244        5.6566914438225666        4.5990668369620558       0.99962849425984945      -0.25609138402389081     
   1.8910000000000002E-004  0.56637889041333755        5.6774303288694963        4.5844317098724465       0.99963120463298105      -0.24597720650385391     
   1.8920000000000002E-004  0.56321715565720010        5.6974597047596838        4.5703432971272493       0.99963704411457399      -0.23555176645832085     
   1.8930000000000002E-004  0.56001994008497413        5.7167277181790137        4.5568162189651966       0.99964581087663384      -0.22484771455992167     
   1.8940000000000002E-004  0.55679656825591084        5.7351816190048694        4.5438655750128909       0.99965722390727429      -0.21389903606718802     
   1.8950000000000003E-004  0.55355563806185759        5.7527705400098617        4.5315067930100366       0.99967094059238104      -0.20273892472472271     
   1.8960000000000000E-004  0.55030484861959350        5.7694475037162816        4.5197555490555503       0.99968658684769607      -0.19139816688864397     
   1.8970000000000000E-004  0.54705087483436221        5.7851706794517774        4.5086277206919689       0.99970378693138451      -0.17990424957470011     
   1.8980000000000001E-004  0.54379931079300203        5.7999039814878426        4.4981393341536711       0.99972218584689199      -0.16828113798857725     
   1.8990000000000001E-004  0.54055468286583719        5.8136171345905359        4.4883064784004745       0.99974146261954755      -0.15654952401410699     
   1.9000000000000001E-004  0.53732051858061880        5.8262853493598481        4.4791451738503287       0.99976133607110862      -0.14472731880314796     
   1.9010000000000001E-004  0.53409945059802399        5.8378887500299941        4.4706711973987003       0.99978156579984556      -0.13283020267216028     
   1.9020000000000002E-004  0.53089333523146365        5.8484116851511168        4.4628998746194553       0.99980195088454693      -0.12087211411384899     
   1.9030000000000002E-004  0.52770336951933217        5.8578420499193919        4.4558458550877074       0.99982232802138082      -0.10886562274902153     
   1.9040000000000002E-004  0.52453019717461391        5.8661707097471103        4.4495228866967889       0.99984256966672025       -9.6822179748607518E-002
   1.9050000000000002E-004  0.52137399950765340        5.8733910662515036        4.4439436019732899       0.99986258222685409       -8.4752268676160328E-002
   1.9060000000000003E-004  0.51823457165056197        5.8794987714082101        4.4391193256373205       0.99988230406115908       -7.2665490957985829E-002
   1.9070000000000000E-004  0.51511138675915469        5.8844915712733314        4.4350599088502403       0.99990170307177617       -6.0570621199953260E-002
   1.9080000000000000E-004  0.51200365166958373        5.8883692479357741        4.4317735923399617       0.99992077371282051       -4.8475659525677610E-002
   1.9090000000000001E-004  0.50891035722178279        5.8911336248212489        4.4292668981656300       0.99993953339078290       -3.6387900284723128E-002
   1.9100000000000001E-004  0.50583032573456754        5.8927886036830897        4.4275445483679938       0.99995801831906284       -2.4314025575507495E-002
   1.9110000000000001E-004  0.50276225722172063        5.8933402093497191        4.4266094080842384       0.99997627897431096       -1.2260225791700052E-002
   1.9120000000000001E-004  0.49970477518887496        5.8927966218363439        4.4264624505234522       0.99999437525655088       -2.3234391521751262E-004
   1.9130000000000001E-004  0.49665647226718229        5.8911681804441338        4.4271027416137683        1.0000123715103069        1.1763963794755708E-002
   1.9140000000000002E-004  0.49361595557073645        5.8884673531605323        4.4285274429452475        1.0000303315451666        2.3723059779411006E-002
   1.9150000000000002E-004  0.49058189150644388        5.8847086708260559        4.4307318325531737        1.0000483137688099        3.5639159608772876E-002
   1.9160000000000002E-004  0.48755304979722991        5.8799086319514009        4.4337093440362976        1.0000663665442147        4.7506178576926503E-002
   1.9170000000000000E-004  0.48452834669303013        5.8740855915057173        4.4374516253532779        1.0000845238908229        5.9317599373525355E-002
   1.9180000000000000E-004  0.48150688774007600        5.8672596553649106        4.4419486192582074        1.0001028016630116        7.1066368314804090E-002
   1.9190000000000000E-004  0.47848801104862670        5.8594526102869269        4.4471886675643129        1.0001211943273451        8.2744824472851905E-002
   1.9200000000000000E-004  0.47547133266433889        5.8506879227807982        4.4531586410054480        1.0001396724187153        9.4344661373308644E-002
   1.9210000000000001E-004  0.47245679632385978        5.8409908406610915        4.4598440954645575        1.0001581807340962       0.10585691608218202     
   1.9220000000000001E-004  0.46944473024338862        5.8303886308542596        4.4672294537442241        1.0001766372155880       0.11727197015170954     
   1.9230000000000001E-004  0.46643591332008411        5.8189109721211150        4.4752982094279279        1.0001949322818715       0.12857953780318288     
   1.9240000000000001E-004  0.46343165168503314        5.8065904964834720        4.4840331460234841        1.0002129282207914       0.13976860460984658     
   1.9250000000000002E-004  0.46043386371557216        5.7934634423788598        4.4934165609009549        1.0002304582123940       0.15082727406736998     
   1.9260000000000002E-004  0.45744516745689495        5.7795703475524238        4.5034304801628444        1.0002473247732244       0.16174248280663592     
   1.9270000000000002E-004  0.45446895978937157        5.7649566744875420        4.5140568487046480        1.0002632980195851       0.17249956980904255     
   1.9280000000000000E-004  0.45150947311412093        5.7496732296033422        4.5252776807604880        1.0002781151553111       0.18308173708364620     
   1.9290000000000000E-004  0.44857179486509280        5.7337762139994402        4.5370751616030986        1.0002914837990315       0.19346951795389730     
   1.9300000000000000E-004  0.44566183953226912        5.7173267342036729        4.5494317014207422        1.0003030923149179       0.20364045389882315     
   1.9310000000000000E-004  0.44278627229549489        5.7003896100613884        4.5623299560820101        1.0003126292368532       0.21356922889802174     
   1.9320000000000001E-004  0.43995239599711289        5.6830313713091360        4.5757528432099104        1.0003198105706426       0.22322846633989438     
   1.9330000000000001E-004  0.43716802515799857        5.6653174406289040        4.5896835892397734        1.0003244082806464       0.23259021708401392     
   1.9340000000000001E-004  0.43444137702355323        5.6473086484584787        4.6041058373412058        1.0003262679833411       0.24162787261968363     
   1.9350000000000001E-004  0.43178100665832397        5.6290573845366927        4.6190038239369464        1.0003253026559800       0.25031792435513545     
   1.9360000000000002E-004  0.42919580047329248        5.6106038062293280        4.6343625969647828        1.0003214552038535       0.25864082929068138     
   1.9370000000000002E-004  0.42669502425881367        5.5919725397859112        4.6501682147001429        1.0003146367426987       0.26658040281827056     
   1.9379999999999999E-004  0.42428840404016899        5.5731702169559156        4.6664078487010796        1.0003046636761090       0.27412168716875551     
   1.9390000000000000E-004  0.42198620582861462        5.5541840457034333        4.6830697343976571        1.0002912258449963       0.28124797008332370     
   1.9400000000000000E-004  0.41979927540461698        5.5349815367558914        4.7001429715306413        1.0002739124280224       0.28793821130018904     
   1.9410000000000000E-004  0.41773900046256485        5.5155115707161135        4.7176172562985519        1.0002522995528418       0.29416620651670655     
   1.9420000000000000E-004  0.41581716191660534        5.4957071042217178        4.7354826883607215        1.0002260723300183       0.29990220886477131     
   1.9430000000000001E-004  0.41404564888019385        5.4754898339412543        4.7537297995932128        1.0001951311160058       0.30511662639237658     
   1.9440000000000001E-004  0.41243602823279113        5.4547769134802984        4.7723498794793686        1.0001596341078194       0.30978433873267425     
   1.9450000000000001E-004  0.41099900845986997        5.4334893277436036        4.7913355452252819        1.0001199601906754       0.31388777224093733     
   1.9460000000000001E-004  0.40974390989423409        5.4115609131208426        4.8106813822489771        1.0000766205819964       0.31741745255618420     
   1.9470000000000002E-004  0.40867829236782000        5.3889465023532521        4.8303844257379858        1.0000301763822632       0.32037003420056887     
   1.9480000000000002E-004  0.40780786239004901        5.3656274652860247        4.8504442966498491       0.99998121312052846       0.32274509341035912     
   1.9489999999999999E-004  0.40713668643985301        5.3416130986111607        4.8708629234774730       0.99993038240137089       0.32454250251846006     
   1.9500000000000000E-004  0.40666761368956461        5.3169368890408917        4.8916439098826432       0.99987847010617603       0.32576161253918390     
   1.9510000000000000E-004  0.40640272017334922        5.2916475921749404        4.9127916777564202       0.99982642768094088       0.32640210628336563     
   1.9520000000000000E-004  0.40634357734376675        5.2657962271641949        4.9343104938866720       0.99977532700275951       0.32646517754768739     
   1.9530000000000000E-004  0.40649122542346089        5.2394212919492711        4.9562034029500257       0.99972625504730084       0.32595353550889294     
   1.9540000000000001E-004  0.40684584821913877        5.2125354808192590        4.9784710103995398       0.99968021094933968       0.32486984198346897     
   1.9550000000000001E-004  0.40740625727744417        5.1851176997691928        5.0011100588665816       0.99963806800838284       0.32321483097203818     
   1.9560000000000001E-004  0.40816937639292211        5.1571140922578058        5.0241118486739031       0.99960061433921499       0.32098734103883936     
   1.9570000000000001E-004  0.40912993351646626        5.1284509608510875        5.0474607217844198       0.99956861465959079       0.31818778782511514     
   1.9580000000000002E-004  0.41028050416454603        5.0990605701321376        5.0711329389240305       0.99954279712064675       0.31482413990503350     
   1.9589999999999999E-004  0.41161195260178823        5.0689173421969276        5.0950961990103334       0.99952370336178564       0.31091666867222578     
   1.9599999999999999E-004  0.41311421404753856        5.0380769199827151        5.1193097379814594       0.99951143929673913       0.30649682358780517     
   1.9610000000000000E-004  0.41477722541565742        5.0067055176614055        5.1437245449709126       0.99950547828196101       0.30159809475074673     
   1.9620000000000000E-004  0.41659164809985977        4.9750850990396707        5.1682830764873273       0.99950471535914120       0.29624217108960094     
   1.9630000000000000E-004  0.41854896953144721        4.9435844660594368        5.1929182437051784       0.99950786621843768       0.29042894235929417     
   1.9640000000000000E-004  0.42064081184843494        4.9125978197357787        5.2175523233460108       0.99951405377129343       0.28413945180151012     
   1.9650000000000001E-004  0.42285778602269974        4.8824667099381553        5.2420971671786392       0.99952318639628246       0.27735403211893345     
   1.9660000000000001E-004  0.42518864220204250        4.8534109308394413        5.2664568449499347       0.99953577098142521       0.27007633933948538     
   1.9670000000000001E-004  0.42762039218888137        4.8254921656461098        5.2905324963590452       0.99955222246908926       0.26234686630389087     
   1.9680000000000001E-004  0.43013949210995889        4.7986207021690328        5.3142276257552412       0.99957218535053205       0.25423480438833701     
   1.9690000000000002E-004  0.43273347901095155        4.7725979968879129        5.3374516408432200       0.99959439094134972       0.24581208764217696     
   1.9699999999999999E-004  0.43539216736046754        4.7471764691725680        5.3601205221195833       0.99961712680526771       0.23712589037193205     
   1.9709999999999999E-004  0.43810784197533842        4.7221172719627376        5.3821552744094676       0.99963894538419640       0.22818600632507721     
   1.9720000000000000E-004  0.44087453277721017        4.6972337486143303        5.4034799764251602       0.99965915270684425       0.21897268937431791     
   1.9730000000000000E-004  0.44368691678870226        4.6724165457099476        5.4240211344555860       0.99967785585784352       0.20945795428405092     
   1.9740000000000000E-004  0.44653944560605996        4.6476418313051893        5.4437089582672682       0.99969564985800130       0.19962734521048325     
   1.9750000000000003E-004  0.44942603722842356        4.6229663257542208        5.4624799555725918       0.99971319119710511       0.18949172848644960     
   1.9760000000000003E-004  0.45234031797210700        4.5985132980182764        5.4802796027950462       0.99973088992639736       0.17908604448536153     
   1.9770000000000003E-004  0.45527615367733582        4.5744535597225280        5.4970639891538866       0.99974882165023782       0.16845883338901535     
   1.9780000000000004E-004  0.45822816347611395        4.5509851862657156        5.5127999617469010       0.99976682020073859       0.15765931623809670     
   1.9790000000000001E-004  0.46119202172599910        4.5283150504199936        5.5274639627506650       0.99978464091177843       0.14672765185506229     
   1.9800000000000002E-004  0.46416451038634376        4.5066441865922178        5.5410401265484808       0.99980209585256763       0.13569074278787724     
   1.9810000000000002E-004  0.46714339190700593        4.4861577731664202        5.5535182349673295       0.99981911678703994       0.12456297343983747     
   1.9820000000000002E-004  0.47012720508230160        4.4670195019931684        5.5648919395174774       0.99983575184087992       0.11334976540513077     
   1.9830000000000002E-004  0.47311506545400051        4.4493695054440145        5.5751574185532808       0.99985212536222712       0.10205180089950927     
   1.9840000000000002E-004  0.47610651226736284        4.4333248128156528        5.5843124549433627       0.99986838998604921        9.0668505912766137E-002
   1.9850000000000003E-004  0.47910140989998151        4.4189813774722957        5.5923558295063724       0.99988468867952340        7.9200243876491563E-002
   1.9860000000000003E-004  0.48209989217435323        4.4064169133485338        5.5992869099954126       0.99990113269337599        6.7649282378167794E-002
   1.9870000000000003E-004  0.48510233185460550        4.3956939972995457        5.6051053410693914       0.99991779377080270        5.6019886836430714E-002
   1.9880000000000003E-004  0.48810931974727434        4.3868630815546110        5.6098107786133653       0.99993470592192124        4.4317943990419932E-002
   1.9890000000000001E-004  0.49112164310199613        4.3799651975016332        5.6134026450912433       0.99995187199638991        3.2550435073154922E-002
   1.9900000000000001E-004  0.49414025824865720        4.3750342206375228        5.6158799050969419       0.99996927162063676        2.0724962281449485E-002
   1.9910000000000001E-004  0.49716625621560129        4.3720986208371251        5.6172408717077129       0.99998686855790064        8.8494183368683661E-003
   1.9920000000000002E-004  0.50020082221477491        4.3711826496159567        5.6174830578500679        1.0000046168085801       -3.0681830499609442E-003
   1.9930000000000002E-004  0.50324519078710617        4.3723069271701958        5.6166030856349058        1.0000224655513308       -1.5019749118802127E-002
   1.9940000000000002E-004  0.50630059865099564        4.3754883964372038        5.6145966626838337        1.0000403634868060       -2.6997080279229403E-002
   1.9950000000000002E-004  0.50936823730307002        4.3807396147065694        5.6114586293744910        1.0000582633457462       -3.8991842737028944E-002
   1.9960000000000003E-004  0.51244920737090904        4.3880673600644542        5.6071830751513323        1.0000761273923990       -5.0995616971543908E-002
   1.9970000000000003E-004  0.51554447661515934        4.3974705442677759        5.6017635158734000        1.0000939346905819       -6.3000096444545739E-002
   1.9980000000000003E-004  0.51865484317743371        4.4089374483192847        5.5951931185663355        1.0001116904902581       -7.4997490278809517E-002
   1.9990000000000003E-004  0.52178090471367544        4.4224423374081390        5.5874649571918908        1.0001294373200043       -8.6981137315484625E-002
   2.0000000000000001E-004  0.52492303181057065        4.4379415708227370        5.5785722865328626        1.0001472656590298       -9.8946242846093657E-002
   2.0010000000000001E-004  0.52808134006949414        4.4553694070310907        5.5685088371263074        1.0001653197848428      -0.11089049791574042     
   2.0020000000000001E-004  0.53125564945795789        4.4746338258594580        5.5572691672813432        1.0001837916766503      -0.12281414722610394     
   2.0030000000000002E-004  0.53444541316815941        4.4956128634284305        5.5448491601726548        1.0002028945598898      -0.13471890641051457     
   2.0040000000000002E-004  0.53764959504701482        4.5181521953830650        5.5312468149057548        1.0002228105929802      -0.14660513058228636     
   2.0050000000000002E-004  0.54086648120977254        4.5420650108202496        5.5164635211346971        1.0002436179795458      -0.15846701004184494     
   2.0060000000000002E-004  0.54409343490242346        4.5671355482147744        5.5005059748842129        1.0002652230396023      -0.17028649702896939     
   2.0070000000000003E-004  0.54732664625549809        4.5931278941467442        5.4833887256980649        1.0002873472950866      -0.18202811116223930     
   2.0080000000000003E-004  0.55056097920922820        4.6198015644637653        5.4651370128642958        1.0003096279930590      -0.19363815242075300     
   2.0090000000000003E-004  0.55379004629957784        4.6469346933945692        5.4457891319006624        1.0003318531139007      -0.20505191528235878     
   2.0100000000000001E-004  0.55700660293848148        4.6743540071099012        5.4253973221298413        1.0003542492553341      -0.21620973492159062     
   2.0110000000000001E-004  0.56020320619685982        4.7019680229992966        5.4040264328379966        1.0003776182657456      -0.22707687984771696     
   2.0120000000000001E-004  0.56337284951456990        4.7297965469718921        5.3817505821489773        1.0004030931684937      -0.23765620980105367     
   2.0130000000000001E-004  0.56650910255408538        4.7579867055555125        5.3586493158593669        1.0004314688951219      -0.24798168886255562     
   2.0140000000000002E-004  0.56960536429275233        4.7868050656177834        5.3348054822192381        1.0004624148082026      -0.25808966595153487     
   2.0150000000000002E-004  0.57265329787132513        4.8165984091615064        5.3103062601168283        1.0004941384921142      -0.26798070974603505     
   2.0160000000000002E-004  0.57564119807572645        4.8477234633526329        5.2852465717531185        1.0005239393746501      -0.27759660624614957     
   2.0170000000000002E-004  0.57855345079690290        4.8804580300152667        5.2597319076949320        1.0005494893794318      -0.28683229429423474     
   2.0180000000000003E-004  0.58137180595831461        4.9149187414468560        5.2338773258453681        1.0005699735037439      -0.29557943286210803     
   2.0190000000000003E-004  0.58407796416992108        4.9510157645469963        5.2078017211458816        1.0005861075200331      -0.30377281027530706     
   2.0200000000000003E-004  0.58665593541836858        4.9884643141576417        5.1816197761554914        1.0005989101156976      -0.31140615984122894     
   2.0210000000000001E-004  0.58909269708688849        5.0268490516521167        5.1554355064810862        1.0006082659163942      -0.31850774582702951     
   2.0220000000000001E-004  0.59137687037257169        5.0657149151004308        5.1293397434732491        1.0006125325496116      -0.32509805919445384     
   2.0230000000000001E-004  0.59349652371245265        5.1046510716365550        5.1034108582192363        1.0006094241246946      -0.33116301946942639     
   2.0240000000000001E-004  0.59543775890627559        5.1433445253591978        5.0777162908011944        1.0005972572237285      -0.33665808754670662     
   2.0250000000000002E-004  0.59718500363510485        5.1815963002638279        5.0523130764472723        1.0005755520575565      -0.34153201898310098     
   2.0260000000000002E-004  0.59872260287301438        5.2193064389651820        5.0272473034443985        1.0005447699795573      -0.34574794684407667     
   2.0270000000000002E-004  0.60003659467505521        5.2564409131390439        5.0025535673727699        1.0005057038362599      -0.34928857330074992     
   2.0280000000000002E-004  0.60111581952077564        5.2929944600340431        4.9782553592073056        1.0004591346989782      -0.35214847252340692     
   2.0290000000000003E-004  0.60195218203252232        5.3289604509616755        4.9543664823528255        1.0004059324495698      -0.35432499316337074     
   2.0300000000000003E-004  0.60254036665646071        5.3643141091842104        4.9308929394629937        1.0003473192846846      -0.35581571340111529     
   2.0310000000000000E-004  0.60287739308651622        5.3990100640149468        4.9078347164964198        1.0002849334565311      -0.35662165908189314     
   2.0320000000000001E-004  0.60296221780751913        5.4329907739560346        4.8851872930325095        1.0002205907315116      -0.35675041020047166     
   2.0330000000000001E-004  0.60279542563073707        5.4662000361714451        4.8629430508453124        1.0001559218524829      -0.35621459783006115     
   2.0340000000000001E-004  0.60237901939007554        5.4985960164693264        4.8410927935775776        1.0000921464272057      -0.35502621239843457     
   2.0350000000000001E-004  0.60171629973292862        5.5301601424658235        4.8196273778127710        1.0000301138140399      -0.35319110151526745     
   2.0360000000000002E-004  0.60081182806410927        5.5609005205612574        4.7985392029086817       0.99997052242535212      -0.35070798476606740     
   2.0370000000000002E-004  0.59967156460020821        5.5908503210315192        4.7778232246520567       0.99991411046474266      -0.34757275307376512     
   2.0380000000000002E-004  0.59830323884531611        5.6200624349498209        4.7574773033820987       0.99986168583019341      -0.34378522598723149     
   2.0390000000000002E-004  0.59671676441639909        5.6486018829088360        4.7375019509446741       0.99981400716338964      -0.33935458203278296     
   2.0400000000000003E-004  0.59492436742049959        5.6765373569158202        4.7178997387312034       0.99977161363577216      -0.33430102077396445     
   2.0410000000000003E-004  0.59294023006486674        5.7039330820885299        4.6986746850023655       0.99973470735774894      -0.32865338753015599     
   2.0420000000000000E-004  0.59077973723665755        5.7308419201387331        4.6798318593961898       0.99970314744981481      -0.32244430968983678     
   2.0430000000000001E-004  0.58845861554521794        5.7573003144704611        4.6613772906183897       0.99967655422348622      -0.31570520833417964     
   2.0440000000000001E-004  0.58599222855821975        5.7833253561416234        4.6433181180881924       0.99965447175592526      -0.30846325574639460     
   2.0450000000000001E-004  0.58339516838763739        5.8089139902903932        4.6256628444795433       0.99963651243631846      -0.30074111724040470     
   2.0460000000000001E-004  0.58068117817158715        5.8340441822855418        4.6084215479311448       0.99962242977490501      -0.29255885356187450     
   2.0470000000000002E-004  0.57786332560882525        5.8586776890635184        4.5916059770070561       0.99961211411290163      -0.28393659704230079     
   2.0480000000000002E-004  0.57495426444978648        5.8827639323623364        4.5752295252150388       0.99960553946075081      -0.27489675527938701     
   2.0490000000000002E-004  0.57196641525347969        5.9062443874421895        4.5593071256294539       0.99960269684739878      -0.26546512201739192     
   2.0500000000000002E-004  0.56891196860814808        5.9290569100399084        4.5438551129582603       0.99960353807088298      -0.25567087009601869     
   2.0510000000000003E-004  0.56580271596733855        5.9511395262611293        4.5288910856913374       0.99960793991155483      -0.24554571952162166     
   2.0520000000000000E-004  0.56264978805092436        5.9724333807257031        4.5144337832630921       0.99961568972851034      -0.23512264095107319     
   2.0530000000000000E-004  0.55946340272168826        5.9928846990202382        4.5005029786794202       0.99962648965766676      -0.22443441628212027     
   2.0540000000000001E-004  0.55625269588023740        6.0124457619249387        4.4871193778160388       0.99963997501114255      -0.21351232978350890     
   2.0550000000000001E-004  0.55302565968587380        6.0310750183610535        4.4743045118704616       0.99965574105080879      -0.20238520679608168     
   2.0560000000000001E-004  0.54978917208149414        6.0487365468195557        4.4620806065637000       0.99967337137627377      -0.19107892509637700     
   2.0570000000000001E-004  0.54654908229984389        6.0653991166995604        4.4504704125871708       0.99969246215521324      -0.17961640329981113     
   2.0580000000000002E-004  0.54331031639735838        6.0810351040685724        4.4394969873837846       0.99971263903490026      -0.16801795622524368     
   2.0590000000000002E-004  0.54007697709863411        6.0956194838127082        4.4291834276089883       0.99973356655583456      -0.15630184064888708     
   2.0600000000000002E-004  0.53685242558924817        6.1091290592683034        4.4195525616819973       0.99975495178934293      -0.14448480985340761     
   2.0610000000000002E-004  0.53363934427766946        6.1215420112649896        4.4106266196468162       0.99977654465365096      -0.13258254219723747     
   2.0620000000000002E-004  0.53043978647490619        6.1328377701383214        4.4024269013346160       0.99979813696388464      -0.12060988068426486     
   2.0630000000000000E-004  0.52725522085122090        6.1429971573007878        4.3949734632111959       0.99981956138007666      -0.10858089057069008     
   2.0640000000000000E-004  0.52408657676895321        6.1520027052420101        4.3882848399041778       0.99984069045016244       -9.6508789409169626E-002
   2.0650000000000000E-004  0.52093429362987453        6.1598390592935921        4.3823778103348898       0.99986143544748673       -8.4405820837084006E-002
   2.0660000000000001E-004  0.51779837474761614        6.1664933813478449        4.3772672121182712       0.99988174457294887       -7.2283136093467246E-002
   2.0670000000000001E-004  0.51467844465643353        6.1719557015387885        4.3729658025798654       0.99990160021313212       -6.0150726347387787E-002
   2.0680000000000001E-004  0.51157380819678799        6.1762191907148489        4.3694841610236805       0.99992101520218679       -4.8017426662714940E-002
   2.0690000000000001E-004  0.50848350985741220        6.1792803486274117        4.3668306249445292       0.99994002825024220       -3.5890993064634474E-002
   2.0700000000000002E-004  0.50540639232357443        6.1811391195488685        4.3650112524336722       0.99995869882329325       -2.3778243405737625E-002
   2.0710000000000002E-004  0.50234115370263011        6.1817989587441824        4.3640298037359821       0.99997710177135157       -1.1685247126975558E-002
   2.0720000000000002E-004  0.49928640331755136        6.1812668674245996        4.3638877359936465       0.99999532184756068        3.8245121578808181E-004
   2.0730000000000000E-004  0.49624071621987659        6.1795534059636914        4.3645842067386820        1.0000134482609224        1.2419587955147643E-002
   2.0740000000000000E-004  0.49320268671609768        6.1766726901047466        4.3661160835402679        1.0000315693310800        2.4420927354360272E-002
   2.0750000000000000E-004  0.49017098125229647        6.1726423647889135        4.3684779590290157        1.0000497672541711        3.6381010252193591E-002
   2.0760000000000000E-004  0.48714439097319334        6.1674835398434249        4.3716621723345241        1.0000681129865523        4.8293915162956669E-002
   2.0770000000000001E-004  0.48412188416395413        6.1612206640184235        4.3756588397606926        1.0000866612906771        6.0153044005067310E-002
   2.0780000000000001E-004  0.48110265858278783        6.1538813113444641        4.3804558992097986        1.0001054460497107        7.1950946110689237E-002
   2.0790000000000001E-004  0.47808619338532643        6.1454958585867132        4.3860391742966316        1.0001244760174088        8.3679194473178412E-002
   2.0800000000000001E-004  0.47507229993640138        6.1360970439820184        4.3923924649094701        1.0001437311741588        9.5328325533519054E-002
   2.0810000000000002E-004  0.47206117036751388        6.1257194219683848        4.3994976710228304        1.0001631598876273       0.10688784578957039     
   2.0820000000000002E-004  0.46905342244298764        6.1143987654871044        4.4073349555602856        1.0001826769785875       0.11834629638206598     
   2.0830000000000002E-004  0.46605013943295465        6.1021714987122371        4.4158829493508538        1.0002021625930109       0.12969135052570888     
   2.0840000000000000E-004  0.46305290455632236        6.0890742684315935        4.4251189970585907        1.0002214617169980       0.14090990571059481     
   2.0850000000000000E-004  0.46006383130257045        6.0751437715446048        4.4350194379619783        1.0002403842190171       0.15198812713769269     
   2.0860000000000000E-004  0.45708559334071153        6.0604169383914934        4.4455599105320696        1.0002587055336287       0.16291140808677640     
   2.0870000000000000E-004  0.45412145979832924        6.0449315227568796        4.4567156660907470        1.0002761684665236       0.17366423726285191     
   2.0880000000000001E-004  0.45117534214712385        6.0287270726401037        4.4684618754238983        1.0002924869360355       0.18422999685161767     
   2.0890000000000001E-004  0.44825185581029919        6.0118461668346566        4.4807739135984512        1.0003073525037518       0.19459074470445153     
   2.0900000000000001E-004  0.44535639210740746        5.9943357167784477        4.4936276116234595        1.0003204440955134       0.20472704710768302     
   2.0910000000000001E-004  0.44249518562276291        5.9762480588538773        4.5069994672084555        1.0003314404323833       0.21461791843446859     
   2.0920000000000002E-004  0.43967535197208385        5.9576415470702004        4.5208668109215031        1.0003400341410433       0.22424089699124061     
   2.0930000000000002E-004  0.43690486697596770        5.9385803920859583        4.5352079275373685        1.0003459461780877       0.23357226136372389     
   2.0939999999999999E-004  0.43419246656006821        5.9191335655733077        4.5500021350854771        1.0003489395182890       0.24258738899068921     
   2.0950000000000000E-004  0.43154747010012912        5.8993726893280591        4.5652298272631153        1.0003488312098421       0.25126127605508636     
   2.0960000000000000E-004  0.42897956349707417        5.8793689463988237        4.5808724885279926        1.0003455011454156       0.25956924126625203     
   2.0970000000000000E-004  0.42649860743492629        5.8591891847922080        4.5969126935710154        1.0003388933853976       0.26748777104788946     
   2.0980000000000000E-004  0.42411454128804954        5.8388915241477539        4.6133341002679940        1.0003290036330701       0.27499531381328984     
   2.0990000000000001E-004  0.42183742010674530        5.8185208925887757        4.6301214347383306        1.0003158476836413       0.28207266271922110     
   2.1000000000000001E-004  0.41967755730563661        5.7981049966988296        4.6472604518687408        1.0002994143220509       0.28870253941790025     
   2.1010000000000001E-004  0.41764567942393266        5.7776512415538841        4.6647378452270818        1.0002796190836760       0.29486824496697106     
   2.1020000000000001E-004  0.41575296561991970        5.7571450457405771        4.6825410892498089        1.0002562856679100       0.30055176003424960     
   2.1030000000000002E-004  0.41401087095449929        5.7365498834191753        4.7006582312737670        1.0002291782768433       0.30573220095679493     
   2.1040000000000002E-004  0.41243071623861616        5.7158092608284674        4.7190777010951894        1.0001980880732078       0.31038570279917210     
   2.1049999999999999E-004  0.41102313029745147        5.6948506883094705        4.7377882422672393        1.0001629460712449       0.31448734592819155     
   2.1060000000000000E-004  0.40979750042888746        5.6735915101589880        4.7567790593530725        1.0001239121597501       0.31801475930988937     
   2.1070000000000000E-004  0.40876158750985775        5.6519461852270299        4.7760402041082779        1.0000813936066804       0.32095200553778469     
   2.1080000000000000E-004  0.40792139699979318        5.6298343135294946        4.7955631121375841        1.0000359800240195       0.32329192204996482     
   2.1090000000000000E-004  0.40728130318267891        5.6071884701311046        4.8153411019832930       0.99998832960458306       0.32503564066216295     
   2.1100000000000001E-004  0.40684434486150545        5.5839608031909913        4.8353696164734252       0.99993907250904512       0.32618935140641997     
   2.1110000000000001E-004  0.40661255686537662        5.5601273847386494        4.8556460474374452       0.99988878933242997       0.32675980526578130     
   2.1120000000000001E-004  0.40658718719765563        5.5356894505109580        4.8761691165026484       0.99983807790826074       0.32675074622329503     
   2.1130000000000001E-004  0.40676870283017152        5.5106709437648123        4.8969379267139912       0.99978766510367478       0.32616200016406599     
   2.1140000000000002E-004  0.40715658886746092        5.4851122644232433        4.9179508859193941       0.99973848636948537       0.32499153436489997     
   2.1149999999999999E-004  0.40774904201056922        5.4590608922047652        4.9392046929285867       0.99969166558430045       0.32323917639763916     
   2.1159999999999999E-004  0.40854269343742389        5.4325605217678232        4.9606934745784255       0.99964838123750255       0.32090973980499615     
   2.1170000000000000E-004  0.40953245731045845        5.4056412523794481        4.9824080207158161       0.99960967698091863       0.31801371571527842     
   2.1180000000000000E-004  0.41071153893261236        5.3783138509169710        5.0043349759874012       0.99957631571513672       0.31456535132440161     
   2.1190000000000000E-004  0.41207160108270335        5.3505708900682105        5.0264558877918644       0.99954875122850251       0.31057981689588732     
   2.1200000000000000E-004  0.41360307419867487        5.3223965596837619        5.0487461750275129       0.99952720810864348       0.30607184412568689     
   2.1210000000000001E-004  0.41529557452000604        5.2937851484582286        5.0711742606721781       0.99951178149229503       0.30105695789727188     
   2.1220000000000001E-004  0.41713837462899395        5.2647655810656957        5.0937011485571100       0.99950245909283686       0.29555405099762988     
   2.1230000000000001E-004  0.41912086019829875        5.2354262835519565        5.1162805466896284       0.99949903992856792       0.28958643541079576     
   2.1240000000000001E-004  0.42123287632244483        5.2059321845903037        5.1388593392798940       0.99950102385060569       0.28317908652227802     
   2.1250000000000002E-004  0.42346482777951666        5.1765256055602835        5.1613780231181758       0.99950760113591430       0.27635260968232200     
   2.1259999999999999E-004  0.42580743135284610        5.1475064036422467        5.1837708703841008       0.99951782088552199       0.26911782613213747     
   2.1269999999999999E-004  0.42825118683057239        5.1191934451389862        5.2059660274542718       0.99953087220123882       0.26147592400938297     
   2.1280000000000000E-004  0.43078585637185973        5.0918767048789038        5.2278861604641600       0.99954629360109293       0.25342615551071668     
   2.1290000000000000E-004  0.43340032918343085        5.0657735035032090        5.2494502126607721       0.99956394989722108       0.24497761274110805     
   2.1300000000000000E-004  0.43608307594947548        5.0410012837664695        5.2705762710300696       0.99958378277345483       0.23615777348692291     
   2.1310000000000000E-004  0.43882304512642417        5.0175732939858850        5.2911848277976370       0.99960551742343784       0.22701175053970499     
   2.1320000000000001E-004  0.44161058121459934        4.9954155827721110        5.3112014012594715       0.99962853610465763       0.21759202917170006     
   2.1330000000000001E-004  0.44443794537394954        4.9743975961956277        5.3305577860827338       0.99965198983568571       0.20794441703369407     
   2.1340000000000001E-004  0.44729926267332693        4.9543666583013195        5.3491918951936883       0.99967505050112859       0.19809762712778167     
   2.1350000000000001E-004  0.45019002046959655        4.9351783709825332        5.3670467660554468       0.99969714189547387       0.18806092633721613     
   2.1359999999999999E-004  0.45310641607286423        4.9167184956705041        5.3840695123596367       0.99971804121248975       0.17782949690787417     
   2.1369999999999999E-004  0.45604483880565616        4.8989152085667564        5.4002107967713640       0.99973783782576886       0.16739374432737256     
   2.1379999999999999E-004  0.45900163197882038        4.8817427980999994        5.4154249915036958       0.99975680485219520       0.15674807587110437     
   2.1390000000000000E-004  0.46197312491642584        4.8652188786381760        5.4296708280949693       0.99977525784253896       0.14589613521035733     
   2.1400000000000000E-004  0.46495582932830642        4.8493974065005645        5.4429121629095398       0.99979345397927710       0.13485171734701135     
   2.1410000000000000E-004  0.46794667417008656        4.8343595707992923        5.4551185125308557       0.99981155060572635       0.12363637531452321     
   2.1420000000000000E-004  0.47094318653225242        4.8202042208571934        5.4662651640611415       0.99982961251088542       0.11227549588307120     
   2.1430000000000000E-004  0.47394357859851205        4.8070390164270558        5.4763328383784486       0.99984764456235276       0.10079446504642753     
   2.1440000000000001E-004  0.47694674486175603        4.7949730202281158        5.4853070085901736       0.99986562754983954        8.9215897545566983E-002
   2.1450000000000001E-004  0.47995219734808081        4.7841110434424499        5.4931770276057623       0.99988354418082459        7.7558212079318442E-002
   2.1460000000000001E-004  0.48295997077334968        4.7745497351015986        5.4999352107879425       0.99990139168250602        6.5835355633020648E-002
   2.1469999999999999E-004  0.48597052214757319        4.7663751906043883        5.5055759797524528       0.99991918361181831        5.4057274477242179E-002
   2.1479999999999999E-004  0.48898463876191267        4.7596617388720075        5.5100951269670579       0.99993694565845093        4.2230730111189073E-002
   2.1489999999999999E-004  0.49200335970794934        4.7544715382437310        5.5134892231181745       0.99995470973913303        3.0360168153420641E-002
   2.1499999999999999E-004  0.49502791058942969        4.7508546380210941        5.5157551652361283       0.99997250913302738        1.8448472172727878E-002
   2.1510000000000000E-004  0.49805964858519852        4.7488492157075646        5.5168898526430041       0.99999037584019723        6.4975460150460494E-003
   2.1520000000000000E-004  0.50110001444033303        4.7484817675009907        5.5168899756202858        1.0000083402450919       -5.4912683279495630E-003
   2.1530000000000000E-004  0.50415048829472853        4.7497670993879080        5.5157519050653212        1.0000264325086892       -1.7516886271218245E-002
   2.1540000000000000E-004  0.50721254676887650        4.7527080339649475        5.5134716777429400        1.0000446847755431       -2.9578219372875740E-002
   2.1550000000000001E-004  0.51028761897679253        4.7572948145947640        5.5100450794764981        1.0000631331181651       -4.1673876232060224E-002
   2.1560000000000001E-004  0.51337703892599462        4.7635042585222873        5.5054678370662238        1.0000818180411926       -5.3801739345916789E-002
   2.1570000000000001E-004  0.51648199106223958        4.7712987914792757        5.4997359380715816        1.0001007823981702       -6.5958335320439349E-002
   2.1579999999999999E-004  0.51960344474493714        4.7806255904913346        5.4928461037309111        1.0001200660739975       -7.8137948270730812E-002
   2.1589999999999999E-004  0.52274207281917306        4.7914161677016480        5.4847964408968615        1.0001396978121360       -9.0331489543441737E-002
   2.1599999999999999E-004  0.52589815032000453        4.8035868453958921        5.4755872881795762        1.0001596867315448      -0.10252527205751806     
   2.1609999999999999E-004  0.52907143352832275        4.8170406763876272        5.4652222428059130        1.0001800188856511      -0.11470002154361245     
   2.1620000000000000E-004  0.53226102900377992        4.8316714145506010        5.4537093040265896        1.0002006667275425      -0.12683066425004272     
   2.1630000000000000E-004  0.53546527757805507        4.8473700815722500        5.4410620008752675        1.0002216188923412      -0.13888753740426377     
   2.1640000000000000E-004  0.53868169600180715        4.8640344412646286        5.4273003075280082        1.0002429309672611      -0.15083950444814537     
   2.1650000000000000E-004  0.54190702774835620        4.8815812256090814        5.4124511279901402        1.0002647833881684      -0.16265885738652164     
   2.1660000000000001E-004  0.54513743739265474        4.8999602349932410        5.3965482009333625        1.0002875139608540      -0.17432685010249546     
   2.1670000000000001E-004  0.54836882576600920        4.9191684933767528        5.3796314610290459        1.0003115820380397      -0.18583756750926386     
   2.1679999999999998E-004  0.55159715076097204        4.9392616014838140        5.3617461582945296        1.0003374340332953      -0.19719731422058215     
   2.1689999999999999E-004  0.55481855086305853        4.9603585461978463        5.3429422587871169        1.0003652862190497      -0.20841765164836437     
   2.1699999999999999E-004  0.55802905750401133        4.9826358823156367        5.3232746516239278        1.0003949064967785      -0.21950296039932915     
   2.1709999999999999E-004  0.56122381818483313        5.0063079867921898        5.3028043433743282        1.0004255256287564      -0.23043712044055786     
   2.1719999999999999E-004  0.56439603398524529        5.0315926757751468        5.2816001959675951        1.0004559859683568      -0.24117639194029983     
   2.1730000000000000E-004  0.56753610361598972        5.0586661517093416        5.2597401770856065        1.0004851124852780      -0.25165427442903804     
   2.1740000000000000E-004  0.57063152904909487        5.0876169720715803        5.2373109906295685        1.0005121094213578      -0.26179808377360553     
   2.1750000000000000E-004  0.57366781801760114        5.1184126262329785        5.2144055894346426        1.0005366912673876      -0.27154901637781409     
   2.1760000000000000E-004  0.57663002311703271        5.1508909376313863        5.1911191682840911        1.0005588018220806      -0.28087371288826107     
   2.1770000000000001E-004  0.57950408570019540        5.1847808144162775        5.1675450402407632        1.0005781104440612      -0.28976037808617661     
   2.1780000000000001E-004  0.58227722629563672        5.2197461372234342        5.1437716722741280        1.0005936923001770      -0.29820348592870882     
   2.1789999999999998E-004  0.58493726946853675        5.2554385437415911        5.1198812138436276        1.0006041525948319      -0.30618877344969520     
   2.1799999999999999E-004  0.58747151150581589        5.2915433980899511        5.0959489048388384        1.0006080825900094      -0.31368828198720178     
   2.1809999999999999E-004  0.58986595115503604        5.3278080310484777        5.0720425172589145        1.0006044812601971      -0.32066625323227954     
   2.1819999999999999E-004  0.59210532015455664        5.3640489972990970        5.0482214873037785        1.0005928537031210      -0.32708858435331062     
   2.1829999999999999E-004  0.59417375810173678        5.4001419986199428        5.0245360505646071        1.0005730287445718      -0.33292778863738370     
   2.1840000000000000E-004  0.59605564045639003        5.4360023143302483        5.0010269137429502        1.0005449769845380      -0.33816150105607634     
   2.1850000000000000E-004  0.59773620162542584        5.4715643581488091        4.9777256993121375        1.0005088351664406      -0.34276870717998786     
   2.1860000000000000E-004  0.59920196060276976        5.5067668745787053        4.9546559509837476        1.0004650957070274      -0.34672870736680866     
   2.1870000000000000E-004  0.60044114013632532        5.5415466817200301        4.9318342810057745        1.0004147564755574      -0.35002409043718097     
   2.1880000000000001E-004  0.60144413860354384        5.5758402722659195        4.9092713860489834        1.0003592646631871      -0.35264491213797089     
   2.1889999999999998E-004  0.60220388083744780        5.6095902131826678        4.8869729511596018        1.0003002688573828      -0.35459035578668713     
   2.1899999999999998E-004  0.60271581654295492        5.6427526421852434        4.8649406282059386        1.0002393271080845      -0.35586637471404886     
   2.1909999999999999E-004  0.60297754870950715        5.6753030132660802        4.8431732322737782        1.0001777166616850      -0.35648059885856270     
   2.1919999999999999E-004  0.60298829799948694        5.7072387055215454        4.8216681327449704        1.0001164122174826      -0.35643737722423513     
   2.1929999999999999E-004  0.60274845142328148        5.7385783286340439        4.8004226482641457        1.0000561942704280      -0.35573565788330025     
   2.1939999999999999E-004  0.60225943485536815        5.7693582994445185        4.7794351852375909       0.99999777670301493      -0.35437057202814709     
   2.1950000000000005E-004  0.60152403766020690        5.7996275485887852        4.7587059285392455       0.99994186282980624      -0.35233746598711668     
   2.1960000000000003E-004  0.60054705178911094        5.8294412237402371        4.7382370473752973       0.99988911798767166      -0.34963622766700969     
   2.1970000000000003E-004  0.59933583779471744        5.8588541712119362        4.7180325208670837       0.99984010125361289      -0.34627422104315841     
   2.1980000000000003E-004  0.59790042955244793        5.8879148850094571        4.6980977608022148       0.99979520027046753      -0.34226706102599708     
   2.1990000000000003E-004  0.59625308364997986        5.9166605001270769        4.6784392153873062       0.99975459293146951      -0.33763718459255637     
   2.2000000000000003E-004  0.59440750651435470        5.9451132329337524        4.6590641022297685       0.99971825399459091      -0.33241076875052256     
   2.2010000000000004E-004  0.59237807229895079        5.9732784649098658        4.6399803530203592       0.99968601695444903      -0.32661417030084050     
   2.2020000000000004E-004  0.59017925090581946        6.0011444839882415        4.6211967696247331       0.99965767648110382      -0.32027128776029457     
   2.2030000000000004E-004  0.58782531634100699        6.0286837532479360        4.6027233190306989       0.99963309457150851      -0.31340282635614330     
   2.2040000000000004E-004  0.58533027933839621        6.0558554576326893        4.5845714580733503       0.99961226885132748      -0.30602758625544624     
   2.2050000000000005E-004  0.58270792960885787        6.0826089514588846        4.5667543873878502       0.99959533642912246      -0.29816501412176588     
   2.2060000000000002E-004  0.57997188261943178        6.1088876086787032        4.5492871793921248       0.99958251436370960      -0.28983775704201631     
   2.2070000000000002E-004  0.57713556132314003        6.1346325218359690        4.5321867852559494       0.99957400518004491      -0.28107306887036160     
   2.2080000000000003E-004  0.57421208814767799        6.1597855513065047        4.5154719722420440       0.99956990666906265      -0.27190252247100699     
   2.2090000000000003E-004  0.57121411425103918        6.1842913890282079        4.4991632578685543       0.99957015740168986      -0.26236022247763607     
   2.2100000000000003E-004  0.56815363940972952        6.2080985285915729        4.4832828885869365       0.99957453132435481      -0.25248028695650637     
   2.2110000000000003E-004  0.56504186786854316        6.2311592568526208        4.4678548688220125       0.99958267379503485      -0.24229456422225421     
   2.2120000000000004E-004  0.56188911888822712        6.2534289349482703        4.4529050007201390       0.99959415739422153      -0.23183134212216872     
   2.2130000000000004E-004  0.55870478724703587        6.2748648799311386        4.4384608655573476       0.99960853335981836      -0.22111532585747781     
   2.2140000000000004E-004  0.55549733820002034        1.2239850800983554E-002   4.4245516801517972       0.99962536371124633      -0.21016864421465736     
   2.2150000000000004E-004  0.55227432051500491        3.1882263559587010E-002   4.4112079927294969       0.99964423164775074      -0.19901231207539763     
   2.2160000000000005E-004  0.54904238812624573        5.0563745512740788E-002   4.3984612265361376       0.99966473800624933      -0.18766752509648946     
   2.2170000000000002E-004  0.54580732708599033        6.8240305293233661E-002   4.3863431183222987       0.99968649485972783      -0.17615635398847909     
   2.2180000000000002E-004  0.54257408652279981        8.4867535280388928E-002   4.3748851193576721       0.99970912471958473      -0.16450171320984353     
   2.2190000000000003E-004  0.53934681327124556       0.10040159689032091        4.3641178251961517       0.99973226803048498      -0.15272675220708262     
   2.2200000000000003E-004  0.53612889055329571       0.11480049642534063        4.3540704824508483       0.99975559646373524      -0.14085396521926435     
   2.2210000000000003E-004  0.53292298142668193       0.12802541640518061        4.3447705960575416       0.99977882712011512      -0.12890432438478289     
   2.2220000000000003E-004  0.52973107739782355       0.14004188226590397        4.3362436382490035       0.99980173327647870      -0.11689664932601364     
   2.2230000000000004E-004  0.52655455211303304       0.15082062069073920        4.3285128466081657       0.99982414932331098      -0.10484729667172980     
   2.2240000000000004E-004  0.52339421956026433       0.16033803993374551        4.3215990923011276       0.99984596971506778       -9.2770144791353051E-002
   2.2250000000000004E-004  0.52025039581740151       0.16857632803848954        4.3155207995346094       0.99986714331517301       -8.0676789223613252E-002
   2.2260000000000004E-004  0.51712296309056893       0.17552321585823005        4.3102939006347896       0.99988766511091876       -6.8576851909614059E-002
   2.2270000000000005E-004  0.51401143460665799       0.18117148512873982        4.3059318153424631       0.99990756707444806       -5.6478324611268386E-002
   2.2280000000000002E-004  0.51091501895056646       0.18551831923914008        4.3024454464433513       0.99992690943191853       -4.4387897940560993E-002
   2.2290000000000002E-004  0.50783268271887960       0.18856459895973909        4.2998431863142992       0.99994577301735665       -3.2311251707246989E-002
   2.2300000000000003E-004  0.50476321072852959       0.19031424002859332        4.2981309303759705       0.99996425292295898       -2.0253304112205807E-002
   2.2310000000000003E-004  0.50170526351399403       0.19077365663994250        4.2973120943308158       0.99998245335333769       -8.2184248294099385E-003
   2.2320000000000003E-004  0.49865743228724480       0.18995140894909479        4.2973876324929883        1.0000004833964411        3.7893772070693530E-003
   2.2330000000000003E-004  0.49561829182406442       0.18785807155041123        4.2983560552142048        1.0000184534377736        1.5766281224942568E-002
   2.2340000000000004E-004  0.49258645191644457       0.18450633737772915        4.3002134442551032        1.0000364718992434        2.7708487767143471E-002
   2.2350000000000004E-004  0.48956060808625235       0.17991134553295307        4.3029534657499804        1.0000546419669156        3.9612047746930598E-002
   2.2360000000000004E-004  0.48653959220646542       0.17409119576317433        4.3065673811631839        1.0000730579739543        5.1472676669316396E-002
   2.2370000000000004E-004  0.48352242353485936       0.16706758765751939        4.3110440572816131        1.0000918011184792        6.3285542204985251E-002
   2.2380000000000002E-004  0.48050836043795103       0.15886650008089642        4.3163699767906580        1.0001109342345738        7.5045012716478551E-002
   2.2390000000000002E-004  0.47749695279119947       0.14951880783628457        4.3225292515179286        1.0001304954860950        8.6744359461507090E-002
   2.2400000000000002E-004  0.47448809472979114       0.13906071946838949        4.3295036413495032        1.0001504910399905        9.8375416027387433E-002
   2.2410000000000003E-004  0.47148207717729246       0.12753392018193210        4.3372725834948254        1.0001708872898272       0.10992821831599427     
   2.2420000000000003E-004  0.46847963943612991       0.11498532314528909        4.3458132398749996        1.0001916036149756       0.12139067566985613     
   2.2430000000000003E-004  0.46548201914435910       0.10146637091071486        4.3551005744592626        1.0002125072058239       0.13274835105923866     
   2.2440000000000003E-004  0.46249099995342596        8.7031892038002212E-002   4.3651074768734697        1.0002334116035712       0.14398444174266295     
   2.2450000000000004E-004  0.45950895620827842        7.1738603199622553E-002   4.3758049516516531        1.0002540801791437       0.15508003773554530     
   2.2460000000000004E-004  0.45653889353129729        5.5643441234599855E-002   4.3871623915824447        1.0002742346151585       0.16601468030423722     
   2.2470000000000004E-004  0.45358448348054431        3.8801990286366994E-002   4.3991479462957868        1.0002935667832427       0.17676715105730312     
   2.2480000000000004E-004  0.45065008959269853        2.1267306848130829E-002   4.4117289826800237        1.0003117508592867       0.18731631934091666     
   2.2490000000000002E-004  0.44774078174086068        3.0894175562616866E-003   4.4248726141021280        1.0003284523111393       0.19764180641699813     
   2.2500000000000002E-004  0.44486233644936179        6.2675009638883097        4.4385462558472799        1.0003433316900761       0.20772423426616654     
   2.2510000000000002E-004  0.44202122308544978        6.2481771314849865        4.4527181507901954        1.0003560442219952       0.21754493961139992     
   2.2520000000000003E-004  0.43922457925070324        6.2283492525786821        4.4673578098856286        1.0003662397999524       0.22708522686957780     
   2.2530000000000003E-004  0.43648018123643867        6.2080655598385031        4.4824363285818478        1.0003735697809042       0.23632543594440836     
   2.2540000000000003E-004  0.43379641433001004        6.1873782379217799        4.4979265684142176        1.0003777052860294       0.24524421911254546     
   2.2550000000000003E-004  0.43118224101404762        6.1663444786242625        4.5138032230246035        1.0003783664419441       0.25381838196881218     
   2.2560000000000004E-004  0.42864715686985683        6.1450264944045729        4.5300428075558559        1.0003753551104948       0.26202343622735313     
   2.2570000000000004E-004  0.42620112047857445        6.1234902978431407        4.5466236117808183        1.0003685789171237       0.26983471645559082     
   2.2580000000000004E-004  0.42385444958985002        6.1018032454491369        4.5635256408628964        1.0003580551132585       0.27722865721420231     
   2.2590000000000002E-004  0.42161769241797736        6.0800305310749385        4.5807305425040585        1.0003438896498613       0.28418374132404439     
   2.2600000000000002E-004  0.41950150130204078        6.0582309740448324        4.5982214993475505        1.0003262367551562       0.29068076113291963     
   2.2610000000000002E-004  0.41751654097823387        6.0364525585140703        4.6159830617855651        1.0003052525638458       0.29670232354265169     
   2.2620000000000002E-004  0.41567344428588160        6.0147282229523649        4.6340009110498785        1.0002810585978477       0.30223184786817919     
   2.2630000000000003E-004  0.41398278830306362        5.9930723980364657        4.6522615698946650        1.0002537270802547       0.30725251210241955     
   2.2640000000000003E-004  0.41245502518111021        5.9714787647634262        4.6707521064753728        1.0002232919263805       0.31174662579664164     
   2.2650000000000003E-004  0.41110029472499976        5.9499196487969810        4.6894598943672099        1.0001897812580700       0.31569575877025274     
   2.2660000000000003E-004  0.40992808645579215        5.9283473549982322        4.7083724905119935        1.0001532610686918       0.31908170026652521     
   2.2670000000000004E-004  0.40894679409160217        5.9066975444073062        4.7274776708222852        1.0001138768647062       0.32188803969708751     
   2.2680000000000004E-004  0.40816328219562042        5.8848944632934552        4.7467636238020399        1.0000718809330078       0.32410193036620266     
   2.2690000000000004E-004  0.40758261062668732        5.8628575098379869        4.7662192552706646        1.0000276368064271       0.32571547163140452     
   2.2700000000000002E-004  0.40720801096504672        5.8405083669302380        4.7858345146136436       0.99998160041253337       0.32672617957790234     
   2.2710000000000002E-004  0.40704110282387879        5.8177778364726151        4.8056006290637026       0.99993428839501530       0.32713626863572309     
   2.2720000000000002E-004  0.40708223259222259        5.7946115997718621        4.8255101387870649       0.99988625177065726       0.32695090151553091     
   2.2730000000000002E-004  0.40733076620125824        5.7709743256359474        4.8455566645797576       0.99983807252863066       0.32617602642943344     
   2.2740000000000003E-004  0.40778519407455882        5.7468517470921334        4.8657344028963969       0.99979038927251185       0.32481670188743517     
   2.2750000000000003E-004  0.40844299765572589        5.7222504734049604        4.8860374114518308       0.99974393909533221       0.32287672474522078     
   2.2760000000000003E-004  0.40930034818088740        5.6971954395464586        4.9064587989704256       0.99969958591524122       0.32035987659241655     
   2.2770000000000003E-004  0.41035181057640124        5.6717251328950047        4.9269899441129121       0.99965830074644002       0.31727235311179081     
   2.2780000000000003E-004  0.41159023560845609        5.6458851660495180        4.9476198290578379       0.99962107290775326       0.31362520194935051     
   2.2790000000000004E-004  0.41300692912084286        5.6197213495147968        4.9683344892094192       0.99958876824589316       0.30943531603587582     
   2.2800000000000001E-004  0.41459205474168592        5.5932739644567153        4.9891164950239055       0.99956199155526393       0.30472414079744642     
   2.2810000000000001E-004  0.41633513201510647        5.5665751748410441        5.0099443573231621       0.99954101952880547       0.29951453847604015     
   2.2820000000000002E-004  0.41822547404947363        5.5396512301188823        5.0307918182495968       0.99952583663911676       0.29382744963577534     
   2.2830000000000002E-004  0.42025246296619323        5.5125301869770231        5.0516271295391793       0.99951624744545009       0.28768027516542116     
   2.2840000000000002E-004  0.42240565687386517        5.4852543617402230        5.0724125406798564       0.99951199262808899       0.28108793682242000     
   2.2850000000000002E-004  0.42467479962760601        5.4578948919462480        5.0931042228076704       0.99951279661522852       0.27406582455660461     
   2.2860000000000003E-004  0.42704981569935874        5.4305642283677864        5.1136527075795755       0.99951832803894469       0.26663247239563087     
   2.2870000000000003E-004  0.42952083130686208        5.4034219212205130        5.1340037052461325       0.99952812357299115       0.25880992396817037     
   2.2880000000000003E-004  0.43207820617867304        5.3766703075855267        5.1540990347320150       0.99954155581761184       0.25062141844433466     
   2.2890000000000003E-004  0.43471253393455395        5.3505395089977696        5.1738774553347611       0.99955789077565049       0.24208808407569188     
   2.2900000000000004E-004  0.43741459760820001        5.3252644794484159        5.1932753908260008       0.99957640822808758       0.23322715112855244     
   2.2910000000000001E-004  0.44017532842173096        5.3010593502152208        5.2122277198207696       0.99959651107808878       0.22405313130871585     
   2.2920000000000001E-004  0.44298585362425275        5.2780950520873349        5.2306688275565412       0.99961776163360427       0.21458128102981247     
   2.2930000000000002E-004  0.44583768778299465        5.2564850078827714        5.2485339603957533       0.99963983881278629       0.20483107979586160     
   2.2940000000000002E-004  0.44872303623753357        5.2362811946604886        5.2657607136737292       0.99966246190886432       0.19482751720066210     
   2.2950000000000002E-004  0.45163510447712413        5.2174800497066016        5.2822903636155010       0.99968533711415042       0.18459947024802928     
   2.2960000000000002E-004  0.45456829424808948        5.2000354849145598        5.2980687910781645       0.99970815403733815       0.17417615333407147     
   2.2970000000000003E-004  0.45751822041543005        5.1838752535382637        5.3130468953003076       0.99973062169519067       0.16358344166063934     
   2.2980000000000003E-004  0.46048156271906043        5.1689171140360877        5.3271805612845791       0.99975251421596112       0.15284155593896606     
   2.2990000000000003E-004  0.46345582550494535        5.1550822437062536        5.3404303450243518       0.99977370017147926       0.14196464840659076     
   2.3000000000000003E-004  0.46643909235465086        5.1423046287407219        5.3527610534059438       0.99979414575364767       0.13096193507432535     
   2.3010000000000001E-004  0.46942983843968494        5.1305362766482085        5.3641413454666189       0.99981389631143003       0.11983957460980406     
   2.3020000000000001E-004  0.47242682447330286        5.1197488374861875        5.3745434107279015       0.99983304763538616       0.10860252150691833     
   2.3030000000000001E-004  0.47542906323100387        5.1099325600940491        5.3839427224891034       0.99985171767321479        9.7255873939978629E-002
   2.3040000000000002E-004  0.47843583225750091        5.1010935453590145        5.3923178340042943       0.99987002509679579        8.5805571251691082E-002
   2.3050000000000002E-004  0.48144670360106800        5.0932501190042281        5.3996501816113565       0.99988807658450229        7.4258534577134633E-002
   2.3060000000000002E-004  0.48446156814320629        5.0864289400972149        5.4059238710709776       0.99990596166159806        6.2622452874221912E-002
   2.3070000000000002E-004  0.48748064212961090        5.0806612586265238        5.4111254407609994       0.99992375265157218        5.0905422246596194E-002
   2.3080000000000003E-004  0.49050445232997947        5.0759795691543461        5.4152436104569199       0.99994150729680364        3.9115596682827825E-002
   2.3090000000000003E-004  0.49353380194106838        5.0724147827551125        5.4182690336755170       0.99995927231315662        2.7260941688070386E-002
   2.3100000000000003E-004  0.49656972185810411        5.0699939584303575        5.4201940750346678       0.99997708681246289        1.5349124267235361E-002
   2.3110000000000003E-004  0.49961341208564503        5.0687385939109397        5.4210126329378037       0.99999498519873486        3.3875343772242807E-003
   2.3120000000000001E-004  0.50266617704910621        5.0686634612146086        5.4207200242690208        1.0000129994965938       -8.6165899641968847E-003
   2.3130000000000001E-004  0.50572935727727530        5.0697759785147740        5.4193129426567435        1.0000311613285100       -2.0655974471044908E-002
   2.3140000000000001E-004  0.50880425902165782        5.0720761299540422        5.4167894961708161        1.0000495038709414       -3.2723103712979533E-002
   2.3150000000000002E-004  0.51189208320217827        5.0755569722696050        5.4131493242659401        1.0000680641868209       -4.4810049978179486E-002
   2.3160000000000002E-004  0.51499385577024070        5.0802057927006006        5.4083937874668706        1.0000868863538057       -5.6908387485951957E-002
   2.3170000000000002E-004  0.51811036312754610        5.0860059978625491        5.4025262169244481        1.0001060257033214       -6.9009239588925603E-002
   2.3180000000000002E-004  0.52124209825584911        5.0929398110176605        5.3955522055672409        1.0001255540979628       -8.1103486562426996E-002
   2.3190000000000003E-004  0.52438922482435801        5.1009918167038659        5.3874799196108052        1.0001455655729086       -9.3182125894371567E-002
   2.3200000000000003E-004  0.52755156634666822        5.1101533053321786        5.3783204110790042        1.0001661805367497      -0.10523670874109915     
   2.3210000000000003E-004  0.53072862350996064        5.1204272269117457        5.3680879208502503        1.0001875454824307      -0.11725969468962344     
   2.3220000000000001E-004  0.53391961347761663        5.1318333520434756        5.3568001781330210        1.0002098242945054      -0.12924448522044638     
   2.3230000000000001E-004  0.53712351031251115        5.1444129591455505        5.3444787229404369        1.0002331776924769      -0.14118486540939812     
   2.3240000000000001E-004  0.54033904934896992        5.1582320414243892        5.3311492945463996        1.0002577301572686      -0.15307365946754989     
   2.3250000000000001E-004  0.54356464902467316        5.1733817243392854        5.3168423275484349        1.0002835291636396      -0.16490063533266186     
   2.3260000000000002E-004  0.54679821249971894        5.1899744468801874        5.3015935640307896        1.0003105084616832      -0.17665007004598185     
   2.3270000000000002E-004  0.55003680712256997        5.2081347129066664        5.2854447207297603        1.0003384716049055      -0.18829879826780538     
   2.3280000000000002E-004  0.55327628057897649        5.2279840662765347        5.2684440598607303        1.0003671085561436      -0.19981576235965703     
   2.3290000000000002E-004  0.55651093419602893        5.2496214407227644        5.2506466427695226        1.0003960429492240      -0.21116377681268164     
   2.3300000000000003E-004  0.55973339392143739        5.2731019297610011        5.2321140516623297        1.0004248847531103      -0.22230330473620971     
   2.3310000000000003E-004  0.56293476272083931        5.2984186217913312        5.2129134796267440        1.0004532477295216      -0.23319684312152469     
   2.3320000000000003E-004  0.56610501310319772        5.3254925287342827        5.1931162848671315        1.0004807036515571      -0.24381180044314424     
   2.3330000000000001E-004  0.56923345069790587        5.3541741849518871        5.1727962826878606        1.0005066899153441      -0.25412031029730958     
   2.3340000000000001E-004  0.57230903617732964        5.3842574242023735        5.1520280894336077        1.0005304361884997      -0.26409626365919942     
   2.3350000000000001E-004  0.57532044336593058        5.4155022488743789        5.1308856948575965        1.0005509803313355      -0.27371176194558983     
   2.3360000000000001E-004  0.57825590690697437        5.4476610034636286        5.1094412183443465        1.0005672866237905      -0.28293559807920982     
   2.3370000000000002E-004  0.58110303254372475        5.4805013518724639        5.0877636721878527        1.0005784023565851      -0.29173480144606606     
   2.3380000000000002E-004  0.58384872028502155        5.5138211569891640        5.0659176220254363        1.0005835570930892      -0.30007789670031432     
   2.3390000000000002E-004  0.58647922756944149        5.5474534728164251        5.0439618451526078        1.0005821568020277      -0.30793722048652927     
   2.3400000000000002E-004  0.58898028500641897        5.5812631700514181        5.0219482616010538        1.0005737195506372      -0.31528850710215145     
   2.3410000000000003E-004  0.59133716269030445        5.6151389852251290        4.9999213976377890        1.0005578537016995      -0.32210834465224492     
   2.3420000000000003E-004  0.59353471841288807        5.6489852685621251        4.9779184495288566        1.0005343324516986      -0.32837183168042239     
   2.3430000000000000E-004  0.59555759348228143        5.6827165284589833        4.9559697954552195        1.0005032287637288      -0.33405241994922913     
   2.3440000000000001E-004  0.59739067569592152        5.7162558547757278        4.9340997005065335        1.0004650225246794      -0.33912420493040774     
   2.3450000000000001E-004  0.59901976969806281        5.7495364862099283        4.9123270178559260        1.0004206071902408      -0.34356529387335893     
   2.3460000000000001E-004  0.60043225567900116        5.7825048644991499        4.8906658345872334        1.0003711842551040      -0.34736040405869523     
   2.3470000000000001E-004  0.60161750221184740        5.8151235088518947        4.8691261274659086        1.0003180869562416      -0.35050144929084992     
   2.3480000000000002E-004  0.60256694610096573        5.8473725787636157        4.8477145220711080        1.0002625964207434      -0.35298585391633158     
   2.3490000000000002E-004  0.60327390956462046        5.8792496645757080        4.8264352009157205        1.0002058103783207      -0.35481333894999129     
   2.3500000000000002E-004  0.60373332052463669        5.9107678623500686        4.8052909249933924        1.0001485943170787      -0.35598257107259057     
   2.3510000000000002E-004  0.60394153060469102        5.9419524902275711        4.7842840590362252        1.0000916129123121      -0.35648913639051610     
   2.3520000000000002E-004  0.60389637919297423        5.9728369424272989        4.7634174493814241        1.0000354101416247      -0.35632579672819809     
   2.3530000000000003E-004  0.60359753551364004        6.0034582098119529        4.7426950149396410       0.99998048913972493      -0.35548499287556934     
   2.3540000000000000E-004  0.60304698377251409        6.0338525333820492        4.7221219777084702       0.99992735290177681      -0.35396255774831437     
   2.3550000000000001E-004  0.60224938068975586        6.0640515465055067        4.7017047552594162       0.99987649056877825      -0.35176107478150859     
   2.3560000000000001E-004  0.60121206541750727        6.0940791630364748        4.6814506344617124       0.99982831964766772      -0.34889137274949694     
   2.3570000000000001E-004  0.59994468845755311        6.1239493808349055        4.6613674111253216       0.99978312344604015      -0.34537140576227648     
   2.3580000000000001E-004  0.59845860030927944        6.1536650822800878        4.6414631803518231       0.99974103355840171      -0.34122302098137819     
   2.3590000000000001E-004  0.59676621881495195        6.1832178210408921        4.6217463867423234       0.99970208569115127      -0.33646822674934246     
   2.3600000000000002E-004  0.59488054715716066        6.2125884924667547        4.6022261235295989       0.99966633153047602      -0.33112685768114170     
   2.3610000000000002E-004  0.59281489201476090        6.2417487261722897        4.5829125659476713       0.99963394796506833      -0.32521673378404481     
   2.3620000000000002E-004  0.59058274781755415        6.2706627833217929        4.5638173908335471       0.99960527655272891      -0.31875592413692727     
   2.3630000000000002E-004  0.58819779555229956        1.6104350288738800E-002   4.5449540853956698       0.99958076748845870      -0.31176548497475498     
   2.3640000000000000E-004  0.58567393321094230        4.4399706332291622E-002   4.5263381423373259       0.99956086256652432      -0.30427093293818963     
   2.3650000000000000E-004  0.58302523675961182        7.2317315181434694E-002   4.5079872105414260       0.99954588117509646      -0.29630168412535157     
   2.3660000000000000E-004  0.58026578436535781        9.9809770930155750E-002   4.4899212795385885       0.99953595840189080      -0.28788893711116598     
   2.3670000000000001E-004  0.57740935960915929       0.12682846830977734        4.4721629273797543       0.99953104539241000      -0.27906320533850443     
   2.3680000000000001E-004  0.57446912902096003       0.15332299480671452        4.4547375924642294       0.99953095012310467      -0.26985264234235573     
   2.3690000000000001E-004  0.57145740830774006       0.17924019278234393        4.4376737801463424       0.99953538683327880      -0.26028270803139675     
   2.3700000000000001E-004  0.56838557353120422       0.20452315982307834        4.4210031054450454       0.99954401187238795      -0.25037705819164674     
   2.3710000000000002E-004  0.56526409516061105       0.22911041888983785        4.4047601030459829       0.99955643737794564      -0.24015907101462339     
   2.3720000000000002E-004  0.56210263537523686       0.25293545951263319        4.3889817916754925       0.99957222867051310      -0.22965326206579140     
   2.3730000000000002E-004  0.55891014679508133       0.27592685234571501        4.3737070402167895       0.99959089929011680      -0.21888600477068826     
   2.3740000000000002E-004  0.55569492734750425       0.29800912935295720        4.3589758237270040       0.99961191686173889      -0.20788535579168033     
   2.3750000000000000E-004  0.55246461209796782       0.31910453038361553        4.3448284645822364       0.99963472413367382      -0.19668016886948078     
   2.3760000000000000E-004  0.54922611115693254       0.33913553569119337        4.3313049313856737       0.99965877053749652      -0.18529889609682551     
   2.3770000000000000E-004  0.54598552323716143       0.35802790090724912        4.3184442333858799       0.99968354497976608      -0.17376847548922497     
   2.3780000000000001E-004  0.54274805931367620       0.37571377239088743        4.3062839180345085       0.99970860170113485      -0.16211355892831789     
   2.3790000000000001E-004  0.53951800408370454       0.39213443890509758        4.2948596625825495       0.99973357513015870      -0.15035614966080019     
   2.3800000000000001E-004  0.53629872807299628       0.40724236303956918        4.2842049464889262       0.99975818399883654      -0.13851558002344633     
   2.3810000000000001E-004  0.53309274595094402       0.42100228524159888        4.2743507941143513       0.99978222743254408      -0.12660870408603558     
   2.3820000000000002E-004  0.52990180593061520       0.43339135718240129        4.2653255811793542       0.99980557633108313      -0.11465018622849152     
   2.3830000000000002E-004  0.52672699284346758       0.44439839356767674        4.2571549002261690       0.99982816258881668      -0.10265280441519402     
   2.3840000000000002E-004  0.52356883091201067       0.45402240918370129        4.2498614793097946       0.99984996777655466       -9.0627728808644198E-002
   2.3850000000000000E-004  0.52042737782981585       0.46227065954544688        4.2434651467121887       0.99987101234457532       -7.8584764185033837E-002
   2.3860000000000000E-004  0.51730230694764145       0.46915642334355656        4.2379828333063800       0.99989134598048746       -6.6532557466313980E-002
   2.3870000000000000E-004  0.51419297795018404       0.47469675129804578        4.2334286035327802       0.99991103946330318       -5.4478776173739266E-002
   2.3880000000000000E-004  0.51109849823618936       0.47891036696391875        4.2298137058434078       0.99993017813126439       -4.2430264267062111E-002
   2.3890000000000001E-004  0.50801777768933476       0.48181585379144742        4.2271466337555985       0.99994885687186141       -3.0393182533607628E-002
   2.3900000000000001E-004  0.50494957920309502       0.48343021159148414        4.2254331893800243       0.99996717643411692       -1.8373140156108046E-002
   2.3910000000000001E-004  0.50189256668255333       0.48376782482616854        4.2246765422710784       0.99998524076931072       -6.3753239736225858E-003
   2.3920000000000001E-004  0.49884535158994864       0.48283985718362388        4.2248772778180612        1.0000031550891966        5.5953707554349183E-003
   2.3930000000000002E-004  0.49580653858038592       0.48065407112904257        4.2260334309894567        1.0000210243338332        1.7534205417362836E-002
   2.3940000000000002E-004  0.49277477043551071       0.47721506623738108        4.2281405030908292        1.0000389517758712        2.9436458605727276E-002
   2.3950000000000002E-004  0.48974877235976633       0.47252492971365445        4.2311914612623509        1.0000570375226516        4.1297284180867602E-002
   2.3960000000000000E-004  0.48672739576270824       0.46658428989553169        4.2351767225928807        1.0000753766999775        5.3111570159947150E-002
   2.3970000000000000E-004  0.48370966191261305       0.45939375312622399        4.2400841268230298        1.0000940571181249        6.4873801988514765E-002
   2.3980000000000000E-004  0.48069480632227723       0.45095568207147796        4.2458989035398176        1.0001131562371115        7.6577933139400603E-002
   2.3990000000000000E-004  0.47768232538914135       0.44127623836457097        4.2526036413132218        1.0001327372309521        8.8217261535252472E-002
   2.4000000000000001E-004  0.47467202754476057       0.43036756634128714        4.2601782671300228        1.0001528439781604        9.9784304728312706E-002
   2.4010000000000001E-004  0.47166409171268286       0.41824994343038657        4.2686000446968198        1.0001734947765539       0.11127065850073628     
   2.4020000000000001E-004  0.46865913564767403       0.40495367289863538        4.2778435994200166        1.0001946746378385       0.12266681667295481     
   2.4030000000000001E-004  0.46565829511080009       0.39052045955595105        4.2878809763771164        1.0002163261493431       0.13396192763511147     
   2.4040000000000002E-004  0.46266331129927063       0.37500400488753005        4.2986817358462357        1.0002383392588250       0.14514347262237307     
   2.4050000000000002E-004  0.45967661863936871       0.35846959901978526        4.3102130897983955        1.0002605409751000       0.15619687704980864     
   2.4059999999999999E-004  0.45670141930533109       0.34099258394003584        4.3224400832397158        1.0002826868656647       0.16710511103421963     
   2.4070000000000000E-004  0.45374172743275076       0.32265571852418784        4.3353258271841160        1.0003044571436690       0.17784838966585076     
   2.4080000000000000E-004  0.45080236838008270       0.30354568041110230        4.3488317950874977        1.0003254605621674       0.18840412479042945     
   2.4090000000000000E-004  0.44788892861046165       0.28374915928189282        4.3629181995652360        1.0003452485336186       0.19874727642787804     
   2.4100000000000000E-004  0.44500766779978562       0.26334916611946202        4.3775444669154240        1.0003633394108880       0.20885117572294343     
   2.4110000000000001E-004  0.44216541868906173       0.24242222707675420        4.3926698181756052        1.0003792491123285       0.21868873983447731     
   2.4120000000000001E-004  0.43936950423447485       0.22103698792199467        4.4082539439404016        1.0003925208859714       0.22823381808364210     
   2.4130000000000001E-004  0.43662769539639062       0.19925443356803285        4.4242577290058591        1.0004027463766250       0.23746228704050343     
   2.4140000000000001E-004  0.43394821553102836       0.17712952140055371        4.4406439527341064        1.0004095734161988       0.24635252432944585     
   2.4150000000000002E-004  0.43133977615066493       0.15471368108438011        4.4573778763279099        1.0004127025757981       0.25488507077968525     
   2.4160000000000002E-004  0.42881161388588895       0.13205746864900281        4.4744276396515712        1.0004118810003044       0.26304159167392360     
   2.4169999999999999E-004  0.42637349551174925       0.10921270606138211        4.4917644283426803        1.0004069048408737       0.27080355362233716     
   2.4180000000000000E-004  0.42403566686680594        8.6233619783774529E-002   4.5093624233952587        1.0003976369660528       0.27815119124289628     
   2.4190000000000000E-004  0.42180873934286550        6.3176713513287019E-002   4.5271985898208582        1.0003840374718933       0.28506325546775074     
   2.4200000000000000E-004  0.41970352965679064        4.0099317354156838E-002   4.5452523807375211        1.0003661930793848       0.29151770807892841     
   2.4210000000000000E-004  0.41773088746052395        1.7056940764283546E-002   4.5635054225942318        1.0003443270195094       0.29749308190111806     
   2.4220000000000001E-004  0.41590154423334014        6.2772850395587820        4.5819412133824065        1.0003187747512892       0.30296985344171801     
   2.4230000000000001E-004  0.41422599101895702        6.2544538201529685        4.6005448269713751        1.0002899269503165       0.30793110374030880     
   2.4240000000000001E-004  0.41271436671608391        6.2317762547325222        4.6193025936978440        1.0002581609370369       0.31236209954217892     
   2.4250000000000001E-004  0.41137632922638934        6.2092637218998616        4.6382017358973009        1.0002237923991213       0.31624907743468678     
   2.4260000000000002E-004  0.41022089012001300        6.1869093404744655        4.6572299759669882        1.0001870701697175       0.31957805829549790     
   2.4269999999999999E-004  0.40925620892375431        6.1646874844585513        4.6763751816690364        1.0001482123154606       0.32233457512026897     
   2.4279999999999999E-004  0.40848935616448145        6.1425549841229765        4.6956251368823061        1.0001074577303870       0.32450468320625681     
   2.4290000000000000E-004  0.40792606697129058        6.1204540589539587        4.7149675039885732        1.0000651007707626       0.32607684635717404     
   2.4300000000000000E-004  0.40757052315358061        6.0983168238114125        4.7343899805873653        1.0000214916626309       0.32704375158109239     
   2.4310000000000000E-004  0.40742521251140523        6.0760709563788691        4.7538805785644476       0.99997701106904702       0.32740314531721559     
   2.4320000000000000E-004  0.40749090408034822        6.0536458829970838        4.7734279058206335       0.99993204428368598       0.32715734912929650     
   2.4330000000000000E-004  0.40776674206744662        6.0309787215913202        4.7930213325055462       0.99988697819502659       0.32631182184494623     
   2.4340000000000001E-004  0.40825041066206741        6.0080192683926601        4.8126509688374002       0.99984222616412011       0.32487356273386270     
   2.4350000000000001E-004  0.40893828989954356        5.9847335115486935        4.8323074433104125       0.99979826572040154       0.32285009064673831     
   2.4360000000000001E-004  0.40982553486939211        5.9611054087036770        4.8519815185570039       0.99975566603576804       0.32024931117279937     
   2.4370000000000001E-004  0.41090606402980689        5.9371368991548481        4.8716636032865726       0.99971508859950575       0.31708012064466867     
   2.4379999999999999E-004  0.41217250911330627        5.9128462995863718        4.8913432169176208       0.99967725788743400       0.31335334002127813     
   2.4389999999999999E-004  0.41361621941179466        5.8882653667625133        4.9110084499392039       0.99964290917602450       0.30908255079928576     
   2.4399999999999999E-004  0.41522740277445475        5.8634354338980650        4.9306454463655713       0.99961272473254792       0.30428453129568345     
   2.4410000000000000E-004  0.41699543214862439        5.8384031634762463        4.9502379173341309       0.99958726827642130       0.29897910773231373     
   2.4420000000000003E-004  0.41890927302182984        5.8132166232218179        4.9697666778057155       0.99956692834510430       0.29318832713586906     
   2.4429999999999998E-004  0.42095791892249340        5.7879225494708555        4.9892091897211630       0.99955188370455761       0.28693502021038941     
   2.4439999999999998E-004  0.42313070507439632        5.7625657032608721        5.0085391074863788       0.99954210344533678       0.28024110371084970     
   2.4449999999999998E-004  0.42541742055323506        5.7371909991311627        5.0277258604298281       0.99953738522173607       0.27312626435537118     
   2.4459999999999998E-004  0.42780823216444452        5.7118484807276992        5.0467343582279254       0.99953741842332677       0.26560772458962312     
   2.4469999999999998E-004  0.43029351848966763        5.6866002809090279        5.0655249365853914       0.99954184414480329       0.25770140571529671     
   2.4479999999999999E-004  0.43286373952224899        5.6615277384593492        5.0840536379174956       0.99955028405508151       0.24942405189457678     
   2.4489999999999999E-004  0.43550942362295791        5.6367363241193162        5.1022728392827883       0.99956233027386454       0.24079520629058665     
   2.4499999999999999E-004  0.43822127427760038        5.6123563305344346        5.1201321345244999       0.99957751589567612       0.23183788089443533     
   2.4509999999999999E-004  0.44099034186924191        5.5885383885974740        5.1375793087849200       0.99959529958926352       0.22257747687799387     
   2.4520000000000000E-004  0.44380819663498755        5.5654443557706905        5.1545612512711294       0.99961508655487619       0.21303954218132221     
   2.4530000000000000E-004  0.44666705843440735        5.5432353826323526        5.1710247266273779       0.99963628131092075       0.20324757167075513     
   2.4540000000000000E-004  0.44955987025721250        5.5220595685806400        5.1869170157350686       0.99965834740099513       0.19322188954853436     
   2.4550000000000000E-004  0.45248032813225408        5.5020414838430973        5.2021864895565768       0.99968084786775779       0.18297990875226403     
   2.4560000000000001E-004  0.45542288913254531        5.4832751646025333        5.2167831738525834       0.99970345519832293       0.17253729595183312     
   2.4570000000000001E-004  0.45838277251162779        5.4658212862964790        5.2306593171205087       0.99972593680638511       0.16190924011664409     
   2.4580000000000001E-004  0.46135595610924340        5.4497083575737673        5.2437699262061459       0.99974813081514857       0.15111120050356694     
   2.4590000000000001E-004  0.46433916116437279        5.4349371184925621        5.2560732121372515       0.99976992492937500       0.14015894684104271     
   2.4600000000000002E-004  0.46732981808608065        5.4214869506261483        5.2675308982477587       0.99979124377935857       0.12906808318265797     
   2.4610000000000002E-004  0.47032601162581805        5.4093230312118257        5.2781083711227552       0.99981204354410724       0.11785339937716177     
   2.4620000000000002E-004  0.47332641079683369        5.3984031431778279        5.2877746851158562       0.99983230987994953       0.10652833804133091     
   2.4630000000000002E-004  0.47633019279892447        5.3886833900775928        5.2965024513991237       0.99985205576039959        9.5104714536581245E-002
   2.4639999999999997E-004  0.47933696981889828        5.3801224446083262        5.3042676497044470       0.99987131773944538        8.3592689247786151E-002
   2.4649999999999997E-004  0.48234672416122082        5.3726842888981023        5.3110493981527425       0.99989015080112831        7.2000915536760121E-002
   2.4659999999999998E-004  0.48535975313983765        5.3663396330707709        5.3168297090780117       0.99990862276334602        6.0336772808908805E-002
   2.4669999999999998E-004  0.48837662219118105        5.3610663153430327        5.3215932507610146       0.99992680924577493        4.8606615822581578E-002
   2.4679999999999998E-004  0.49139812328495075        5.3568490212854867        5.3253271288380306       0.99994478977962731        3.6816003515223746E-002
   2.4689999999999998E-004  0.49442523562515550        5.3536786413507329        5.3280206972609605       0.99996264525147893        2.4969896661736820E-002
   2.4699999999999999E-004  0.49745908635580594        5.3515515284124122        5.3296654063298163       0.99998045664535473        1.3072829205277938E-002
   2.4709999999999999E-004  0.50050090997511720        5.3504688517399206        5.3302546938715061       0.99999830486266406        1.1290626024233542E-003
   2.4719999999999999E-004  0.50355200608123607        5.3504361837363241        5.3297839245355867        1.0000162713295524       -1.0857266687300667E-002
   2.4729999999999999E-004  0.50661369574563475        5.3514634035137547        5.3282503811447182        1.0000344390580687       -2.2881997362322708E-002
   2.4740000000000000E-004  0.50968727718642881        5.3535649549325788        5.3256533109188169        1.0000528938013580       -3.4940782792275367E-002
   2.4750000000000000E-004  0.51277398147731967        5.3567604516647576        5.3219940281810256        1.0000717249078592       -4.7028911781286813E-002
   2.4760000000000000E-004  0.51587492874942453        5.3610755746477263        5.3172760738416889        1.0000910254198327       -5.9141102686756777E-002
   2.4770000000000000E-004  0.51899108466971888        5.3665431489723980        5.3115054304130922        1.0001108910123135       -7.1271264073604582E-002
   2.4780000000000001E-004  0.52212321592831479        5.3732042055108291        5.3046907890973296        1.0001314174818032       -8.3412219330405254E-002
   2.4790000000000001E-004  0.52527184219044798        5.3811087486616280        5.2968438625176848        1.0001526965569369       -9.5555400683047326E-002
   2.4800000000000001E-004  0.52843718074447166        5.3903158668395097        5.2879797322570958        1.0001748101430401      -0.10769053338254615     
   2.4810000000000001E-004  0.53161907953747800        5.4008927547005658        5.2781172140088763        1.0001978234933748      -0.11980534946969403     
   2.4820000000000002E-004  0.53481693518098317        5.4129122064419883        5.2672792149163890        1.0002217781037268      -0.13188538964860708     
   2.4830000000000002E-004  0.53802959545975859        5.4264482378281524        5.2554930486306075        1.0002466850876577      -0.14391395989943889     
   2.4840000000000002E-004  0.54125525072609582        5.4415697472561959        5.2427906663310146        1.0002725190924815      -0.15587229194489613     
   2.4849999999999997E-004  0.54449132383371546        5.4583325453058249        5.2292087605145987        1.0002992114181553      -0.16773989923238067     
   2.4859999999999997E-004  0.54773437118189727        5.4767706074424014        5.2147887068609515        1.0003266394279171      -0.17949502161445122     
   2.4870000000000003E-004  0.55098000596336572        5.4968878842952229        5.1995763293035271        1.0003546088982023      -0.19111494339310731     
   2.4880000000000003E-004  0.55422284918368814        5.5186522587384275        5.1836215006417214        1.0003828282960028      -0.20257592885354350     
   2.4890000000000003E-004  0.55745650730057439        5.5419931118049730        5.1669776143173269        1.0004108801255980      -0.21385264065490925     
   2.4900000000000004E-004  0.56067357242230798        5.5668033837653672        5.1497009667395020        1.0004382023061753      -0.22491721423741942     
   2.4910000000000004E-004  0.56386564349616064        5.5929460968660125        5.1318500648626939        1.0004640960659525      -0.23573853371829406     
   2.4920000000000004E-004  0.56702337256878654        5.6202642795082633        5.1134848313057288        1.0004877689706784      -0.24628240721751338     
   2.4930000000000004E-004  0.57013654354645882        5.6485923956712369        5.0946656513465340        1.0005084030244753      -0.25651301580413127     
   2.4940000000000004E-004  0.57319418697173452        5.6777670366531412        5.0754522281432726        1.0005252196219379      -0.26639526162220678     
   2.4950000000000005E-004  0.57618472191583758        5.7076349538663793        5.0559022916253094        1.0005375131299712      -0.27589693699037898     
   2.4960000000000005E-004  0.57909609022530262        5.7380574579835555        5.0360703040028261        1.0005446490321910      -0.28498957896370036     
   2.4970000000000005E-004  0.58191581250761604        5.7689114476420302        5.0160063550192540        1.0005460538262103      -0.29364765701892825     
   2.4980000000000005E-004  0.58463091639812603        5.8000882901242354        4.9957554033110263        1.0005412297695446      -0.30184675382333875     
   2.4990000000000006E-004  0.58722778342257176        5.8314920677666064        4.9753569221440204        1.0005298054120884      -0.30956186067891461     
   2.5000000000000006E-004  0.58969205373108247        5.8630383216016284        4.9548449066952376        1.0005116062238999      -0.31676664815346567     
   2.5010000000000006E-004  0.59200872825517870        5.8946536981024718        4.9342481388333530        1.0004867193763076      -0.32343399941596301     
   2.5020000000000006E-004  0.59416250447591334        5.9262762834906439        4.9135905947235790        1.0004555297924520      -0.32953760476460697     
   2.5030000000000001E-004  0.59613826473432774        5.9578561541115747        4.8928919101662869        1.0004187086914866      -0.33505405567503721     
   2.5040000000000001E-004  0.59792160542417228        5.9893557225017835        4.8721678710512375        1.0003771414939009      -0.33996456213377135     
   2.5050000000000002E-004  0.59949930155789044        6.0207496139206143        4.8514309441446137        1.0003318067175033      -0.34425542207253595     
   2.5060000000000002E-004  0.60085959643438913        6.0520239426563158        4.8306908814485396        1.0002836419161181      -0.34791688856220410     
   2.5070000000000002E-004  0.60199226493356639        6.0831749845619614        4.8099554165769591        1.0002334387695517      -0.35094082812083371     
   2.5080000000000002E-004  0.60288852296477735        6.1142073581046290        4.7892310340713475        1.0001818002114327      -0.35331817852862973     
   2.5090000000000003E-004  0.60354096355942211        6.1451319085062126        4.7685237411899672        1.0001291709450066      -0.35503747575826461     
   2.5100000000000003E-004  0.60394369976822571        6.1759635184864168        4.7478397244837485        1.0000759226866307      -0.35608541244265068     
   2.5110000000000003E-004  0.60409274375015332        6.2067190339864169        4.7271857618720148        1.0000224481221021      -0.35644952941700658     
   2.5120000000000003E-004  0.60398647204580136        6.2374154165465603        4.7065693113495453       0.99996920669340161      -0.35612199459098909     
   2.5130000000000004E-004  0.60362596393539214        6.2680681639468609        4.6859983072702782       0.99991669545285311      -0.35510261379766150     
   2.5140000000000004E-004  0.60301503626522612        1.5504689449653775E-002   4.6654808126404852       0.99986537550771681      -0.35339952360164673     
   2.5150000000000004E-004  0.60215992781030514        4.6104488035545010E-002   4.6450247310848436       0.99981561574733213      -0.35102730158159529     
   2.5160000000000004E-004  0.60106876721441971        7.6686457660576579E-002   4.6246377431816370       0.99976769900945017      -0.34800359342225867     
   2.5170000000000005E-004  0.59975106507273879       0.10724947094814485        4.6043275247117483       0.99972189305516823      -0.34434599787631714     
   2.5180000000000005E-004  0.59821739700568055       0.13778653375540983        4.5841021892964200       0.99967854895729780      -0.34007065599225839     
   2.5190000000000005E-004  0.59647929822702583       0.16828434590546859        4.5639708327917363       0.99963816781073078      -0.33519294379154430     
   2.5200000000000005E-004  0.59454927949123071       0.19872295659859684        4.5439440655188141       0.99960139247110535      -0.32972946726927399     
   2.5210000000000006E-004  0.59244083349358456       0.22907550159637946        4.5240344801878329       0.99956892521963026      -0.32369993213458942     
   2.5220000000000006E-004  0.59016831650123502       0.25930797170846098        4.5042570694119544       0.99954141500334048      -0.31712779298817034     
   2.5230000000000006E-004  0.58774663725741860       0.28937896227333937        4.4846296336260618       0.99951936507677885      -0.31003952477738961     
   2.5240000000000001E-004  0.58519077208305692       0.31923938806704566        4.4651731996392128       0.99950308489182882      -0.30246313980514494     
   2.5250000000000001E-004  0.58251525342345445       0.34883217246053899        4.4459124279805682       0.99949267818128540      -0.29442669174343106     
   2.5260000000000001E-004  0.57973382221078396       0.37809190111737401        4.4268759564553486       0.99948805385149564      -0.28595720822901854     
   2.5270000000000002E-004  0.57685933219661523       0.40694439015825878        4.4080966157897112       0.99948895269469074      -0.27708024488210264     
   2.5280000000000002E-004  0.57390385468900162       0.43530613183126032        4.3896114537115913       0.99949498444019236      -0.26782012838252489     
   2.5290000000000002E-004  0.57087885494327562       0.46308372148035026        4.3714615150453477       0.99950566578646149      -0.25820080527677197     
   2.5300000000000002E-004  0.56779532419676459       0.49017362395852793        4.3536913546939076       0.99952044963685316      -0.24824697812902735     
   2.5310000000000003E-004  0.56466381303724988       0.51646287585301387        4.3363483077603435       0.99953874281407618      -0.23798503065264387     
   2.5320000000000003E-004  0.56149436588069834       0.54183134725901017        4.3194815908457622       0.99955991797130694      -0.22744329267968433     
   2.5330000000000003E-004  0.55829638136920512       0.56615586349470348        4.3031413365846225       0.99958332846351872      -0.21665148644090737     
   2.5340000000000003E-004  0.55507844801277406       0.58931593090632983        4.2873776602480893       0.99960833116115988      -0.20563953156710085     
   2.5350000000000004E-004  0.55184821101993897       0.61120028749405364        4.2722398301480524       0.99963431715274442      -0.19443613202648230     
   2.5360000000000004E-004  0.54861230381467485       0.63171322872300983        4.2577755753084015       0.99966074451818387      -0.18306762259817838     
   2.5370000000000004E-004  0.54537634601643237       0.65077969436579775        4.2440305289529938       0.99968716441991590      -0.17155739052797206     
   2.5380000000000004E-004  0.54214498871754202       0.66834837664837021        4.2310477858885784       0.99971323378462873      -0.15992591096068395     
   2.5390000000000005E-004  0.53892198425486459       0.68439251180757577        4.2188675488787402       0.99973871318108742      -0.14819120444531816     
   2.5400000000000005E-004  0.53571026465913796       0.69890843508610700        4.2075268482760810       0.99976345353857610      -0.13636943805935534     
   2.5410000000000005E-004  0.53251202148867072       0.71191232430604146        4.1970593310550619       0.99978737762228509      -0.12447544497049608     
   2.5420000000000005E-004  0.52932878525061833       0.72343577013931792        4.1874951226848127       0.99981046143241969      -0.11252305327249469     
   2.5430000000000006E-004  0.52616150405172701       0.73352087795553356        4.1788607658648811       0.99983271865388579      -0.10052521988434533     
   2.5440000000000006E-004  0.52301062025289002       0.74221553265013895        4.1711792353827946       0.99985418910853707       -8.8494025697035544E-002
   2.5450000000000001E-004  0.51987614337725263       0.74956928040129434        4.1644700212168999       0.99987493074334577       -7.6440605007447815E-002
   2.5460000000000001E-004  0.51675771795930581       0.75563006652400855        4.1587492656262937       0.99989501416081883       -6.4375071629328678E-002
   2.5470000000000001E-004  0.51365468591537267       0.76044187555242804        4.1540299361125914       0.99991451876834403       -5.2306482522338063E-002
   2.5480000000000001E-004  0.51056614386341848       0.76404318251153658        4.1503220150295279       0.99993352992377960       -4.0242858189092290E-002
   2.5490000000000002E-004  0.50749099632633798       0.76646605006668711        4.1476326877960252       0.99995213675860173       -2.8191262205735011E-002
   2.5500000000000002E-004  0.50442800590751313       0.76773568544493553        4.1459665142357114       0.99997043053023837       -1.6157932082136079E-002
   2.5510000000000002E-004  0.50137584141278857       0.76787028695654058        4.1453255708080450       0.99998850342146850       -4.1484495872977419E-003
   2.5520000000000002E-004  0.49833312465594293       0.76688104730845907        4.1457095548280876        1.0000064476951123        7.8320617695833844E-003
   2.5530000000000003E-004  0.49529847642384900       0.76477223292353447        4.1471158451487611        1.0000243551069989        1.9778723934531301E-002
   2.5540000000000003E-004  0.49227056191117186       0.76154131200881103        4.1495395168988596        1.0000423164133792        3.1686685729907800E-002
   2.5550000000000003E-004  0.48924813589666921       0.75717915632203070        4.1529733107440494        1.0000604207831518        4.3550905959358191E-002
   2.5560000000000003E-004  0.48623008801452544       0.75167039183844597        4.1574075598927109        1.0000787549329380        5.5365944672060435E-002
   2.5570000000000004E-004  0.48321548863410335       0.74499401849560432        4.1628300808541283        1.0000974018391766        6.7125769880777911E-002
   2.5580000000000004E-004  0.48020363600934701       0.73712445231036838        4.1692260368838161        1.0001164389301731        7.8823589033321872E-002
   2.5590000000000004E-004  0.47719410537061058       0.72803315502207600        4.1765777861757529        1.0001359357221098        9.0451719034787784E-002
   2.5600000000000004E-004  0.47418680037998556       0.71769099021375471        4.1848647299832074        1.0001559508412556       0.10200151083680677     
   2.5610000000000005E-004  0.47118200680799532       0.70607137749795523        4.1940631785469051        1.0001765283422834       0.11346334173833864     
   2.5620000000000005E-004  0.46818044757286298       0.69315420114704906        4.2041462540073429        1.0001976929642187       0.12482667149912798     
   2.5630000000000005E-004  0.46518333778369703       0.67893026545840307        4.2150838479506714        1.0002194435461429       0.13608012716084489     
   2.5640000000000005E-004  0.46219243879473548       0.66340589968018460        4.2268426461190787        1.0002417435199942       0.14721154066257397     
   2.5650000000000005E-004  0.45921011202318945       0.64660713876809783        4.2393862245581682        1.0002645076727861       0.15820783365928009     
   2.5660000000000000E-004  0.45623937607781001       0.62858279089700986        4.2526752128993772        1.0002875856913591       0.16905465859527161     
   2.5670000000000001E-004  0.45328397204725157       0.60940569523040011        4.2666675161318697        1.0003107454193170       0.17973579120923983     
   2.5680000000000001E-004  0.45034843747711423       0.58917160842137761        4.2813185905767881        1.0003336612846132       0.19023241857762052     
   2.5690000000000001E-004  0.44743817849817002       0.56799545269511675        4.2965817831173121        1.0003559142980940       0.20052261737679700     
   2.5700000000000001E-004  0.44455951486799639       0.54600510079929432        4.3124087590036320        1.0003770074069616       0.21058136408265865     
   2.5710000000000002E-004  0.44171966348214281       0.52333341752297180        4.3287500514084032        1.0003963942318093       0.22038127926908779     
   2.5720000000000002E-004  0.43892663407068122       0.50010980973015506        4.3455557552650781        1.0004135132994421       0.22989400715269542     
   2.5730000000000002E-004  0.43618904124451346       0.47645285745007460        4.3627763563450701        1.0004278177329984       0.23909181687140385     
   2.5740000000000002E-004  0.43351587856465618       0.45246549630359034        4.3803636439103109        1.0004387942815653       0.24794888000329066     
   2.5750000000000002E-004  0.43091632856290069       0.42823360768466312        4.3982716189238884        1.0004459728961785       0.25644182005261962     
   2.5760000000000003E-004  0.42839967568541537       0.40382791140870644        4.4164572952556247        1.0004489339694944       0.26454946404792901     
   2.5770000000000003E-004  0.42597534635433798       0.37930811874865356        4.4348813051209603        1.0004473211368829       0.27225206319850231     
   2.5780000000000003E-004  0.42365304692615746       0.35472778444831832        4.4535082572376714        1.0004408629752664       0.27953041539990514     
   2.5790000000000003E-004  0.42144292394113508       0.33013837253720091        4.4723068425696564        1.0004293995588216       0.28636524684198988     
   2.5800000000000004E-004  0.41935564543946657       0.30559159385054091        4.4912497213075646        1.0004129060181257       0.29273699074096221     
   2.5810000000000004E-004  0.41740232177989772       0.28113974690343912        4.5103132446944567        1.0003915073366945       0.29862593462423787     
   2.5820000000000004E-004  0.41559424869828654       0.25683429700695282        4.5294770672520821        1.0003654829290669       0.30401268081094074     
   2.5830000000000004E-004  0.41394253453653179       0.23272317344359461        4.5487236973991569        1.0003352594432475       0.30887887863792285     
   2.5840000000000005E-004  0.41245772157748495       0.20884732463401967        4.5680380227135737        1.0003013863727914       0.31320808808281797     
   2.5850000000000005E-004  0.41114949856990268       0.18523706783574934        4.5874068301721183        1.0002644886863590       0.31698644279942761     
   2.5860000000000005E-004  0.41002653868852335       0.16190876566254353        4.6068183243869791        1.0002252002006173       0.32020270103993564     
   2.5870000000000000E-004  0.40909642645457012       0.13886234185086810        4.6262616381212700        1.0001840973863010       0.32284751453830240     
   2.5880000000000000E-004  0.40836560592188503       0.11608007267451725        4.6457263413911107        1.0001416615242336       0.32491226116232352     
   2.5890000000000000E-004  0.40783930081528585        9.3526952038906153E-002   4.6652019879380440        1.0000982857294312       0.32638820661808116     
   2.5900000000000001E-004  0.40752139298387002        7.1152745424898356E-002   4.6846777696011666        1.0000543177907180       0.32726669800070252     
   2.5910000000000001E-004  0.40741427766292171        4.8895637378268297E-002   4.7041423517018499        1.0000101088934239       0.32754052030410147     
   2.5920000000000001E-004  0.40751873391896132        2.6687156907843956E-002   4.7235839214198503       0.99996603694297048       0.32720580688399808     
   2.5930000000000001E-004  0.40783385311715842        4.4578622973068249E-003   4.7429904089459711       0.99992249384319210       0.32626348503723546     
   2.5940000000000002E-004  0.40835705574532771        6.2653284375139524        4.7623497747235355       0.99987985315359229       0.32471946622150133     
   2.5950000000000002E-004  0.40908419906130378        6.2428736819874775        4.7816502324309429       0.99983844868603311       0.32258351213983161     
   2.5960000000000002E-004  0.41000974497661269        6.2202384329581442        4.8008803094388339       0.99979858566259050       0.31986745908507880     
   2.5970000000000002E-004  0.41112693997553251        6.1973989033283781        4.8200287154711310       0.99976058161258741       0.31658379576506346     
   2.5980000000000003E-004  0.41242797238096912        6.1743488860618125        4.8390840585760504       0.99972481151859327       0.31274529094275921     
   2.5990000000000003E-004  0.41390409985606325        6.1510990234197767        4.8580344816860928       0.99969172588291344       0.30836566649482555     
   2.6000000000000003E-004  0.41554576536819626        6.1276746703231542        4.8768672837252431       0.99966182561145700       0.30346067715591057     
   2.6010000000000003E-004  0.41734273091850954        6.1041127412290388        4.8955685523902019       0.99963560206519630       0.29804876169589511     
   2.6020000000000004E-004  0.41928425332686969        6.0804580592844051        4.9141227994615004       0.99961346943086993       0.29215075906756993     
   2.6030000000000004E-004  0.42135931119090830        6.0567597736859238        4.9325125769253777       0.99959571739863196       0.28578879083653197     
   2.6040000000000004E-004  0.42355687096097300        6.0330683594244592        4.9507180681742309       0.99958249694117407       0.27898488271541011     
   2.6050000000000004E-004  0.42586615493329777        6.0094336048946770        4.9687166807431939       0.99957383268011246       0.27175997222799320     
   2.6060000000000005E-004  0.42827685281365485        5.9859038782237715        4.9864826959829740       0.99956964511146085       0.26413365161448454     
   2.6070000000000005E-004  0.43077921775057265        5.9625268443602621        5.0039870418761350       0.99956976837311151       0.25612457844240322     
   2.6080000000000000E-004  0.43336402508302951        5.9393516202300711        5.0211972444702182       0.99957395987758935       0.24775123406191954     
   2.6090000000000000E-004  0.43602243640186211        5.9164320328503894        5.0380775872143335       0.99958190606337016       0.23903270332039583     
   2.6100000000000000E-004  0.43874585640926678        5.8938302454143709        5.0545894752567220       0.99959322932880723       0.22998925742307785     
   2.6110000000000000E-004  0.44152586711842301        5.8716197243676955        5.0706919715202812       0.99960749866038334       0.22064261346614236     
   2.6120000000000001E-004  0.44435427917319109        5.8498865291064126        5.0863424488624629       0.99962424422351503       0.21101579800749129     
   2.6130000000000001E-004  0.44722328287519730        5.8287282761969799        5.1014972923636490       0.99964297558053339       0.20113260619237047     
   2.6140000000000001E-004  0.45012564196490401        5.8082507441644724        5.1161125896109914       0.99966320297952171       0.19101675412512098     
   2.6150000000000001E-004  0.45305486609374346        5.7885627018806076        5.1301447622236438       0.99968446022499513       0.18069092794150673     
   2.6160000000000002E-004  0.45600531819603057        5.7697699389004962        5.1435511128353619       0.99970632633553669       0.17017597281467176     
   2.6170000000000002E-004  0.45897224501291450        5.7519695496702115        5.1562902815560534       0.99972844262383098       0.15949041050809307     
   2.6180000000000002E-004  0.46195174422641289        5.7352453247593989        5.1683226193207163       0.99975052246381035       0.14865034634247348     
   2.6190000000000002E-004  0.46494069274097244        5.7196647635591713        5.1796104909065548       0.99977235294660860       0.13766969470423873     
   2.6200000000000003E-004  0.46793666076376800        5.7052778692880235        5.1901185192197561       0.99979378967716870       0.12656057734617304     
   2.6210000000000003E-004  0.47093782897013625        5.6921175948426281        5.1998137779482434       0.99981474723437891       0.11533374544734940     
   2.6220000000000003E-004  0.47394291661188243        5.6802016139502154        5.2086659353479465       0.99983518797536808       0.10399892369915908     
   2.6230000000000003E-004  0.47695112117863397        5.6695349974031926        5.2166473499698487       0.99985511125772464        9.2565037750514598E-002
   2.6240000000000004E-004  0.47996206659615287        5.6601133630168592        5.2237331199834198       0.99987454422702771        8.1040336730545837E-002
   2.6250000000000004E-004  0.48297575628341244        5.6519261194090475        5.2299010905096619       0.99989353451510965        6.9432448210566794E-002
   2.6260000000000004E-004  0.48599252827663653        5.6449595140162003        5.2351318266703402       0.99991214470672818        5.7748406466254058E-002
   2.6270000000000004E-004  0.48901301081466264        5.6391993018552800        5.2394085627444484       0.99993044822340460        4.5994684976082882E-002
   2.6280000000000005E-004  0.49203807770762942        5.6346329450967465        5.2427171391247196       0.99994852634640452        3.4177251788696184E-002
   2.6289999999999999E-004  0.49506880328974406        5.6312513288035593        5.2450459387814199       0.99996646609105455        2.2301653346049510E-002
   2.6300000000000000E-004  0.49810641691042007        5.6290500307121665        5.2463858340801321       0.99998435870061453        1.0373127439007656E-002
   2.6310000000000000E-004  0.50115225691979159        5.6280302067544588        5.2467301531356929        1.0000022985695283       -1.6032595969798723E-003
   2.6320000000000000E-004  0.50420772407413683        5.6281991523188060        5.2460746726700647        1.0000203824401910       -1.3622457906560413E-002
   2.6330000000000000E-004  0.50727423425197538        5.6295705798118698        5.2444176418180835        1.0000387087220177       -2.5679269484551428E-002
   2.6340000000000001E-004  0.51035317033689243        5.6321646220495927        5.2417598385275426        1.0000573767907568       -3.7768183310298444E-002
   2.6350000000000001E-004  0.51344583306822911        5.6360075347475851        5.2381046572455192        1.0000764861241833       -4.9883219616004379E-002
   2.6360000000000001E-004  0.51655339056901284        5.6411310344587706        5.2334582235778377        1.0000961351243451       -6.2017790440395522E-002
   2.6370000000000001E-004  0.51967682613044408        5.6475711833311504        5.2278295288405863        1.0001164193717156       -7.4164580168782565E-002
   2.6380000000000002E-004  0.52281688367107348        5.6553667306017426        5.2212305751571941        1.0001374289364970       -8.6315443572326969E-002
   2.6390000000000002E-004  0.52597401009589795        5.6645568412933995        5.2136765201249995        1.0001592443147351       -9.8461309277484574E-002
   2.6400000000000002E-004  0.52914829351592785        5.6751781990793617        5.2051858093110530        1.0001819303719877      -0.11059206804992773     
   2.6410000000000002E-004  0.53233939597096391        5.6872615677760487        5.1957802852331509        1.0002055276697781      -0.12269641674481763     
   2.6420000000000003E-004  0.53554647894755458        5.7008280224572365        5.1854852626053169        1.0002300407167641      -0.13476162764913754     
   2.6430000000000003E-004  0.53876811985895845        5.7158851942753364        5.1743295608161413        1.0002554232440926      -0.14677322278741420     
   2.6440000000000003E-004  0.54200221822428407        5.7324239760771105        5.1623454848048285        1.0002815615484886      -0.15871455664038850     
   2.6450000000000003E-004  0.54524589241510601        5.7504161713119730        5.1495687436571469        1.0003082581451337      -0.17056635038531190     
   2.6460000000000003E-004  0.54849537229296230        5.7698135184010537        5.1360382924985508        1.0003352189773114      -0.18230627133311011     
   2.6470000000000004E-004  0.55174589980150568        5.7905483865136160        5.1217960789456534        1.0003620477051254      -0.19390869776972053     
   2.6480000000000004E-004  0.55499165658089467        5.8125362094157298        5.1068866725064161        1.0003882498500458      -0.20534482107994143     
   2.6490000000000004E-004  0.55822574142137915        5.8356794282248661        5.0913567571478158        1.0004132475407179      -0.21658318555083925     
   2.6499999999999999E-004  0.56144021836896907        5.8598724160659703        5.0752544768596408        1.0004364027679000      -0.22759064329049219     
   2.6509999999999999E-004  0.56462624169253528        5.8850066412426161        5.0586286416379602        1.0004570458016733      -0.23833355421587160     
   2.6520000000000000E-004  0.56777423214274358        5.9109752865807694        5.0415278240314745        1.0004745057035382      -0.24877896806382058     
   2.6530000000000000E-004  0.57087404411125986        5.9376767308630036        5.0239993998790524        1.0004881412338960      -0.25889553203771698     
   2.6540000000000000E-004  0.57391504717751862        5.9650166649045504        5.0060886065686940        1.0004973708224658      -0.26865396007202880     
   2.6550000000000000E-004  0.57688607162719174        5.9929090009560211        4.9878377037255683        1.0005016989789399      -0.27802700710267303     
   2.6560000000000000E-004  0.57977524023697302        6.0212759597611862        4.9692853206589032        1.0005007353994089      -0.28698896118948092     
   2.6570000000000001E-004  0.58256979349153026        6.0500477175063487        4.9504660568377350        1.0004942067727540      -0.29551474814436818     
   2.6580000000000001E-004  0.58525604478531290        6.0791618543069452        4.9314103629868695        1.0004819698507972      -0.30357894521693923     
   2.6590000000000001E-004  0.58781953474916249        6.1085627259625488        4.9121446744417421        1.0004640368952222      -0.31115526873915034     
   2.6600000000000001E-004  0.59024535887519791        6.1382008572949394        4.8926917159451389        1.0004406082998962      -0.31821706487120094     
   2.6610000000000002E-004  0.59251858850570283        6.1680324867604064        4.8730708796671882        1.0004120861254231      -0.32473878952808066     
   2.6620000000000002E-004  0.59462468410122782        6.1980193865352975        4.8532986075870648        1.0003790394032763      -0.33069774730826340     
   2.6630000000000002E-004  0.59654979811642772        6.2281289955924555        4.8333887668785112        1.0003421151177250      -0.33607502407278206     
   2.6640000000000002E-004  0.59828089376557581        6.2583347977279171        4.8133530545999470        1.0003019232155579      -0.34085491886975439     
   2.6650000000000003E-004  0.59980569170948839        5.4315056329121703E-003   4.7932014755993029        1.0002589439493594      -0.34502304483396778     
   2.6660000000000003E-004  0.60111259071992262        3.5776750421114834E-002   4.7729428984507143        1.0002134982273718      -0.34856410680403982     
   2.6670000000000003E-004  0.60219078128824433        6.6179531774316125E-002   4.7525856264019168        1.0001657956844081      -0.35146072912089216     
   2.6680000000000003E-004  0.60303065007897727        9.6641446217398119E-002   4.7321378588377137        1.0001160381636469      -0.35369439556743948     
   2.6690000000000004E-004  0.60362437514411482       0.12717098520270653        4.7116079110539397        1.0000645195291682      -0.35524850024546945     
   2.6700000000000004E-004  0.60396649412938819       0.15778268443673227        4.6910041335959889        1.0000116608278657      -0.35611217041016763     
   2.6709999999999999E-004  0.60405423852492235       0.18849579323342169        4.6703346006415458       0.99995796537356296      -0.35628285357628148     
   2.6719999999999999E-004  0.60388753561633080       0.21933246921914851        4.6496067471035074       0.99990393753258944      -0.35576626508882814     
   2.6729999999999999E-004  0.60346873233580012       0.25031552829958681        4.6288271612769449       0.99985003170309239      -0.35457376618774716     
   2.6739999999999999E-004  0.60280219316386596       0.28146582538826337        4.6080016723334856       0.99979667212641465      -0.35271861185863446     
   2.6750000000000000E-004  0.60189394511823480       0.31279941017745205        4.5871357543123814       0.99974433184447464      -0.35021294152276028     
   2.6760000000000000E-004  0.60075148801306277       0.34432467527224375        4.5662351660970817       0.99969362398794370      -0.34706679962055986     
   2.6770000000000000E-004  0.59938377974720314       0.37603979403515631        4.5453066994266953       0.99964535206886018      -0.34328936454776299     
   2.6780000000000000E-004  0.59780131256808933       0.40793077223205465        4.5243589170094181       0.99960048485368103      -0.33889150097984522     
   2.6790000000000001E-004  0.59601615372165795       0.43997036023041503        4.5034028114911555       0.99956005927697811      -0.33388823635798293     
   2.6800000000000001E-004  0.59404180960127695       0.47211792571131106        4.4824523738095428       0.99952504682579635      -0.32830004915661476     
   2.6810000000000001E-004  0.59189283397922199       0.50432019847196141        4.4615251041534219       0.99949622286029760      -0.32215250827332576     
   2.6820000000000001E-004  0.58958425596492015       0.53651255062789183        4.4406425179628624       0.99947407081454498      -0.31547441685370309     
   2.6830000000000002E-004  0.58713101072363627       0.56862019094633354        4.4198306827744087       0.99945874504074350      -0.30829512418065708     
   2.6840000000000002E-004  0.58454754761826910       0.60055846142402292        4.3991207674424446       0.99945010218994412      -0.30064202735041579     
   2.6850000000000002E-004  0.58184767762091938       0.63223155467276015        4.3785495063437168       0.99944778855020255      -0.29253938592849571     
   2.6860000000000002E-004  0.57904459088018156       0.66352957189204353        4.3581594151461758       0.99945133986412626      -0.28400910330832424     
   2.6870000000000003E-004  0.57615093658630390       0.69432481568438487        4.3379985991692100       0.99946024034944614      -0.27507301839446752     
   2.6880000000000003E-004  0.57317888892678770       0.72446914474905100        4.3181200993873823       0.99947392234443455      -0.26575525224937430     
   2.6890000000000003E-004  0.57014015070405999       0.75379457623089419        4.2985808752824921       0.99949173486764320      -0.25608312681474049     
   2.6900000000000003E-004  0.56704589017426477       0.78211875958813160        4.2794406278597696       0.99951293021112930      -0.24608614131628975     
   2.6910000000000004E-004  0.56390664952770775       0.80925553560450503        4.2607606553547388       0.99953669944068146      -0.23579377052200926     
   2.6919999999999998E-004  0.56073226961347034       0.83502908653659969        4.2426028283290904       0.99956224819687722      -0.22523352927935861     
   2.6929999999999999E-004  0.55753184386197741       0.85928890203938746        4.2250286551571108       0.99958887507919791      -0.21443039490356036     
   2.6939999999999999E-004  0.55431367823186195       0.88192238423201630        4.2080983620272523       0.99961601658787502      -0.20340765298199834     
   2.6949999999999999E-004  0.55108522590891684       0.90286246568844852        4.1918699477955403       0.99964324794045922      -0.19218835051421393     
   2.6959999999999999E-004  0.54785299430841539       0.92208889679550854        4.1763982499952750       0.99967025439070822      -0.18079634348191281     
   2.6970000000000000E-004  0.54462245796341857       0.93962343207362853        4.1617341161866452       0.99969679708547898      -0.16925636468313421     
   2.6980000000000000E-004  0.54139802184075458       0.95552048856724703        4.1479237817032235       0.99972269061594965      -0.15759318167213474     
   2.6990000000000000E-004  0.53818306084981438       0.96985557559540414        4.1350085145587832       0.99974779597469055      -0.14583034507962719     
   2.7000000000000000E-004  0.53498002986694004       0.98271378864281189        4.1230245288860479       0.99977202260869391      -0.13398908263481535     
   2.7010000000000001E-004  0.53179061489922363       0.99418009797306350        4.1120031194387856       0.99979533101521667      -0.12208767928845229     
   2.7020000000000001E-004  0.52861588969394446        1.0043323590425155        4.1019709465959471       0.99981773043076239      -0.11014140223270272     
   2.7030000000000001E-004  0.52545645064966029        1.0132372105400069        4.0929504025182100       0.99983927065114897       -9.8162834673311883E-002
   2.7040000000000001E-004  0.52231251766979758        1.0209484913883227        4.0849600047742802       0.99986003011093649       -8.6162414308793012E-002
   2.7050000000000002E-004  0.51918400200705428        1.0275075476182520        4.0780147831693503       0.99988010328846311       -7.4148997581831938E-002
   2.7060000000000002E-004  0.51607055029751003        1.0329447555537641        4.0721266415003363       0.99989958991442329       -6.2130336902446515E-002
   2.7070000000000002E-004  0.51297157611189581        1.0372816705865553        4.0673046859786455       0.99991858730301519       -5.0113427296442248E-002
   2.7080000000000002E-004  0.50988628848594120        1.0405333445783018        4.0635555166332482       0.99993718600851300       -3.8104728247040677E-002
   2.7090000000000003E-004  0.50681372340826136        1.0427104911701832        4.0608834789791146       0.99995546829448800       -2.6110293490065866E-002
   2.7100000000000003E-004  0.50375278085875896        1.0438212908114215        4.0592908728210819       0.99997350861782652       -1.4135845413093318E-002
   2.7110000000000003E-004  0.50070226746622781        1.0438727160333565        4.0587781144692228       0.99999137538793237       -2.1868259052141119E-003
   2.7120000000000003E-004  0.49766094337321165        1.0428713227631601        4.0593438488582940        1.0000091334065078        9.7315578843907482E-003
   2.7129999999999998E-004  0.49462757122355777        1.0408234895416566        4.0609850089278376        1.0000268465198783        2.1614283364369866E-002
   2.7139999999999998E-004  0.49160096500552558        1.0377351126108563        4.0636968211127424        1.0000445801861002        3.3456456201948981E-002
   2.7149999999999999E-004  0.48858003657715499        1.0336107868737354        4.0674727576395133        1.0000624037246890        4.5253249302662835E-002
   2.7159999999999999E-004  0.48556383801639447        1.0284525261392243        4.0723044380382598        1.0000803919865706        5.6999835654195773E-002
   2.7169999999999999E-004  0.48255159857895480        1.0222581084125402        4.0781814834869934        1.0000986260993434        6.8691306997949425E-002
   2.7179999999999999E-004  0.47954275619209635        1.0150191804353801        4.0850913280076613        1.0001171927794927        8.0322558141285277E-002
   2.7190000000000000E-004  0.47653698525263205        1.0067193290052678        4.0930189898104379        1.0001361816464232        9.1888103018606587E-002
   2.7200000000000000E-004  0.47353422494072422       0.99733242606151329        4.1019468049680352        1.0001556799347882       0.10338178119337382     
   2.7210000000000000E-004  0.47053471481574444       0.98682165770855423        4.1118541247517832        1.0001757642352183       0.11479632044940898     
   2.7220000000000000E-004  0.46753904605534558       0.97513974390915159        4.1227169799165102        1.0001964896844548       0.12612275679690804     
   2.7230000000000001E-004  0.46454823575577348       0.96223090662642452        4.1345077225725930        1.0002178781953937       0.13734978203343240     
   2.7240000000000001E-004  0.46156382666893203       0.94803508216101484        4.1471946708353276        1.0002399085481206       0.14846318112311033     
   2.7250000000000001E-004  0.45858800561461155       0.93249463605248284        4.1607418023131748        1.0002625116478272       0.15944560032733809     
   2.7260000000000001E-004  0.45562372270757656       0.91556338842913032        4.1751085634871172        1.0002855727221698       0.17027688390572140     
   2.7270000000000001E-004  0.45267478536606276       0.89721712359962336        4.1902498713361345        1.0003089381171915       0.18093506234573481     
   2.7280000000000002E-004  0.44974590229056716       0.87746406724759396        4.2061163676112479        1.0003324189199649       0.19139776067534706     
   2.7290000000000002E-004  0.44684266703920600       0.85635329046541830        4.2226549390153520        1.0003557810806707       0.20164344470066362     
   2.7300000000000002E-004  0.44397149409298203       0.83397888927213160        4.2398094501830981        1.0003787169309322       0.21165178877012758     
   2.7310000000000002E-004  0.44113953887120388       0.81047825657647987        4.2575215827909796        1.0004008070872712       0.22140276976498571     
   2.7320000000000003E-004  0.43835463143795778       0.78602382160487050        4.2757316711477582        1.0004214969632808       0.23087484381928619     
   2.7330000000000003E-004  0.43562522828574074       0.76080909710572708        4.2943794863318372        1.0004401148019173       0.24004332684975918     
   2.7339999999999998E-004  0.43296035429642710       0.73503139160247599        4.3134050150385370        1.0004559387109424       0.24888025618123674     
   2.7349999999999998E-004  0.43036950036866417       0.70887465915587899        4.3327493373662502        1.0004682877635775       0.25735624251670480     
   2.7359999999999998E-004  0.42786247574648906       0.68249620178646886        4.3523556730685193        1.0004765903687300       0.26544351063884225     
   2.7369999999999998E-004  0.42544926007449596       0.65602001582705505        4.3721705439883065        1.0004803946785197       0.27311839556970252     
   2.7379999999999999E-004  0.42313992086125340       0.62953762605721675        4.3921448680224131        1.0004793272668999       0.28036178520167487     
   2.7389999999999999E-004  0.42094463358801215       0.60311498797698615        4.4122347533997228        1.0004730459856064       0.28715729114045074     
   2.7399999999999999E-004  0.41887377915948087       0.57680242416010152        4.4324018415511137        1.0004612390165155       0.29348837417158863     
   2.7409999999999999E-004  0.41693803685043940       0.55064420650812185        4.4526132052523737        1.0004436885712780       0.29933624593269520     
   2.7420000000000000E-004  0.41514837231042412       0.52468522542247342        4.4728409458720977        1.0004203694860443       0.30467976971546756     
   2.7430000000000000E-004  0.41351584819546089       0.49897361318863975        4.4930616723219527        1.0003915260293543       0.30949728417062045     
   2.7440000000000000E-004  0.41205124890602562       0.47355955693160734        4.5132559834311330        1.0003576831823986       0.31376920130908642     
   2.7450000000000000E-004  0.41076459682810595       0.44849142945764786        4.5334079771047957        1.0003195880145819       0.31748001729895065     
   2.7460000000000001E-004  0.40966470366149532       0.42381067666600813        4.5535047423626933        1.0002781103142724       0.32061894732332324     
   2.7470000000000001E-004  0.40875889507240776       0.39954675097762227        4.5735357820970348        1.0002341417584009       0.32317920491224855     
   2.7480000000000001E-004  0.40805296689258064       0.37571300327080781        4.5934923507375274        1.0001885205522951       0.32515650827286219     
   2.7490000000000001E-004  0.40755132219037787       0.35230406023370353        4.6133667387533395        1.0001419897108594       0.32654751951528976     
   2.7500000000000002E-004  0.40725715740364682       0.32929494104530033        4.6331515696364081        1.0000951849485464       0.32734875431168009     
   2.7510000000000002E-004  0.40717255342836783       0.30664201103587896        4.6528391874389099        1.0000486444710923       0.32755626545955158     
   2.7520000000000002E-004  0.40729839433807807       0.28428576508337855        4.6724212064176731        1.0000028316024934       0.32716617241891216     
   2.7530000000000002E-004  0.40763414862153363       0.26215529734394138        4.6918882720820978       0.99995816086589973       0.32617589818687598     
   2.7540000000000003E-004  0.40817763310937571       0.24017409884087026        4.7112300472467581       0.99991501571107189       0.32458574906849280     
   2.7549999999999997E-004  0.40892488816108563       0.21826657824458096        4.7304353888585773       0.99987374889732739       0.32240026131747623     
   2.7559999999999998E-004  0.40987023645330339       0.19636452137169069        4.7494926322270441       0.99983466723911130       0.31962872631476602     
   2.7569999999999998E-004  0.41100651306448183       0.17441268479801231        4.7683898694957643       0.99979801420603953       0.31628460002730013     
   2.7579999999999998E-004  0.41232538812743491       0.15237288638541280        4.7871151159342169       0.99976396816715551       0.31238400607780914     
   2.7589999999999998E-004  0.41381768640813305       0.13022624754970114        4.8056563025063994       0.99973266620023360       0.30794399733622496     
   2.7599999999999999E-004  0.41547364082684751       0.10797354991484376        4.8240010981805570       0.99970424685025994       0.30298137677909692     
   2.7609999999999999E-004  0.41728307125866493        8.5633901255264711E-002   4.8421366213684554       0.99967889056682468       0.29751258202881159     
   2.7619999999999999E-004  0.41923551945884591        6.3242037282541297E-002   4.8600491224168660       0.99965683399870719       0.29155455672533170     
   2.7629999999999999E-004  0.42132037290346841        4.0844667458175721E-002   4.8777237018115986       0.99963834577575406       0.28512598416822510     
   2.7640000000000000E-004  0.42352698517781223        1.8496343608215504E-002   4.8951440853469350       0.99962367211242831       0.27824805761810195     
   2.7650000000000000E-004  0.42584478648851654        6.2794406862105916        4.9122924353586415       0.99961297700437735       0.27094424216727847     
   2.7660000000000000E-004  0.42826338153326521        6.2573656386881735        4.9291491604380822       0.99960630352747082       0.26323906792928570     
   2.7670000000000000E-004  0.43077264100544416        6.2355127691016481        4.9456927018870402       0.99960356916893001       0.25515651456548544     
   2.7680000000000001E-004  0.43336279364298302        6.2139347235848534        4.9618993120963752       0.99960459021768833       0.24671872432007383     
   2.7690000000000001E-004  0.43602451597384406        6.1926804932633406        4.9777428759481710       0.99960911801232855       0.23794556694843064     
   2.7700000000000001E-004  0.43874900687883228        6.1717965154626580        4.9931948426920014       0.99961686979773579       0.22885515334170448     
   2.7710000000000001E-004  0.44152803389229733        6.1513286097234650        5.0082243246149174       0.99962754409620624       0.21946498488238139     
   2.7720000000000002E-004  0.44435394818875357        6.1313242982490044        5.0227983847205531       0.99964082153341560       0.20979321323100061     
   2.7730000000000002E-004  0.44721967932721940        6.1118349731550587        5.0368824928621976       0.99965635879193548       0.19985950894638849     
   2.7740000000000002E-004  0.45011872809232895        6.0929173889210757        5.0504410940568549       0.99967378524508943       0.18968524433261907     
   2.7750000000000002E-004  0.45304517155847723        6.0746341017756036        5.0634382158211633       0.99969270873383187       0.17929297348920384     
   2.7759999999999997E-004  0.45599368470626134        6.0570527244350183        5.0758380462963917       0.99971273138826089       0.16870543208491631     
   2.7769999999999997E-004  0.45895957312121838        6.0402441357264074        5.0876054366144645       0.99973347175658056       0.15794440109729990     
   2.7779999999999998E-004  0.46193880521874880        6.0242799991562164        5.0987063085385698       0.99975458693424468       0.14702975710991550     
   2.7789999999999998E-004  0.46492803170987312        6.0092300453610905        5.1091079716724170       0.99977578927506727       0.13597890561440956     
   2.7800000000000004E-004  0.46792458381833169        5.9951595512909188        5.1187793674735129       0.99979685491053882       0.12480663473983054     
   2.7810000000000004E-004  0.47092644787302157        5.9821273448258614        5.1276912600861113       0.99981762423355791       0.11352530302904527     
   2.7820000000000004E-004  0.47393221951205161        5.9701845227297428        5.1358163900698113       0.99983799646595251       0.10214521795875017     
   2.7830000000000004E-004  0.47694104408212384        5.9593739322071695        5.1431296007108358       0.99985792106529803        9.0675068021882091E-002
   2.7840000000000005E-004  0.47995255051409691        5.9497303567600230        5.1496079412676679       0.99987738832415207        7.9122314264420235E-002
   2.7850000000000005E-004  0.48296678467492354        5.9412812745946377        5.1552307486744260       0.99989642066342532        6.7493498482055062E-002
   2.7860000000000005E-004  0.48598414599672884        5.9340480211306286        5.1599797088527559       0.99991506530298591        5.5794466007569724E-002
   2.7870000000000005E-004  0.48900532901230137        5.9280471795255165        5.1638388999404041       0.99993338840700574        4.4030522761076663E-002
   2.7880000000000005E-004  0.49203126978372957        5.9232920345383810        5.1667948213353263       0.99995147052232480        3.2206554002925547E-002
   2.7890000000000006E-004  0.49506309631698908        5.9197939495355474        5.1688364137182949       0.99996940302202608        2.0327127967726573E-002
   2.7900000000000006E-004  0.49810208178124193        5.9175635545808891        5.1699550757595105       0.99998728527959635        8.3966008075425751E-003
   2.7910000000000006E-004  0.50114959933071879        5.9166116615625457        5.1701446829127855        1.0000052223285663       -3.5807688576798371E-003
   2.7920000000000006E-004  0.50420707746571358        5.9169498471764062        5.1694016126804110        1.0000233227901230       -1.5600693188329875E-002
   2.7930000000000001E-004  0.50727595500119183        5.9185906657837783        5.1677247792357557        1.0000416968507919       -2.7658716572994506E-002
   2.7940000000000002E-004  0.51035763473874718        5.9215474727227617        5.1651156785052841        1.0000604540571054       -3.9750066801518880E-002
   2.7950000000000002E-004  0.51345343482537109        5.9258338572384472        5.1615784429114946        1.0000797006695452       -5.1869497164881387E-002
   2.7960000000000002E-004  0.51656453655566015        5.9314627057495306        5.1571199031096082        1.0000995362956151       -6.4011119395431429E-002
   2.7970000000000002E-004  0.51969192711302858        5.9384449418875809        5.1517496523184114        1.0001200495115041       -7.6168224952135266E-002
   2.7980000000000002E-004  0.52283633560204690        5.9467880212423267        5.1454801074450165        1.0001413121635838       -8.8333088112641012E-002
   2.7990000000000003E-004  0.52599816089493068        5.9564942938244529        5.1383265602935095        1.0001633720730851      -0.10049674066865825     
   2.8000000000000003E-004  0.52917739053098467        5.9675593807928120        5.1303072117169899        1.0001862439215192      -0.11264870427567809     
   2.8010000000000003E-004  0.53237351150279522        5.9799707362778545        5.1214431816583481        1.0002098983121721      -0.12477666691023198     
   2.8020000000000003E-004  0.53558541636116130        5.9937065735801260        5.1117584882470695        1.0002342493708063      -0.13686609885589776     
   2.8030000000000004E-004  0.53881131120799741        6.0087353213999544        5.1012799888126068        1.0002591419734972      -0.14889982951455635     
   2.8040000000000004E-004  0.54204863497459577        6.0250157379374896        5.0900372738337634        1.0002843407280115      -0.16085765126175305     
   2.8050000000000004E-004  0.54529400040497833        6.0424977508895790        5.0780625008978655        1.0003095238652742      -0.17271607316991872     
   2.8060000000000004E-004  0.54854316479777443        6.0611240065210614        5.0653901499152543        1.0003342857574316      -0.18444838910957179     
   2.8070000000000005E-004  0.55179103189899115        6.0808319733553944        5.0520566743827739        1.0003581510157424      -0.19602520933080775     
   2.8080000000000005E-004  0.55503167656168262        6.1015563208414534        5.0381000235355131        1.0003805997319211      -0.20741550009578166     
   2.8090000000000005E-004  0.55825837434490666        6.1232312240870943        5.0235590233373779        1.0004010989628602      -0.21858798991260617     
   2.8100000000000005E-004  0.56146361374447595        6.1457922531732798        5.0084726327102205        1.0004191316231423      -0.22951259073478358     
   2.8110000000000006E-004  0.56463907353228093        6.1691776017263180        4.9928791304604516        1.0004342140249951      -0.24016136119571826     
   2.8120000000000006E-004  0.56777556402051488        6.1933285603135317        4.9768153241032111        1.0004458981547799      -0.25050860067868691     
   2.8130000000000006E-004  0.57086295749866056        6.2181892999676300        4.9603158870098998        1.0004537635061816      -0.26052993692530790     
   2.8140000000000006E-004  0.57389015370304941        6.2437061464162564        4.9434129110541631        1.0004574124630077      -0.27020069167840571     
   2.8150000000000001E-004  0.57684512160762014        6.2698265766393400        4.9261357084907598        1.0004564856990699      -0.27949421769579713     
   2.8160000000000001E-004  0.57971503220796117        1.3312890658710330E-002   4.9085108274582527        1.0004507064529558      -0.28838107945163233     
   2.8170000000000002E-004  0.58248646056137932        4.0482703433434963E-002   4.8905621908748342        1.0004399432862150      -0.29682971377494111     
   2.8180000000000002E-004  0.58514561097064044        6.8096960889595159E-002   4.8723112545173777        1.0004242612884888      -0.30480854955662801     
   2.8190000000000002E-004  0.58767852167014001        9.6101869385452510E-002   4.8537771181200453        1.0004039233046822      -0.31228872664788110     
   2.8200000000000002E-004  0.59007122336396967       0.12444521256751973        4.8349765955606152        1.0003793213638499      -0.31924603742642182     
   2.8210000000000003E-004  0.59230983064146603       0.15307875200292020        4.8159243141895649        1.0003508582487710      -0.32566097015414847     
   2.8220000000000003E-004  0.59438054763436499       0.18196105602534907        4.7966329268289858        1.0003188323133088      -0.33151673286962974     
   2.8230000000000003E-004  0.59626962582732890       0.21106030634433726        4.7771134733894236        1.0002833802563347      -0.33679627090410136     
   2.8240000000000003E-004  0.59796339079670446       0.24035663536886176        4.7573758476042922        1.0002445034807033      -0.34147990157970204     
   2.8250000000000004E-004  0.59944847953543046       0.26984361942856250        4.7374292516330714        1.0002021614949284      -0.34554493674019604     
   2.8260000000000004E-004  0.60071235582839488       0.29952866679479762        4.7172824976950647        1.0001563856676283      -0.34896769265472588     
   2.8270000000000004E-004  0.60174402119792725       0.32943216593038649        4.6969440569763155        1.0001073622520575      -0.35172711903424614     
   2.8280000000000004E-004  0.60253469673880766       0.35958538969220655        4.6764218462895863        1.0000554546720244      -0.35380850297040578     
   2.8290000000000005E-004  0.60307823411267314       0.39002726829859835        4.6557228460368236        1.0000011649019247      -0.35520563793216431     
   2.8300000000000005E-004  0.60337115143585074       0.42080022889787294        4.6348527205095005       0.99994506382103565      -0.35592047792648634     
   2.8310000000000005E-004  0.60341233813860307       0.45194538274221507        4.6138156299739332       0.99988773869953818      -0.35596043935299998     
   2.8320000000000005E-004  0.60320257983299752       0.48349745710489067        4.5926143723869570       0.99982979423547325      -0.35533462451747305     
   2.8330000000000006E-004  0.60274410845812754       0.51547997756875397        4.5712508938262655       0.99977190782698511      -0.35405068690645736     
   2.8340000000000006E-004  0.60204038207161736       0.54790128737904897        4.5497271048710681       0.99971490481241942      -0.35211361921881390     
   2.8350000000000006E-004  0.60109622230954562       0.58075201358929274        4.5280458721492813       0.99965980858290426      -0.34952678051867192     
   2.8360000000000001E-004  0.59991823931525323       0.61400451122229782        4.5062120323584836       0.99960783481441917      -0.34629460685952551     
   2.8370000000000001E-004  0.59851522927550205       0.64761454716404998        4.4842333002614287       0.99956031052935412      -0.34242594697684836     
   2.8380000000000001E-004  0.59689822635718315       0.68152493345477616        4.4621210214435143       0.99951851048324813      -0.33793651586501877     
   2.8390000000000002E-004  0.59508012906014840       0.71567004588387384        4.4398908349552642       0.99948345355900647      -0.33284899801899026     
   2.8400000000000002E-004  0.59307507010043381       0.74997938562182309        4.4175633799113969       0.99945574759086186      -0.32719042212298299     
   2.8410000000000002E-004  0.59089779397570985       0.78437797033148815        4.3951651311425231       0.99943556387982124      -0.32098814686557425     
   2.8420000000000002E-004  0.58856321002597156       0.81878185062559528        4.3727292873825627       0.99942275161683025      -0.31426699825149035     
   2.8430000000000003E-004  0.58608611100983310       0.85308863801003287        4.3502964608661987       0.99941700056764793      -0.30704945434215153     
   2.8440000000000003E-004  0.58348094592287003       0.88716527960253977        4.3279148778017751       0.99941792541606089      -0.29935832520744743     
   2.8450000000000003E-004  0.58076156641099208       0.92083746947875511        4.3056399691369593       0.99942502286592738      -0.29121917524910818     
   2.8460000000000003E-004  0.57794099997016946       0.95388602822498214        4.2835335110878408       0.99943757527883703      -0.28265980803078439     
   2.8470000000000004E-004  0.57503141415893222       0.98605459209225366        4.2616626397448778       0.99945463200226448      -0.27370667358749812     
   2.8480000000000004E-004  0.57204438660865131        1.0170698783446213        4.2400989575692085       0.99947513702208080      -0.26438105861710820     
   2.8490000000000004E-004  0.56899137579161230        1.0466715690058912        4.2189176458617377       0.99949814425423156      -0.25469882670212030     
   2.8500000000000004E-004  0.56588407844703936        1.0746450557694605        4.1981962581518717       0.99952297393976419      -0.24467511964844069     
   2.8510000000000005E-004  0.56273436241139130        1.1008484742396272        4.1780129279996681       0.99954920263100255      -0.23433144389124508     
   2.8520000000000005E-004  0.55955370843688990        1.1252266671137390        4.1584440683182775       0.99957651171041273      -0.22370036534955653     
   2.8530000000000005E-004  0.55635240082730364        1.1478087178278411        4.1395620145888188       0.99960451990150112      -0.21282445817154141     
   2.8540000000000005E-004  0.55313886202937212        1.1686908230686548        4.1214331950177918       0.99963271676830401      -0.20174986613784307     
   2.8550000000000005E-004  0.54991943044724756        1.1880102804299844        4.1041172139444937       0.99966052481887269      -0.19051797407290574     
   2.8560000000000006E-004  0.54669862312816908        1.2059177152835021        4.0876668565982559       0.99968743045031150      -0.17915926692876852     
   2.8570000000000001E-004  0.54347969166057331        1.2225534199714296        4.0721287008589151       0.99971309766992822      -0.16769165709995520     
   2.8580000000000001E-004  0.54026520283815227        1.2380310602213660        4.0575439090415255       0.99973741093609081      -0.15612302432116842     
   2.8590000000000001E-004  0.53705744887650797        1.2524293961197248        4.0439488684606184       0.99976044474191450      -0.14445601188378562     
   2.8600000000000001E-004  0.53385862210443291        1.2657908817800667        4.0313755454897580       0.99978239093332499      -0.13269282762831661     
   2.8610000000000002E-004  0.53067079579735144        1.2781251922880053        4.0198515954929004       0.99980348098676342      -0.12083852596883021     
   2.8620000000000002E-004  0.52749580190863210        1.2894156375189842        4.0094003649703316       0.99982392833104872      -0.10890228618404678     
   2.8630000000000002E-004  0.52433509308209747        1.2996267526538059        4.0000409282296774       0.99984389916078631       -9.6897014287962810E-002
   2.8640000000000002E-004  0.52118964478919638        1.3087118308499202        3.9917882509475020       0.99986350754328723       -8.4837977726376690E-002
   2.8650000000000003E-004  0.51805991791166361        1.3166196257982508        3.9846535071676987       0.99988282495610858       -7.2741182865382281E-002
   2.8660000000000003E-004  0.51494587671764047        1.3232998363853437        3.9786445233267860       0.99990189471280233       -6.0621991480082266E-002
   2.8670000000000003E-004  0.51184704540861092        1.3287072723351470        3.9737662944055683       0.99992074501516359       -4.8494209228982628E-002
   2.8680000000000003E-004  0.50876258512814543        1.3328047895676303        3.9700215114560082       0.99993939801721465       -3.6369672097395091E-002
   2.8690000000000003E-004  0.50569137749528059        1.3355651881907944        3.9674110484855749       0.99995787484229848       -2.4258238741524406E-002
   2.8700000000000004E-004  0.50263210634605215        1.3369723022905404        3.9659343711516684       0.99997619765283929       -1.2168061237924202E-002
   2.8710000000000004E-004  0.49958333426139045        1.3370214936818021        3.9655898441072757       0.99999439002333834       -1.0601683445744800E-004
   2.8720000000000004E-004  0.49654357380663056        1.3357197156401712        3.9663749250351281        1.0000124765818679        1.1921784149392827E-002
   2.8730000000000004E-004  0.49351135527348733        1.3330852510966515        3.9682862410200674        1.0000304824690871        2.3909469601692691E-002
   2.8740000000000005E-004  0.49048529339991498        1.3291471608329495        3.9713195479518277        1.0000484328850596        3.5850892482669830E-002
   2.8750000000000005E-004  0.48746415530801807        1.3239444114704471        3.9754695776379556        1.0000663529343672        4.7739165725589408E-002
   2.8760000000000005E-004  0.48444693080735529        1.3175245980676413        3.9807297819038743        1.0000842681154611        5.9566287678280067E-002
   2.8770000000000005E-004  0.48143290416512274        1.3099421384755736        3.9870919894232606        1.0001022060424620        7.1322919266498572E-002
   2.8780000000000000E-004  0.47842172340257288        1.3012558026313510        3.9945460000002528        1.0001202001846092        8.2998394668499967E-002
   2.8790000000000000E-004  0.47541345937611834        1.2915254545221249        4.0030791516507795        1.0001382962317575        9.4581050158088875E-002
   2.8800000000000001E-004  0.47240864335761784        1.2808079381828961        4.0126759052336585        1.0001565610040457       0.10605892646159702     
   2.8810000000000001E-004  0.46940827040672811        1.2691521439858082        4.0233174946063830        1.0001750922056736       0.11742081211129682     
   2.8820000000000001E-004  0.46641375929710238        1.2565934483963419        4.0349816808196639        1.0001940249750956       0.12865744584838873     
   2.8830000000000001E-004  0.46342687084137058        1.2431479389072511        4.0476426216271379        1.0002135289187861       0.13976250593648396     
   2.8840000000000002E-004  0.46044960571480870        1.2288071184880360        4.0612708231916992        1.0002337886255070       0.15073285432187242     
   2.8850000000000002E-004  0.45748412617960404        1.2135341129500059        4.0758330903870510        1.0002549634489704       0.16156748948283944     
   2.8860000000000002E-004  0.45453276307498885        1.1972627221423586        4.0912923588605530        1.0002771300351185       0.17226492135706889     
   2.8870000000000002E-004  0.45159816505482647        1.1799008392448300        4.1076073064244811        1.0003002225472140       0.18281927222503369     
   2.8880000000000003E-004  0.44868360843705091        1.1613396136991190        4.1247317260631506        1.0003239961638166       0.19321620867949607     
   2.8890000000000003E-004  0.44579341367376707        1.1414690179040399        4.1426137915475838        1.0003480407359850       0.20343045603553478     
   2.8900000000000003E-004  0.44293333267852797        1.1201990472696250        4.1611955067027893        1.0003718541753752       0.21342659185415050     
   2.8910000000000003E-004  0.44011072923876915        1.0974837246268692        4.1804127064060168        1.0003949498864435       0.22316366849838923     
   2.8920000000000004E-004  0.43733442534978367        1.0733429497769658        4.2001958822288978        1.0004169376990544       0.23260221964781738     
   2.8930000000000004E-004  0.43461423424688439        1.0478760571289438        4.2204718302498074        1.0004375162074735       0.24171045934691762     
   2.8940000000000004E-004  0.43196036702110369        1.0212617665557993        4.2411657842483397        1.0004563649284477       0.25046640825709254     
   2.8950000000000004E-004  0.42938296840700985       0.99374237942013188        4.2622035076937177        1.0004730027313053       0.25885485920083512     
   2.8960000000000005E-004  0.42689194861923718       0.96559472615688247        4.2835129170323194        1.0004867208820694       0.26686132415702651     
   2.8970000000000005E-004  0.42449709442405387       0.93709475073611515        4.3050251468673943        1.0004966570947811       0.27446703524909938     
   2.8980000000000005E-004  0.42220829806226373       0.90848486852585975        4.3266753059183252        1.0005019720635042       0.28164806951700072     
   2.8990000000000000E-004  0.42003573152255919       0.87995227898158390        4.3484032600971538        1.0005020118693868       0.28837847091573898     
   2.9000000000000000E-004  0.41798989370567580       0.85162250528778394        4.3701545673800180        1.0004963579309396       0.29463445726629950     
   2.9010000000000000E-004  0.41608155471447411       0.82356724861024944        4.3918813765059674        1.0004847625578792       0.30039649532781454     
   2.9020000000000001E-004  0.41432163690439028       0.79582147275413195        4.4135429551823409        1.0004670603587482       0.30564812880287878     
   2.9030000000000001E-004  0.41272103609145122       0.76840302946389194        4.4351056389663999        1.0004431566211223       0.31037309803852853     
   2.9040000000000001E-004  0.41129035431747318       0.74132909193660179        4.4565422639475765        1.0004131208565170       0.31455346878527857     
   2.9050000000000001E-004  0.41003952417491524       0.71462604632243210        4.4778313468888893        1.0003773196860610       0.31817051287417697     
   2.9060000000000002E-004  0.40897736000005180       0.68833205474754422        4.4989562786722592        1.0003364849611291       0.32120789560521423     
   2.9070000000000002E-004  0.40811113800617577       0.66249348813111819        4.5199046419591253        1.0002916549971708       0.32365504329327482     
   2.9080000000000002E-004  0.40744632957768795       0.63715755254082485        4.5406675896918536        1.0002440079972033       0.32550845920208027     
   2.9090000000000002E-004  0.40698657128483579       0.61236369073038421        4.5612391418956806        1.0001946706167597       0.32677009521265682     
   2.9100000000000003E-004  0.40673387878759787       0.58813592667558900        4.5816153050264896        1.0001445930412702       0.32744371817412865     
   2.9110000000000003E-004  0.40668901743176022       0.56447753668385126        4.6017930433960608        1.0000945326278294       0.32753135376734793     
   2.9120000000000003E-004  0.40685186292051762       0.54136862560723298        4.6217692490753999        1.0000451194464723       0.32703167690153812     
   2.9130000000000003E-004  0.40722156931803954       0.51876660655704399        4.6415398968164201       0.99999693901695430       0.32594097395869287     
   2.9140000000000004E-004  0.40779644336795179       0.49660926786016191        4.6610995228381213       0.99995057521065933       0.32425593684664356     
   2.9150000000000004E-004  0.40857357765828728       0.47481995427218937        4.6804410662904719       0.99990659397880133       0.32197679884070357     
   2.9160000000000004E-004  0.40954843330015689       0.45331426359930926        4.6995560110136863       0.99986548702247335       0.31910942904735345     
   2.9170000000000004E-004  0.41071460038905633       0.43200751639992596        4.7184347009820842       0.99982761291918676       0.31566569844375025     
   2.9180000000000005E-004  0.41206387874209816       0.41082214602671385        4.7370666888631092       0.99979316840875632       0.31166226041036821     
   2.9190000000000005E-004  0.41358666316269926       0.38969416438761151        4.7554410058559169       0.99976220324522413       0.30711847716605750     
   2.9200000000000000E-004  0.41527248852413395       0.36857802162955178        4.7735462939023288       0.99973467057125087       0.30205439446026766     
   2.9210000000000000E-004  0.41711054799085479       0.34744945667143146        4.7913707958515372       0.99971049005860368       0.29648943310636522     
   2.9220000000000000E-004  0.41909004217252860       0.32630624725978485        4.8089022367686676       0.99968960032737020       0.29044202090539528     
   2.9230000000000000E-004  0.42120031684814530       0.30516703670798506        4.8261276444697598       0.99967198673074931       0.28392999243069200     
   2.9240000000000001E-004  0.42343084649185353       0.28406860184813976        4.8430331548962560       0.99965768256037157       0.27697139223026923     
   2.9250000000000001E-004  0.42577117161484046       0.26306203092057334        4.8596038367595877       0.99964675005213888       0.26958531840617922     
   2.9260000000000001E-004  0.42821088462812446       0.24220832266704484        4.8758235560535255       0.99963924978372198       0.26179253448508816     
   2.9270000000000001E-004  0.43073970361388281       0.22157391346888566        4.8916748867791702       0.99963520710917730       0.25361567519436035     
   2.9280000000000002E-004  0.43334761502167168       0.20122659288326172        4.9071390616687509       0.99963458331354160       0.24507896680204622     
   2.9290000000000002E-004  0.43602503566488426       0.18123217598630426        4.9221959487948048       0.99963725844409335       0.23620750015137107     
   2.9300000000000002E-004  0.43876294852776715       0.16165218614146859        4.9368240413737041       0.99964302951145834       0.22702622793426477     
   2.9310000000000002E-004  0.44155298851390895       0.14254266815532191        4.9510004579424631       0.99965162348693959       0.21755895242909948     
   2.9320000000000003E-004  0.44438747849520188       0.12395410346815616        4.9647009635931401       0.99966272016955215       0.20782757971594515     
   2.9330000000000003E-004  0.44725943208273622       0.10593225063131229        4.9779000339208572       0.99967597779462525       0.19785182827208656     
   2.9340000000000003E-004  0.45016254305963727        8.8519612325986152E-002   4.9905709860393612       0.99969105473856246       0.18764942194618739     
   2.9350000000000003E-004  0.45309117537064764        7.1757160604105863E-002   5.0026861934106552       0.99970762362720067       0.17723663557492952     
   2.9360000000000003E-004  0.45604035813074856        5.5685949553073932E-002   5.0142173858345807       0.99972537786940363       0.16662896161168447     
   2.9370000000000004E-004  0.45900578291487609        4.0348308712064629E-002   5.0251360183606648       0.99974403335263984       0.15584166037074534     
   2.9380000000000004E-004  0.46198379772476755        2.5788432271625972E-002   5.0354136794721933       0.99976332876260754       0.14489003519858129     
   2.9390000000000004E-004  0.46497139295809548        1.2052334702429057E-002   5.0450225041079584       0.99978302700602950       0.13378939289125372     
   2.9400000000000004E-004  0.46796617729153200        6.2823725731393631        5.0539355597413822       0.99980291860366577       0.12255475506435418     
   2.9409999999999999E-004  0.47096634381474017        6.2704260670781196        5.0621271825357814       0.99982282633996644       0.11120044593782279     
   2.9420000000000000E-004  0.47397062811685892        6.2594448293267844        5.0695732520930932       0.99984260966718097        9.9739687305438737E-002
   2.9430000000000000E-004  0.47697826090536055        6.2494736555529782        5.0762514040141040       0.99986216749906709        8.8184298128677174E-002
   2.9440000000000000E-004  0.47998891775711217        6.2405545230231843        5.0821411871784958       0.99988143862800805        7.6544545589677881E-002
   2.9450000000000000E-004  0.48300266794293645        6.2327259368916028        5.0872241766512678       0.99990039973439515        6.4829148350531510E-002
   2.9460000000000001E-004  0.48601992346208356        6.2260225531126325        5.0914840539705652       0.99991906152259113        5.3045402310074478E-002
   2.9470000000000001E-004  0.48904138875472664        6.2204750532477728        5.0949066654731388       0.99993746368744607        4.1199387194566915E-002
   2.9480000000000001E-004  0.49206801111033444        6.2161102112522899        5.0974800670370204       0.99995566949656745        2.9296215551879407E-002
   2.9490000000000001E-004  0.49510093152787971        6.2129510767436047        5.0991945615173186       0.99997376043338948        1.7340296172295364E-002
   2.9500000000000001E-004  0.49814143564576224        6.2110171993054308        5.1000427332984737       0.99999183116014101        5.3355958073285142E-003
   2.9510000000000002E-004  0.50119090432441560        6.2103248266019611        5.1000194829760037        1.0000099848163040       -6.7141050804421709E-003
   2.9520000000000002E-004  0.50425076346688613        6.2108870237854443        5.0991220640588919        1.0000283285113913       -1.8804960473889756E-002
   2.9530000000000002E-004  0.50732243267659405        6.2127136812719712        5.0973501226195772        1.0000469687727014       -3.0932804756898431E-002
   2.9540000000000002E-004  0.51040727236686179        6.2158114001795406        5.0947057399074236        1.0000660066642966       -4.3092889077656883E-002
   2.9550000000000003E-004  0.51350652895066162        6.2201832674207118        5.0911934769198242        1.0000855323162654       -5.5279602333141518E-002
   2.9560000000000003E-004  0.51662127775214650        6.2258285503132527        5.0868204185548764        1.0001056187189801       -6.7486174969577234E-002
   2.9570000000000003E-004  0.51975236330568242        6.2327423585470436        5.0815962134006627        1.0001263147007875       -7.9704370020492549E-002
   2.9580000000000003E-004  0.52290033682605708        6.2409153435342875        5.0755331033673787        1.0001476372912224       -9.1924179322293159E-002
   2.9590000000000004E-004  0.52606539087711324        6.2503335079357480        5.0686459345689547        1.0001695640198816      -0.10413355615348191     
   2.9600000000000004E-004  0.52924729163591433        6.2609781924752506        5.0609521376945459        1.0001920261137041      -0.11631823244421501     
   2.9610000000000004E-004  0.53244530970944437        6.2728262905043843        5.0524716629027253        1.0002149037184727      -0.12846167808643619     
   2.9619999999999999E-004  0.53565815113940074        2.6654036205355780E-003   5.0432268521412960        1.0002380242869675      -0.14054525639861570     
   2.9629999999999999E-004  0.53888389087074229        1.6835758210498319E-002   5.0332422322091572        1.0002611647123947      -0.15254859990144945     
   2.9639999999999999E-004  0.54211991120250369        3.2119199081960481E-002   5.0225442165809042        1.0002840567317302      -0.16445017267481299     
   2.9650000000000000E-004  0.54536284698498783        4.8481275299241844E-002   5.0111607142295052        1.0003063938339154      -0.17622790649686240     
   2.9660000000000000E-004  0.54860853788712982        6.5886643488726193E-002   4.9991206589522035        1.0003278370017301      -0.18785972386218067     
   2.9670000000000000E-004  0.55185198717504813        8.4299453734754337E-002   4.9864534902513880        1.0003480170225705      -0.19932373312569393     
   2.9680000000000000E-004  0.55508732484820911       0.10368328434729079        4.9731886318995091        1.0003665331375535      -0.21059794072392182     
   2.9690000000000001E-004  0.55830777163436895       0.12400059316296996        4.9593550197738132        1.0003829514789713      -0.22165948141603042     
   2.9700000000000001E-004  0.56150560132071414       0.14521176508405897        4.9449807213841339        1.0003968098719629      -0.23248357925299393     
   2.9710000000000001E-004  0.56467210428516590       0.16727394385365724        4.9300926666192240        1.0004076360528409      -0.24304263387531780     
   2.9720000000000001E-004  0.56779756446308627       0.19013991893331816        4.9147164794834284        1.0004149826871342      -0.25330588353037742     
   2.9730000000000002E-004  0.57087127135299098       0.21375738181945358        4.8988763754037601        1.0004184746732987      -0.26323996748610196     
   2.9740000000000002E-004  0.57388159018107976       0.23806886262697180        4.8825950787294685        1.0004178560608936      -0.27281041518882987     
   2.9750000000000002E-004  0.57681610237312020       0.26301259166050706        4.8658937249071084        1.0004130185124356      -0.28198371973295711     
   2.9760000000000002E-004  0.57966180753732899       0.28852442895910801        4.8487917403572780        1.0004039945258598      -0.29072934624689978     
   2.9770000000000003E-004  0.58240534680054645       0.31454085743942706        4.8313067270999248        1.0003909104021953      -0.29902094551101199     
   2.9780000000000003E-004  0.58503317547862799       0.34100281365266394        4.8134543994838488        1.0003739100407256      -0.30683626693549310     
   2.9790000000000003E-004  0.58753161214807459       0.36785992370799292        4.7952486185585723        1.0003530745974245      -0.31415573369749217     
   2.9800000000000003E-004  0.58988674102168115       0.39507458339889112        4.7767015457431796        1.0003283666677651      -0.32096016252718507     
   2.9810000000000004E-004  0.59208424257593317       0.42262529977951235        4.7578239010004779        1.0002996199852232      -0.32722846888147511     
   2.9820000000000004E-004  0.59410932864509514       0.45050878255444804        4.7386252743120858        1.0002665813951994      -0.33293625916334568     
   2.9829999999999999E-004  0.59594698773021637       0.47874040596442935        4.7191144121810771        1.0002289968348399      -0.33805597802821358     
   2.9839999999999999E-004  0.59758263427350444       0.50735282167437568        4.6992993876974163        1.0001867231627457      -0.34255885812476711     
   2.9849999999999999E-004  0.59900300911577209       0.53639269001700018        4.6791875671846501        1.0001398378488491      -0.34641842096687364     
   2.9859999999999999E-004  0.60019699144769534       0.56591570840185934        4.6587853263787924        1.0000887032791963      -0.34961462489860889     
   2.9870000000000000E-004  0.60115601188225776       0.59598032588503358        4.6380975596353000        1.0000339451567757      -0.35213707967733221     
   2.9880000000000000E-004  0.60187397249622854       0.62664071930102683        4.6171271461727486       0.99997634306260230      -0.35398559887973718     
   2.9890000000000000E-004  0.60234681936544765       0.65793977209806442        4.5958746252796026       0.99991669374018899      -0.35516729472898506     
   2.9900000000000000E-004  0.60257201848620667       0.68990295593069106        4.5743383173464212       0.99985574218688766      -0.35569125177302613     
   2.9910000000000001E-004  0.60254816408415623       0.72253413991467053        4.5525149938387628       0.99979423533747669      -0.35556338324143477     
   2.9920000000000001E-004  0.60227492710634289       0.75581435729218338        4.5304010111032715       0.99973306283559649      -0.35478409483218176     
   2.9930000000000001E-004  0.60175340613990724       0.78970432330465190        4.5079936760348325       0.99967339195102167      -0.35334992384531339     
   2.9940000000000001E-004  0.60098664307841843       0.82415083728180516        4.4852925733887856       0.99961669116699869      -0.35125831673374119     
   2.9950000000000002E-004  0.59997995332445331       0.85909592769134946        4.4623006888073569       0.99956456937592197      -0.34851278558601240     
   2.9960000000000002E-004  0.59874093889311020       0.89448598572254046        4.4390253765189440       0.99951847209416400      -0.34512498522621909     
   2.9970000000000002E-004  0.59727933766038177       0.93027691189950001        4.4154793934228929       0.99947941524173589      -0.34111225851006494     
   2.9980000000000002E-004  0.59560688209764434       0.96643136499263171        4.3916821654024414       0.99944794325173314      -0.33649315793578399     
   2.9990000000000003E-004  0.59373712605316753        1.0029059891972150        4.3676611580946130       0.99942431297248380      -0.33128574346606338     
   3.0000000000000003E-004  0.59168502565922598        1.0396297230849374        4.3434529314806136       0.99940868934749882      -0.32551098222079866     
   3.0010000000000003E-004  0.58946609922408488        1.0764782341920167        4.3191034726307000       0.99940110992722786      -0.31919785468922102     
   3.0020000000000003E-004  0.58709530746616601        1.1132528121137328        4.2946678232616051       0.99940119834042507      -0.31238311788856787     
   3.0030000000000004E-004  0.58458617652633782        1.1496733492446944        4.2702095522937755       0.99940791665371209      -0.30510183271612623     
   3.0039999999999998E-004  0.58195075732305168        1.1853933608527738        4.2458007056706029       0.99941971262495033      -0.29737370792323553     
   3.0049999999999999E-004  0.57920060395521178        1.2200395846002579        4.2215222111908348       0.99943509641839701      -0.28919702974156314     
   3.0059999999999999E-004  0.57634822566198163        1.2532700755013186        4.1974637759953906       0.99945326279966329      -0.28055904058629944     
   3.0069999999999999E-004  0.57340797069357319        1.2848356552769102        4.1737219882032459       0.99947423824121573      -0.27145939481959291     
   3.0079999999999999E-004  0.57039557998265533        1.3146249342012615        4.1503961766301742       0.99949837082762982      -0.26193087187083941     
   3.0090000000000000E-004  0.56732655562905754        1.3426770859196822        4.1275831272493964       0.99952555998710668      -0.25204102212955409     
   3.0100000000000000E-004  0.56421429700034154        1.3691585483784445        4.1053727369750046       0.99955484778263826      -0.24187192197525287     
   3.0110000000000000E-004  0.56106906407659274        1.3943134059945219        4.0838462328959846       0.99958465344507397      -0.23149095533782160     
   3.0120000000000000E-004  0.55789818415859782        1.4184047172195449        4.0630770441788586       0.99961341471488852      -0.22093071961032518     
   3.0130000000000001E-004  0.55470712885460183        1.4416629831277330        4.0431329653572075       0.99964016579223491      -0.21018830417149467     
   3.0140000000000001E-004  0.55150073214000961        1.4642514793423462        4.0240778463961160       0.99966473665127609      -0.19924123392297291     
   3.0150000000000001E-004  0.54828397112627569        1.4862509703954094        4.0059717323996837       0.99968756533054870      -0.18806896697986480     
   3.0160000000000001E-004  0.54506213039921858        1.5076611830514484        3.9888694923752439       0.99970932318319305      -0.17666877718747909     
   3.0170000000000002E-004  0.54184051597359273        1.5284138723276275        3.9728187878839845       0.99973058142898996      -0.16506060595527641     
   3.0180000000000002E-004  0.53862401560248319        1.5483918240396086        3.9578583972006687       0.99975164840407726      -0.15328208142710872     
   3.0190000000000002E-004  0.53541674149549290        1.5674489718497817        3.9440175461800910       0.99977257904130223      -0.14137870539480046     
   3.0200000000000002E-004  0.53222185623658758        1.5854283017585376        3.9313163573903864       0.99979327959526354      -0.12939436640492555     
   3.0210000000000002E-004  0.52904157060266466        1.6021758085926070        3.9197671254274811       0.99981362231386306      -0.11736521745812546     
   3.0220000000000003E-004  0.52587725011305386        1.6175500667699367        3.9093759785800084       0.99983352013332449      -0.10531749777053516     
   3.0230000000000003E-004  0.52272956475698262        1.6314278230966996        3.9001445459160711       0.99985295212041803       -9.3268302291226943E-002
   3.0240000000000003E-004  0.51959863723824129        1.6437064343479983        3.8920713988364470       0.99987195419622443       -8.1227830355824468E-002
   3.0249999999999998E-004  0.51648416865380731        1.6543040694145814        3.8851531821723175       0.99989059505894307       -6.9201901308837133E-002
   3.0259999999999998E-004  0.51338553719855551        1.6631585074432707        3.8793854471054692       0.99990895204269148       -5.7194038548518671E-002
   3.0269999999999999E-004  0.51030187395498794        1.6702251966671815        3.8747632427102019       0.99992709405954305       -4.5206880698203146E-002
   3.0279999999999999E-004  0.50723212240212989        1.6754750623247814        3.8712815303822978       0.99994507303805902       -3.3242962953063712E-002
   3.0289999999999999E-004  0.50417508772818631        1.6788923997524572        3.8689354741119235       0.99996292225087968       -2.1305030183445053E-002
   3.0299999999999999E-004  0.50112948035993576        1.6804730708472526        3.8677206430464293       0.99998065916589973       -9.3960580191675344E-003
   3.0309999999999999E-004  0.49809395638121656        1.6802231342327412        3.8676331480162145       0.99999829070021884        2.4808799123156966E-003
   3.0320000000000000E-004  0.49506715620505520        1.6781579776102289        3.8686697231555667        1.0000158194446576        1.4322806049681764E-002
   3.0330000000000000E-004  0.49204774210774227        1.6743019779450030        3.8708277568361433        1.0000332499830367        2.6127037245206687E-002
   3.0340000000000000E-004  0.48903443501581467        1.6686886810977750        3.8741052714190185        1.0000505947208806        3.7891347119614914E-002
   3.0350000000000000E-004  0.48602605124001241        1.6613614588348025        3.8785008469386772        1.0000678786205048        4.9614048713619581E-002
   3.0360000000000001E-004  0.48302154068833891        1.6523745602502968        3.8840134780668154        1.0000851419742378        6.1293933823083686E-002
   3.0370000000000001E-004  0.48002002943514810        1.6417944197420180        3.8906423455543662        1.0001024400051539        7.2929979094514860E-002
   3.0380000000000001E-004  0.47702087111647312        1.6297010104643093        3.8983864729486997        1.0001198378506098        8.4520707792578240E-002
   3.0390000000000001E-004  0.47402371290725492        1.6161889411170494        3.9072442287575666        1.0001373999425704        9.6063108846486903E-002
   3.0400000000000002E-004  0.47102858168193340        1.6013678869593191        3.9172126290382190        1.0001551741903443       0.10755108947563177     
   3.0410000000000002E-004  0.46803599278826941        1.5853618385156256        3.9282864043781434        1.0001731744068127       0.11897361135536581     
   3.0420000000000002E-004  0.46504707585784072        1.5683065819423634        3.9404568294988200        1.0001913686245156       0.13031293216649326     
   3.0430000000000002E-004  0.46206369849318257        1.5503448445965979        3.9537103812479364        1.0002096846253994       0.14154368850574037     
   3.0440000000000003E-004  0.45908855197555426        1.5316187072367438        3.9680273871114262        1.0002280435827369       0.15263375409107696     
   3.0450000000000003E-004  0.45612515117155189        1.5122592457062787        3.9833809237456870        1.0002464237094768       0.16354764014530676     
   3.0459999999999998E-004  0.45317770667499052        1.4923739218343561        3.9997362683829079        1.0002649366232914       0.17425244499637910     
   3.0469999999999998E-004  0.45025086391376551        1.4720329361917814        4.0170511286080650        1.0002838757111534       0.18472500527635094     
   3.0479999999999998E-004  0.44734937322397689        1.4512564797174523        4.0352766421231241        1.0003036841650690       0.19495742461916685     
   3.0489999999999998E-004  0.44447783410624492        1.4300054706233780        4.0543587966095433        1.0003248093882813       0.20495749804450342     
   3.0499999999999999E-004  0.44164069654345223        1.4081788525192964        4.0742396275904627        1.0003474655561517       0.21474170453590097     
   3.0509999999999999E-004  0.43884264859791067        1.3856207224953740        4.0948575230981250        1.0003713987880478       0.22432168040021483     
   3.0519999999999999E-004  0.43608935149489869        1.3621400834859276        4.1161463405496290        1.0003957951475007       0.23368929033751928     
   3.0529999999999999E-004  0.43338825444019341        1.3375441703331870        4.1380337483476941        1.0004194417043677       0.24280810905787248     
   3.0540000000000000E-004  0.43074906262626289        1.3116824085102339        4.1604398901012116        1.0004411206195567       0.25161762128792026     
   3.0550000000000000E-004  0.42818349318922688        1.2844924801018083        4.1832776375588443        1.0004600349916861       0.26004999789901917     
   3.0560000000000000E-004  0.42570429323766096        1.2560350506898086        4.2064550588200254        1.0004759761843685       0.26805109317246417     
   3.0570000000000000E-004  0.42332395511000120        1.2265032999463319        4.2298795508162268        1.0004890816438203       0.27559349426940605     
   3.0580000000000001E-004  0.42105379899725931        1.1962000127178545        4.2534621536299202        1.0004993429635527       0.28267414222817422     
   3.0590000000000001E-004  0.41890385781067774        1.1654867572454641        4.2771205817979654        1.0005062364528852       0.28929944367622412     
   3.0600000000000001E-004  0.41688347360248729        1.1347206684016964        4.3007804471536284        1.0005087448659717       0.29546870502168077     
   3.0610000000000001E-004  0.41500211485694388        1.1041986523740475        4.3243752394087354        1.0005057159559121       0.30116602941772491     
   3.0620000000000002E-004  0.41326990044697337        1.0741244943019970        4.3478460689718412        1.0004962731381450       0.30636333539289473     
   3.0630000000000002E-004  0.41169758458906697        1.0446042922882262        4.3711418043888681        1.0004800209508511       0.31102964796975363     
   3.0640000000000002E-004  0.41029607064559642        1.0156653002148017        4.3942195425560069        1.0004569962139715       0.31513942486635754     
   3.0650000000000002E-004  0.40907569913990027       0.98728715420334634        4.4170449346875609        1.0004275027945908       0.31867563494291218     
   3.0660000000000003E-004  0.40804555945649257       0.95943392592023535        4.4395919688318823        1.0003919938674739       0.32162799425243055     
   3.0669999999999997E-004  0.40721298537787914       0.93207881958037930        4.4618421579652177        1.0003510696171372       0.32398961614873922     
   3.0679999999999998E-004  0.40658331305322865       0.90521782675053508        4.4837833705439394        1.0003055437733801       0.32575521139109082     
   3.0689999999999998E-004  0.40615992075084251       0.87887235436486133        4.5054086001264420        1.0002564770091893       0.32692176151029673     
   3.0699999999999998E-004  0.40594449822781159       0.85308317638788900        4.5267148373554482        1.0002051042601185       0.32749019670082313     
   3.0709999999999998E-004  0.40593741665200828       0.82789918754767466        4.5477020242254920        1.0001526683263642       0.32746575789358467     
   3.0719999999999999E-004  0.40613804772798390       0.80336460152949840        4.5683719757216474        1.0001002485900989       0.32685589456918002     
   3.0730000000000004E-004  0.40654493834278832       0.77950767079090522        4.5887272021568171        1.0000486825643435       0.32566668310071656     
   3.0740000000000005E-004  0.40715582552330037       0.75633297315009429        4.6087697063180766       0.99999861208759488       0.32390012347815861     
   3.0750000000000005E-004  0.40796750973467732       0.73381815499802450        4.6284999500703954       0.99995060128181568       0.32155425171630680     
   3.0760000000000005E-004  0.40897562094288525       0.71191505202584260        4.6479161999031486       0.99990523659491937       0.31862629650551116     
   3.0770000000000005E-004  0.41017435256602924       0.69055444572169655        4.6670143633203658       0.99986314238388030       0.31511735875370050     
   3.0780000000000005E-004  0.41155627644469162       0.66965333033107122        4.6857882713065973       0.99982490424889203       0.31103627819579782     
   3.0790000000000006E-004  0.41311234754094855       0.64912339776480898        4.7042302235826572       0.99979094865744500       0.30640082654240230     
   3.0800000000000006E-004  0.41483214851343120       0.62887947571348324        4.7223315549827154       0.99976145012007256       0.30123576053485790     
   3.0810000000000006E-004  0.41670433639932880       0.60884688479214866        4.7400830222878749       0.99973631774763971       0.29556877516940050     
   3.0820000000000006E-004  0.41871718003358244       0.58896705944221761        4.7574749231158657       0.99971526787045473       0.28942626022546630     
   3.0830000000000007E-004  0.42085905199961177       0.56920118052549729        4.7744969841842115       0.99969794617059116       0.28283063323842261     
   3.0840000000000002E-004  0.42311876799783926       0.54953186449277247        4.7911381390331087       0.99968404363875629       0.27580008180801430     
   3.0850000000000002E-004  0.42548573108429827       0.52996309594303526        4.8073863272726314       0.99967336157856490       0.26835035950650393     
   3.0860000000000002E-004  0.42794990040413611       0.51051863485679849        4.8232283989519944       0.99966581138878652       0.26049744176749395     
   3.0870000000000002E-004  0.43050165146789299       0.49123917254272609        4.8386501360265486       0.99966136643133330       0.25225971965291027     
   3.0880000000000002E-004  0.43313161983717657       0.47217859234464132        4.8536363483801397       0.99965999892840418       0.24365891033796491     
   3.0890000000000003E-004  0.43583061119083688       0.45339976831129025        4.8681709838860385       0.99966163147112530       0.23471960604217365     
   3.0900000000000003E-004  0.43858962246279154       0.43497037269510130        4.8822372079876812       0.99966611637042746       0.22546794915783003     
   3.0910000000000003E-004  0.44139996894135569       0.41695911944827024        4.8958174396888108       0.99967324026336424       0.21593010288422623     
   3.0920000000000003E-004  0.44425347258502579       0.39943274808283125        4.9088933581475827       0.99968274262729739       0.20613102978941247     
   3.0930000000000004E-004  0.44714265146364618       0.38245390127369916        4.9214459073555918       0.99969433691993070       0.19609378912122394     
   3.0940000000000004E-004  0.45006086009861018       0.36607991259289197        4.9334553255767002       0.99970772786935946       0.18583930819073852     
   3.0950000000000004E-004  0.45300235550263634       0.35036241680659952        4.9449012171002069       0.99972262342023999       0.17538646079950401     
   3.0960000000000004E-004  0.45596229078425848       0.33534762439800403        4.9557626728211757       0.99973874270886232       0.16475228543240067     
   3.0970000000000005E-004  0.45893665633204322       0.32107705714465951        4.9660184371601970       0.99975582187896805       0.15395223310018938     
   3.0980000000000005E-004  0.46192219420802794       0.30758852228759004        4.9756471130978088       0.99977361883661342       0.14300039315086210     
   3.0990000000000005E-004  0.46491630787279087       0.29491712585317664        4.9846273947243427       0.99979191719394800       0.13190968158408858     
   3.1000000000000005E-004  0.46791698126219644       0.28309616460928755        4.9929383158064393       0.99981052934403902       0.12069199026094152     
   3.1010000000000006E-004  0.47092271282777781       0.27215778790429557        5.0005595028815115       0.99982929854170932       0.10935829829508915     
   3.1020000000000006E-004  0.47393246388952570       0.26213338060029479        5.0074714223907479       0.99984809996281043        9.7918748337272293E-002
   3.1030000000000006E-004  0.47694561732642454       0.25305367282544733        5.0136556130642917       0.99986684078778276        8.6382694099235963E-002
   3.1040000000000006E-004  0.47996194176793333       0.24494862231543646        5.0190948970584470       0.99988545940199514        7.4758730535311874E-002
   3.1050000000000001E-004  0.48298155713681090       0.23784713700652560        5.0237735659245084       0.99990392381057747        6.3054721330401131E-002
   3.1060000000000001E-004  0.48600489872286906       0.23177671021295243        5.0276775400638245       0.99992222931132990        5.1277838564331650E-002
   3.1070000000000002E-004  0.48903267832626879       0.22676303470885451        5.0307945025569243       0.99994039550574410        3.9434626994311939E-002
   3.1080000000000002E-004  0.49206584203251524       0.22282964118956627        5.0331140096649518       0.99995846276611222        2.7531100090647940E-002
   3.1090000000000002E-004  0.49510552477856895       0.21999758708586192        5.0346275810297181       0.99997648825009322        1.5572869659654799E-002
   3.1100000000000002E-004  0.49815300213822317       0.21828520879664914        5.0353287728463707       0.99999454152908163        3.5653066609358025E-003
   3.1110000000000003E-004  0.50120963981810407       0.21770794015595207        5.0352132368131137        1.0000126999064882       -8.4862730979813113E-003
   3.1120000000000003E-004  0.50427684131681461       0.21827819415485550        5.0342787667250102        1.0000310434835735       -2.0576406699559176E-002
   3.1130000000000003E-004  0.50735599414929655       0.22000530331095902        5.0325253333285032        1.0000496500173379       -3.2699274938754984E-002
   3.1140000000000003E-004  0.51044841503648164       0.22289551497071880        5.0299551066180621        1.0000685896171286       -4.4848496754968277E-002
   3.1150000000000004E-004  0.51355529452893112       0.22695203930948171        5.0265724632693800        1.0000879193481640       -5.7016938269628101E-002
   3.1160000000000004E-004  0.51667764164515417       0.23217514666692907        5.0223839754703814        1.0001076778621856       -6.9196547594665259E-002
   3.1170000000000004E-004  0.51981622919018344       0.23856231003353034        5.0173983763030137        1.0001278801696956       -8.1378225682189803E-002
   3.1180000000000004E-004  0.52297154042636029       0.24610838793909195        5.0116264963204236        1.0001485127083996       -9.3551739580214982E-002
   3.1190000000000005E-004  0.52614371751120836       0.25480583056923845        5.0050811659841017        1.0001695289220325      -0.10570567983739661     
   3.1200000000000005E-004  0.52933251141244220       0.26464487754921251        4.9977770796135239        1.0001908454897535      -0.11782745337553528     
   3.1210000000000005E-004  0.53253723177712631       0.27561370026089538        4.9897306185935868        1.0002123393170945      -0.12990329364694153     
   3.1220000000000005E-004  0.53575669357635680       0.28769842907178944        4.9809596346928329        1.0002338453298896      -0.14191825823299264     
   3.1230000000000006E-004  0.53898915564152672       0.30088300122193523        4.9714831982076468        1.0002551551224017      -0.15385617905015442     
   3.1240000000000006E-004  0.54223224523388347       0.31514877607836667        4.9613213197179666        1.0002760166544051      -0.16569953434061332     
   3.1250000000000006E-004  0.54548286362829324       0.33047390075281591        4.9504946579427198        1.0002961353710058      -0.17742922941771730     
   3.1260000000000001E-004  0.54873707163770047       0.34683247402931983        4.9390242289165576        1.0003151774524941      -0.18902430391543354     
   3.1270000000000001E-004  0.55198996181197502       0.36419361488193758        4.9269311317761524        1.0003327762368226      -0.20046161790739800     
   3.1280000000000001E-004  0.55523553521233915       0.38252059924904991        4.9142363043190320        1.0003485426227678      -0.21171559622267047     
   3.1290000000000002E-004  0.55846661223006966       0.40177027468820903        4.9009603173865308        1.0003620798901138      -0.22275812505242495     
   3.1300000000000002E-004  0.56167481300539024       0.42189297529666714        4.8871232108868172        1.0003730027973403      -0.23355869851618599     
   3.1310000000000002E-004  0.56485063609157504       0.44283313758162990        4.8727443658604210        1.0003809601703673      -0.24408491063942589     
   3.1320000000000002E-004  0.56798363986054878       0.46453076794172699        4.8578423972288567        1.0003856587565239      -0.25430336693142352     
   3.1330000000000003E-004  0.57106269384499364       0.48692383461363509        4.8424350437151276        1.0003868833429028      -0.26418101554529200     
   3.1340000000000003E-004  0.57407623043900635       0.50995154678347010        4.8265390304733886        1.0003845040075885      -0.27368672847918629     
   3.1350000000000003E-004  0.57701241090431576       0.53355833484237181        4.8101698925403626        1.0003784586921174      -0.28279271188145472     
   3.1360000000000003E-004  0.57985913771190967       0.55769819895705552        4.7933417764673996        1.0003687033616000      -0.29147511503804108     
   3.1370000000000004E-004  0.58260389792052014       0.58233895317394957        4.7760672723725248        1.0003551362182406      -0.29971324860772364     
   3.1380000000000004E-004  0.58523349359017851       0.60746578622558101        4.7583573470789986        1.0003375238290337      -0.30748727856989444     
   3.1390000000000004E-004  0.58773378666007570       0.63308355413864525        4.7402214316027695        1.0003154706763528      -0.31477505593625987     
   3.1400000000000004E-004  0.59008963693828553       0.65921730701944714        4.7216676564371660        1.0002884673306964      -0.32154946867720402     
   3.1410000000000005E-004  0.59228517921921153       0.68591069994298515        4.7027031418225649        1.0002560235300371      -0.32777790707192200     
   3.1420000000000005E-004  0.59430444924373582       0.71322212820432629        4.6833341775166737        1.0002178489158275      -0.33342482378691307     
   3.1430000000000005E-004  0.59613219488286751       0.74121867260550545        4.6635661193335798        1.0001740056235457      -0.33845700036265663     
   3.1440000000000005E-004  0.59775461601471136       0.76996825488745380        4.6434029227283862        1.0001249498238700      -0.34284951826754406     
   3.1450000000000006E-004  0.59915984381556120       0.79953076664558953        4.6228464123086006        1.0000714260396335      -0.34658949039603554     
   3.1460000000000006E-004  0.60033813832788230       0.82994929528108141        4.6018955683345357        1.0000142686957885      -0.34967526153146850     
   3.1470000000000001E-004  0.60128187680278655       0.86124291748729753        4.5805461794844717       0.99995424707450542      -0.35211120323550943     
   3.1480000000000001E-004  0.60198536119783563       0.89340279733300410        4.5587910971782195       0.99989207503241151      -0.35390109020053706     
   3.1490000000000001E-004  0.60244450258532745       0.92639330384635166        4.5366210899446404       0.99982858164204913      -0.35504406581829068     
   3.1500000000000001E-004  0.60265651618248040       0.96015925549298320        4.5140260810186561       0.99976490535510565      -0.35553540648046494     
   3.1510000000000002E-004  0.60261974735033597       0.99463896052087364        4.4909964944591643       0.99970253699047207      -0.35537078679707906     
   3.1520000000000002E-004  0.60233366841241665        1.0297804736177971        4.4675245739652700       0.99964313356105849      -0.35455007166407809     
   3.1530000000000002E-004  0.60179907208355332        1.0655560927784196        4.4436057815987589       0.99958819800071053      -0.35307693430725029     
   3.1540000000000002E-004  0.60101853556162521        1.1019687833020742        4.4192405232413616       0.99953886433908290      -0.35095434491233007     
   3.1550000000000003E-004  0.59999712281181483        1.1390450706542650        4.3944362766448233       0.99949598430832898      -0.34818107904245105     
   3.1560000000000003E-004  0.59874305445177523        1.1768121668383342        4.3692097598689683       0.99946042907718380      -0.34475578367815629     
   3.1570000000000003E-004  0.59726787992794972        1.2152618068784351        4.3435884359216717       0.99943324244931120      -0.34068919442306478     
   3.1580000000000003E-004  0.59558568378315946        1.2543084722079341        4.3176108437888461       0.99941531096580338      -0.33601524923376042     
   3.1590000000000003E-004  0.59371131480144446        1.2937543378005456        4.2913260800847617       0.99940662872037522      -0.33078732575272901     
   3.1600000000000004E-004  0.59165842604088148        1.3332758773946072        4.2647936700595448       0.99940577831155131      -0.32505448121790687     
   3.1610000000000004E-004  0.58943851830612914        1.3724457515918447        4.2380850033715562       0.99941034901403392      -0.31883155651578149     
   3.1620000000000004E-004  0.58706175245906300        1.4107960339291932        4.2112859374225087       0.99941829274372906      -0.31208960441792277     
   3.1630000000000004E-004  0.58453920239332713        1.4479135986543019        4.1844981481797596       0.99942920918339095      -0.30478254393216186     
   3.1640000000000005E-004  0.58188505595760487        1.4835397496083047        4.1578364604068909       0.99944433933868770      -0.29689595913667127     
   3.1650000000000005E-004  0.57911697818117192        1.5176360020675279        4.1314217336683683       0.99946508986167870      -0.28848074184046574     
   3.1660000000000005E-004  0.57625406734452256        1.5503876812258861        4.1053722994669686       0.99949129600851649      -0.27964190552416873     
   3.1670000000000005E-004  0.57331374308701144        1.5821437702042340        4.0797983846231931       0.99952073507736638      -0.27048786646045148     
   3.1680000000000000E-004  0.57030961066029540        1.6133180098073439        4.0548018508609474       0.99955024832055017      -0.26107763007735485     
   3.1690000000000001E-004  0.56725140377473826        1.6442867308689850        4.0304796274206485       0.99957743844680780      -0.25140359921345284     
   3.1700000000000001E-004  0.56414660213479972        1.6753119456658254        4.0069267922577527       0.99960164778933591      -0.24141802978546084     
   3.1710000000000001E-004  0.56100239439467769        1.7065031036390677        3.9842361355395575       0.99962372840615177      -0.23107966403348643     
   3.1720000000000001E-004  0.55782679955620007        1.7378165283602112        3.9624940553845871       0.99964505198109632      -0.22038822628157317     
   3.1730000000000001E-004  0.55462860070202424        1.7690821269471133        3.9417752056269704       0.99966657113663193      -0.20938954385360548     
   3.1740000000000002E-004  0.55141651198205521        1.8000435420436407        3.9221387515522816       0.99968845554815799      -0.19815624865654546     
   3.1750000000000002E-004  0.54819825298728209        1.8303996235600817        3.9036276694034289       0.99971029000590406      -0.18676119163679830     
   3.1760000000000002E-004  0.54498000370808719        1.8598395486038193        3.8862707201472055       0.99973149885697910      -0.17525853883494799     
   3.1770000000000002E-004  0.54176635238980642        1.8880684871913171        3.8700857339273935       0.99975168200575870      -0.16367798234300396     
   3.1780000000000003E-004  0.53856058140205421        1.9148238670374056        3.8550828707444800       0.99977074116532971      -0.15202929509276006     
   3.1790000000000003E-004  0.53536505493965825        1.9398838152420836        3.8412671055375869       0.99978883562979715      -0.14031133282989314     
   3.1800000000000003E-004  0.53218153551628977        1.9630697841756621        3.8286397913895120       0.99980626317842125      -0.12852051760961711     
   3.1810000000000003E-004  0.52901136809209537        1.9842452304479625        3.8171995174140063       0.99982334393432515      -0.11665629965857624     
   3.1820000000000004E-004  0.52585555239010606        2.0033118343696117        3.8069425823342575       0.99984034460007998      -0.10472327823667826     
   3.1830000000000004E-004  0.52271475371792675        2.0202043428788290        3.7978633476100310       0.99985744732921300       -9.2730877689864238E-002
   3.1840000000000004E-004  0.51958929634217532        2.0348848073409798        3.7899546194811666       0.99987475067259002       -8.0691787642988080E-002
   3.1850000000000004E-004  0.51647916461630206        2.0473367676835021        3.7832081055958922       0.99989228662133545       -6.8620148930240182E-002
   3.1860000000000005E-004  0.51338402061446220        2.0575597749626038        3.7776149266751307       0.99991004150168261       -5.6530059002208033E-002
   3.1870000000000005E-004  0.51030323762259244        2.0655645193261947        3.7731661370300587       0.99992797402860389       -4.4434608837957787E-002
   3.1880000000000005E-004  0.50723594529630567        2.0713687247082451        3.7698532072170781       0.99994602823454859       -3.2345434254581598E-002
   3.1890000000000005E-004  0.50418108200898804        2.0749938870136635        3.7676684338351247       0.99996414160461811       -2.0272665744385042E-002
   3.1900000000000000E-004  0.50113745089780015        2.0764628729481025        3.7666052555036487       0.99998224963504823       -8.2251402754588455E-003
   3.1910000000000000E-004  0.49810377727347227        2.0757983525577526        3.7666584656377546        1.0000002881082115        3.7892359291807533E-003
   3.1920000000000001E-004  0.49507876596213496        2.0730220199308462        3.7678243198722354        1.0000181941267285        1.5763054754430024E-002
   3.1930000000000001E-004  0.49206115777267362        2.0681545536562975        3.7701005399130514        1.0000359067004090        2.7688962294775962E-002
   3.1940000000000001E-004  0.48904978459487286        2.0612162716381395        3.7734862178965050        1.0000533675505743        3.9559254210382803E-002
   3.1950000000000001E-004  0.48604362257990058        2.0522284383788740        3.7779816278540914        1.0000705228453073        5.1365567530578977E-002
   3.1960000000000002E-004  0.48304184236440950        2.0412151839463775        3.7835879551110567        1.0000873267421995        6.3098743266196161E-002
   3.1970000000000002E-004  0.48004385434536828        2.0282059930041232        3.7903069609669906        1.0001037477026673        7.4748948955693034E-002
   3.1980000000000002E-004  0.47704934577065961        2.0132387180509141        3.7981406082240898        1.0001197783843314        8.6306152497028721E-002
   3.1990000000000002E-004  0.47405830551973921        1.9963630640219190        3.8070906803231654        1.0001354489481984        9.7760994339534182E-002
   3.2000000000000003E-004  0.47107103330226729        1.9776444733508480        3.8171584275154582        1.0001508417548324       0.10910599986558529     
   3.2010000000000003E-004  0.46808813437872854        1.9571682884564279        3.8283442603825240        1.0001661023653736       0.12033688341566230     
   3.2020000000000003E-004  0.46511051029835543        1.9350439583162657        3.8406474760955294        1.0001814384668988       0.13145344575865819     
   3.2030000000000003E-004  0.46213936994165206        1.9114088653594230        3.8540659428014949        1.0001970966841032       0.14245933513256742     
   3.2040000000000004E-004  0.45917629800538834        1.8864310738895593        3.8685955918581372        1.0002133102653616       0.15335989029834224     
   3.2050000000000004E-004  0.45622341843258735        1.8603099621665020        3.8842295065711183        1.0002302216121839       0.16415763129284186     
   3.2060000000000004E-004  0.45328366303311141        1.8332733783562745        3.9009564032177786        1.0002478033939919       0.17484588814166352     
   3.2070000000000004E-004  0.45036109189210599        1.8055698312677109        3.9187584379423206        1.0002658242363858       0.18540249627214045     
   3.2080000000000005E-004  0.44746112697700618        1.7774545459106204        3.9376085711972997        1.0002839131243857       0.19578688013274492     
   3.2090000000000005E-004  0.44459050814244383        1.7491692182251963        3.9574681131567013        1.0003017458123529       0.20594406580826466     
   3.2100000000000005E-004  0.44175683980802516        1.7209169598631480        3.9782853545717214        1.0003192968776724       0.21581699934302406     
   3.2110000000000000E-004  0.43896780415302722        1.6928357566457608        3.9999960710117484        1.0003370054732510       0.22536387461035301     
   3.2120000000000000E-004  0.43623040340769303        1.6649750366758553        4.0225260084891259        1.0003556766697992       0.23457214137585422     
   3.2130000000000000E-004  0.43355075816846717        1.6372803963325167        4.0457944221503448        1.0003760553178471       0.24345943557985281     
   3.2140000000000001E-004  0.43093481521702853        1.6095916797734358        4.0697169688656158        1.0003982348385683       0.25205685036209186     
   3.2150000000000001E-004  0.42838978450950804        1.5816598365348575        4.0942064393771087        1.0004212540377246       0.26038052423276020     
   3.2160000000000001E-004  0.42592552291461694        1.5531871779535154        4.1191711387263332        1.0004432272157835       0.26840727558734717     
   3.2170000000000001E-004  0.42355490031916959        1.5238910869635482        4.1445125116248631        1.0004620760485488       0.27607110350904324     
   3.2180000000000002E-004  0.42129268317386220        1.4935811570851261        4.1701245850396802        1.0004764775551755       0.28328592194200269     
   3.2190000000000002E-004  0.41915340879959029        1.4622274607001389        4.1958969667379167        1.0004863453197297       0.28998153812901267     
   3.2200000000000002E-004  0.41714946824873017        1.4299922403306269        4.2217208316140376        1.0004924177727872       0.29612897513720493     
   3.2210000000000002E-004  0.41529055018653910        1.3972069687867679        4.2474952988809438        1.0004952674057606       0.30173881571865457     
   3.2220000000000003E-004  0.41358464287006674        1.3642992947811656        4.2731315186643135        1.0004945454624246       0.30683665140619476     
   3.2230000000000003E-004  0.41203968518728540        1.3316965818137545        4.2985535597864217        1.0004890113502440       0.31143504735486460     
   3.2240000000000003E-004  0.41066466010256575        1.2997409665062554        4.3236971842820928        1.0004771938269161       0.31552013936259132     
   3.2250000000000003E-004  0.40946953556346471        1.2686418275983939        4.3485083234716448        1.0004581129254173       0.31905747613590163     
   3.2260000000000004E-004  0.40846427488155446        1.2384727714103780        4.3729423979976083        1.0004316234900605       0.32200882562512517     
   3.2270000000000004E-004  0.40765757311603867        1.2092029195897771        4.3969644753252979        1.0003983206471316       0.32434773948766882     
   3.2280000000000004E-004  0.40705590603685754        1.1807438898884843        4.4205495540930517        1.0003592068691352       0.32606597999055104     
   3.2290000000000004E-004  0.40666315195009034        1.1529950790016761        4.4436822694567280        1.0003153648687593       0.32717010816365732     
   3.2300000000000004E-004  0.40648074927331790        1.1258765464016873        4.4663557462823151        1.0002677859713276       0.32767282010593146     
   3.2310000000000005E-004  0.40650820410308219        1.0993460234177181        4.4885697810985263        1.0002173746899059       0.32758492859891802     
   3.2320000000000000E-004  0.40674374361461191        1.0734015119278277        4.5103287689946789        1.0001650506386532       0.32691179967510314     
   3.2330000000000000E-004  0.40718491296685205        1.0480732627821103        4.5316397730952209        1.0001118314519444       0.32565452423206698     
   3.2340000000000000E-004  0.40782891625991846        1.0234095522769326        4.5525109513869335        1.0000588208822494       0.32381340546857795     
   3.2350000000000000E-004  0.40867257797957046       0.99946047888641854        4.5729503535679807        1.0000071107413131       0.32139086985958110     
   3.2360000000000001E-004  0.40971195768399032       0.97626336100635136        4.5929649950836193       0.99995766699094335       0.31839234358877977     
   3.2370000000000001E-004  0.41094180512508088       0.95383231263056256        4.6125601330254966       0.99991126854249901       0.31482556247846816     
   3.2380000000000001E-004  0.41235510837367273       0.93215332823232266        4.6317387491969031       0.99986851581074443       0.31069979174298640     
   3.2390000000000001E-004  0.41394293522250081       0.91118495360111318        4.6505013030389035       0.99982987451780680       0.30602610156407722     
   3.2400000000000001E-004  0.41569463970903092       0.89086357504913316        4.6688458008234086       0.99979570471174595       0.30081871569723778     
   3.2410000000000002E-004  0.41759837816660222       0.87111166237206472        4.6867681469564637       0.99976624929104307       0.29509646036044596     
   3.2420000000000002E-004  0.41964178185765327       0.85184703800716743        4.7042626501634714       0.99974159417425668       0.28888312116185416     
   3.2430000000000002E-004  0.42181259587167125       0.83299144080831500        4.7213225098364022       0.99972163628339228       0.28220610491711240     
   3.2440000000000002E-004  0.42409913051622516       0.81447722910117637        4.7379401344735150       0.99970609202691674       0.27509375352583038     
   3.2450000000000003E-004  0.42649046034522975       0.79625180803621642        4.7541072299927372       0.99969455510034844       0.26757239887310574     
   3.2460000000000003E-004  0.42897640465887676       0.77827998321885428        4.7698146973806468       0.99968658500225815       0.25966440434984434     
   3.2470000000000003E-004  0.43154738658908764       0.76054474211259837        4.7850524498656357       0.99968179158649251       0.25138796960547211     
   3.2480000000000003E-004  0.43419427586736958       0.74304692967334329        4.7998092727433059       0.99967988472103686       0.24275865268378069     
   3.2490000000000004E-004  0.43690828521896219       0.72580405839097306        4.8140728077325914       0.99968067621128898       0.23379182739594950     
   3.2500000000000004E-004  0.43968094317853224       0.70884832879589244        4.8278296784233401       0.99968404301591418       0.22450499288667664     
   3.2510000000000004E-004  0.44250413038435121       0.69222393804922255        4.8410657166912063       0.99968987445192115       0.21491906248444984     
   3.2520000000000004E-004  0.44537015306466066       0.67598387346041289        4.8537662220324833       0.99969802722900614       0.20505829527986710     
   3.2529999999999999E-004  0.44827183135327320       0.66018651445803389        4.8659161901663559       0.99970830283203393       0.19494909349855868     
   3.2539999999999999E-004  0.45120258715119549       0.64489241394879748        4.8775004732804117       0.99972044938933569       0.18461823062476146     
   3.2550000000000000E-004  0.45415652109307614       0.63016157296530029        4.8885038662711331       0.99973418063666730       0.17409112107936459     
   3.2560000000000000E-004  0.45712847056712436       0.61605139352812532        4.8989111383888915       0.99974920125999700       0.16339056413577796     
   3.2570000000000000E-004  0.46011404263338052       0.60261534999689914        4.9087070416577854       0.99976522967278658       0.15253613101910873     
   3.2580000000000000E-004  0.46310961860187261       0.58990230803701760        4.9178763268315544       0.99978201351007367       0.14154413794496620     
   3.2590000000000001E-004  0.46611233104823152       0.57795635773457033        4.9264037888384840       0.99979933717732239       0.13042802043342594     
   3.2600000000000001E-004  0.46912001789110008       0.56681700702958526        4.9342743517566676       0.99981702327381095       0.11919889804494625     
   3.2610000000000001E-004  0.47213116056028559       0.55651959341598900        4.9414731927497844       0.99983493045432659       0.10786615914642193     
   3.2620000000000001E-004  0.47514481381034468       0.54709579685115539        4.9479858970093291       0.99985294989975460        9.6437961513682641E-002
   3.2630000000000002E-004  0.47816053368074285       0.53857416489361931        4.9537986320992280       0.99987100174074972        8.4921607586222289E-002
   3.2640000000000002E-004  0.48117830816587220       0.53098058828245431        4.9588983295533415       0.99988903202266000        7.3323797876763033E-002
   3.2650000000000002E-004  0.48419849304431239       0.52433869022455148        4.9632728631028078       0.99990701018046424        6.1650788789754968E-002
   3.2660000000000002E-004  0.48722175354428865       0.51867011593638956        4.9669112155197768       0.99992492676725842        4.9908490712063582E-002
   3.2670000000000003E-004  0.49024901128739201       0.51399472677784530        4.9698036287952938       0.99994279113166273        3.8102537176295956E-002
   3.2680000000000003E-004  0.49328139537845594       0.51033070787366963        4.9719417345392509       0.99996062885289927        2.6238349491734807E-002
   3.2690000000000003E-004  0.49632019632807389       0.50769460670280964        4.9733186633124706       0.99997847874708745        1.4321211693377812E-002
   3.2700000000000003E-004  0.49936682161740276       0.50610132395488794        4.9739291327166040       0.99999638939834679        2.3563621443672884E-003
   3.2710000000000004E-004  0.50242275195440733       0.50556407598278419        4.9737695144960705        1.0000144152504220       -9.6508981850096098E-003
   3.2720000000000004E-004  0.50548949748853489       0.50609434334963854        4.9728378808197187        1.0000326123480019       -2.1695085606864620E-002
   3.2730000000000004E-004  0.50856855338655282       0.50770181371630496        4.9711340294543334        1.0000510338532171       -3.3770409706625912E-002
   3.2739999999999999E-004  0.51166135417759162       0.51039432052445655        4.9686594869051577        1.0000697254824655       -4.5870654427460696E-002
   3.2749999999999999E-004  0.51476922613565546       0.51417777105592943        4.9654174879599973        1.0000887210273428       -5.7989072128537517E-002
   3.2759999999999999E-004  0.51789333670056836       0.51905604627262480        4.9614129295988869        1.0001080381216514       -7.0118294792075792E-002
   3.2770000000000000E-004  0.52103463956886453       0.52503085448445574        4.9566522974308640        1.0001276742802083       -8.2250260801270195E-002
   3.2780000000000000E-004  0.52419381370365936       0.53210152204051209        4.9511435636565961        1.0001476032244858       -9.4376147783682363E-002
   3.2790000000000000E-004  0.52737119433995150       0.54026470170915619        4.9448960571098404        1.0001677714015200      -0.10648629114536286     
   3.2800000000000000E-004  0.53056669420429714       0.54951398615290525        4.9379203084262775        1.0001880945066961      -0.11857005971250993     
   3.2810000000000001E-004  0.53377971398800228       0.55983942826235111        4.9302278766214318        1.0002084537179372      -0.13061565222524996     
   3.2820000000000001E-004  0.53700904277273975       0.57122699237024133        4.9218311668876487        1.0002286915245941      -0.14260978277246994     
   3.2830000000000001E-004  0.54025275176422827       0.58365798802967550        4.9127432523069130        1.0002486073826800      -0.15453723859685475     
   3.2840000000000001E-004  0.54350808812459095       0.59710856723306538        4.9029777132516550        1.0002679540841066      -0.16638032939120589     
   3.2850000000000002E-004  0.54677137940576181       0.61154939845425638        4.8925485064464409        1.0002864366039599      -0.17811830082532773     
   3.2860000000000002E-004  0.55003796199206001       0.62694564189769331        4.8814698691885408        1.0003037162499602      -0.18972685177533496     
   3.2870000000000002E-004  0.55330214734355276       0.64325733432553278        4.8697562528608485        1.0003194230356078      -0.20117795304369165     
   3.2880000000000002E-004  0.55655723647349553       0.66044029279543892        4.8574222668194418        1.0003331776931832      -0.21244018650006019     
   3.2890000000000003E-004  0.55979558581586819       0.67844763119526696        4.8444826021676493        1.0003446213680554      -0.22347976466948918     
   3.2900000000000003E-004  0.56300871747461745       0.69723194488484630        4.8309519007040098        1.0003534457887466      -0.23426222037149361     
   3.2910000000000003E-004  0.56618745605132226       0.71674814979738510        4.8168445434564502        1.0003594116309729      -0.24475448499378055     
   3.2920000000000003E-004  0.56932206517032424       0.73695685526867116        4.8021743579340930        1.0003623412399303      -0.25492677910988409     
   3.2930000000000004E-004  0.57240235031401088       0.75782801616204054        4.7869542786297021        1.0003620782287508      -0.26475358021881146     
   3.2940000000000004E-004  0.57541768867456067       0.77934447918321226        4.7711960273005394        1.0003584211060292      -0.27421307806690592     
   3.2949999999999999E-004  0.57835695064349613       0.80150495199352978        4.7549098903813007        1.0003510557411845      -0.28328504639360097     
   3.2959999999999999E-004  0.58120830825372016       0.82432590424275265        4.7381046470367902        1.0003395224604426      -0.29194779703530049     
   3.2969999999999999E-004  0.58395897881398617       0.84784192406872982        4.7207876416676191        1.0003232470206733      -0.30017548677598038     
   3.2979999999999999E-004  0.58659501149138116       0.87210411723610282        4.7029649218948668        1.0003016393740616      -0.30793713010311508     
   3.2990000000000000E-004  0.58910125243482103       0.89717625174576643        4.6846413115585328        1.0002742294852760      -0.31519805569528814     
   3.3000000000000000E-004  0.59146158684653904       0.92312854647421094        4.6658202900021468        1.0002407856038198      -0.32192342650998851     
   3.3010000000000000E-004  0.59365946816118620       0.95002933646200116        4.6465036183331598        1.0002013612089597      -0.32808232407153415     
   3.3020000000000000E-004  0.59567866509243483       0.97793535436421841        4.6266907745814940        1.0001562517840996      -0.33365040056571971     
   3.3030000000000001E-004  0.59750411655338043        1.0068820060506001        4.6063783784122139        1.0001059042608564      -0.33860976280559391     
   3.3040000000000001E-004  0.59912270342065022        1.0368757027052693        4.5855598208399586        1.0000508706037101      -0.34294660057165088     
   3.3050000000000001E-004  0.60052369057536359        1.0678908031127161        4.5642252297835961       0.99999186783293847      -0.34664887317957749     
   3.3060000000000001E-004  0.60169869240852936        1.0998736069206512        4.5423617590638070       0.99992990681120053      -0.34970643334131291     
   3.3070000000000002E-004  0.60264121860535647        1.1327546817394234        4.5199540973899168       0.99986636048022826      -0.35211385081091229     
   3.3080000000000002E-004  0.60334602008612914        1.1664684439055479        4.4969851402636660       0.99980284775482153      -0.35387319348847834     
   3.3090000000000002E-004  0.60380848959402400        1.2009758342282701        4.4734369400305418       0.99974094130700430      -0.35499270647083120     
   3.3100000000000002E-004  0.60402434250960735        1.2362832667387718        4.4492922259641920       0.99968187250169771      -0.35547953533761961     
   3.3110000000000002E-004  0.60398978329318131        1.2724499996877832        4.4245367792260488       0.99962648277726107      -0.35532975910662834     
   3.3120000000000003E-004  0.60370226549950279        1.3095774678493859        4.3991626056733795       0.99957554922589043      -0.35452393072755606     
   3.3130000000000003E-004  0.60316177478990174        1.3477778845442998        4.3731712686944126       0.99953028006328004      -0.35303596997218734     
   3.3140000000000003E-004  0.60237229472948506        1.3871248993589820        4.3465763520597189       0.99949249046366584      -0.35085446949156235     
   3.3150000000000003E-004  0.60134258905152649        1.4275955728858536        4.3194043046446442       0.99946407621035405      -0.34800284125172926     
   3.3159999999999998E-004  0.60008518845047931        1.4690197876096827        4.2916939867653650       0.99944589397641204      -0.34453915411081021     
   3.3169999999999999E-004  0.59861351672123131        1.5110584232038526        4.2634965509540290       0.99943680128078349      -0.34052671135883283     
   3.3179999999999999E-004  0.59693875815631769        1.5532311502751854        4.2348775416968811       0.99943392750422144      -0.33599088598402815     
   3.3189999999999999E-004  0.59506874634263529        1.5950039601146768        4.2059212005914040       0.99943449025534070      -0.33089777179499802     
   3.3199999999999999E-004  0.59301018648767589        1.6359231888314483        4.1767339388425055       0.99943788466238681      -0.32518084919051821     
   3.3210000000000000E-004  0.59077308490726888        1.6757534079301344        4.1474428153951957       0.99944603910062013      -0.31880296892678434     
   3.3220000000000000E-004  0.58837374655456398        1.7145609276441256        4.1181876047628370       0.99946137733905716      -0.31180582478445112     
   3.3230000000000000E-004  0.58583334885704130        1.7527014787890938        4.0891099961714117       0.99948403783831807      -0.30430149275910512     
   3.3240000000000000E-004  0.58317310159851687        1.7907140485493400        4.0603462439759879       0.99951097787718568      -0.29640593471721327     
   3.3250000000000000E-004  0.58040989869394066        1.8291642096577494        4.0320268679557829       0.99953784496989861      -0.28816804459543105     
   3.3260000000000001E-004  0.57755556458282620        1.8684947082315766        4.0042807447654489       0.99956179378477705      -0.27955447631324626     
   3.3270000000000001E-004  0.57461950427201924        1.9089271778464632        3.9772371809280762       0.99958280903614904      -0.27049987995919905     
   3.3280000000000001E-004  0.57161186556887655        1.9504316574483074        3.9510218500261374       0.99960277470509329      -0.26097620211439493     
   3.3290000000000001E-004  0.56854465171780388        1.9927547560378294        3.9257482346774575       0.99962347706684296      -0.25102557161164113     
   3.3300000000000002E-004  0.56543062752200135        2.0354819482231630        3.9015099298269935       0.99964527794584446      -0.24073955949092801     
   3.3310000000000002E-004  0.56228156584158984        2.0781081609236924        3.8783780275024324       0.99966719615585231      -0.23021102266058827     
   3.3320000000000002E-004  0.55910724146898805        2.1200997696414294        3.8564038177643067       0.99968786816492050      -0.21949663048476956     
   3.3330000000000002E-004  0.55591545003089315        2.1609419231349332        3.8356239864864512       0.99970644996158398      -0.20860949812553506     
   3.3340000000000003E-004  0.55271252317296293        2.2001716228529435        3.8160651794796836       0.99972293418281610      -0.19753642282711345     
   3.3350000000000003E-004  0.54950380124293774        2.2373988164214449        3.7977464117532018       0.99973792924626570      -0.18626208710490558     
   3.3360000000000003E-004  0.54629389333756329        2.2723173811629671        3.7806795848721664       0.99975223421934833      -0.17478556750377622     
   3.3369999999999998E-004  0.54308679705886920        2.3047074321440828        3.7648692407671267       0.99976650630691744      -0.16312437864835294     
   3.3379999999999998E-004  0.53988596508495657        2.3344304328487340        3.7503125663475019       0.99978113252139411      -0.15130939811505714     
   3.3389999999999998E-004  0.53669434193540289        2.3614190123070475        3.7370000891502952       0.99979626135826505      -0.13937669768937591     
   3.3399999999999999E-004  0.53351436784788187        2.3856637284365227        3.7249169858135494       0.99981189728374464      -0.12736076050259776     
   3.3409999999999999E-004  0.53034795939397539        2.4071989340655744        3.7140446859221337       0.99982798615370228      -0.11529075607654810     
   3.3419999999999999E-004  0.52719649118862655        2.4260894298769404        3.7043624582103627       0.99984446525648274      -0.10318952647444175     
   3.3429999999999999E-004  0.52406079957035956        2.4424188829451552        3.6958487835499509       0.99986128169115984       -9.1074192615277244E-002
   3.3440000000000000E-004  0.52094121523090764        2.4562803510838798        3.6884824425365021       0.99987839270006751       -7.8957387101991641E-002
   3.3450000000000000E-004  0.51783761934732220        2.4677688487559770        3.6822433267173289       0.99989575958037347       -6.6848509512437579E-002
   3.3460000000000000E-004  0.51474951269512903        2.4769757032721653        3.6771130191376589       0.99991334160188394       -5.4754746541227146E-002
   3.3470000000000000E-004  0.51167608826608546        2.4839844020105222        3.6730751971993509       0.99993109229737254       -4.2681808503740655E-002
   3.3480000000000001E-004  0.50861630142745740        2.4888676500224332        3.6701159043160940       0.99994895826822450       -3.0634424413031547E-002
   3.3490000000000001E-004  0.50556893505137412        2.4916853984957399        3.6682237261854285       0.99996687983615518       -1.8616664193379900E-002
   3.3500000000000001E-004  0.50253265934961566        2.4924836485760089        3.6673898975023285       0.99998479277046792       -6.6321475442148656E-003
   3.3510000000000001E-004  0.49950608737374086        2.4912938858752884        3.6676083564037461        1.0000026305532517        5.3158135544146739E-003
   3.3520000000000002E-004  0.49648782760900295        2.4881330517764653        3.6688757572369171        1.0000203268314130        1.7224108091133519E-002
   3.3530000000000002E-004  0.49347653520154283        2.4830039993410136        3.6711914471198384        1.0000378178449110        2.9089732779685056E-002
   3.3540000000000002E-004  0.49047096331752965        2.4758964217954205        3.6745574071262133        1.0000550446862502        4.0909692131307955E-002
   3.3550000000000002E-004  0.48747001594156170        2.4667882795633265        3.6789781541192754        1.0000719552116073        5.2680867379478052E-002
   3.3560000000000003E-004  0.48447280295986445        2.4556477860399326        3.6844605936801664        1.0000885052940771        6.4399819635285682E-002
   3.3570000000000003E-004  0.48147869746285954        2.4424360407052035        3.6910138076423311        1.0001046589124858        7.6062476692425426E-002
   3.3579999999999998E-004  0.47848739372306759        2.4271104175395699        3.6986487515930611        1.0001203865130601        8.7663644815385577E-002
   3.3589999999999998E-004  0.47549896237442985        2.4096288158158359        3.7073778298613109        1.0001356612569920        9.9196295285006050E-002
   3.3599999999999998E-004  0.47251389746433492        2.3899548469920227        3.7172143115270182        1.0001504538246389       0.11065063509162305     
   3.3609999999999998E-004  0.46953314916228822        2.3680639729977457        3.7281715566812590        1.0001647285896726       0.12201309867076708     
   3.3619999999999999E-004  0.46655813699444371        2.3439505226997674        3.7402620457181754        1.0001784469529316       0.13326560541311161     
   3.3629999999999999E-004  0.46359074204963141        2.3176353998593093        3.7534962525706153        1.0001915859770032       0.14438566406490619     
   3.3639999999999999E-004  0.46063328191487130        2.2891741816175770        3.7678814721888592        1.0002041786501694       0.15534801735205778     
   3.3650000000000005E-004  0.45768847845861244        2.2586652052969427        3.7834207797020150        1.0002163719888442       0.16612826353620896     
   3.3660000000000005E-004  0.45475943535409546        2.2262571312884951        3.8001123147181621        1.0002284791824025       0.17670803965612844     
   3.3670000000000005E-004  0.45184965098581092        2.1921552164890699        3.8179489855371100        1.0002409796292728       0.18707993026069844     
   3.3680000000000006E-004  0.44896310453144661        2.1566249961431403        3.8369184383860961        1.0002544161097116       0.19724887743711561     
   3.3690000000000006E-004  0.44610445826687134        2.1199912943060326        3.8570027955364132        1.0002691768086380       0.20722675718058164     
   3.3700000000000006E-004  0.44327939339951533        2.0826298026659309        3.8781774414195742        1.0002852394366870       0.21701931423324050     
   3.3710000000000006E-004  0.44049500518022111        2.0449485335657513        3.9004083399205545        1.0003020547575723       0.22660998000192839     
   3.3720000000000006E-004  0.43776002570403250        2.0073579172254927        3.9236481908835934        1.0003187593152412       0.23595064331268570     
   3.3730000000000007E-004  0.43508453368359068        1.9702313699112270        3.9478329097890468        1.0003347283032902       0.24496984208017619     
   3.3740000000000007E-004  0.43247897670047536        1.9338620717292407        3.9728805728944967        1.0003501428570225       0.25359964975394789     
   3.3750000000000002E-004  0.42995288238710028        1.8984241764697902        3.9986941486327798        1.0003660387842446       0.26180686065367392     
   3.3760000000000002E-004  0.42751421761101704        1.8639458888052847        4.0251670611182968        1.0003835750901262       0.26960485846207322     
   3.3770000000000002E-004  0.42517027341400176        1.8302994233015735        4.0521885003875706        1.0004029313113214       0.27703239145414421     
   3.3780000000000003E-004  0.42292988715731678        1.7972130561374229        4.0796454694057278        1.0004226901566140       0.28411072722352337     
   3.3790000000000003E-004  0.42080542645883456        1.7643135643923848        4.1074212267061148        1.0004402875551466       0.29081030435577598     
   3.3800000000000003E-004  0.41881263892286497        1.7312055329270120        4.1353929989469078        1.0004533290514419       0.29705344723999344     
   3.3810000000000003E-004  0.41696796297696870        1.6975789922347397        4.1634328240146603        1.0004608590630852       0.30275268259019317     
   3.3820000000000003E-004  0.41528502699069736        1.6633131382451261        4.1914130924252531        1.0004635548451879       0.30785555025355199     
   3.3830000000000004E-004  0.41377281303045493        1.6285310859385840        4.2192145780365120        1.0004626321349814       0.31236160932124307     
   3.3840000000000004E-004  0.41243672322034630        1.5935755887358125        4.2467328611348494        1.0004584467089650       0.31630219254251435     
   3.3850000000000004E-004  0.41128154688536317        1.5589125730787243        4.2738806282552178        1.0004500211621918       0.31970410036093094     
   3.3860000000000004E-004  0.41031391981392551        1.5250032698966356        4.3005864734634667        1.0004357282578471       0.32256597388376279     
   3.3870000000000005E-004  0.40954250518048790        1.4921956660585058        4.3267925929935132        1.0004143461166413       0.32485950250065088     
   3.3880000000000005E-004  0.40897608116830980        1.4606697743767993        4.3524532773894080        1.0003856542549716       0.32654760004857908     
   3.3890000000000005E-004  0.40862114137178085        1.4304424588691012        4.3775345776838499        1.0003503691690498       0.32760396150206178     
   3.3900000000000005E-004  0.40848052084380887        1.4014137390857311        4.4020144066728006        1.0003097182056453       0.32802295609137472     
   3.3910000000000006E-004  0.40855352853768084        1.3734276595168451        4.4258821543279652        1.0002650113912412       0.32781771597905673     
   3.3920000000000006E-004  0.40883710036456816        1.3463258109940739        4.4491373462309527        1.0002173895027822       0.32701077974489584     
   3.3930000000000006E-004  0.40932710845168163        1.3199826453955614        4.4717874226552237        1.0001677615378910       0.32562344469017979     
   3.3940000000000006E-004  0.41001917401285848        1.2943213971610517        4.4938450479564107        1.0001168836341154       0.32366852715900990     
   3.3950000000000007E-004  0.41090882203871065        1.2693145908676025        4.5153254484174328        1.0000655126635682       0.32114873664733506     
   3.3960000000000001E-004  0.41199119314544752        1.2449744256488495        4.5362441983553285        1.0000145444675459       0.31806035260583576     
   3.3970000000000002E-004  0.41326061135173742        1.2213377813952366        4.5566156907332829       0.99996505110618505       0.31439983495920948     
   3.3980000000000002E-004  0.41471020374283507        1.1984496892583634        4.5764523053136310       0.99991818782107822       0.31017008956392039     
   3.3990000000000002E-004  0.41633165919065424        1.1763483502339609        4.5957641070641539       0.99987501644998400       0.30538371601377290     
   3.4000000000000002E-004  0.41811516644206020        1.1550540334231592        4.6145588338067540       0.99983633661816274       0.30006234536520876     
   3.4010000000000003E-004  0.42004956071963467        1.1345632320720362        4.6328419715123355       0.99980260046581659       0.29423311027187832     
   3.4020000000000003E-004  0.42212268299706590        1.1148483051217486        4.6506168166960844       0.99977393046458818       0.28792432654397160     
   3.4030000000000003E-004  0.42432190450966051        1.0958617026326545        4.6678845200235068       0.99975020762978617       0.28116226878044920     
   3.4040000000000003E-004  0.42663471710659967        1.0775430643376405        4.6846441514328303       0.99973117738526784       0.27396991742855992     
   3.4050000000000004E-004  0.42904926792541642        1.0598272100264792        4.7008928235264449       0.99971653240106750       0.26636746727292454     
   3.4060000000000004E-004  0.43155472946509926        1.0426513408086029        4.7166258804253500       0.99970595710092702       0.25837373559381688     
   3.4070000000000004E-004  0.43414143244323722        1.0259604729318399        4.7318371301456530       0.99969914019989869       0.25000753308848350     
   3.4080000000000004E-004  0.43680075984686445        1.0097108966263120        4.7465190862119560       0.99969577279521316       0.24128843646983081     
   3.4090000000000005E-004  0.43952487792154277       0.99387196500319508        4.7606631900878247       0.99969554658333315       0.23223690721037601     
   3.4100000000000005E-004  0.44230642273821119       0.97842668806810362        4.7742600022709958       0.99969815776172744       0.22287403392450533     
   3.4110000000000005E-004  0.44513825401798507       0.96337152150478023        4.7872993656969935       0.99970331416159919       0.21322122836403046     
   3.4120000000000005E-004  0.44801334235806828       0.94871556198001894        4.7997705525777654       0.99971074041228836       0.20330005400143705     
   3.4130000000000006E-004  0.45092479868138807       0.93447922984911269        4.8116624045767082       0.99972017835142923       0.19313217631038584     
   3.4140000000000006E-004  0.45386600933899790       0.92069249335638759        4.8229634699394390       0.99973138330098099       0.18273931237903179     
   3.4150000000000006E-004  0.45683081915351303       0.90739274194124242        4.8336621350139302       0.99974411918150097       0.17214306053958592     
   3.4160000000000006E-004  0.45981370701678259       0.89462248456619253        4.8437467445426741       0.99975815554420777       0.16136456689047118     
   3.4170000000000001E-004  0.46280991588279280       0.88242709256365703        4.8532057062688221       0.99977326799266453       0.15042407406475319     
   3.4180000000000001E-004  0.46581552073149057       0.87085279749160005        4.8620275791646019       0.99978924180002016       0.13934045071739770     
   3.4190000000000002E-004  0.46882743635422031       0.85994507508928031        4.8702011480530665       0.99980587742842086       0.12813080174224825     
   3.4200000000000002E-004  0.47184337766688794       0.84974745894523629        4.8777154898104023       0.99982299628486171       0.11681022506290707     
   3.4210000000000002E-004  0.47486178909980192       0.84030075967446916        4.8845600371315383       0.99984044537818095       0.10539173532851813     
   3.4220000000000002E-004  0.47788175862174381       0.83164262554203461        4.8907246450008985       0.99985810013659393        9.3886336643106097E-002
   3.4230000000000003E-004  0.48090292834269749       0.82380736584735903        4.8961996631059481       0.99987586524940786        8.2303205978292646E-002
   3.4240000000000003E-004  0.48392540929955580       0.81682596071819003        4.9009760150536890       0.99989367384887884        7.0649942235101695E-002
   3.4250000000000003E-004  0.48694970416735001       0.81072619081130792        4.9050452831761584       0.99991148536273411        5.8932840763116362E-002
   3.4260000000000003E-004  0.48997663882472509       0.80553283259063857        4.9083997960350265       0.99992928260248937        4.7157166445440525E-002
   3.4270000000000004E-004  0.49300730196182291       0.80126787745669503        4.9110327149826221       0.99994706830898494        3.5327407121822370E-002
   3.4280000000000004E-004  0.49604299100514998       0.79795074545415812        4.9129381157892764       0.99996486146309749        2.3447501056172951E-002
   3.4290000000000004E-004  0.49908516241445355       0.79559847102979653        4.9141110616857935       0.99998269344618562        1.1521039842368883E-002
   3.4300000000000004E-004  0.50213538453850448       0.79422584414164188        4.9145476645875164        1.0000006041264438       -4.4855056668431420E-004
   3.4310000000000005E-004  0.50519529151108422       0.79384549496851875        4.9142451319148517        1.0000186378812275       -1.2457843816984296E-002
   3.4320000000000005E-004  0.50826653695445834       0.79446791491219759        4.9132017971762254        1.0000368395304893       -2.4503254276686644E-002
   3.4330000000000005E-004  0.51135074643323009       0.79610141064269957        4.9114171332451022        1.0000552501452766       -3.6580876959281423E-002
   3.4340000000000005E-004  0.51444946761882260       0.79875199206594516        4.9088917480614604        1.0000739026892556       -4.8686317377851694E-002
   3.4350000000000006E-004  0.51756411692695126       0.80242319918822869        4.9056273633354719        1.0000928174542374       -6.0814501902478293E-002
   3.4360000000000006E-004  0.52069592103920381       0.80711587868600176        4.9016267777421723        1.0001119972677011       -7.2959459105468305E-002
   3.4370000000000006E-004  0.52384585147788132       0.81282792880353494        4.8968938169419536        1.0001314225253211       -8.5114066554030740E-002
   3.4380000000000001E-004  0.52701455027773747       0.81955403866689025        4.8914332735371984        1.0001510461222942       -9.7269758220623434E-002
   3.4390000000000001E-004  0.53020224495903368       0.82728545560445532        4.8852508406442823        1.0001707886689493      -0.10941619868936407     
   3.4400000000000001E-004  0.53340865189892384       0.83600982121848588        4.8783530424924448        1.0001905343621094      -0.12154094132748047     
   3.4410000000000002E-004  0.53663286908975294       0.84571112157021933        4.8707471647755849        1.0002101283503821      -0.13362910220558452     
   3.4420000000000002E-004  0.53987326246506695       0.85636980036071186        4.8624411856613561        1.0002293763082239      -0.14566309685212320     
   3.4430000000000002E-004  0.54312735434299630       0.86796308813990652        4.8534437060452538        1.0002480470085817      -0.15762250117684495     
   3.4440000000000002E-004  0.54639172753096588       0.88046561597427075        4.8437638752602270        1.0002658781098523      -0.16948409960412697     
   3.4450000000000003E-004  0.54966196295946912       0.89385038796529503        4.8334113063846313        1.0002825847261709      -0.18122217064991680     
   3.4460000000000003E-004  0.55293263024501682       0.90809015395554304        4.8223959737972386        1.0002978692807487      -0.19280902014030604     
   3.4470000000000003E-004  0.55619734703417500       0.92315919775878275        4.8107280868829605        1.0003114297979778      -0.20421571048521789     
   3.4480000000000003E-004  0.55944891133698693       0.93903550634633248        4.7984179372803881        1.0003229634379187      -0.21541286696306347     
   3.4490000000000004E-004  0.56267948956824432       0.95570320812733911        4.7854757214038477        1.0003321631520776      -0.22637139851272578     
   3.4500000000000004E-004  0.56588081622778152       0.97315507809617685        4.7719113432332936        1.0003387077990522      -0.23706297901187981     
   3.4510000000000004E-004  0.56904433870994764       0.99139482462937689        4.7577342025477272        1.0003422495906951      -0.24746021109919694     
   3.4520000000000004E-004  0.57216123636993199        1.0104388180696091        4.7429529700845778        1.0003424053029404      -0.25753651797837263     
   3.4530000000000004E-004  0.57522226907960616        1.0303169021236123        4.7275753451958593        1.0003387571248439      -0.26726591635646846     
   3.4540000000000005E-004  0.57821746913229299        1.0510719332155674        4.7116077874669706        1.0003308648866984      -0.27662283485687988     
   3.4550000000000005E-004  0.58113576353403651        1.0727577057921796        4.6950552164425288        1.0003182849126433      -0.28558201304024650     
   3.4560000000000005E-004  0.58396466395335234        1.0954349685502054        4.6779206845078241        1.0003005887714553      -0.29411833407066240     
   3.4570000000000005E-004  0.58669015083831022        1.1191653938163535        4.6602050426798876        1.0002773798643567      -0.30220636477138707     
   3.4580000000000006E-004  0.58929682295214314        1.1440037129692922        4.6419066309754520        1.0002483129228923      -0.30981949411571436     
   3.4590000000000001E-004  0.59176834111175391        1.1699888222765598        4.6230210314528408        1.0002131309960520      -0.31692884454597753     
   3.4600000000000001E-004  0.59408811959103314        1.1971354617817997        4.6035409092553836        1.0001717436332580      -0.32350265544008810     
   3.4610000000000001E-004  0.59624011855488412        1.2254288837865213        4.5834559262043921        1.0001243574314418      -0.32950733793887538     
   3.4620000000000001E-004  0.59820954344163924        1.2548253382037631        4.5627526635778191        1.0000716228012598      -0.33491117754834782     
   3.4630000000000001E-004  0.59998331804307226        1.2852606766506067        4.5414144877698721        1.0000147041252034      -0.33969022102627994     
   3.4640000000000002E-004  0.60155030560264455        1.3166675692811616        4.5194213782088006       0.99995517914752907      -0.34383379253331109     
   3.4650000000000002E-004  0.60290125846042153        1.3489989611654432        4.4967498900040912       0.99989475903090208      -0.34734596412968721     
   3.4660000000000002E-004  0.60402838584305096        1.3822524234578868        4.4733735710959781       0.99983493867507445      -0.35024041140052409     
   3.4670000000000002E-004  0.60492451629455146        1.4164881176730297        4.4492642279998895       0.99977675079970318      -0.35252914424571852     
   3.4680000000000003E-004  0.60558220644537863        1.4518328035511470        4.4243943687834024       0.99972079070351683      -0.35420950902844212     
   3.4690000000000003E-004  0.60599347614117538        1.4884637580845226        4.3987408445985459       0.99966759222198809      -0.35525723285422517     
   3.4700000000000003E-004  0.60615081075229593        1.5265696447434607        4.3722891424525780       0.99961820759955111      -0.35563329464458698     
   3.4710000000000003E-004  0.60604957683281924        1.5662907059738105        4.3450372364109349       0.99957454954063663      -0.35530552159420781     
   3.4720000000000004E-004  0.60569079076038235        1.6076487075647332        4.3169978828628031       0.99953904438297969      -0.35427383055283274     
   3.4730000000000004E-004  0.60508190973963150        1.6504872572132010        4.2881990669934877       0.99951350185614407      -0.35258010758399549     
   3.4740000000000004E-004  0.60423413767847434        1.6944512448612459        4.2586838466768047       0.99949773164075428      -0.35028815033063537     
   3.4750000000000004E-004  0.60315764068364419        1.7390321541827305        4.2285119567159546       0.99948916571060620      -0.34743918106851773     
   3.4760000000000005E-004  0.60185822067207262        1.7836874900576554        4.1977644098497242       0.99948450785250775      -0.34401500204364199     
   3.4770000000000005E-004  0.60033850289884128        1.8280092462099997        4.1665488495159897       0.99948247750059582      -0.33994706958974819     
   3.4780000000000005E-004  0.59860343553905238        1.8718815097251404        4.1350006251159312       0.99948497295415328      -0.33517708660325979     
   3.4790000000000005E-004  0.59666538853432782        1.9155547313907100        4.1032760579608381       0.99949502332765450      -0.32972407210318821     
   3.4800000000000000E-004  0.59454384683334016        1.9595925458332975        4.0715403759864328       0.99951312669892944      -0.32369044008451453     
   3.4810000000000000E-004  0.59226002540031131        2.0047055100337250        4.0399582295016812       0.99953580076791071      -0.31718679316410198     
   3.4820000000000001E-004  0.58983136819675586        2.0515375780899099        4.0086924809476638       0.99955812537796818      -0.31024459753097700     
   3.4830000000000001E-004  0.58727043151914682        2.1004840110419778        3.9779078560627377       0.99957759440259675      -0.30280893398882591     
   3.4840000000000001E-004  0.58458801085621037        2.1515934607962048        3.9477703804709026       0.99959534634756608      -0.29481867666390704     
   3.4850000000000001E-004  0.58179659412827245        2.2045641512006586        3.9184383144077670       0.99961389661372690      -0.28628718527389141     
   3.4860000000000002E-004  0.57891119496390431        2.2588081477428545        3.8900499738831957       0.99963415603635497      -0.27730379155264545     
   3.4870000000000002E-004  0.57594774203961441        2.3135454652850260        3.8627170954698777       0.99965473827254048      -0.26796871853013043     
   3.4880000000000002E-004  0.57292085738102916        2.3679017638690194        3.8365264921191797       0.99967353696036698      -0.25833527374663406     
   3.4890000000000002E-004  0.56984253356846759        2.4210006581357142        3.8115456842914934       0.99968943473347482      -0.24840512457827532     
   3.4900000000000003E-004  0.56672215316370722        2.4720463165705571        3.7878271090807631       0.99970270249317805      -0.23816145774651648     
   3.4910000000000003E-004  0.56356745201786140        2.5203869984309613        3.7654092147122422       0.99971434304462758      -0.22760100531891447     
   3.4920000000000003E-004  0.56038564356723575        2.5655497271601497        3.7443160534071902       0.99972532545174853      -0.21674439680644633     
   3.4930000000000003E-004  0.55718404308990011        2.6072439603860822        3.7245574157527375       0.99973624703324093      -0.20562920484052671     
   3.4940000000000004E-004  0.55397003767515229        2.6453411227385555        3.7061302739387108       0.99974737420540694      -0.19429840766886250     
   3.4950000000000004E-004  0.55075066689717400        2.6798414702665614        3.6890211785780060       0.99975880785886562      -0.18279227246103577     
   3.4960000000000004E-004  0.54753217261158293        2.7108386577663772        3.6732089402329846       0.99977060575646259      -0.17114499112491230     
   3.4970000000000004E-004  0.54431972960471409        2.7384881479428458        3.6586671197126841       0.99978283290666736      -0.15938442534549827     
   3.4980000000000005E-004  0.54111738074947879        2.7629817226089735        3.6453661201317171       0.99979556463482933      -0.14753319533164208     
   3.4990000000000005E-004  0.53792810855605655        2.7845281139740710        3.6332748501981733       0.99980887171582067      -0.13561001538166628     
   3.5000000000000005E-004  0.53475396828758481        2.8033389159540913        3.6223620054005816       0.99982280535127288      -0.12363080350693129     
   3.5010000000000000E-004  0.53159623525485433        2.8196187767450169        3.6125970330009851       0.99983738860260518      -0.11160944994463072     
   3.5020000000000000E-004  0.52845554501462044        2.8335589510408870        3.6039508436317740       0.99985261454455399       -9.9558285415217829E-002
   3.5030000000000000E-004  0.52533201817891406        2.8453333945166648        3.5963963240446257       0.99986844905408423       -8.7488344989456068E-002
   3.5040000000000001E-004  0.52222536691250054        2.8550966966891949        3.5899086964867486       0.99988483583511933       -7.5409520997733070E-002
   3.5050000000000001E-004  0.51913498295564076        2.8629832714919505        3.5844657616928046       0.99990170193443628       -6.3330671835087810E-002
   3.5060000000000001E-004  0.51606000894712500        2.8691073499013751        3.5800480550859155       0.99991896277201031       -5.1259723407282375E-002
   3.5070000000000001E-004  0.51299939618197132        2.8735634345947094        3.5766389395877147       0.99993652629634833       -3.9203778176374514E-002
   3.5080000000000002E-004  0.50995195253696590        2.8764269738280834        3.5742246533687454       0.99995429622563992       -2.7169234427056797E-002
   3.5090000000000002E-004  0.50691638411303097        2.8777550883368281        3.5727943266244884       0.99997217445725939       -1.5161913852384207E-002
   3.5100000000000002E-004  0.50389133345829096        2.8775872371282301        3.5723399780997394       0.99999006275550228       -3.1871943707823627E-003
   3.5110000000000002E-004  0.50087541635944577        2.8759457529105568        3.5728564988367171        1.0000078639491605        8.7498544369986643E-003
   3.5120000000000003E-004  0.49786725847609242        2.8728362238325040        3.5743416273145447        1.0000254828596109        2.0644335948254499E-002
   3.5130000000000003E-004  0.49486553260015542        2.8682477197531355        3.5767959178109767        1.0000428270894319        3.2491393462383535E-002
   3.5140000000000003E-004  0.49186899706562293        2.8621528854342007        3.5802227014891073        1.0000598078586278        4.4286082372853725E-002
   3.5150000000000003E-004  0.48887653580690893        2.8545079524169044        3.5846280374017514        1.0000763410838855        5.6023251578053185E-002
   3.5160000000000004E-004  0.48588720065961999        2.8452527558491489        3.5900206483816168        1.0000923488857343        6.7697439125276496E-002
   3.5170000000000004E-004  0.48290025662558050        2.8343108839479871        3.5964118345172253        1.0001077616813971        7.9302786900918659E-002
   3.5180000000000004E-004  0.47991523095498606        2.8215901364526399        3.6038153545240146        1.0001225209633906        9.0832978124954805E-002
   3.5190000000000004E-004  0.47693196713186758        2.8069835233672773        3.6122472624931352        1.0001365827392250       0.10228119504893896     
   3.5200000000000005E-004  0.47395068534720264        2.7903710884231323        3.6217256840064311        1.0001499213486245       0.11364008333230093     
   3.5210000000000005E-004  0.47097205161939865        2.7716228644882595        3.6322705115596579        1.0001625328164065       0.12490168833591199     
   3.5220000000000000E-004  0.46799725756689114        2.7506032672519805        3.6439029930780733        1.0001744363459364       0.13605729552022122     
   3.5230000000000000E-004  0.46502811077049599        2.7271772105828376        3.6566451777708329        1.0001856719597053       0.14709706522044030     
   3.5240000000000000E-004  0.46206713010786415        2.7012181781044724        3.6705191712510423        1.0001962924263716       0.15800932760155170     
   3.5250000000000000E-004  0.45911763090097274        2.6726184283284535        3.6855461411154673        1.0002063500489160       0.16877946027280102     
   3.5260000000000001E-004  0.45618377180648945        2.6413014467922711        3.7017450182443041        1.0002158847814482       0.17938849867013251     
   3.5270000000000001E-004  0.45327052618046276        2.6072366657510688        3.7191308800511131        1.0002249291542948       0.18981208731783683     
   3.5280000000000001E-004  0.45038354779033390        2.5704562569384315        3.7377131001995521        1.0002335499369699       0.20002092304621352     
   3.5290000000000001E-004  0.44752893491967144        2.5310733104017729        3.7574934924243086        1.0002419323778906       0.20998394715456800     
   3.5300000000000002E-004  0.44471296343844502        2.4892997521941194        3.7784647887967777        1.0002504725058621       0.21967455706765293     
   3.5310000000000002E-004  0.44194193850002039        2.4454607780308031        3.8006097362891222        1.0002597827547086       0.22907763565664277     
   3.5320000000000002E-004  0.43922236760913691        2.4000006389414459        3.8239007386523927        1.0002705066691493       0.23819229984582940     
   3.5330000000000002E-004  0.43656158319287308        2.3534728387153621        3.8482994026243289        1.0002829463537628       0.24702494663499008     
   3.5340000000000002E-004  0.43396861934964359        2.3065080033513148        3.8737549935595581        1.0002967166150110       0.25557205023973106     
   3.5350000000000003E-004  0.43145468688354466        2.2597577172848453        3.9002012841133826        1.0003107988299607       0.26380181661794072     
   3.5360000000000003E-004  0.42903249668149085        2.2138224116506802        3.9275528289913262        1.0003242065383668       0.27165159250188969     
   3.5370000000000003E-004  0.42671439952888129        2.1691804720759755        3.9557033701537918        1.0003368799370602       0.27905209972493888     
   3.5380000000000003E-004  0.42451055932537685        2.1261366542167561        3.9845288413912527        1.0003498774370949       0.28596596638065935     
   3.5390000000000004E-004  0.42242892374900165        2.0847978170845547        4.0138943302213992        1.0003643161870877       0.29240584008620929     
   3.5400000000000004E-004  0.42047752132309674        2.0450712690034969        4.0436607821272839        1.0003798520815503       0.29840770192984906     
   3.5410000000000004E-004  0.41866734610133904        2.0066811100062605        4.0736873740194985        1.0003942645571553       0.30397825636235104     
   3.5420000000000004E-004  0.41701306552785256        1.9692128347875357        4.1038300358854620        1.0004047256314619       0.30906612029606806     
   3.5429999999999999E-004  0.41553037197576054        1.9322040803576606        4.1339409589193012        1.0004096457460461       0.31358648087855168     
   3.5439999999999999E-004  0.41423185307558874        1.8952772572311414        4.1638733037345386        1.0004094526791814       0.31747706821338023     
   3.5450000000000000E-004  0.41312471446238902        1.8582689674480211        4.1934902761665684        1.0004056301359987       0.32073373326179272     
   3.5460000000000000E-004  0.41221193034943154        1.8212925575153491        4.2226734371401582        1.0003989125540826       0.32339551890657409     
   3.5470000000000000E-004  0.41149556099188489        1.7846984908674433        4.2513258111309176        1.0003883466277568       0.32549818803256142     
   3.5480000000000000E-004  0.41097960183490612        1.7489516162952068        4.2793699206423881        1.0003720264335907       0.32704052657958310     
   3.5490000000000001E-004  0.41067031723914843        1.7144837820891166        4.3067443471279834        1.0003486374227482       0.32798809771168635     
   3.5500000000000001E-004  0.41057402185319547        1.6815826644869025        4.3334019477357604        1.0003183460279310       0.32830263660535769     
   3.5510000000000001E-004  0.41069413625818524        1.6503495730006392        4.3593100566586784        1.0002824718523555       0.32796852242149427     
   3.5520000000000001E-004  0.41102957137586255        1.6207222320387595        4.3844509825131004        1.0002425639906791       0.32699854706693093     
   3.5530000000000002E-004  0.41157519484879124        1.5925344296699206        4.4088211747101065        1.0001997657282751       0.32542162945903264     
   3.5540000000000002E-004  0.41232368964906041        1.5655811509864197        4.4324287103663238        1.0001547835522806       0.32326628726378420     
   3.5550000000000002E-004  0.41326752094624880        1.5396689474594432        4.4552898383079995        1.0001081905697291       0.32055097034754942     
   3.5560000000000002E-004  0.41439999049954607        1.5146451145401034        4.4774255440903286        1.0000606873301341       0.31728343379492718     
   3.5570000000000003E-004  0.41571509551379715        1.4904082479069718        4.4988587251293577        1.0000131717054901       0.31346533100607993     
   3.5580000000000003E-004  0.41720660357014155        1.4669059300174494        4.5196121278946233       0.99996667408050921       0.30909767879659777     
   3.5590000000000003E-004  0.41886703307543349        1.4441249995936563        4.5397069708951694       0.99992225592045991       0.30418502523324614     
   3.5600000000000003E-004  0.42068707707612585        1.4220784737013794        4.5591621280867924       0.99988091902007203       0.29873798762111559     
   3.5610000000000004E-004  0.42265565751296769        1.4007919706927963        4.5779937554666255       0.99984352607659099       0.29277435157707182     
   3.5620000000000004E-004  0.42476048501716834        1.3802916679258397        4.5962152387940955       0.99981072667747384       0.28631873819811487     
   3.5630000000000004E-004  0.42698884170271884        1.3605952117166584        4.6138373239993742       0.99978290013262439       0.27940079809879925     
   3.5640000000000004E-004  0.42932830485377910        1.3417063560879008        4.6308682956168115       0.99976013705515487       0.27205225266077215     
   3.5649999999999999E-004  0.43176723230918090        1.3236133893290640        4.6473141082538234       0.99974227229585111       0.26430358487482897     
   3.5659999999999999E-004  0.43429496682466956        1.3062907339822845        4.6631784403747787       0.99972896131164746       0.25618138917352146     
   3.5670000000000000E-004  0.43690182382469450        1.2897026700625531        4.6784627018359073       0.99971977445261617       0.24770715632208243     
   3.5680000000000000E-004  0.43957896935871893        1.2738080218605496        4.6931660614989177       0.99971427993197259       0.23889771760877920     
   3.5690000000000000E-004  0.44231827764699228        1.2585648241454424        4.7072855586402964       0.99971209476758005       0.22976697070730021     
   3.5700000000000000E-004  0.44511221379871707        1.2439343129054663        4.7208163303071178       0.99971289956542575       0.22032814099224751     
   3.5710000000000001E-004  0.44795375070156840        1.2298839266153152        4.7337519455966515       0.99971642599994270       0.21059580418338381     
   3.5720000000000001E-004  0.45083631299842281        1.2163892604640516        4.7460848055044202       0.99972243213723744       0.20058714200794653     
   3.5730000000000001E-004  0.45375374377101757        1.2034350630282020        4.7578065533710658       0.99973067924203740       0.19032225432271943     
   3.5740000000000001E-004  0.45670029709808824        1.1910154235740000        4.7689084460078872       0.99974091806666410       0.17982365559059701     
   3.5750000000000002E-004  0.45967065843176302        1.1791333096365078        4.7793816520002972       0.99975288633616499       0.16911525042908168     
   3.5760000000000002E-004  0.46265998837090710        1.1677996100079540        4.7892174637867813       0.99976631511290326       0.15822111654093240     
   3.5770000000000002E-004  0.46566397909361890        1.1570318414839855        4.7984074277899165       0.99978093983592597       0.14716436612779646     
   3.5780000000000002E-004  0.46867890994163069        1.1468526811231881        4.8069434089250800       0.99979651203828601       0.13596626022146618     
   3.5790000000000003E-004  0.47170168993978184        1.1372884742583205        4.8148176110974861       0.99981280891131730       0.12464564939936425     
   3.5800000000000003E-004  0.47472987912751802        1.1283678395163728        4.8220225750233654       0.99982963940935099       0.11321873393533367     
   3.5810000000000003E-004  0.47776168563117555        1.1201204513245848        4.8285511707431477       0.99984684680429925       0.10169908585827524     
   3.5820000000000003E-004  0.48079593980962337        1.1125760378463587        4.8343965965966937       0.99986430834106221        9.0097853515623452E-002
   3.5830000000000004E-004  0.48383204971890770        1.1057635969531203        4.8395523908392448       0.99988193293069494        7.8424071446966073E-002
   3.5840000000000004E-004  0.48686994340738371        1.0997108126289588        4.8440124574277155       0.99989965774970135        6.6685011615814943E-002
   3.5850000000000004E-004  0.48991000347513219        1.0944436451537038        4.8477711043374576       0.99991744433790442        5.4886532587465411E-002
   3.5859999999999999E-004  0.49295299844523294        1.0899860486234987        4.8508230905077143       0.99993527478498812        4.3033401202527008E-002
   3.5869999999999999E-004  0.49600001411982603        1.0863597760655423        4.8531636769230220       0.99995314800728252        3.1129578346477362E-002
   3.5879999999999999E-004  0.49905238672947305        1.0835842463077716        4.8547886773653648       0.99997107613967662        1.9178468557847928E-002
   3.5890000000000000E-004  0.50211163849215290        1.0816764542496609        4.8556945049987208       0.99998908096220662        7.1831426239653239E-003
   3.5900000000000000E-004  0.50517941525996657        1.0806509118615297        4.8558782117520716        1.0000071902746306       -4.8534579917511840E-003
   3.5910000000000000E-004  0.50825742526911888        1.0805196123751415        4.8553375182807574        1.0000254341636887       -1.6928326131619393E-002
   3.5920000000000000E-004  0.51134737758008786        1.0812920153334113        4.8540708331263502        1.0000438411227952       -2.9038195173081469E-002
   3.5930000000000001E-004  0.51445091857180580        1.0829750540968455        4.8520772604912530        1.0000624340260393       -4.1179339431694488E-002
   3.5940000000000001E-004  0.51756956481167027        1.0855731641380171        4.8493565967652588        1.0000812260110683       -5.3347361464038415E-002
   3.5950000000000001E-004  0.52070463081939011        1.0890883397742135        4.8459093168672460        1.0001002161748851       -6.5536958756945304E-002
   3.5960000000000001E-004  0.52385715081078144        1.0935202384688765        4.8417365524102260        1.0001193850912198       -7.7741663692739812E-002
   3.5970000000000002E-004  0.52702779444551273        1.0988663483354646        4.8368400645092331        1.0001386901765710       -8.9953550087991399E-002
   3.5980000000000002E-004  0.53021677795165034        1.1051222362204696        4.8312222148117359        1.0001580610117053      -0.10216290562470980     
   3.5990000000000002E-004  0.53342377375080519        1.1122818970398649        4.8248859385988441        1.0001773946902448      -0.11435787671155240     
   3.6000000000000002E-004  0.53664782381998732        1.1203382294556734        4.8178347236999617        1.0001965515584610      -0.12652410397951400     
   3.6010000000000003E-004  0.53988726402629195        1.1292836683430334        4.8100725975687899        1.0002153517796550      -0.13864438781615743     
   3.6020000000000003E-004  0.54313966809141478        1.1391110080867319        4.8016041222663111        1.0002335735366021      -0.15069844476037667     
   3.6030000000000003E-004  0.54640181967105383        1.1498144481455297        4.7924343928093807        1.0002509537221664      -0.16266283532337222     
   3.6040000000000003E-004  0.54966971825684596        1.1613908580896410        4.7825690283760531        1.0002671921499309      -0.17451115145910534     
   3.6050000000000003E-004  0.55293861875762929        1.1738411969367277        4.7720141390348028        1.0002819597571109      -0.18621453662276297     
   3.6060000000000004E-004  0.55620309628846576        1.1871719738801838        4.7607762452560012        1.0002949101400787      -0.19774256912116431     
   3.6069999999999999E-004  0.55945711882342919        1.2013965815440919        4.7488621251921872        1.0003056923429123      -0.20906446296496023     
   3.6079999999999999E-004  0.56269410447711443        1.2165362815465537        4.7362785682748605        1.0003139612737366      -0.22015043644890089     
   3.6089999999999999E-004  0.56590694129695551        1.2326205923673053        4.7230320250918556        1.0003193810498046      -0.23097298718424009     
   3.6099999999999999E-004  0.56908795750363383        1.2496868279802955        4.7091281628764259        1.0003216171751377      -0.24150772904571458     
   3.6110000000000000E-004  0.57222884618881908        1.2677785613108048        4.6945713596711558        1.0003203163311554      -0.25173343498104456     
   3.6120000000000000E-004  0.57532055610691035        1.2869428405123848        4.6793641904695473        1.0003150794705822      -0.26163105474022491     
   3.6130000000000000E-004  0.57835315116399821        1.3072260884416638        4.6635069643437106        1.0003054416662083      -0.27118176303505065     
   3.6140000000000000E-004  0.58131563942986930        1.3286688169114012        4.6469973579535475        1.0002908767008267      -0.28036446072819932     
   3.6150000000000000E-004  0.58419579107901531        1.3512996507650508        4.6298301605993482        1.0002708415390451      -0.28915346367421202     
   3.6160000000000001E-004  0.58698000718605581        1.3751296878299524        4.6119971106955964        1.0002448651721720      -0.29751722776380468     
   3.6170000000000001E-004  0.58965334570492933        1.4001488054509226        4.5934867776446646        1.0002126708707559      -0.30541880714040648     
   3.6180000000000001E-004  0.59219981500002283        1.4263259096893153        4.5742844348626592        1.0001743069381128      -0.31281838799841133     
   3.6190000000000001E-004  0.59460298649286891        1.4536149673443539        4.5543718811263361        1.0001302491573978      -0.31967771333302036     
   3.6200000000000002E-004  0.59684687435531791        1.4819676965510409        4.5337272002336464        1.0000814312231301      -0.32596550475671826     
   3.6210000000000002E-004  0.59891690562126998        1.5113520353748040        4.5123245035336348        1.0000291702769177      -0.33166224122768179     
   3.6220000000000002E-004  0.60080063155547514        1.5417733837550553        4.4901337676237798       0.99997498870896440      -0.33676232010419815     
   3.6230000000000002E-004  0.60248772355713653        1.5732937984047624        4.4671209668214011       0.99992036380171367      -0.34127185584933639     
   3.6240000000000003E-004  0.60396902397317243        1.6060432977301007        4.4432488334152742       0.99986646587344186      -0.34520114795999773     
   3.6250000000000003E-004  0.60523501584023565        1.6402172753902970        4.4184787197176743       0.99981400127235431      -0.34855275475885383     
   3.6260000000000003E-004  0.60627465583012663        1.6760547007144782        4.3927739887103021       0.99976334508960640      -0.35130987466574143     
   3.6270000000000003E-004  0.60707564943983916        1.7137938959898689        4.3661048691063762       0.99971506301800561      -0.35343375399420601     
   3.6279999999999998E-004  0.60762675492009555        1.7536078918230018        4.3384538388589338       0.99967056351870620      -0.35487752197132649     
   3.6289999999999998E-004  0.60792128036345894        1.7955313772412591        4.3098199045752112       0.99963225707058101      -0.35561356851817960     
   3.6299999999999999E-004  0.60795931180955920        1.8394046440636966        4.2802204680475295       0.99960264423590939      -0.35565705337714126     
   3.6309999999999999E-004  0.60774647200713916        1.8848688446993336        4.2496912984092363       0.99958256065692230      -0.35506149934442149     
   3.6319999999999999E-004  0.60728964787948159        1.9314396093507078        4.2182873778951047       0.99957013941843476      -0.35387767121431696     
   3.6329999999999999E-004  0.60659268025657775        1.9786575458203401        4.1860872860262734       0.99956216578670187      -0.35210361771919702     
   3.6340000000000000E-004  0.60565565823277367        2.0262734096003978        4.1531999476794548       0.99955706276305190      -0.34967740827841265     
   3.6350000000000000E-004  0.60447923308949836        2.0743927938457780        4.1197680766754274       0.99955636995657904      -0.34653421132454998     
   3.6360000000000000E-004  0.60307043575529162        2.1235039829818323        4.0859629024393058       0.99956276223706031      -0.34268042410088134     
   3.6370000000000000E-004  0.60144419018895956        2.1743573857538685        4.0519717961870336       0.99957643136956220      -0.33820113932612905     
   3.6380000000000001E-004  0.59961873531361443        2.2277360119633958        4.0179877918281424       0.99959400071320603      -0.33318025112739685     
   3.6390000000000001E-004  0.59760926740989506        2.2842057217211327        3.9842072563425237       0.99961141794874320      -0.32762406814757900     
   3.6400000000000001E-004  0.59542625631184742        2.3439293016763276        3.9508308777644547       0.99962731226048085      -0.32148096736721216     
   3.6410000000000001E-004  0.59307965671877094        2.4065836719903064        3.9180585692172563       0.99964299656824662      -0.31472578301692250     
   3.6420000000000002E-004  0.59058361926747194        2.4713760021805431        3.8860772047765133       0.99965974082070119      -0.30740263153491809     
   3.6430000000000002E-004  0.58795649966016861        2.5371397882526825        3.8550493644017143       0.99967695532072909      -0.29958954903752294     
   3.6440000000000002E-004  0.58521698455414906        2.6024958434023677        3.8251094599504607       0.99969289223887803      -0.29134441570480568     
   3.6450000000000002E-004  0.58238087392261206        2.6660566403194128        3.7963655982983777       0.99970622434285117      -0.28268840022043817     
   3.6460000000000003E-004  0.57946082079670114        2.7266247533489256        3.7689023347709854       0.99971674814218225      -0.27362374667674827     
   3.6470000000000003E-004  0.57646776496548913        2.7833242604180892        3.7427821132323804       0.99972505037993220      -0.26415594708272738     
   3.6480000000000003E-004  0.57341220547747818        2.8356361363833020        3.7180461198458810       0.99973188687130332      -0.25430313097335261     
   3.6489999999999998E-004  0.57030473899270118        2.8833545097224302        3.6947157487224564       0.99973786209295246      -0.24409430491870640     
   3.6499999999999998E-004  0.56715607009636670        2.9265056986450979        3.6727949959541215       0.99974340990939348      -0.23356422878901786     
   3.6509999999999998E-004  0.56397671677781192        2.9652669827266624        3.6522734468255091       0.99974888548083896      -0.22274948648596829     
   3.6519999999999999E-004  0.56077654287546819        2.9999028824298293        3.6331293697165030       0.99975462396914638      -0.21168682614699713     
   3.6529999999999999E-004  0.55756427872923242        3.0307211522827977        3.6153325959567515       0.99976092827050078      -0.20041245426177556     
   3.6539999999999999E-004  0.55434719937665011        3.0580440199786736        3.5988470901339205       0.99976803169866824      -0.18896100664512330     
   3.6549999999999999E-004  0.55113104962904969        3.0821895745082291        3.5836332197490699       0.99977608062597267      -0.17736408073972093     
   3.6560000000000000E-004  0.54792018642153151        3.1034598306526124        3.5696497249757311       0.99978514643233496      -0.16564895992948500     
   3.6570000000000000E-004  0.54471783710532706        3.1221335023718080        3.5568553563398333       0.99979525147637471      -0.15383809903533666     
   3.6580000000000006E-004  0.54152637160579331        3.1384622781750799        3.5452101475150317       0.99980639178971753      -0.14194947528603621     
   3.6590000000000006E-004  0.53834752473285130        3.1526696522297470        3.5346763225841276       0.99981854864314312      -0.12999752421015651     
   3.6600000000000006E-004  0.53518254763289752        3.1649514768041822        3.5252188762718055       0.99983169028040220      -0.11799425782564814     
   3.6610000000000006E-004  0.53203229622381976        3.1754775386893446        3.5168058915879534       0.99984576901473443      -0.10595024841662051     
   3.6620000000000006E-004  0.52889727686575927        3.1843936357775728        3.5094086666421984       0.99986071832267021       -9.3875319341117591E-002
   3.6630000000000007E-004  0.52577767029429934        3.1918238183776815        3.5030017151680095       0.99987645256908564       -8.1778922548624608E-002
   3.6640000000000007E-004  0.52267334982082403        3.1978725978803411        3.4975626919489802       0.99989286966588276       -6.9670266589987748E-002
   3.6650000000000007E-004  0.51958390344643612        3.2026270031028279        3.4930722806423073       0.99990985564479129       -5.7558291036902492E-002
   3.6660000000000002E-004  0.51650866374401272        3.2061584111389720        3.4895140695399784       0.99992728979136936       -4.5451579064334433E-002
   3.6670000000000002E-004  0.51344674572110327        3.2085241112465042        3.4868744314730851       0.99994504919119120       -3.3358273939272799E-002
   3.6680000000000003E-004  0.51039709115730403        3.2097685826944033        3.4851424174178529       0.99996301205564930       -2.1286037639317575E-002
   3.6690000000000003E-004  0.50735851739549276        3.2099244828843432        3.4843096689891615       0.99998105963723127       -9.2420623866411086E-003
   3.6700000000000003E-004  0.50432976866890189        3.2090133517328248        3.4843703523447616       0.99999907693735157        2.7668704461130136E-003
   3.6710000000000003E-004  0.50130956834521545        3.2070460414347099        3.4853211143904352        1.0000169525494178        1.4734298347722755E-002
   3.6720000000000004E-004  0.49829667074989592        3.2040228779290043        3.4871610613208648        1.0000345780774218        2.6653971005126988E-002
   3.6730000000000004E-004  0.49528991140376183        3.1999335626869669        3.4898917585883251        1.0000518476156139        3.8519747275561872E-002
   3.6740000000000004E-004  0.49228825453107222        3.1947568221276210        3.4935172505223235        1.0000686576683642        5.0325509816130411E-002
   3.6750000000000004E-004  0.48929083664477840        3.1884598110566333        3.4980440966867046        1.0000849077606551        6.2065103954241974E-002
   3.6760000000000004E-004  0.48629700506182000        3.1809972799348980        3.5034814202849556        1.0001005018137803        7.3732296918956247E-002
   3.6770000000000005E-004  0.48330635056404331        3.1723105240610376        3.5098409614516535        1.0001153501751927        8.5320743894389151E-002
   3.6780000000000005E-004  0.48031873432853417        3.1623261462923544        3.5171371250983317        1.0001293719463089        9.6823936552142081E-002
   3.6790000000000005E-004  0.47733431084649280        3.1509546833113262        3.5253870091175519        1.0001424971236137       0.10823510373945139     
   3.6800000000000005E-004  0.47435355081992053        3.1380891744604806        3.5346103943823115        1.0001546680276332       0.11954703440544012     
   3.6810000000000006E-004  0.47137727066613311        3.1236038281700633        3.5448296720223622        1.0001658399587519       0.13075180118229865     
   3.6820000000000006E-004  0.46840667695272242        3.1073530572135830        3.5560696771035776        1.0001759814436464       0.14184038251147801     
   3.6830000000000006E-004  0.46544343409939021        3.0891712880000952        3.5683573929590864        1.0001850751717023       0.15280221639077210     
   3.6840000000000006E-004  0.46248976094489030        3.0688740925419626        3.5817214887636140        1.0001931214192490       0.16362476384786467     
   3.6850000000000007E-004  0.45954855527374672        3.0462612784823122        3.5961916572910479        1.0002001454486686       0.17429319617726374     
   3.6860000000000007E-004  0.45662353529235655        3.0211225096820318        3.6117977314144039        1.0002062085540238       0.18479031779633240     
   3.6870000000000002E-004  0.45371937424775433        2.9932457556554102        3.6285685731771276        1.0002114184028961       0.19509675612534053     
   3.6880000000000002E-004  0.45084179088499732        2.9624284658199933        3.6465307373390061        1.0002159302332825       0.20519128103652295     
   3.6890000000000002E-004  0.44799754870737718        2.9284911560256521        3.6657068997578781        1.0002199309833186       0.21505093812257869     
   3.6900000000000002E-004  0.44519432191805808        2.8912935891642277        3.6861140140871571        1.0002236105617606       0.22465072243729012     
   3.6910000000000003E-004  0.44244042338565365        2.8507551212620168        3.7077611635465844        1.0002271492513028       0.23396310089644190     
   3.6920000000000003E-004  0.43974446338380602        2.8068822517372993        3.7306471857539054        1.0002307675681930       0.24295877748076952     
   3.6930000000000003E-004  0.43711508356824286        2.7598059052583856        3.7547583825582151        1.0002348466144702       0.25161058307624207     
   3.6940000000000003E-004  0.43456092247083300        2.7098257732912536        3.7800667991513683        1.0002400059618706       0.25990027014440975     
   3.6950000000000004E-004  0.43209087036899246        2.6574487787744534        3.8065293065594941        1.0002469089782411       0.26782284338964923     
   3.6960000000000004E-004  0.42971458206078861        2.6033985706697411        3.8340868842342615        1.0002557106547916       0.27537925977739702     
   3.6970000000000004E-004  0.42744316118120840        2.5485718362444381        3.8626628386533723        1.0002656345293732       0.28255632611443904     
   3.6980000000000004E-004  0.42528957214343033        2.4939326381475730        3.8921596599357957        1.0002754271276117       0.28931107885982438     
   3.6990000000000005E-004  0.42326778736619836        2.4403683855598199        3.9224567261244632        1.0002845846374504       0.29558255188298688     
   3.7000000000000005E-004  0.42139033098592582        2.3885613957564757        3.9534122623767112        1.0002939651839395       0.30132847325941553     
   3.7010000000000005E-004  0.41966619137189265        2.3389250971764017        3.9848701946469385        1.0003046804387459       0.30655047874219143     
   3.7020000000000005E-004  0.41810198149264277        2.2916084666972392        4.0166679302757062        1.0003162693671781       0.31127527340466810     
   3.7030000000000006E-004  0.41670591650802447        2.2465299844589204        4.0486403328258245        1.0003263887646314       0.31550687437767233     
   3.7040000000000006E-004  0.41549010340277259        2.2034114100724924        4.0806199435332768        1.0003325237958907       0.31920094752897965     
   3.7050000000000006E-004  0.41446790143772150        2.1618295306843685        4.1124382365372538        1.0003337864209554       0.32228918316007804     
   3.7060000000000006E-004  0.41364874394504475        2.1213224222216631        4.1439317322383955        1.0003309769815205       0.32472833774551041     
   3.7070000000000007E-004  0.41303578585618916        2.0815410827429126        4.1749515423898451        1.0003252051917368       0.32652602098243655     
   3.7080000000000001E-004  0.41262841924836169        2.0423773596780617        4.2053712592006969        1.0003165605326163       0.32772202962181546     
   3.7090000000000002E-004  0.41242658467850712        2.0039950214084961        4.2350893439582347        1.0003038330647351       0.32834617468426763     
   3.7100000000000002E-004  0.41243284226041471        1.9667479094929661        4.2640265227690186        1.0002853508865657       0.32839085300403859     
   3.7110000000000002E-004  0.41265100709859981        1.9310338978782653        4.2921218984656120        1.0002602646932421       0.32781904642418030     
   3.7120000000000002E-004  0.41308300927096514        1.8971582253914026        4.3193310316132569        1.0002292595123905       0.32659681436333382     
   3.7130000000000003E-004  0.41372654455169500        1.8652586960810726        4.3456263143283342        1.0001941191683297       0.32472157035149957     
   3.7140000000000003E-004  0.41457497025738077        1.8353031360046632        4.3709975697738646        1.0001566053352848       0.32222525847309480     
   3.7150000000000003E-004  0.41561902713511295        1.8071359259179367        4.3954507571334247        1.0001176707894852       0.31915451455189114     
   3.7160000000000003E-004  0.41684894465953465        1.7805402148566571        4.4190043500971976        1.0000775275313245       0.31554642027479934     
   3.7170000000000004E-004  0.41825575589354236        1.7552912503629372        4.4416845686788600        1.0000362515846684       0.31141667985640303     
   3.7180000000000004E-004  0.41983148525409097        1.7311908733197132        4.4635210303212620       0.99999431031769970       0.30676378928450981     
   3.7190000000000004E-004  0.42156851718384841        1.7080838272556607        4.4845437334511145       0.99995268458315090       0.30158178587334911     
   3.7200000000000004E-004  0.42345869812514414        1.6858608917993614        4.5047814194479363       0.99991264700219706       0.29587200427690014     
   3.7210000000000005E-004  0.42549265637860056        1.6644541287887522        4.5242608577204741       0.99987543058165596       0.28964842131257829     
   3.7220000000000005E-004  0.42765958986975888        1.6438282877427950        4.5430065402009641       0.99984198236400690       0.28293640034285850     
   3.7230000000000005E-004  0.42994753031450311        1.6239710669228096        4.5610404601619363       0.99981287445677380       0.27576774060334036     
   3.7240000000000005E-004  0.43234393416577110        1.6048838807358248        4.5783818718026588       0.99978834297264119       0.26817535082301575     
   3.7250000000000006E-004  0.43483639118487039        1.5865740409388369        4.5950470648001023       0.99976838506915977       0.26018963146490603     
   3.7260000000000006E-004  0.43741325571999956        1.5690487606309089        4.6110492257658109       0.99975285369985889       0.25183707046305309     
   3.7270000000000006E-004  0.44006406202727960        1.5523110854713265        4.6263984319031266       0.99974152161510443       0.24314047088300303     
   3.7280000000000006E-004  0.44277966593943419        1.5363576815100046        4.6411017775684051       0.99973411460142125       0.23411989746313289     
   3.7290000000000001E-004  0.44555214326082038        1.5211782854526552        4.6551636042762370       0.99973032785285887       0.22479366348505958     
   3.7300000000000001E-004  0.44837453802387661        1.5067565105504572        4.6685857971676912       0.99972983759630552       0.21517908414566278     
   3.7310000000000002E-004  0.45124057222884451        1.4930716069883934        4.6813681182551052       0.99973231308213761       0.20529300604514167     
   3.7320000000000002E-004  0.45414440666743178        1.4801007279198926        4.6935085569337414       0.99973742799397225       0.19515220360422503     
   3.7330000000000002E-004  0.45708050006750967        1.4678212712177121        4.7050036842870639       0.99974486897922188       0.18477368852927489     
   3.7340000000000002E-004  0.46004357222129322        1.4562129483903474        4.7158489989559937       0.99975434015678921       0.17417491168503893     
   3.7350000000000003E-004  0.46302864838576185        1.4452593547948469        4.7260392515371965       0.99976556436252573       0.16337381049787361     
   3.7360000000000003E-004  0.46603114981869864        1.4349489476036723        4.7355687346621602       0.99977828277650638       0.15238867331382561     
   3.7370000000000003E-004  0.46904699591740728        1.4252754449235718        4.7444315282604785       0.99979225462066734       0.14123783464734266     
   3.7380000000000003E-004  0.47207269173163507        1.4162377316308996        4.7526216940946107       0.99980725786786451       0.12993925606583265     
   3.7390000000000004E-004  0.47510538558717386        1.4078393956359108        4.7601334191731342       0.99982309103690636       0.11851006964439489     
   3.7400000000000004E-004  0.47814289162163848        1.4000880271361105        4.7669611127577554       0.99983957556517677       0.10696616037005542     
   3.7410000000000004E-004  0.48118367957386005        1.3929944010292514        4.7730994653110450       0.99985655801150142        9.5321845892361506E-002
   3.7420000000000004E-004  0.48422683812291872        1.3865716383311293        4.7785434793588069       0.99987391147074001        8.3589685217852983E-002
   3.7430000000000005E-004  0.48727201949479321        1.3808344160600967        4.7832884821286505       0.99989153578016443        7.1780421719930071E-002
   3.7440000000000005E-004  0.49031937281481203        1.3757982722876889        4.7873301284301109       0.99990935646262902        5.9903048527232571E-002
   3.7450000000000005E-004  0.49336947230804684        1.3714790245212356        4.7906644001096073       0.99992732255314831        4.7964970678635171E-002
   3.7460000000000005E-004  0.49642324472712923        1.3678923004780845        4.7932876061058787       0.99994540359551209        3.5972236637023668E-002
   3.7470000000000005E-004  0.49948189850375724        1.3650531735593345        4.7951963851679258       0.99996358602305768        2.3929813125035143E-002
   3.7480000000000006E-004  0.50254685558909096        1.3629758939317957        4.7963877117183555       0.99998186915654275        1.1841882866420850E-002
   3.7490000000000006E-004  0.50561968581178995        1.3616737073555072        4.7968589044341803        1.0000002609557472       -2.8784673530208498E-004
   3.7500000000000001E-004  0.50870204283977283        1.3611587561277316        4.7966076367186377        1.0000187736022002       -1.2455830363156202E-002
   3.7510000000000001E-004  0.51179560041318162        1.3614420586689269        4.7956319482431207        1.0000374189483663       -2.4658368554940874E-002
   3.7520000000000001E-004  0.51490198732644166        1.3625335635890909        4.7939302570293085        1.0000562038709233       -3.6891286910142151E-002
   3.7530000000000002E-004  0.51802271967855795        1.3644422681897366        4.7915013719347179        1.0000751255684910       -4.9149608828965012E-002
   3.7540000000000002E-004  0.52115912915293350        1.3671764059402021        4.7883445058094889        1.0000941666972332       -6.1427222419814673E-002
   3.7550000000000002E-004  0.52431228646587724        1.3707437139537246        4.7844592897438432        1.0001132904651131       -7.3716546541847089E-002
   3.7560000000000002E-004  0.52748291985707219        1.3751517838492209        4.7798457885751695        1.0001324358856556       -8.6008207276567258E-002
   3.7570000000000002E-004  0.53067132965206809        1.3804084979699454        4.7745045170226152        1.0001515134919974       -9.8290746983580327E-002
   3.7580000000000003E-004  0.53387730151058987        1.3865225512845623        4.7684364542876283        1.0001704018531601      -0.11055039729799497     
   3.7590000000000003E-004  0.53710002296353343        1.3935040544239108        4.7616430528796920        1.0001889453523771      -0.12277095532764155     
   3.7600000000000003E-004  0.54033800979039359        1.4013652032399220        4.7541262346901139        1.0002069535770464      -0.13493380671822303     
   3.7610000000000003E-004  0.54358905027805893        1.4101209811399817        4.7458883646008214        1.0002242025241188      -0.14701813049414336     
   3.7620000000000004E-004  0.54685017552481363        1.4197898281141113        4.7369321896054002        1.0002404374017941      -0.15900129961430418     
   3.7630000000000004E-004  0.55011766246626259        1.4303941622002876        4.7272607305158889        1.0002553763472890      -0.17085945335885488     
   3.7640000000000004E-004  0.55338707304898671        1.4419606054198093        4.7168771147818607        1.0002687137327824      -0.18256817115201029     
   3.7650000000000004E-004  0.55665332595222294        1.4545197559202609        4.7057843429279425        1.0002801217085764      -0.19410313693075257     
   3.7660000000000005E-004  0.55991078693875629        1.4681053582394199        4.6939849870126409        1.0002892491962065      -0.20544066125603624     
   3.7670000000000005E-004  0.56315335187148508        1.4827527701578083        4.6814808262591487        1.0002957188460777      -0.21655793896088069     
   3.7680000000000005E-004  0.56637448561876635        1.4984967159627001        4.6682724307562751        1.0002991242416772      -0.22743296863584397     
   3.7690000000000005E-004  0.56956717545086322        1.5153684521503399        4.6543587074824648        1.0002990309889148      -0.23804413536636654     
   3.7700000000000006E-004  0.57272376665212443        1.5333926457644909        4.6397364238522867        1.0002949853168235      -0.24836952705033319     
   3.7710000000000000E-004  0.57583567856796591        1.5525844632485102        4.6243997252595470        1.0002865317550793      -0.25838608026230198     
   3.7720000000000001E-004  0.57889305175431816        1.5729475647537292        4.6083396684782221        1.0002732389187781      -0.26806863003528419     
   3.7730000000000001E-004  0.58188443657000211        1.5944738589712317        4.5915438034560694        1.0002547326783482      -0.27738893853068913     
   3.7740000000000001E-004  0.58479666839394739        1.6171459280170799        4.5739958447932674        1.0002307411697120      -0.28631491917870333     
   3.7750000000000001E-004  0.58761505037316419        1.6409428737334011        4.5556754653833229        1.0002011631965961      -0.29481060686789473     
   3.7760000000000002E-004  0.59032388561880800        1.6658498901149130        4.5365582081104225        1.0001661655626086      -0.30283771474454135     
   3.7770000000000002E-004  0.59290730013393134        1.6918711185933821        4.5166154585970686        1.0001262909257709      -0.31035942762688229     
   3.7780000000000002E-004  0.59535017266541834        1.7190443685959327        4.4958143884153836        1.0000825224889980      -0.31734611472133556     
   3.7790000000000002E-004  0.59763886467962191        1.7474552327968897        4.4741178212227393        1.0000362271930796      -0.32378100214275107     
   3.7800000000000003E-004  0.59976140520977372        1.7772471652628319        4.4514841502971683       0.99998891940362145      -0.32966224408598177     
   3.7810000000000003E-004  0.60170692418068850        1.8086233184857701        4.4278677405136078       0.99994188517889571      -0.33499772018409701     
   3.7820000000000003E-004  0.60346444415384792        1.8418354554480629        4.4032205282443773       0.99989586750210335      -0.33979192782467393     
   3.7830000000000003E-004  0.60502157318300587        1.8771555267450566        4.3774954853593782       0.99985110957895729      -0.34403053125482136     
   3.7840000000000004E-004  0.60636407682533144        1.9148278021182978        4.3506519923583289       0.99980790419801679      -0.34767374573202642     
   3.7850000000000004E-004  0.60747723500243134        1.9550059640999340        4.3226620835115703       0.99976735809921879      -0.35066837776943421     
   3.7860000000000004E-004  0.60834880265604407        1.9976914731083735        4.2935156681517190       0.99973163074494520      -0.35297624113535009     
   3.7870000000000004E-004  0.60897186666692893        2.0427027926915020        4.2632232437239814       0.99970303046330078      -0.35459920224895708     
   3.7880000000000005E-004  0.60934535371390919        2.0897087422250120        4.2318166772312198       0.99968247407711386      -0.35557557430164172     
   3.7890000000000005E-004  0.60947110698115869        2.1383422700583541        4.1993507924434548       0.99966883544227414      -0.35594318060014074     
   3.7900000000000005E-004  0.60934938300574737        2.1883726994549129        4.1659082256985869       0.99966003393078318      -0.35569753413066191     
   3.7910000000000005E-004  0.60897710038583597        2.2398706287515271        4.1316063841802997       0.99965492261017341      -0.35478798483399276     
   3.7920000000000000E-004  0.60835151805453158        2.2932786482855647        4.0966010232485432       0.99965411596128562      -0.35316449095122499     
   3.7930000000000000E-004  0.60747612748992263        2.3493287078635863        4.0610811762262413       0.99965896464071591      -0.35083168459086067     
   3.7940000000000001E-004  0.60636196417257338        2.4088203163077839        4.0252571049468209       0.99966954044958278      -0.34784791577048391     
   3.7950000000000001E-004  0.60502227162733235        2.4723418430514084        3.9893496815622358       0.99968365696888184      -0.34426629697660421     
   3.7960000000000001E-004  0.60346689480277560        2.5400248039088247        3.9535862827338453       0.99969817045007303      -0.34008774687107263     
   3.7970000000000001E-004  0.60170327986491023        2.6113805247934625        3.9181984640928178       0.99971136555039508      -0.33527831196303998     
   3.7980000000000002E-004  0.59974171065393789        2.6852500236266863        3.8834139818512980       0.99972375839216532      -0.32982366969940252     
   3.7990000000000002E-004  0.59759752645333397        2.7599175703524619        3.8494437263840333       0.99973627341036286      -0.32375514463780863     
   3.8000000000000002E-004  0.59528896562754008        2.8334116893440200        3.8164711155695379       0.99974843923470935      -0.31712519303800440     
   3.8010000000000002E-004  0.59283416879195017        2.9039074265412932        3.7846481450360590       0.99975884393474357      -0.30997457636451470     
   3.8020000000000003E-004  0.59024923988032540        2.9700502313032278        3.7540954920813441       0.99976655551238158      -0.30232862010715739     
   3.8030000000000003E-004  0.58754765130836217        3.0310724632172441        3.7249033443441766       0.99977145971314718      -0.29420786079293665     
   3.8040000000000003E-004  0.58474111210044222        3.0867161130110059        3.6971329947718066       0.99977382456438979      -0.28562950439668278     
   3.8050000000000003E-004  0.58184117811196101        3.1370665566083407        3.6708200006752691       0.99977409206407308      -0.27660604047677656     
   3.8060000000000004E-004  0.57886032122135356        3.1823957436671453        3.6459781354988849       0.99977291724085815      -0.26715178459290861     
   3.8070000000000004E-004  0.57581185878243646        3.2230575297479156        3.6226029110051243       0.99977113396908568      -0.25729325465520297     
   3.8080000000000004E-004  0.57270911111523581        3.2594325435920588        3.6006744176671361       0.99976953830588788      -0.24707308529362945     
   3.8090000000000004E-004  0.56956445769225306        3.2919031017366205        3.5801600800483286       0.99976867811387982      -0.23654401827939850     
   3.8100000000000005E-004  0.56638873125457501        3.3208409211079921        3.5610178363951310       0.99976880936965828      -0.22575802035358750     
   3.8110000000000005E-004  0.56319104281928656        3.3465987229807279        3.5431996642786894       0.99977000084471901      -0.21475752014831612     
   3.8120000000000005E-004  0.55997892069690247        3.3695034368363537        3.5266549656743758       0.99977227466907770      -0.20357229728183901     
   3.8130000000000000E-004  0.55675859124911820        3.3898514597983578        3.5113333285473338       0.99977569504548602      -0.19222142621728897     
   3.8140000000000000E-004  0.55353526358413518        3.4079064964899892        3.4971864380534323       0.99978038356428600      -0.18071766807156595     
   3.8150000000000000E-004  0.55031334610010119        3.4238997803457565        3.4841691789372935       0.99978648536863646      -0.16907183035918311     
   3.8160000000000001E-004  0.54709658009238649        3.4380319878577481        3.4722401233950411       0.99979412163153303      -0.15729572189992200     
   3.8170000000000001E-004  0.54388810686555356        3.4504760846268034        3.4613616288889615       0.99980335372624363      -0.14540342320010891     
   3.8180000000000001E-004  0.54069049552577997        3.4613805093766192        3.4514997286196887       0.99981416834589720      -0.13341123479569647     
   3.8190000000000001E-004  0.53750575648435106        3.4708723183078938        3.4426239345723313       0.99982648159311527      -0.12133686982927210     
   3.8200000000000002E-004  0.53433535746974992        3.4790600858244751        3.4347070187938962       0.99984015492681511      -0.10919839271671333     
   3.8210000000000002E-004  0.53118024991579771        3.4860364759515399        3.4277248020672966       0.99985501557287881       -9.7013239656522324E-002
   3.8220000000000002E-004  0.52804090699544770        3.4918804433076378        3.4216559599644101       0.99987087575098155       -8.4797492400656690E-002
   3.8230000000000002E-004  0.52491737112853920        3.4966590482500468        3.4164818479024692       0.99988754771696964       -7.2565454047496161E-002
   3.8240000000000003E-004  0.52180930779348667        3.5004289066871550        3.4121863439092572       0.99990485376572880       -6.0329499538256955E-002
   3.8250000000000003E-004  0.51871606278973226        3.5032373195540103        3.4087557076916752       0.99992263158169792       -4.8100137794084050E-002
   3.8260000000000003E-004  0.51563672086263035        3.5051231382905659        3.4061784555819248       0.99994073593843258       -3.5886216902284378E-002
   3.8270000000000003E-004  0.51257016435477043        3.5061174217008944        3.4044452519865018       0.99995903781621265       -2.3695212174872315E-002
   3.8280000000000003E-004  0.50951513112171321        3.5062439322490064        3.4035488186308811       0.99997742187488692       -1.1533554300319097E-002
   3.8290000000000004E-004  0.50647027132827038        3.5055195081306252        3.4034838630510746       0.99999578296322844        5.9302986107426388E-004
   3.8300000000000004E-004  0.50343420301446762        3.5039543275992813        3.4042470278211026        1.0000140220860863        1.2679179094822633E-002
   3.8310000000000004E-004  0.50040556654465307        3.5015520763551589        3.4058368612926562        1.0000320422962006        2.4719570526185296E-002
   3.8320000000000004E-004  0.49738307808907267        3.4983100307839088        3.4082538095986799        1.0000497448026073        3.6708608222882404E-002
   3.8330000000000005E-004  0.49436558229461308        3.4942190489453004        3.4115002294739027        1.0000670254986097        4.8640133469866141E-002
   3.8340000000000000E-004  0.49135210433237997        3.4892634469945119        3.4155804211298784        1.0000837722342686        6.0507167265899574E-002
   3.8350000000000000E-004  0.48834190146340800        3.4834207265986787        3.4205006802588915        1.0000998632609897        7.2301703058899935E-002
   3.8360000000000000E-004  0.48533451406484507        3.4766611072127898        3.4262693683159386        1.0001151673696664        8.4014575580335579E-002
   3.8370000000000000E-004  0.48232981561985111        3.4689468100739962        3.4328970003026056        1.0001295462954527        9.5635436139639776E-002
   3.8380000000000000E-004  0.47932806042134352        3.4602310416953816        3.4403963491357104        1.0001428598756557       0.10715286489942567     
   3.8390000000000001E-004  0.47632992672607527        3.4504566430505506        3.4487825646343291        1.0001549741939875       0.11855463751061285     
   3.8400000000000001E-004  0.47333655213267450        3.4395543974117899        3.4580733031491140        1.0001657722247659       0.12982814061306922     
   3.8410000000000001E-004  0.47034955792232713        3.4274409988345127        3.4682888611008202        1.0001751654800761       0.14096089330683226     
   3.8420000000000001E-004  0.46737106098367653        3.4140167287577743        3.4794522992503145        1.0001831043528728       0.15194108107235541     
   3.8430000000000002E-004  0.46440367636656971        3.3991629629847608        3.4915895335292952        1.0001895839713677       0.16275795183945385     
   3.8440000000000002E-004  0.46145052038784501        3.3827397319455130        3.5047293520137504        1.0001946423571217       0.17340187869251464     
   3.8450000000000002E-004  0.45851523151627099        3.3645837077174185        3.5189032957992135        1.0001983492530524       0.18386388715083396     
   3.8460000000000002E-004  0.45560202951106232        3.3445071999097422        3.5341453174735933        1.0002007878133516       0.19413451775814664     
   3.8470000000000003E-004  0.45271582636428342        3.3222989688712143        3.5504911144445792        1.0002020369661664       0.20420208395166131     
   3.8480000000000003E-004  0.44986238149471924        3.2977277745538398        3.5679770421955173        1.0002021669542360       0.21405069518358688     
   3.8490000000000003E-004  0.44704846055179864        3.2705493229029852        3.5866385632594371        1.0002012595996086       0.22365876089457823     
   3.8500000000000003E-004  0.44428192558306201        3.2405164131376658        3.6065082831807809        1.0001994525467057       0.23299885864283812     
   3.8510000000000004E-004  0.44157168133892422        3.2073907763234857        3.6276137303216358        1.0001969867530156       0.24203957663871084     
   3.8520000000000004E-004  0.43892744483484902        3.1709542587719888        3.6499750787236396        1.0001942205810845       0.25074908375134919     
   3.8530000000000004E-004  0.43635937692640614        3.1310183378510690        3.6736029262607053        1.0001915843435711       0.25909900879254283     
   3.8540000000000004E-004  0.43387767774004166        3.0874357942211752        3.6984960533499756        1.0001894965334317       0.26706655320722045     
   3.8549999999999999E-004  0.43149228296233127        3.0401252932195142        3.7246389808057985        1.0001883215655263       0.27463370226883588     
   3.8559999999999999E-004  0.42921281525016519        2.9891224780231589        3.7519993356556838        1.0001884360471127       0.28178500902362347     
   3.8570000000000000E-004  0.42704891087881225        2.9346610802213284        3.7805254543468183        1.0001903038633915       0.28850702827214586     
   3.8580000000000000E-004  0.42501088871043741        2.8772611392175520        3.8101447528109529        1.0001942515371549       0.29478894591457327     
   3.8590000000000000E-004  0.42311033807356224        2.8177717738526926        3.8407626320892523        1.0001998286481402       0.30061640258695610     
   3.8600000000000000E-004  0.42135991881245327        2.7573116031195379        3.8722609213507169        1.0002056292235313       0.30595618508272193     
   3.8610000000000001E-004  0.41977210060084486        2.6970934458209488        3.9044964108725795        1.0002106346096111       0.31075464220286414     
   3.8620000000000001E-004  0.41835744895633276        2.6381980768033984        3.9373031607761622        1.0002158164544204       0.31497263310767698     
   3.8630000000000001E-004  0.41712370358326367        2.5814105436443331        3.9705010249758574        1.0002230196380952       0.31862321983565212     
   3.8640000000000001E-004  0.41607678852296914        2.5271845826360160        4.0039056933129533        1.0002316842338708       0.32174835670255547     
   3.8650000000000002E-004  0.41522332550710028        2.4756922217623210        4.0373327822280851        1.0002382195023622       0.32434862106962792     
   3.8660000000000002E-004  0.41457187690396696        2.4268733021414199        4.0705968260835075        1.0002395971275007       0.32636020338140592     
   3.8670000000000002E-004  0.41413070259298268        2.3804680356303951        4.1035138498902093        1.0002362652061179       0.32771363254644070     
   3.8680000000000002E-004  0.41390394033926847        2.3360890632228699        4.1359114122140967        1.0002306098867533       0.32839835389272232     
   3.8690000000000003E-004  0.41389051121825571        2.2933620546228877        4.1676400623960621        1.0002235632676471       0.32845910965633057     
   3.8700000000000003E-004  0.41408702101854516        2.2520769819900330        4.1985786110423442        1.0002136361707437       0.32794102071589631     
   3.8710000000000003E-004  0.41449135565552886        2.2122594635473405        4.2286323172501419        1.0001986514700114       0.32684863988214496     
   3.8720000000000003E-004  0.41510334246240960        2.1741243698330575        4.2577285791253763        1.0001776496789014       0.32515150626880990     
   3.8730000000000004E-004  0.41592223498201686        2.1379509220202380        4.2858143166138216        1.0001513587827249       0.32281796067826668     
   3.8740000000000004E-004  0.41694364397642270        2.1039549091676850        4.3128557066588016        1.0001214820506350       0.31984359393067546     
   3.8750000000000004E-004  0.41815858095412023        2.0722151480300592        4.3388384320371243        1.0000896957191117       0.31625689469464241     
   3.8759999999999999E-004  0.41955512781594412        2.0426668063734947        4.3637664736857573        1.0000569945181927       0.31210479918103784     
   3.8769999999999999E-004  0.42112115603405753        2.0151397987235118        4.3876587754041765        1.0000236465754833       0.30743145475351574     
   3.8779999999999999E-004  0.42284614963320871        1.9894113830761011        4.4105445000622030       0.99998962220316256       0.30226376325972820     
   3.8790000000000000E-004  0.42472132951396724        1.9652511753518311        4.4324582163283424       0.99995510077369520       0.29660981823257643     
   3.8800000000000000E-004  0.42673858128798375        1.9424501921652393        4.4534360999343825       0.99992072581135161       0.29046758875833395     
   3.8810000000000000E-004  0.42888919923398816        1.9208347507762049        4.4735135513355280       0.99988753260599628       0.28383670291642021     
   3.8820000000000000E-004  0.43116317960298389        1.9002697005067741        4.4927240274609641       0.99985667865302075       0.27672696363585247     
   3.8830000000000001E-004  0.43354924535563827        1.8806555652904180        4.5110986080960815       0.99982916082295481       0.26916085102072135     
   3.8840000000000001E-004  0.43603539231505006        1.8619229236327204        4.5286658458786571       0.99980564153965112       0.26117079439350427     
   3.8850000000000001E-004  0.43860961508698953        1.8440259989370915        4.5454516285458793       0.99978641191406403       0.25279379411621372     
   3.8860000000000001E-004  0.44126053126424719        1.8269364570455888        4.5614789685102757       0.99977145576270454       0.24406601590265581     
   3.8870000000000002E-004  0.44397776771514141        1.8106378499056017        4.5767677573934566       0.99976055771847350       0.23501904967945636     
   3.8880000000000002E-004  0.44675210510742425        1.7951208910742604        4.5913345705895656       0.99975340770012133       0.22567839513673577     
   3.8890000000000002E-004  0.44957544865221494        1.7803796627108817        4.6051925979748232       0.99974967533623671       0.21606386689018711     
   3.8900000000000002E-004  0.45244070686381843        1.7664088205489268        4.6183517389237698       0.99974904826532507       0.20619117234157200     
   3.8910000000000003E-004  0.45534164183159903        1.7532018169863086        4.6308188569193858       0.99975124168916718       0.19607385963510546     
   3.8920000000000003E-004  0.45827272929536028        1.7407500841079440        4.6425981568660735       0.99975599174803498       0.18572502625205212     
   3.8930000000000003E-004  0.46122904741926563        1.7290430232738849        4.6536916326099522       0.99976304428336837       0.17515845986556755     
   3.8940000000000003E-004  0.46420620124778511        1.7180685661376582        4.6640995319036511       0.99977214652289448       0.16438913889947754     
   3.8950000000000003E-004  0.46720028142803754        1.7078140479979940        4.6738207958480942       0.99978304451927313       0.15343319083908938     
   3.8960000000000004E-004  0.47020785049806657        1.6982671621337095        4.6828534440398508       0.99979548601216339       0.14230748685224326     
   3.8969999999999999E-004  0.47322594747035646        1.6894168211527374        4.6911948910203716       0.99980922670038508       0.13102906102245407     
   3.8979999999999999E-004  0.47625210082139213        1.6812538209834251        4.6988421914028304       0.99982403756969140       0.11961450979481658     
   3.8989999999999999E-004  0.47928434093365735        1.6737712674391068        4.7057922193065354       0.99983971140622652       0.10807947692033458     
   3.8999999999999999E-004  0.48232120508915027        1.6669647739606228        4.7120417923897975       0.99985606739549149        9.6438278769108293E-002
   3.9010000000000000E-004  0.48536173073355676        1.6608324684204359        4.7175877524906085       0.99987295344754457        8.4703684369628676E-002
   3.9020000000000000E-004  0.48840543535380643        1.6553748581802887        4.7224270145908669       0.99989024639860213        7.2886839440086948E-002
   3.9030000000000000E-004  0.49145228339022584        1.6505946093930710        4.7265565942814964       0.99990785048189834        6.0997310499814800E-002
   3.9040000000000000E-004  0.49450264201789085        1.6464962912384333        4.7299736219084121       0.99992569453771030        4.9043220880969088E-002
   3.9050000000000001E-004  0.49755722830952309        1.6430861199843614        4.7326753494384972       0.99994372846491864        3.7031451441955916E-002
   3.9060000000000001E-004  0.50061705032968318        1.6403717266823277        4.7346591542255467       0.99996191923203037        2.4967884326737647E-002
   3.9070000000000001E-004  0.50368334425291061        1.6383619651484187        4.7359225422955094       0.99998024666179419        1.2857672831794465E-002
   3.9080000000000001E-004  0.50675750898273508        1.6370667709883788        4.7364631526274508       0.99999869910726258        7.0552678790139565E-004
   3.9090000000000001E-004  0.50984103908004952        1.6364970775718612        4.7362787631602750        1.0000172690589570       -1.1483992733301867E-002
   3.9100000000000002E-004  0.51293545627806125        1.6366647904929765        4.7353672987905551        1.0000359486850816       -2.3706172861462274E-002
   3.9110000000000002E-004  0.51604223955914008        1.6375828185798840        4.7337268413401281        1.0000547252801439       -3.5955844811971699E-002
   3.9120000000000002E-004  0.51916275377221321        1.6392651579966913        4.7313556412104028        1.0000735766003057       -4.8227079679745592E-002
   3.9130000000000002E-004  0.52229817701266346        1.6417270230364593        4.7282521300895946        1.0000924661010844       -6.0512889614523266E-002
   3.9140000000000003E-004  0.52544942746892498        1.6449850133480606        4.7244149335788475        1.0001113381232078       -7.2804942348534366E-002
   3.9150000000000003E-004  0.52861709121500455        1.6490573019619674        4.7198428818390132        1.0001301131479257       -8.5093301598273427E-002
   3.9160000000000003E-004  0.53180135331354839        1.6539638213928187        4.7145350151689644        1.0001486833369901       -9.7366212216042303E-002
   3.9170000000000003E-004  0.53500193546985353        1.6597264167963717        4.7084905798148906        1.0001669086490301      -0.10960995327973129     
   3.9179999999999998E-004  0.53821804397230777        1.6663689245331863        4.7017090073299457        1.0001846139666903      -0.12180878651276938     
   3.9189999999999998E-004  0.54144833142072657        1.6739171231464418        4.6941898685057106        1.0002015876829033      -0.13394502741594128     
   3.9199999999999999E-004  0.54469087439945285        1.6823984910589909        4.6859327906954888        1.0002175822893924      -0.14599926002304076     
   3.9209999999999999E-004  0.54794316666066989        1.6918416957140341        4.6769373255543574        1.0002323173059406      -0.15795070115702586     
   3.9219999999999999E-004  0.55120212373008504        1.7022757692454684        4.6672027535475626        1.0002454843822808      -0.16977769710529342     
   3.9229999999999999E-004  0.55446409061361057        1.7137289834886626        4.6567278128010292        1.0002567539913225      -0.18145830234921903     
   3.9240000000000000E-004  0.55772484019341573        1.7262275081766596        4.6455103438659613        1.0002657825107160      -0.19297084774369944     
   3.9250000000000000E-004  0.56097954714801845        1.7397940324010772        4.6335468495682264        1.0002722178462358      -0.20429435922296613     
   3.9260000000000000E-004  0.56422272232277260        1.7544466316907066        4.6208319807973899        1.0002757016426065      -0.21540865173314738     
   3.9270000000000000E-004  0.56744809696328469        1.7701982454893894        4.6073579740531585        1.0002758672010106      -0.22629392030293224     
   3.9280000000000001E-004  0.57064845694794752        1.7870571649695570        4.5931140824697572        1.0002723349838682      -0.23692971425592432     
   3.9290000000000001E-004  0.57381544199007051        1.8050289015815899        4.5780860534904546        1.0002647127535214      -0.24729335558547480     
   3.9300000000000001E-004  0.57693934227502042        1.8241197111643430        4.5622557061138007        1.0002526127479223      -0.25735815600294315     
   3.9310000000000001E-004  0.58000894985045093        1.8443419068792650        4.5456006431927811        1.0002357002846329      -0.26709212627072654     
   3.9320000000000002E-004  0.58301155017307016        1.8657209135146555        4.5280940994575838        1.0002137815569734      -0.27645808749478729     
   3.9330000000000002E-004  0.58593315112320965        1.8883037484996112        4.5097048826164610        1.0001869216302617      -0.28541595954697435     
   3.9340000000000002E-004  0.58875901009481924        1.9121682313459942        4.4903973336779259        1.0001555573605767      -0.29392733958529410     
   3.9350000000000002E-004  0.59147441059620964        1.9374317107222563        4.4701312450852146        1.0001205462342722      -0.30196131617363864     
   3.9360000000000003E-004  0.59406548040085383        1.9642574621534266        4.4488617680263625        1.0000830869415043      -0.30949912343112512     
   3.9370000000000003E-004  0.59651969191782239        1.9928561918242522        4.4265395297394745        1.0000444901342074      -0.31653453514762031     
   3.9380000000000003E-004  0.59882562042484200        2.0234794238990315        4.4031114106343132        1.0000058738345774      -0.32306797894113554     
   3.9390000000000003E-004  0.60097177398686008        2.0564013034335691        4.3785225607192375       0.99996794990581350      -0.32909559991214277     
   3.9399999999999998E-004  0.60294497985346396        2.0918863143294804        4.3527201010502470       0.99993106927518327      -0.33459851179892902     
   3.9409999999999998E-004  0.60472955818533158        2.1301440699980532        4.3256584667650007       0.99989556398304424      -0.33953944259659297     
   3.9419999999999999E-004  0.60630844332405121        2.1712803087265478        4.2973055850538566       0.99986221982692403      -0.34387170624907520     
   3.9429999999999999E-004  0.60766613184545559        2.2152648206684820        4.2676484347047952       0.99983251185307487      -0.34755836769407078     
   3.9439999999999999E-004  0.60879175807074359        2.2619455937517365        4.2366967569297946       0.99980824889534037      -0.35058976655530261     
   3.9449999999999999E-004  0.60967970249646608        2.3111318042499978        4.2044851452422618       0.99979071462194691      -0.35298409121404550     
   3.9460000000000000E-004  0.61032658268159701        2.3627373683170596        4.1710755728487836       0.99977972618891586      -0.35476430640648432     
   3.9470000000000000E-004  0.61072741732763813        2.4169289630812116        4.1365627047335263       0.99977344697831538      -0.35592350125421762     
   3.9480000000000000E-004  0.61087526043213269        2.4741893082944735        4.1010809339179088       0.99977000449695230      -0.35641479553763522     
   3.9490000000000000E-004  0.61076514443562557        2.5352264003327658        4.0648069376703662       0.99976972647002882      -0.35619031045833333     
   3.9500000000000006E-004  0.61039825032433481        2.6007355875421503        4.0279524661790420       0.99977478785233453      -0.35525308847256465     
   3.9510000000000006E-004  0.60978148756683515        2.6710979804651629        3.9907511399050235       0.99978552446886715      -0.35365476093442033     
   3.9520000000000007E-004  0.60892308784714244        2.7461071567454738        3.9534487834918397       0.99979844499348880      -0.35143453781838990     
   3.9530000000000007E-004  0.60782910874758078        2.8247836145638257        3.9162992500534886       0.99980972407839408      -0.34858111826741256     
   3.9540000000000007E-004  0.60650414821634346        2.9053573285673426        3.8795580429743795       0.99981904833663271      -0.34506357525048348     
   3.9550000000000007E-004  0.60495509090526145        2.9855288093668158        3.8434704242326796       0.99982801787997788      -0.34087111533321124     
   3.9560000000000007E-004  0.60319404561311663        3.0629896124211839        3.8082597399359210       0.99983682259086515      -0.33601672155073875     
   3.9570000000000002E-004  0.60123753853623152        3.1359546543324122        3.7741193436079592       0.99984403598783378      -0.33053320375466855     
   3.9580000000000003E-004  0.59910301246012909        3.2034237557611149        3.7412064985548499       0.99984840534388764      -0.32447132930974965     
   3.9590000000000003E-004  0.59680613579113884        3.2651101285398845        3.7096391325876819       0.99984951510255893      -0.31787839342448465     
   3.9600000000000003E-004  0.59436041715925669        3.3211847435284110        3.6794980789123355       0.99984730454490522      -0.31077236474054915     
   3.9610000000000003E-004  0.59177836910614001        3.3720187009670113        3.6508333011814726       0.99984191157944657      -0.30314394926793059     
   3.9620000000000004E-004  0.58907303277778100        3.4180211877300657        3.6236696946874103       0.99983396165155902      -0.29498526419165605     
   3.9630000000000004E-004  0.58625886654256765        3.4595773013358322        3.5980103305851765       0.99982456365945793      -0.28631560513169019     
   3.9640000000000004E-004  0.58335141842172189        3.4970446469773453        3.5738384089647557       0.99981488287045095      -0.27718487979344142     
   3.9650000000000004E-004  0.58036609773255166        3.5307668483436583        3.5511200177960669       0.99980570045903960      -0.26765764770104317     
   3.9660000000000004E-004  0.57731693990302246        3.5610810953846936        3.5298084799277198       0.99979731605598665      -0.25779267915004134     
   3.9670000000000005E-004  0.57421602286405382        3.5883153579657829        3.5098495633190194       0.99978976861755275      -0.24763070105702467     
   3.9680000000000005E-004  0.57107358610679704        3.6127801158923845        3.4911862992135516       0.99978312408026404      -0.23719387741166506     
   3.9690000000000005E-004  0.56789849868460884        3.6347603485854840        3.4737625347860894       0.99977762723401098      -0.22649317049773313     
   3.9700000000000005E-004  0.56469871141997041        3.6545108147997318        3.4575250240142799       0.99977367888551483      -0.21553748286648733     
   3.9710000000000006E-004  0.56148151382512779        3.6722549580694466        3.4424243496703659       0.99977171503479212      -0.20434021514734602     
   3.9720000000000006E-004  0.55825358996296837        3.6881864133107438        3.4284151331163195       0.99977208221517710      -0.19292180639021778     
   3.9730000000000006E-004  0.55502095475455671        3.7024718845277853        3.4154559209198951       0.99977496394663390      -0.18130896206271954     
   3.9740000000000006E-004  0.55178886122833182        3.7152544892170614        3.4035089854188065       0.99978036754111799      -0.16953209948087788     
   3.9750000000000007E-004  0.54856173780832884        3.7266570571877242        3.3925401402634652       0.99978815400266874      -0.15762241770038990     
   3.9760000000000007E-004  0.54534317728641435        3.7367851462189705        3.3825185880071342       0.99979808674642445      -0.14560947812272379     
   3.9770000000000007E-004  0.54213597284824289        3.7457296841778351        3.3734167816171778       0.99980988028098638      -0.13351965343046784     
   3.9780000000000002E-004  0.53894218457026366        3.7535692150466513        3.3652102770156671       0.99982323856129185      -0.12137543452824411     
   3.9790000000000002E-004  0.53576321978217745        3.7603717590202344        3.3578775625600277       0.99983788007095664      -0.10919539787030920     
   3.9800000000000002E-004  0.53259991582087729        3.7661963201848412        3.3513998625764558       0.99985355118314456       -9.6994585150591756E-002
   3.9810000000000003E-004  0.52945261916481479        3.7710940845487197        3.3457609209099943       0.99987003097385352       -8.4785076755191702E-002
   3.9820000000000003E-004  0.52632125866408253        3.7751093534073785        3.3409467753257429       0.99988713080183667       -7.2576603271789386E-002
   3.9830000000000003E-004  0.52320541268094434        3.7782802626627401        3.3369455347456567       0.99990469122121139       -6.0377102292387255E-002
   3.9840000000000003E-004  0.52010437090315553        3.7806393336393729        3.3337471702176713       0.99992257782084415       -4.8193180974294626E-002
   3.9850000000000004E-004  0.51701719190902728        3.7822138915694197        3.3313433283292606       0.99994067688234323       -3.6030478343336669E-002
   3.9860000000000004E-004  0.51394275751548535        3.7830263795469978        3.3297271731151401       0.99995889118071779       -2.3893941652970312E-002
   3.9870000000000004E-004  0.51087982477815330        3.7830945886563523        3.3288932601847656       0.99997713603257554       -1.1788036602151521E-002
   3.9880000000000004E-004  0.50782707629119128        3.7824318199250193        3.3288374448951514       0.99999533555735143        2.8308700103663850E-004
   3.9890000000000005E-004  0.50478316924025057        3.7810469888733707        3.3295568251070189        1.0000134190805325        1.2315456308828313E-002
   3.9900000000000005E-004  0.50174678349668822        3.7789446793077381        3.3310497182540622        1.0000313176356099        2.4305148537002681E-002
   3.9910000000000005E-004  0.49871666894296812        3.7761251562889147        3.3333156717593422        1.0000489605596194        3.6248163376000224E-002
   3.9920000000000005E-004  0.49569169219447545        3.7725843466454538        3.3363555053428420        1.0000662721301115        4.8140282539759091E-002
   3.9930000000000006E-004  0.49267088288725241        3.7683137915142524        3.3401713831952864        1.0000831681989066        5.9976903569840145E-002
   3.9940000000000006E-004  0.48965347976664553        3.7633005719760622        3.3447669131243440        1.0000995527850118        7.1752833889414433E-002
   3.9950000000000006E-004  0.48663897695918024        3.7575272036475429        3.3501472685326150        1.0001153146262300        8.3462030657375716E-002
   3.9960000000000006E-004  0.48362717104515457        3.7509714875575000        3.3563193275814340        1.0001303238482668        9.5097278234797994E-002
   3.9970000000000007E-004  0.48061820984657189        3.7436062920099662        3.3632918223884891        1.0001444290976931       0.10664980512785445     
   3.9980000000000007E-004  0.47761264420391525        3.7353992232860005        3.3710754898589226        1.0001574559779640       0.11810886487967778     
   3.9990000000000002E-004  0.47461148419862759        3.7263121269955288        3.3796832153910481        1.0001692080843747       0.12946133498575133     
   4.0000000000000002E-004  0.47161626085198483        3.7163003419590268        3.3891301618771363        1.0001794724304949       0.14069142648857197     
   4.0010000000000002E-004  0.46862909240238215        3.7053116055081077        3.3994338799046009        1.0001880312715827       0.15178063224513960     
   4.0020000000000002E-004  0.46565275033906034        3.6932845000681294        3.4106144005689414        1.0001946818435064       0.16270806093507531     
   4.0030000000000003E-004  0.46269071445990556        3.6801463390503866        3.4226943189457701        1.0001992638455997       0.17345128104872212     
   4.0040000000000003E-004  0.45974719996600427        3.6658104301503815        3.4356988810793658        1.0002016912884613       0.18398770821680241     
   4.0050000000000003E-004  0.45682713720412821        3.6501727482791608        3.4496560845489506        1.0002019807439211       0.19429639081561637     
   4.0060000000000003E-004  0.45393609296719523        3.6331082275353292        3.4645967841499958        1.0002002638716483       0.20435979366415349     
   4.0070000000000004E-004  0.45108014518169487        3.6144671715137378        3.4805547517991671        1.0001967709799688       0.21416490618307221     
   4.0080000000000004E-004  0.44826575850940581        3.5940726899591287        3.4975665712100028        1.0001917791308268       0.22370285815668381     
   4.0090000000000004E-004  0.44549974277131255        3.5717205266965415        3.5156711684592188        1.0001855362258338       0.23296643652149476     
   4.0100000000000004E-004  0.44278937861253270        3.5471829051669079        3.5349087327177622        1.0001781985218845       0.24194567491194788     
   4.0110000000000005E-004  0.44014273117558578        3.5202176265715561        3.5553188346767159        1.0001698369246774       0.25062298281103007     
   4.0120000000000005E-004  0.43756903472324959        3.4905820765635358        3.5769377559701132        1.0001605480576699       0.25897048298499509     
   4.0130000000000005E-004  0.43507887883591351        3.4580488899233472        3.5997953611585651        1.0001506300773404       0.26695214766044645     
   4.0140000000000005E-004  0.43268390054305023        3.4224169154171662        3.6239120811534677        1.0001406848072745       0.27453100657931279     
   4.0150000000000006E-004  0.43039593691765937        3.3835107957153792        3.6492964613564869        1.0001314958715126       0.28167789373856589     
   4.0160000000000006E-004  0.42822606457383894        3.3411686427392642        3.6759431834291409        1.0001236979031984       0.28837588982431889     
   4.0170000000000006E-004  0.42618423848722536        3.2952306012988579        3.7038308833112450        1.0001175094394308       0.29461685577066016     
   4.0180000000000006E-004  0.42427990213758127        3.2455547349491347        3.7329191363858065        1.0001128596031861       0.30039263491306506     
   4.0190000000000007E-004  0.42252307008293277        3.1920863770093106        3.7631449010411213        1.0001098535594515       0.30568820972125754     
   4.0200000000000001E-004  0.42092490848138664        3.1349805019789319        3.7944196816588245        1.0001089478265124       0.31048167904606205     
   4.0210000000000002E-004  0.41949730825287990        3.0747293073094522        3.8266284863421505        1.0001103128270179       0.31474827273766021     
   4.0220000000000002E-004  0.41825167793636470        3.0122121555096477        3.8596304306245823        1.0001130283275601       0.31846156980114870     
   4.0230000000000002E-004  0.41719736651928013        2.9486046726532908        3.8932604561869120        1.0001156705363250       0.32159326172774694     
   4.0240000000000002E-004  0.41634044192612130        2.8851666240805063        3.9273332471056981        1.0001181739910021       0.32412448041619907     
   4.0250000000000003E-004  0.41568427826598842        2.8230184875013347        3.9616510759825792        1.0001220476096597       0.32606570612977431     
   4.0260000000000003E-004  0.41523208963085850        2.7630184182501836        3.9960134353449699        1.0001275352039691       0.32744817554505889     
   4.0270000000000003E-004  0.41498863015562415        2.7057463588317674        4.0302225722456999        1.0001316154178421       0.32827358063064777     
   4.0280000000000003E-004  0.41495877816020910        2.6515155246923463        4.0640840070939079        1.0001308223631471       0.32848696506042380     
   4.0290000000000004E-004  0.41514455577271359        2.6003709268029080        4.0974096618508655        1.0001252760795780       0.32802753075966312     
   4.0300000000000004E-004  0.41554376176587582        2.5521248978815354        4.1300284418928861        1.0001178814682457       0.32689740205253620     
   4.0310000000000004E-004  0.41615130009580420        2.5064767391322000        4.1617978458788443        1.0001100823293376       0.32515711288793919     
   4.0320000000000004E-004  0.41696158053630711        2.4631734608309284        4.1926075880327112        1.0001001584865437       0.32285841749215655     
   4.0330000000000005E-004  0.41796970684532608        2.4221166315253875        4.2223750003032574        1.0000855132543602       0.31999893037993776     
   4.0340000000000005E-004  0.41917068682385339        2.3833613968778966        4.2510391191434094        1.0000654253984846       0.31654124615337681     
   4.0350000000000005E-004  0.42055769336206267        2.3470312472881787        4.2785585163606070        1.0000414293165190       0.31246270811369886     
   4.0360000000000005E-004  0.42212099005623349        2.3132155487730195        4.3049120720501355        1.0000157863447954       0.30778348888552676     
   4.0370000000000005E-004  0.42384838492235261        2.2819057356144477        4.3300990617662576       0.99998995259129864       0.30255605049848167     
   4.0380000000000006E-004  0.42572683114541926        2.2529862987387776        4.3541363664753865       0.99996420402619224       0.29683533288925085     
   4.0390000000000006E-004  0.42774411052681011        2.2262641438368149        4.3770533759541905       0.99993823039398277       0.29065642927778579     
   4.0400000000000006E-004  0.42988965820148384        2.2015103541902121        4.3988865249582476       0.99991189345523568       0.28403124528337115     
   4.0410000000000001E-004  0.43215427326853423        2.1784956954772721        4.4196750049389841       0.99988559963817580       0.27695915019961082     
   4.0420000000000001E-004  0.43452917971838517        2.1570126937355294        4.4394581235534547       0.99986022549392872       0.26944076605247214     
   4.0430000000000002E-004  0.43700513379438771        2.1368851949934964        4.4582739834557090       0.99983681112720468       0.26148701204242153     
   4.0440000000000002E-004  0.43957202556703145        2.1179695628687583        4.4761588876443161       0.99981625788452322       0.25312113844428913     
   4.0450000000000002E-004  0.44221903796733270        2.1001516521215553        4.4931469927077741       0.99979915847197287       0.24437554293916336     
   4.0460000000000002E-004  0.44493516880164941        2.0833423466238248        4.5092699722743603       0.99978577116437228       0.23528651412593307     
   4.0470000000000002E-004  0.44770985036285033        2.0674730408697162        4.5245566512759003       0.99977608582890864       0.22588945026971577     
   4.0480000000000003E-004  0.45053345856231752        2.0524915158914254        4.5390326702293518       0.99976992051470326       0.21621580309578073     
   4.0490000000000003E-004  0.45339760595833972        2.0383582564383129        4.5527202537684355       0.99976700713646538       0.20629187878903513     
   4.0500000000000003E-004  0.45629520946110491        2.0250431883596729        4.5656381293612407       0.99976705018442003       0.19613903040021702     
   4.0509999999999998E-004  0.45922038930866699        2.0125228729413891        4.5778016050335113       0.99976975860751915       0.18577462859995755     
   4.0520000000000004E-004  0.46216827981309544        2.0007782426474403        4.5892227859253829       0.99977485833169899       0.17521329446605546     
   4.0529999999999999E-004  0.46513482375220394        1.9897929415048026        4.5999108932853403       0.99978209375938021       0.16446805015355045     
   4.0540000000000004E-004  0.46811659770326314        1.9795522657763893        4.6098726444334455       0.99979122478684879       0.15355120423647137     
   4.0549999999999999E-004  0.47111068921161769        1.9700426281135215        4.6191126550033017       0.99980202350608072       0.14247491045482755     
   4.0560000000000005E-004  0.47411462622679673        1.9612514180779623        4.6276338318814192       0.99981427254781086       0.13125141774437293     
   4.0570000000000000E-004  0.47712634722608255        1.9531671155810031        4.6354377340458210       0.99982776552936947       0.11989307467245354     
   4.0580000000000005E-004  0.48014419607569792        1.9457795277525420        4.6425248872782214       0.99984230914910455       0.10841217019672338     
   4.0590000000000000E-004  0.48316692655703958        1.9390800521282028        4.6488950463519210       0.99985772607218248        9.6820692723625729E-002
   4.0600000000000006E-004  0.48619370517531535        1.9330619048321687        4.6545474043867188       0.99987385772675219        8.5130077330482126E-002
   4.0610000000000000E-004  0.48922410530080307        1.9277202799306732        4.6594807534348188       0.99989056638402152        7.3350994032754246E-002
   4.0620000000000001E-004  0.49225808958802802        1.9230524394633548        4.6636936028501044       0.99990773601740790        6.1493207663824198E-002
   4.0630000000000001E-004  0.49529598041322104        1.9190577536339593        4.6671842632070168       0.99992527177453505        4.9565525778384946E-002
   4.0640000000000001E-004  0.49833841968343368        1.9157377088248051        4.6699509035883997       0.99994309823388106        3.7575832756580670E-002
   4.0650000000000001E-004  0.50138632016619278        1.9130958977665795        4.6719915895135866       0.99996115662571539        2.5531202447774789E-002
   4.0660000000000002E-004  0.50444081052240020        1.9111380012190811        4.6733043075834608       0.99997940128000962        1.3438073196533864E-002
   4.0669999999999997E-004  0.50750317588834959        1.9098717665331097        4.6738869815518544       0.99999779553554968        1.3024701380761727E-003
   4.0680000000000002E-004  0.51057479539642792        1.9093069845912360        4.6737374831645822        1.0000163072857224       -1.0869740227180047E-002
   4.0689999999999997E-004  0.51365707761427937        1.9094554639121988        4.6728536397566893        1.0000349042876318       -2.3072576925770742E-002
   4.0700000000000003E-004  0.51675139466072695        1.9103310043017689        4.6712332392470097        1.0000535492738545       -3.5299665606576408E-002
   4.0709999999999997E-004  0.51985901577698845        1.9119493682713209        4.6688740319508151        1.0000721950411400       -4.7543966767531969E-002
   4.0720000000000003E-004  0.52298104133383294        1.9143282335797540        4.6657737275100590        1.0000907796839957       -5.9797524981466676E-002
   4.0729999999999998E-004  0.52611833865259905        1.9174871145087220        4.6619299837771964        1.0001092220837069       -7.2051254484500088E-002
   4.0740000000000004E-004  0.52927148154943893        1.9214472403227827        4.6573403829891324        1.0001274178749753       -8.4294777471710353E-002
   4.0749999999999998E-004  0.53244069599000055        1.9262313787114351        4.6520023889629405        1.0001452362121190       -9.6516333970318863E-002
   4.0760000000000004E-004  0.53562581444725688        1.9318635931042270        4.6459132774424763        1.0001625176048550      -0.10870277774126895     
   4.0769999999999999E-004  0.53882624101992660        1.9383689267396065        4.6390700304496217        1.0001790731902231      -0.12083966762216505     
   4.0780000000000005E-004  0.54204092785105318        1.9457730167917457        4.6314691846025902        1.0001946855100514      -0.13291145014719269     
   4.0789999999999999E-004  0.54526836066401485        1.9541016606250938        4.6231066235249250        1.0002091107852373      -0.14490171261464727     
   4.0800000000000005E-004  0.54850654725176007        1.9633803949939566        4.6139773057991462        1.0002220822000865      -0.15679346268556765     
   4.0810000000000000E-004  0.55175299796895838        1.9736342070124664        4.6040749229794420        1.0002333134220578      -0.16856936997239205     
   4.0820000000000006E-004  0.55500468280968429        1.9848875378328330        4.5933914877150741        1.0002425015723946      -0.18021188408599181     
   4.0830000000000000E-004  0.55825794753259905        1.9971647700506505        4.5819168600917068        1.0002493289777596      -0.19170313401172373     
   4.0840000000000001E-004  0.56150837426245082        2.0104913986609656        4.5696382306262091        1.0002534638148348      -0.20302452663851989     
   4.0850000000000001E-004  0.56475058314483095        2.0248960570687817        4.5565395898771097        1.0002545611987892      -0.21415600881634039     
   4.0860000000000001E-004  0.56797799308875041        2.0404134995112759        4.5426012253599062        1.0002522685545185      -0.22507504862268232     
   4.0869999999999996E-004  0.57118259023673634        2.0570885372129499        4.5277992928749269        1.0002462416022890      -0.23575552991779167     
   4.0880000000000002E-004  0.57435478461831779        2.0749808041881597        4.5121055073617908        1.0002361790236292      -0.24616692355719391     
   4.0889999999999996E-004  0.57748345087862096        2.0941701091410660        4.4954869834136169        1.0002218834076206      -0.25627425860174868     
   4.0900000000000002E-004  0.58055622507186599        2.1147619996165972        4.4779062260768550        1.0002033491077662      -0.26603946454682015     
   4.0909999999999997E-004  0.58356005839308756        2.1368929561801995        4.4593212364831283        1.0001808619396089      -0.27542443500960506     
   4.0920000000000003E-004  0.58648191749564271        2.1607343192855701        4.4396856792133059        1.0001550709515550      -0.28439551586296941     
   4.0929999999999997E-004  0.58930938238006825        2.1864936327267230        4.4189490947682266        1.0001269736318810      -0.29292811221371157     
   4.0940000000000003E-004  0.59203079836164008        2.2144115978831795        4.3970572668418280        1.0000977634291195      -0.30100911430191513     
   4.0949999999999998E-004  0.59463471482332131        2.2447524350875021        4.3739530740078969        1.0000685410609165      -0.30863456429211839     
   4.0960000000000004E-004  0.59710871569019186        2.2777855612094697        4.3495784001069824        1.0000399904003667      -0.31580121409522077     
   4.0970000000000009E-004  0.59943831583793228        2.3137580640127791        4.3238777581142047        1.0000122403560343      -0.32249397522358086     
   4.0980000000000004E-004  0.60160684443503920        2.3528620477047717        4.2968038850685577       0.99998518587192842      -0.32867650812044147     
   4.0990000000000010E-004  0.60359676448217214        2.3952094562618900        4.2683245225338160       0.99995928095446907      -0.33429557576668684     
   4.1000000000000005E-004  0.60539201013987254        2.4408362400971786        4.2384284944438280       0.99993617372187893      -0.33930330542983733     
   4.1010000000000005E-004  0.60698002387217354        2.4897573558353425        4.2071294256129095       0.99991819366797130      -0.34368332670267576     
   4.1020000000000005E-004  0.60835172779947888        2.5420715840304027        4.1744677142243534       0.99990657243261949      -0.34745354409531060     
   4.1030000000000005E-004  0.60949905798767978        2.5980715973588282        4.1405138550253353       0.99990000959968905      -0.35063277236947610     
   4.1040000000000000E-004  0.61041237075014554        2.6582772602075320        4.1053751885758443       0.99989590040968934      -0.35319977533900199     
   4.1050000000000006E-004  0.61108055717712628        2.7233196842712726        4.0692025644319445       0.99989374711446277      -0.35509680704715579     
   4.1060000000000001E-004  0.61149464550395127        2.7936742591273447        4.0321900163565028       0.99989593604809435      -0.35628001634405859     
   4.1070000000000006E-004  0.61165192546115332        2.8693285808098068        3.9945660299191932       0.99990377945064302      -0.35675448521114744     
   4.1080000000000001E-004  0.61155572275849557        2.9495092301318042        3.9565821296423946       0.99991460530630971      -0.35655682726419291     
   4.1090000000000007E-004  0.61121017878113792        3.0325842482767040        3.9185028123238688       0.99992495448457519      -0.35572048532761980     
   4.1100000000000002E-004  0.61061631600970212        3.1162450926023926        3.8805961643934754       0.99993413058501657      -0.35425153865383002     
   4.1110000000000007E-004  0.60977404105215360        3.1979856674972336        3.8431258442614737       0.99994273247591003      -0.35211593325995288     
   4.1120000000000002E-004  0.60868650294265869        3.2756967793110583        3.8063440478831345       0.99994994995964670      -0.34926822345443159     
   4.1130000000000008E-004  0.60736261724819751        3.3480757328164383        3.7704813473942829       0.99995398554183912      -0.34570291007409903     
   4.1140000000000003E-004  0.60581654737364399        3.4146798488373342        3.7357334122306236       0.99995446249945075      -0.34146820357308277     
   4.1150000000000008E-004  0.60406441507707442        3.4756877603002998        3.7022516686470168       0.99995216700415224      -0.33662868277351321     
   4.1160000000000003E-004  0.60212073873271366        3.5315603758651068        3.6701435464317060       0.99994693694145875      -0.33121795884371086     
   4.1170000000000009E-004  0.59999762634770470        3.5827741252297987        3.6394798329570617       0.99993762572934874      -0.32522585879077004     
   4.1180000000000003E-004  0.59770683422768167        3.6297014475473262        3.6103020789096263       0.99992391261127300      -0.31862937408406466     
   4.1190000000000009E-004  0.59526212105288245        3.6726143051504838        3.5826261554682048       0.99990706065931834      -0.31143315381863895     
   4.1200000000000004E-004  0.59267962410798025        3.7117410724587803        3.5564435974245314       0.99988898445282270      -0.30368323566307881     
   4.1210000000000010E-004  0.58997632238907038        3.7473173717948356        3.5317241929922583       0.99987098673990638      -0.29544842342831540     
   4.1220000000000004E-004  0.58716822949467240        3.7796062734675804        3.5084212762916840       0.99985338602515272      -0.28679033137000787     
   4.1230000000000005E-004  0.58426953361917577        3.8088922330959480        3.4864785327238623       0.99983603089610906      -0.27774547274101341     
   4.1240000000000005E-004  0.58129271284939288        3.8354637102814344        3.4658361902860455       0.99981896686176730      -0.26832702238790751     
   4.1250000000000005E-004  0.57824908152056131        3.8595964020252751        3.4464352433816816       0.99980271499380724      -0.25853865721586039     
   4.1260000000000000E-004  0.57514929747156940        3.8815421745704217        3.4282196025607377       0.99978813232805253      -0.24838880463684368     
   4.1270000000000006E-004  0.57200361808683353        3.9015239146514205        3.4111368297862446       0.99977610027190478      -0.23789822432652161     
   4.1280000000000001E-004  0.56882189502230140        3.9197346140744873        3.3951382311256793       0.99976726945890693      -0.22710009319611962     
   4.1290000000000006E-004  0.56561340272184557        3.9363389082993105        3.3801788219686033       0.99976195329683260      -0.21603540578135813     
   4.1300000000000001E-004  0.56238662459452438        3.9514758174721187        3.3662173688085448       0.99976015144248875      -0.20474710211302480     
   4.1310000000000007E-004  0.55914908594870893        3.9652619709057095        3.3532165066071973       0.99976164160543279      -0.19327527160571314     
   4.1320000000000001E-004  0.55590726680863023        3.9777949433573809        3.3411428498070941       0.99976608251929910      -0.18165438641916237     
   4.1330000000000007E-004  0.55266659083824687        3.9891564911561108        3.3299670173917835       0.99977309516039459      -0.16991248062978612     
   4.1340000000000002E-004  0.54943147149640725        3.9994155395124285        3.3196635305068143       0.99978231245882476      -0.15807168616102321     
   4.1350000000000008E-004  0.54620539418794956        4.0086308095721623        3.3102105819615342       0.99979340200723588      -0.14614945113058128     
   4.1360000000000002E-004  0.54299101606256372        4.0168530140815406        3.3015897049347069       0.99980607122575138      -0.13415990626949237     
   4.1370000000000008E-004  0.53979026972795274        4.0241265974622440        3.2937853805498509       0.99982006391178868      -0.12211505367213764     
   4.1380000000000003E-004  0.53660446202205903        4.0304910410122972        3.2867846240799294       0.99983515430235859      -0.11002563747743778     
   4.1390000000000009E-004  0.53343436315199999        4.0359817874077617        3.2805765824789885       0.99985114184623869       -9.7901685238085942E-002
   4.1400000000000003E-004  0.53028028472218092        4.0406308564584439        3.2751521660708125       0.99986784773780679       -8.5752779923060782E-002
   4.1410000000000009E-004  0.52714214744649968        4.0444672290029153        3.2705037274458721       0.99988511302478944       -7.3588147524066616E-002
   4.1420000000000004E-004  0.52401954066755896        4.0475170693658455        3.2666247925916174       0.99990279761393264       -6.1416644706908184E-002
   4.1430000000000004E-004  0.52091177632715169        4.0498038417185107        3.2635098436141767       0.99992077943164537       -4.9246711833108789E-002
   4.1440000000000004E-004  0.51781793980044288        4.0513483597799382        3.2611541488753923       0.99993895319594517       -3.7086338883839345E-002
   4.1450000000000005E-004  0.51473693938626430        4.0521687962841302        3.2595536347138565       0.99995722852086810       -2.4943066640263679E-002
   4.1459999999999999E-004  0.51166755550464071        4.0522806689047659        3.2587047926318129       0.99997552731983275       -1.2824032774070560E-002
   4.1470000000000005E-004  0.50860849001032782        4.0516968126219783        3.2586046164235927       0.99999378060080568       -7.3605838651653128E-004
   4.1480000000000000E-004  0.50555841553947189        4.0504273443123591        3.2592505650104910        1.0000119248738069        1.1314237128356485E-002
   4.1490000000000006E-004  0.50251602454396926        4.0484796237946554        3.2606405482657985        1.0000298984221057        2.3320308239913125E-002
   4.1500000000000000E-004  0.49948007756630541        4.0458582127289038        3.2627729348372823        1.0000476376629617        3.5275559194468287E-002
   4.1510000000000006E-004  0.49644945024360354        4.0425648323949179        3.2656465826499437        1.0000650738484114        4.7173240134154158E-002
   4.1520000000000001E-004  0.49342317865064067        4.0385983221608832        3.2692608942244101        1.0000821303166862        5.9006377119822997E-002
   4.1530000000000007E-004  0.49040050288295378        4.0339545996461617        3.2736159001352529        1.0000987204433258        7.0767745035205623E-002
   4.1540000000000001E-004  0.48738090920801580        4.0286266218107407        3.2787123746565778        1.0001147463311981        8.2449884648934796E-002
   4.1550000000000007E-004  0.48436417163250134        4.0226043427107161        3.2845519875145404        1.0001300981136434        9.4045151415317635E-002
   4.1560000000000002E-004  0.48135039428041582        4.0158746574845559        3.2911374946348388        1.0001446536062628       0.10554577258790376     
   4.1570000000000008E-004  0.47834005637474669        4.0084213124661012        3.2984729684237974        1.0001582777410398       0.11694386922828494     
   4.1580000000000002E-004  0.47533406162156455        4.0002247479224664        3.3065640642387364        1.0001708211668756       0.12823138590984781     
   4.1590000000000008E-004  0.47233379329695191        3.9912618315401662        3.3154183140756657        1.0001821174177945       0.13939985838515953     
   4.1600000000000003E-004  0.46934117553021620        3.9815054419930096        3.3250454312840159        1.0001919785140880       0.15043995316964812     
   4.1610000000000009E-004  0.46635873991408333        3.9709238597177681        3.3354576025867053        1.0002001897364292       0.16134073951343741     
   4.1620000000000003E-004  0.46338969474823916        3.9594799219798595        3.3466697374785670        1.0002065058790179       0.17208871800324663     
   4.1630000000000009E-004  0.46043799211316949        3.9471298970010888        3.3586996429904286        1.0002106533741282       0.18266673682511567     
   4.1640000000000004E-004  0.45750838557840057        3.9338220185762474        3.3715680974839572        1.0002123446172126       0.19305307088625290     
   4.1650000000000004E-004  0.45460646825644813        3.9194945920091602        3.3852988137925402        1.0002113112669837       0.20322108835199337     
   4.1660000000000004E-004  0.45173867694729014        3.9040735407296303        3.3999183103589266        1.0002073602690187       0.21314001441738575     
   4.1670000000000005E-004  0.44891224430375093        3.8874692446239294        3.4154557433043951        1.0002004474126120       0.22277720790729214     
   4.1679999999999999E-004  0.44613508156899589        3.8695726062194833        3.4319427762196777        1.0001907481647441       0.23210196490793719     
   4.1690000000000005E-004  0.44341558818777788        3.8502505894832755        3.4494135498255343        1.0001786886265811       0.24109009578180421     
   4.1700000000000000E-004  0.44076241911982361        3.8293421117221236        3.4679047283447320        1.0001648929282960       0.24972754088195437     
   4.1710000000000006E-004  0.43818429080698584        3.8066561134244505        3.4874554298069702        1.0001500238624856       0.25801058988744224     
   4.1720000000000000E-004  0.43568994155969692        3.7819745795802220        3.5081066347524663        1.0001345547792122       0.26594069463059422     
   4.1730000000000006E-004  0.43328834035663727        3.7550634905054814        3.5298995407867233        1.0001185993023720       0.27351421448156388     
   4.1740000000000001E-004  0.43098912955541963        3.7256929972147077        3.5528724893545451        1.0001019778692966       0.28071150740816059     
   4.1750000000000007E-004  0.42880309087463475        3.6936635686757882        3.5770566693998367        1.0000846115284179       0.28749319783923299     
   4.1760000000000001E-004  0.42674223189640031        3.6588280575635750        3.6024716140985729        1.0000670507358609       0.29380992767431663     
   4.1770000000000007E-004  0.42481911755834495        3.6210946055438153        3.6291219008114286        1.0000506397508901       0.29962279475672071     
   4.1780000000000002E-004  0.42304554404780170        3.5803992548058154        3.6569957031471199        1.0000369032454344       0.30491979756029003     
   4.1790000000000007E-004  0.42143142408420642        3.5366550550440099        3.6860640803983529        1.0000264495753730       0.30971159573705243     
   4.1800000000000002E-004  0.41998497458801942        3.4897103581479136        3.7162787324184823        1.0000184617702295       0.31400597649911310     
   4.1810000000000008E-004  0.41871429121924186        3.4393630448165080        3.7475672372534472        1.0000116429857357       0.31778363558724226     
   4.1820000000000003E-004  0.41762887591003978        3.3854577069099019        3.7798280897832135        1.0000059191322044       0.32100195285846012     
   4.1830000000000008E-004  0.41673915662044836        3.3280382088877847        3.8129295685002229        1.0000027045090036       0.32362428231385426     
   4.1840000000000003E-004  0.41605386165095010        3.2674756092505159        3.8467135876217098        1.0000028910504690       0.32564056929229984     
   4.1850000000000004E-004  0.41557772856314545        3.2044954616652319        3.8810014710315492        1.0000052388621476       0.32705844053117211     
   4.1860000000000004E-004  0.41531179756846759        3.1400957326590486        3.9155990886668062        1.0000077854681464       0.32788564284063171     
   4.1870000000000004E-004  0.41525572623813839        3.0754123619488087        3.9503025024238023        1.0000101262397043       0.32812722778539694     
   4.1879999999999999E-004  0.41540987038115407        3.0115929726826867        3.9849051608190793        1.0000129317732722       0.32778714520725466     
   4.1890000000000004E-004  0.41577547621482780        2.9496896509883737        4.0192044735091192        1.0000155915137015       0.32685921640218762     
   4.1899999999999999E-004  0.41635267235242113        2.8905495574985274        4.0530060188389117        1.0000158213387280       0.32531845186549352     
   4.1910000000000005E-004  0.41713785158629901        2.8347121605685395        4.0861278288005174        1.0000122447530222       0.32313705605476400     
   4.1920000000000000E-004  0.41812320680917314        2.7823704320675997        4.1184080021053600        1.0000059792563101       0.32031866679278992     
   4.1930000000000005E-004  0.41929911027129285        2.7334427082597976        4.1497133165198958       0.99999871744549296       0.31690661890820448     
   4.1940000000000000E-004  0.42065674894923533        2.6877245813056501        4.1799427485410572       0.99999032664520116       0.31294900253333918     
   4.1950000000000006E-004  0.42218846587541442        2.6450315899497383        4.2090240174472306       0.99997919189690132       0.30846074694330244     
   4.1960000000000001E-004  0.42388614621475890        2.6052624999361900        4.2369075023511416       0.99996427892951512       0.30342474604815434     
   4.1970000000000006E-004  0.42573972271481736        2.5683780484353473        4.2635624812725474       0.99994627206448028       0.29782575791568711     
   4.1980000000000001E-004  0.42773719055363518        2.5343394069929790        4.2889765114653517       0.99992693776249575       0.29167997891262482     
   4.1990000000000007E-004  0.42986581473376184        2.5030564084645679        4.3131553121750787       0.99990778990577722       0.28503520265953441     
   4.2000000000000002E-004  0.43211340543120141        2.4743705650477157        4.3361205996481216       0.99988938820301110       0.27794779671665359     
   4.2010000000000007E-004  0.43446893884568144        2.4480696348984399        4.3579056298796885       0.99987158202586290       0.27045929153817488     
   4.2020000000000002E-004  0.43692248087684632        2.4239166971161588        4.3785499906921501       0.99985415197748939       0.26258828478434992     
   4.2030000000000008E-004  0.43946474663371210        2.4016779298188666        4.3980953016184916       0.99983725221366715       0.25433766983746947     
   4.2040000000000003E-004  0.44208666465228136        2.3811410807575193        4.4165825609343035       0.99982145500414510       0.24570798847979594     
   4.2050000000000008E-004  0.44477916272030321        2.3621236946929205        4.4340509548110179       0.99980752950462126       0.23670800881465687     
   4.2060000000000003E-004  0.44753320344529962        2.3444738485210053        4.4505375199611912       0.99979617284356359       0.22735863399326628     
   4.2070000000000003E-004  0.45033997781100910        2.3280668878847628        4.4660770884341279       0.99978783664538928       0.21769089298176636     
   4.2080000000000004E-004  0.45319114369430380        2.3128008487054021        4.4807021901953341       0.99978268320954311       0.20774091672349582     
   4.2090000000000004E-004  0.45607903278999534        2.2985920576318204        4.4944428311887741       0.99978063529520611       0.19754472378855395     
   4.2099999999999999E-004  0.45899679294649987        2.2853714665186526        4.5073262060031309       0.99978146380813415       0.18713449219122055     
   4.2110000000000004E-004  0.46193846112351583        2.2730817546207405        4.5193764439297919       0.99978487112423153       0.17653678619635693     
   4.2119999999999999E-004  0.46489897571450672        2.2616750466316553        4.5306144649102409       0.99979054987074834       0.16577242219089861     
   4.2130000000000005E-004  0.46787414236393338        2.2511110948559931        4.5410579784975544       0.99979821467541785       0.15485735211487256     
   4.2140000000000000E-004  0.47086056883611299        2.2413558304470946        4.5507216200654659       0.99980761325626899       0.14380396212924984     
   4.2150000000000005E-004  0.47385558346899737        2.2323802348505133        4.5596171941111221       0.99981852549162975       0.13262235370223976     
   4.2160000000000000E-004  0.47685714945931906        2.2241595003358476        4.5677539849494160       0.99983075763741491       0.12132136979864651     
   4.2170000000000006E-004  0.47986378413222952        2.2166724451277986        4.5751390963654828       0.99984413620019574       0.10990928742078372     
   4.2180000000000001E-004  0.48287448824799406        2.2099011382374698        4.5817777890221771       0.99985850352978511        9.8394199337173721E-002
   4.2190000000000006E-004  0.48588868661614615        2.2038306824693752        4.5876737937235932       0.99987371553325255        8.6784158345277335E-002
   4.2200000000000001E-004  0.48890617859991975        2.1984491054338253        4.5928295875568832       0.99988964100416533        7.5087170151909438E-002
   4.2210000000000007E-004  0.49192709564753595        2.1937473094230100        4.5972466273921739       0.99990616179665170        6.3311113354806187E-002
   4.2220000000000002E-004  0.49495186257214974        2.1897190425006166        4.6009255404373226       0.99992317310998080        5.1463645854776696E-002
   4.2230000000000007E-004  0.49798115969253687        2.1863608713652098        4.6038662748530497       0.99994058323678214        3.9552138761489962E-002
   4.2240000000000002E-004  0.50101588377730777        2.1836721479650247        4.6060682150542291       0.99995831252364997        2.7583658478620758E-002
   4.2250000000000008E-004  0.50405710662978498        2.1816549680449882        4.6075302669745213       0.99997629142162947        1.5565006443329024E-002
   4.2260000000000003E-004  0.50710603092285633        2.1803141225496674        4.6082509182378715       0.99999445769639561        3.5028117045034653E-003
   4.2270000000000003E-004  0.51016394347388050        2.1796570435146556        4.6082282772183900        1.0000127529666589       -8.5963340731892348E-003
   4.2280000000000003E-004  0.51323216653167747        2.1796937460708143        4.6074600936633674        1.0000311187755875       -2.0725713982217325E-002
   4.2290000000000003E-004  0.51631200785977471        2.1804367675215985        4.6059437619808765        1.0000494924430434       -3.2878313393053485E-002
   4.2299999999999998E-004  0.51940471044113923        2.1819011035437121        4.6036763065911046        1.0000678029540415       -4.5046656066372703E-002
   4.2310000000000004E-004  0.52251140256750350        2.1841041423608001        4.6006543469286081        1.0000859671423512       -5.7222667305220770E-002
   4.2319999999999999E-004  0.52563304887347395        2.1870655991496246        4.5968740379568969        1.0001038864410206       -6.9397580944918949E-002
   4.2330000000000004E-004  0.52877040243462181        2.1908074566093436        4.5923309804452570        1.0001214444622022       -8.1561904342297320E-002
   4.2339999999999999E-004  0.53192395734624787        2.1953539235514992        4.5870200939481940        1.0001385055497733       -9.3705447879189732E-002
   4.2350000000000005E-004  0.53509390025196590        2.2007314319804365        4.5809354449946875        1.0001549143242456      -0.10581741048249549     
   4.2360000000000000E-004  0.53828005816085422        2.2069687057815734        4.5740700234115170        1.0001704959856925      -0.11788650022495256     
   4.2370000000000005E-004  0.54148183888869594        2.2140969508011459        4.5664154618542616        1.0001850568322879      -0.12990104171949157     
   4.2380000000000000E-004  0.54469815998742155        2.2221502366123929        4.5579616976724937        1.0001983841456141      -0.14184900246782897     
   4.2390000000000006E-004  0.54792736277948872        2.2311661582672873        4.5486965828127373        1.0002102445652656      -0.15371784863585497     
   4.2400000000000001E-004  0.55116711043507216        2.2411868678480751        4.5386054566602025        1.0002203804470278      -0.16549413500795734     
   4.2410000000000006E-004  0.55441427305811919        2.2522605539382479        4.5276707075902323        1.0002285047599351      -0.17716275605473825     
   4.2420000000000001E-004  0.55766480866284507        2.2644434204479236        4.5158713594968223        1.0002342971555587      -0.18870585342952204     
   4.2430000000000007E-004  0.56091365531573845        2.2778021708255185        4.5031827261625565        1.0002374069110911      -0.20010150579914204     
   4.2440000000000002E-004  0.56415465492529848        2.2924169470118496        4.4895761738990574        1.0002374716542621      -0.21132251913507968     
   4.2450000000000007E-004  0.56738053280537659        2.3083846151296044        4.4750190164627037        1.0002341620629971      -0.22233585104058529     
   4.2460000000000002E-004  0.57058295537026682        2.3258222401632960        4.4594745334441850        1.0002272590779853      -0.23310335382316827     
   4.2470000000000008E-004  0.57375267792860885        2.3448705407249513        4.4429020599426918        1.0002167571286649      -0.24358444417027175     
   4.2480000000000003E-004  0.57687977231877419        2.3656970221979332        4.4252570622710730        1.0002029633454494      -0.25374080209691358     
   4.2490000000000003E-004  0.57995388571659523        2.3884982676385391        4.4064911298144560        1.0001865365122489      -0.26354216064620878     
   4.2500000000000003E-004  0.58296442887078892        2.4135004773228399        4.3865519229342933        1.0001683996594557      -0.27297087078210669     
   4.2510000000000003E-004  0.58590055093414406        2.4409568526763774        4.3653833435804463        1.0001494971327194      -0.28202194788103785     
   4.2519999999999998E-004  0.58875079886517923        2.4711400664982399        4.3429264870692617        1.0001304664279107      -0.29069591622382479     
   4.2530000000000004E-004  0.59150253149098353        2.5043285675241282        4.3191221110371076        1.0001114329183001      -0.29898512610602662     
   4.2539999999999999E-004  0.59414138526134674        2.5407880471319686        4.2939151199608494        1.0000921993224978      -0.30686007423183476     
   4.2550000000000004E-004  0.59665125830282673        2.5807549163036434        4.2672607156582041        1.0000728967230152      -0.31426681625383024     
   4.2559999999999999E-004  0.59901524454726363        2.6244353536965797        4.2391307536461662        1.0000546478036716      -0.32114304118301612     
   4.2570000000000005E-004  0.60121745482538613        2.6720346178176229        4.2095185094397536        1.0000394107256605      -0.32744582979754977     
   4.2580000000000000E-004  0.60324459886465653        2.7238172866979813        4.1784413804987288        1.0000287229152214      -0.33316888249503146     
   4.2590000000000005E-004  0.60508557369885141        2.7801677404482330        4.1459432742579772        1.0000224502037138      -0.33833038012147182     
   4.2600000000000000E-004  0.60672886801310233        2.8415876119774683        4.1120991339295045        1.0000192032882567      -0.34293824787976129     
   4.2610000000000006E-004  0.60816035534358082        2.9085639096338216        4.0770216052378006        1.0000183721654909      -0.34696389623219703     
   4.2620000000000001E-004  0.60936433772869514        2.9812921215366472        4.0408662767826575        1.0000209528564812      -0.35034946393932997     
   4.2630000000000006E-004  0.61032752759774112        3.0593344006152154        4.0038315080263143        1.0000273936269652      -0.35304099021323493     
   4.2640000000000001E-004  0.61104231788026342        3.1413835167624722        3.9661513805121200        1.0000360779880344      -0.35502478746376420     
   4.2650000000000007E-004  0.61150650744585333        3.2253211368249470        3.9280831206415288        1.0000453934169689      -0.35633641941489330     
   4.2660000000000002E-004  0.61172036567494326        3.3086333731234472        3.8898937623091063        1.0000554746662309      -0.35701978447250343     
   4.2670000000000007E-004  0.61168318186298276        3.3890063809161770        3.8518514645040520        1.0000661975916192      -0.35707264123854043     
   4.2680000000000002E-004  0.61139176980869070        3.4648025166804342        3.8142206920604607        1.0000748937421791      -0.35644436604550850     
   4.2690000000000002E-004  0.61084375470473062        3.5352432202808100        3.7772552494268963        1.0000784384193038      -0.35508040414004804     
   4.2700000000000002E-004  0.61004273284024224        3.6003116728399274        3.7411853936665129        1.0000771721325439      -0.35297237192570902     
   4.2710000000000003E-004  0.60899879138808488        3.6604705295818771        3.7062029715410438        1.0000735369574114      -0.35016920782322225     
   4.2719999999999998E-004  0.60772417944110557        3.7163221729872618        3.6724536837252604        1.0000677353214191      -0.34673063543052018     
   4.2730000000000003E-004  0.60622948346367700        3.7683493733832858        3.6400401686666339        1.0000573355962061      -0.34267373075957097     
   4.2739999999999998E-004  0.60452370836101965        3.8168187079670783        3.6090300713025050        1.0000406134967808      -0.33797365562401505     
   4.2750000000000004E-004  0.60261695765174361        3.8618292693119081        3.5794615514648944        1.0000185136110871      -0.33261111789450881     
   4.2759999999999999E-004  0.60052270751896542        3.9034235128699848        3.5513450337385875       0.99999346191769989      -0.32660814425006590     
   4.2770000000000004E-004  0.59825768070172658        3.9416801458341020        3.5246650185178288       0.99996734883070415      -0.32002164903828134     
   4.2779999999999999E-004  0.59583970946757181        3.9767539400908731        3.4993848359655235       0.99994076329575798      -0.31291249269105414     
   4.2790000000000005E-004  0.59328550128425905        4.0088695285942890        3.4754537864071100       0.99991357027982908      -0.30532116694011913     
   4.2800000000000000E-004  0.59060958874871450        4.0382929513976826        3.4528142817155234       0.99988581579195301      -0.29726466323321987     
   4.2810000000000005E-004  0.58782457823490075        4.0653008379928881        3.4314071349403665       0.99985815361895225      -0.28874867114948394     
   4.2820000000000000E-004  0.58494214638697228        4.0901568421539718        3.4111746102093838       0.99983170944072841      -0.27978205669982070     
   4.2830000000000006E-004  0.58197404440919231        4.1130972728546471        3.3920618512979193       0.99980770241207395      -0.27038516670849833     
   4.2840000000000000E-004  0.57893256439771534        4.1343244357603179        3.3740175033240427       0.99978712055141394      -0.26059061066546946     
   4.2850000000000006E-004  0.57583036681881383        4.1540054243416851        3.3569940751607481       0.99977056669327347      -0.25043916535398342     
   4.2860000000000001E-004  0.57267991916110950        4.1722743574521939        3.3409482616616897       0.99975826004917756      -0.23997415142848694     
   4.2870000000000007E-004  0.56949286959907464        4.1892365436180476        3.3258412340744679       0.99975012669327512      -0.22923669786049128     
   4.2880000000000001E-004  0.56627957740781865        4.2049735004811968        3.3116388280570774       0.99974591225366405      -0.21826296668604322     
   4.2890000000000007E-004  0.56304888418909060        4.2195481162421267        3.2983115655499526       0.99974527575136096      -0.20708333018188793     
   4.2900000000000002E-004  0.55980810762576838        4.2330094998846626        3.2858344887031459       0.99974785041382785      -0.19572291872026024     
   4.2910000000000002E-004  0.55656318690015916        4.2453972242611719        3.2741868261841880       0.99975327499802846      -0.18420284080343005     
   4.2920000000000002E-004  0.55331890012222773        4.2567447759188060        3.2633515385649923       0.99976120550329683      -0.17254151790467820     
   4.2930000000000003E-004  0.55007908852852838        4.2670821344253014        3.2533147983881991       0.99977131714698886      -0.16075579825589426     
   4.2939999999999997E-004  0.54684684592988497        4.2764375084187556        3.2440654561406532       0.99978330331768761      -0.14886171206766749     
   4.2950000000000003E-004  0.54362465693102258        4.2848383396058480        3.2355945317725534       0.99979687499081249      -0.13687486443314992     
   4.2959999999999998E-004  0.54041448585368179        4.2923117364146535        3.2278947578627535       0.99981176171046104      -0.12481053496180272     
   4.2970000000000004E-004  0.53721782828139930        4.2988845129765529        3.2209601881951566       0.99982771389291059      -0.11268358115765342     
   4.2979999999999998E-004  0.53403574011140986        4.3045829948999597        3.2147858756983285       0.99984450564754945      -0.10050824140412377     
   4.2990000000000004E-004  0.53086885751695656        4.3094327254900282        3.2093676167903480       0.99986193728788364       -8.8297916208937885E-002
   4.2999999999999999E-004  0.52771741766225888        4.3134581611112583        3.2047017550655768       0.99987983685104931       -7.6064983093086333E-002
   4.3010000000000005E-004  0.52458128598732068        4.3166823985747698        3.2007850352588942       0.99989806018246374       -6.3820679227340346E-002
   4.3019999999999999E-004  0.52145999242592245        4.3191269505904089        3.1976144979132606       0.99991648964467994       -5.1575067899192965E-002
   4.3030000000000005E-004  0.51835277649378808        4.3208115718840734        3.1951874055455893       0.99993503154062990       -3.9337086872689650E-002
   4.3040000000000000E-004  0.51525863981580444        4.3217541311890493        3.1935011922565413       0.99995361260570592       -2.7114670033890897E-002
   4.3050000000000006E-004  0.51217640411275389        4.3219705220933733        3.1925534300405825       0.99997217582168796       -1.4914927745199275E-002
   4.3060000000000000E-004  0.50910477268718568        4.3214746050273671        3.1923418066410667       0.99999067583986212       -2.7443691031812192E-003
   4.3070000000000006E-004  0.50604239370513737        4.3202781721337331        3.1928641113007665        1.0000090741991490        9.3908488038386747E-003
   4.3080000000000001E-004  0.50298792386162994        4.3183909211271665        3.1941182262871184        1.0000273344429498        2.1484659132274639E-002
   4.3090000000000007E-004  0.49994009121050320        4.3158204328309466        3.1961021233456868        1.0000454173679991        3.3530824775435467E-002
   4.3100000000000001E-004  0.49689775601578162        4.3125721570108322        3.1988138654679523        1.0000632765208270        4.5522692766778068E-002
   4.3110000000000002E-004  0.49385996838586171        4.3086494062280885        3.2022516158363117        1.0000808540391699        5.7452977881547629E-002
   4.3120000000000002E-004  0.49082602121717406        4.3040533584123519        3.2064136572300224        1.0000980770061281        6.9313590139256143E-002
   4.3130000000000002E-004  0.48779549673799999        4.2987830716934639        3.2112984265540176        1.0001148545418885        8.1095521335328505E-002
   4.3140000000000002E-004  0.48476830486435785        4.2928355183007518        3.2169045705312107        1.0001310758878594        9.2788806185063091E-002
   4.3150000000000003E-004  0.48174471189256673        4.2862056476519950        3.2232310295939124        1.0001466096631666       0.10438256519592007     
   4.3159999999999997E-004  0.47872535903620217        4.2788864897640000        3.2302771575309981        1.0001613045006896       0.11586513298186280     
   4.3170000000000003E-004  0.47571127211836206        4.2708693077087450        3.2380428841851772        1.0001749909462299       0.12722425787313191     
   4.3179999999999998E-004  0.47270386648751389        4.2621437891850427        3.2465289272164313        1.0001874843036163       0.13844734766060174     
   4.3190000000000004E-004  0.46970495465724887        4.2526982329802472        3.2557370563552066        1.0001985877857480       0.14952171489899999     
   4.3199999999999998E-004  0.46671676758182962        4.2425196605831417        3.2656704090832225        1.0002080951384824       0.16043475823130285     
   4.3210000000000004E-004  0.46374200249487152        4.2315937558935239        3.2763338503285966        1.0002157918304566       0.17117400085643736     
   4.3219999999999999E-004  0.46078390905929467        4.2199045153483716        3.2877343606527023        1.0002214541128578       0.18172690199062475     
   4.3230000000000005E-004  0.45784641923656372        4.2074334905508248        3.2998814280782742        1.0002248459922223       0.19208036948757795     
   4.3239999999999999E-004  0.45493431353389302        4.1941585334169549        3.3127874093795096        1.0002257156188239       0.20221994207222935     
   4.3250000000000005E-004  0.45205339779032450        4.1800520074484737        3.3264678197640318        1.0002237948898645       0.21212869152124758     
   4.3260000000000000E-004  0.44921064446704351        4.1650784905192406        3.3409415090598134        1.0002188088538475       0.22178603025344518     
   4.3270000000000006E-004  0.44641423888950044        4.1491920352075979        3.3562306924562382        1.0002105038298723       0.23116679573233168     
   4.3280000000000000E-004  0.44367347135783158        4.1323330398494278        3.3723608284628610        1.0001987022423506       0.24024116932278161     
   4.3290000000000006E-004  0.44099844022127277        4.1144247171490385        3.3893603745519445        1.0001833849819022       0.24897606253097071     
   4.3300000000000001E-004  0.43839958709089427        4.0953691153497456        3.4072604903748185        1.0001647853026490       0.25733838635884099     
   4.3310000000000006E-004  0.43588716675599687        4.0750428095775302        3.4260947730251505        1.0001434546948151       0.26529993690817655     
   4.3320000000000001E-004  0.43347083727672697        4.0532929389578261        3.4458990600718322        1.0001202413892583       0.27284247761391783     
   4.3330000000000002E-004  0.43115958845973973        4.0299353393305690        3.4667111916624793        1.0000961305577412       0.27996036748379749     
   4.3340000000000002E-004  0.42896214023884471        4.0047579129826740        3.4885703932090379        1.0000719532071392       0.28665767195306791     
   4.3350000000000002E-004  0.42688770614132443        3.9775333054584863        3.5115157248627500        1.0000480828729910       0.29293831683160398     
   4.3359999999999997E-004  0.42494672676776957        3.9480439512744976        3.5355830523453502        1.0000243511338169       0.29879215493979100     
   4.3370000000000003E-004  0.42315105779341228        3.9161178258263867        3.5608004646431732        1.0000004008980150       0.30418536323662765     
   4.3379999999999997E-004  0.42151330215621680        3.8816642272795860        3.5871830105374563       0.99997642164366174       0.30906559568031527     
   4.3390000000000003E-004  0.42004544533145483        3.8446890294206515        3.6147284942609068       0.99995373682056121       0.31338494853690158     
   4.3399999999999998E-004  0.41875746617109594        3.8052673043806067        3.6434158073747875       0.99993448342950486       0.31712747282361109     
   4.3410000000000003E-004  0.41765681374727925        3.7634684317201721        3.6732053127454800       0.99992018929159254       0.32031567633414088     
   4.3419999999999998E-004  0.41674917930572669        3.7192636175835698        3.7040383922700486       0.99991029491753414       0.32298069499207904     
   4.3430000000000004E-004  0.41603999831477628        3.6724756157796961        3.7358333380682462       0.99990242004669561       0.32511640329615082     
   4.3439999999999999E-004  0.41553538143531166        3.6228227201055532        3.7684789766396123       0.99989488407043159       0.32666739324310928     
   4.3450000000000004E-004  0.41524130025648914        3.5700528572358312        3.8018322204750938       0.99988893868534945       0.32757550888408082     
   4.3459999999999999E-004  0.41516128444247641        3.5140952356731958        3.8357240859525747       0.99988735587277688       0.32783792454742977     
   4.3470000000000005E-004  0.41529468384447399        3.4551468163381198        3.8699702387741732       0.99989045940065624       0.32750302465197462     
   4.3480000000000000E-004  0.41563762287461925        3.3936825185846686        3.9043777891704701       0.99989515224892267       0.32660845138888028     
   4.3490000000000005E-004  0.41618607884413911        3.3304448555997173        3.9387471390207041       0.99989854471593420       0.32514562254522533     
   4.3500000000000000E-004  0.41693766668086685        3.2664366626736996        3.9728754279048988       0.99990070183369262       0.32308771741742276     
   4.3510000000000006E-004  0.41789009384678888        3.2028610423054715        4.0065645060509487       0.99990292348866938       0.32042485576850299     
   4.3520000000000001E-004  0.41903847886903206        3.1409561922020188        4.0396291940138624       0.99990505956453457       0.31716399930233313     
   4.3530000000000001E-004  0.42037437923948240        3.0817717339720296        4.0719026782603320       0.99990566118354152       0.31331665556125232     
   4.3540000000000001E-004  0.42188670671129425        3.0260028595452866        4.1032405812399517       0.99990385851434804       0.30889979796496009     
   4.3550000000000001E-004  0.42356351600322079        2.9739624482366995        4.1335248757645218       0.99989995919886099       0.30393957982840131     
   4.3560000000000002E-004  0.42539369697519719        2.9256776953885897        4.1626658067330737       0.99989447903308115       0.29846368091122782     
   4.3570000000000002E-004  0.42736750408856644        2.8810314273374047        4.1906002404664164       0.99988739602849175       0.29248938956979703     
   4.3579999999999997E-004  0.42947565032898516        2.8398697941783748        4.2172876190030522       0.99987844458475184       0.28602173229592248     
   4.3590000000000002E-004  0.43170795093266584        2.8020453398737004        4.2427060215672689       0.99986777692542517       0.27906448543175844     
   4.3599999999999997E-004  0.43405281429101245        2.7674108331936118        4.2668497086410024       0.99985613536072215       0.27163403234519090     
   4.3610000000000003E-004  0.43649791117059117        2.7357973218047231        4.2897276269508922       0.99984446998385834       0.26376407966173743     
   4.3619999999999998E-004  0.43903133073527462        2.7070016984774696        4.3113615677974542       0.99983348287768059       0.25549849410286574     
   4.3630000000000003E-004  0.44164239578016268        2.6807912339626121        4.3317832754046508       0.99982347792162585       0.24687898203375491     
   4.3639999999999998E-004  0.44432181316079367        2.6569195610285039        4.3510308229398023       0.99981451531021848       0.23793623971763644     
   4.3650000000000004E-004  0.44706134362272815        2.6351449934352686        4.3691450929946614       0.99980664895685056       0.22868855171704958     
   4.3659999999999999E-004  0.44985336240037238        2.6152447244901058        4.3861670504664918       0.99980006243596242       0.21914630151293579     
   4.3670000000000004E-004  0.45269058106436300        2.5970226435721955        4.4021360383949810       0.99979506247822381       0.20931837726246122     
   4.3679999999999999E-004  0.45556600411682047        2.5803114728326708        4.4170889420294568       0.99979198825975657       0.19921711344973236     
   4.3690000000000005E-004  0.45847305085849110        2.5649711270597191        4.4310599052382145       0.99979111229936579       0.18886037184501489     
   4.3700000000000000E-004  0.46140572831867349        2.5508851910420720        4.4440803068221868       0.99979257918820186       0.17827103980817455     
   4.3710000000000005E-004  0.46435876793581460        2.5379568805138977        4.4561788093170707       0.99979639229281980       0.16747501313865559     
   4.3720000000000000E-004  0.46732769012226433        2.5261052692862549        4.4673813986952728       0.99980243608717412       0.15649877437638113     
   4.3730000000000006E-004  0.47030880133848790        2.5152621265733242        4.4777114032611349       0.99981051505064156       0.14536733427204049     
   4.3740000000000001E-004  0.47329914655814048        2.5053694415517551        4.4871895112211559       0.99982039341535267       0.13410288822225719     
   4.3750000000000001E-004  0.47629644091681200        2.4963775772449495        4.4958338106190148       0.99983182681057170       0.12272421637292993     
   4.3760000000000001E-004  0.47929899724184938        2.4882439426513372        4.5036598667212857       0.99984458303486357       0.11124667493243724     
   4.3770000000000001E-004  0.48230565797580133        2.4809320630167075        4.5106808403077565       0.99985845297135245        9.9682564716285046E-002
   4.3779999999999996E-004  0.48531573407385942        2.4744109398587142        4.5169076409148596       0.99987325431481067        8.8041679162615197E-002
   4.3790000000000002E-004  0.48832895020525757        2.4686546108862508        4.5223491036459906       0.99988883092040037        7.6331885947818298E-002
   4.3799999999999997E-004  0.49134539446890113        2.4636418443121002        4.5270121762055515       0.99990504993549145        6.4559653883842216E-002
   4.3810000000000002E-004  0.49436547091190519        2.4593559221039083        4.5309021035434851       0.99992179810728155        5.2730485669617515E-002
   4.3819999999999997E-004  0.49738985354080872        2.4557844794410340        4.5340225997057040       0.99993897806535714        4.0849251156331541E-002
   4.3830000000000003E-004  0.50041944091474722        2.4529193802670584        4.5363759991434103       0.99995650479993159        2.8920434219352985E-002
   4.3839999999999998E-004  0.50345531068980587        2.4507566187878389        4.5379633821490080       0.99997430237332552        1.6948314133279064E-002
   4.3850000000000003E-004  0.50649867372819912        2.4492962430394041        4.5387846710930111       0.99999230076290302        4.9371027595489364E-003
   4.3859999999999998E-004  0.50955082755408676        2.4485423007956122        4.5388386954592752        1.0000104327466830       -7.1089457631807349E-003
   4.3870000000000004E-004  0.51261310905902635        2.4485028108292610        4.5381232244111693        1.0000286307741213       -1.9185440487005493E-002
   4.3879999999999999E-004  0.51568684641154827        2.4491897659697894        4.5366349658674059        1.0000468237871667       -3.1287765636775391E-002
   4.3890000000000004E-004  0.51877331009156646        2.4506191778723085        4.5343695310667353        1.0000649339971386       -4.3410991863017258E-002
   4.3900000000000010E-004  0.52187366290880133        2.4528111697833062        4.5313213637730207        1.0000828736487100       -5.5549778189853120E-002
   4.3910000000000005E-004  0.52498890877202886        2.4557901266420910        4.5274836335477735        1.0001005417159845       -6.7698252240681669E-002
   4.3920000000000005E-004  0.52811983980095956        2.4595849174978266        4.5228480932453570        1.0001178204490131       -7.9849850963370508E-002
   4.3930000000000005E-004  0.53126698114307891        2.4642292100460548        4.5174049023672422        1.0001345716591585       -9.1997097243348341E-002
   4.3940000000000006E-004  0.53443053261180262        2.4697619028984210        4.5111424201877206        1.0001506327359713      -0.10413128643691198     
   4.3950000000000000E-004  0.53761030611848792        2.4762277086016375        4.5040469754461325        1.0001658125441255      -0.11624206010922028     
   4.3960000000000006E-004  0.54080565784138745        2.4836779281900778        4.4961026226327867        1.0001798879190889      -0.12831686322459696     
   4.3970000000000001E-004  0.54401541437832479        2.4921714643963053        4.4872908975992196        1.0001926022233361      -0.14034031548460527     
   4.3980000000000007E-004  0.54723779297547570        2.5017761177592543        4.4775905864667020        1.0002036685549096      -0.15229358508534691     
   4.3990000000000001E-004  0.55047031783580180        2.5125702084416695        4.4669775198132839        1.0002127811603871      -0.16415392623048250     
   4.4000000000000007E-004  0.55370973829562387        2.5246445607909536        4.4554243976835002        1.0002196390915516      -0.17589461826134298     
   4.4010000000000002E-004  0.55695196021066040        2.5381048657479504        4.4429006398021871        1.0002239849130792      -0.18748559257937428     
   4.4020000000000007E-004  0.56019200801156077        2.5530744115408979        4.4293722412392258        1.0002256570682282      -0.19889499791762497     
   4.4030000000000002E-004  0.56342403759516901        2.5696971338261854        4.4148016036772759        1.0002246465007281      -0.21009176557116147     
   4.4040000000000008E-004  0.56664141228984710        2.5881408554756469        4.3991473199761462        1.0002211378741002      -0.22104884519210985     
   4.4050000000000003E-004  0.56983682661479973        2.6086004177638227        4.3823639332321269        1.0002155077426669      -0.23174620730842860     
   4.4060000000000008E-004  0.57300241475608094        2.6313001088442132        4.3644017870650815        1.0002082560342789      -0.24217213888812270     
   4.4070000000000003E-004  0.57612973764338726        2.6564944060240148        4.3452072285413612        1.0001998716313494      -0.25232117122507486     
   4.4080000000000009E-004  0.57920954739329367        2.6844657991943155        4.3247235724165947        1.0001906818881237      -0.26218773998248773     
   4.4090000000000004E-004  0.58223132291360280        2.7155188785787505        4.3028932774493276        1.0001807877090148      -0.27175677318824570     
   4.4100000000000009E-004  0.58518276210944697        2.7499715556179947        4.2796615839584220        1.0001701881931606      -0.28099537433965960     
   4.4110000000000004E-004  0.58804961641301479        2.7881472975845689        4.2549813596126516        1.0001590912826148      -0.28985170089308021     
   4.4120000000000004E-004  0.59081626001476462        2.8303750155063714        4.2288182841084643        1.0001482086651652      -0.29826526646308726     
   4.4130000000000005E-004  0.59346699321195562        2.8770017128875693        4.2011552426437122        1.0001387223500831      -0.30618607655210250     
   4.4140000000000005E-004  0.59598736586378220        2.9284123745798833        4.1719953545574580        1.0001318176490344      -0.31359155017070933     
   4.4150000000000005E-004  0.59836444610359862        2.9850314824489743        4.1413643203273010        1.0001281494489074      -0.32048737375225494     
   4.4160000000000005E-004  0.60058566998635421        3.0472611329713057        4.1093137306345486        1.0001278047847491      -0.32688702009144116     
   4.4170000000000000E-004  0.60263726890373248        3.1153127145587209        4.0759264007600491        1.0001307297329043      -0.33278182299205888     
   4.4180000000000006E-004  0.60450356808259065        3.1889358197009425        4.0413224943617303        1.0001367746743650      -0.33812688647279610     
   4.4190000000000001E-004  0.60616752800434315        3.2671448646314865        4.0056630604420169        1.0001450218751236      -0.34285865782776798     
   4.4200000000000006E-004  0.60761291563460662        3.3481364064801067        3.9691480731273057        1.0001539260065615      -0.34692915259364226     
   4.4210000000000001E-004  0.60882780150600735        3.4295584699968327        3.9320088804599891        1.0001630507181407      -0.35032438337554128     
   4.4220000000000007E-004  0.60980610161285742        3.5090655557103378        3.8944970392055587        1.0001738209057303      -0.35306069794640987     
   4.4230000000000002E-004  0.61054444659564988        3.5848550662395038        3.8568721782288584        1.0001867083608473      -0.35516542768320769     
   4.4240000000000007E-004  0.61103750844077398        3.6559292511926067        3.8193929342333086        1.0001984032968669      -0.35663744408677350     
   4.4250000000000002E-004  0.61127719591709040        3.7220739642337648        3.7823122561305373        1.0002046893348138      -0.35742552412979400     
   4.4260000000000008E-004  0.61125698767595649        3.7836668233637951        3.7458707082969931        1.0002051438582467      -0.35747219005746061     
   4.4270000000000003E-004  0.61097675788435046        3.8413905836778355        3.7102832539703923        1.0002021930673131      -0.35677391609026027     
   4.4280000000000008E-004  0.61044271355122093        3.8959203216308040        3.6757258359496912        1.0001966749393398      -0.35537814054740852     
   4.4290000000000003E-004  0.60966270762739516        3.9476911756532722        3.6423307353300407        1.0001866535924451      -0.35332740398487100     
   4.4300000000000009E-004  0.60864244028072667        3.9968292815404869        3.6101909806626460        1.0001699028263067      -0.35062259247619498     
   4.4310000000000004E-004  0.60738633708315937        4.0432364900846594        3.5793670386730327        1.0001461429887912      -0.34723844509590435     
   4.4320000000000009E-004  0.60590150129437648        4.0867449004924516        3.5498908216499960        1.0001168938561276      -0.34316183083150831     
   4.4330000000000004E-004  0.60420048961043804        4.1272501458306934        3.5217676444275812        1.0000841324499481      -0.33841178914079539     
   4.4340000000000004E-004  0.60230025169891221        4.1647762709986456        3.4949790021249623        1.0000493296535629      -0.33303304582578419     
   4.4350000000000005E-004  0.60021867335280865        4.1994746140726118        3.4694875535989489        1.0000132111249169      -0.32707604257596046     
   4.4360000000000005E-004  0.59797173274058069        4.2315845712405444        3.4452436159793929       0.99997609522412811      -0.32057934392804466     
   4.4370000000000000E-004  0.59557275561042045        4.2613847666428608        3.4221915323514529       0.99993840418142943      -0.31356396791474334     
   4.4380000000000005E-004  0.59303347900024461        4.2891519986219340        3.4002746154262482       0.99990095400384937      -0.30603910646882526     
   4.4390000000000000E-004  0.59036572114645280        4.3151340558099331        3.3794382668103871       0.99986492301487628      -0.29801277493616268     
   4.4400000000000006E-004  0.58758247752935999        4.3395358392972128        3.3596315691605638       0.99983161029895751      -0.28950088104461680     
   4.4410000000000001E-004  0.58469800187982657        4.3625156993456784        3.3408079135943289       0.99980215011360341      -0.28053105950093021     
   4.4420000000000006E-004  0.58172713843215607        4.3841885506916274        3.3229251751162532       0.99977731462798092      -0.27114103383613625     
   4.4430000000000001E-004  0.57868441735393139        4.4046328075819563        3.3059457570160169       0.99975745734570765      -0.26137366567191983     
   4.4440000000000007E-004  0.57558330672927238        4.4238988862598738        3.2898366257888370       0.99974257292127566      -0.25127148074789735     
   4.4450000000000002E-004  0.57243578534535766        4.4420177289182075        3.2745693262301492       0.99973241277853897      -0.24087268327336803     
   4.4460000000000007E-004  0.56925222797843822        4.4590084024738328        3.2601199172050790       0.99972660046956763      -0.23020940195047090     
   4.4470000000000002E-004  0.56604150929908204        4.4748842775012854        3.2464687789962348       0.99972471666972640      -0.21930790466348377     
   4.4480000000000008E-004  0.56281121319444882        4.4896576052937931        3.2336002780654334       0.99972634661156834      -0.20819002112577167     
   4.4490000000000003E-004  0.55956785910234330        4.5033425093019890        3.2215023095475592       0.99973109778461700      -0.19687495855714121     
   4.4500000000000008E-004  0.55631709553232023        4.5159565435801881        3.2101657605573348       0.99973860033559891      -0.18538090087857961     
   4.4510000000000003E-004  0.55306384237797235        4.5275210834373336        3.1995839455863289       0.99974850171363394      -0.17372607530255035     
   4.4520000000000009E-004  0.54981238237447649        4.5380608811186480        3.1897520609121477       0.99976046264458007      -0.16192922520953804     
   4.4530000000000004E-004  0.54656641095889480        4.5476031312391516        3.1806666930591909       0.99977415708914286      -0.15000959073113063     
   4.4540000000000009E-004  0.54332905702762480        4.5561763501588608        3.1723254018248928       0.99978927581701293      -0.13798656735838299     
   4.4550000000000004E-004  0.54010288743225310        4.5638092977560092        3.1647263851450420       0.99980553188011545      -0.12587921448223499     
   4.4560000000000004E-004  0.53688990759100808        4.5705300827750843        3.1578682229276329       0.99982266611217929      -0.11370574940404478     
   4.4570000000000005E-004  0.53369156791869166        4.5763655172317144        3.1517496907333751       0.99984045139913624      -0.10148311637608086     
   4.4580000000000005E-004  0.53050878181080752        4.5813407246599525        3.1463696310937519       0.99985869500195768       -8.9226679259662725E-002
   4.4590000000000000E-004  0.52734195734088862        4.5854789526633031        3.1417268696478025       0.99987723872118850       -7.6950054439514484E-002
   4.4600000000000005E-004  0.52419104204120903        4.5888015317290556        3.1378201641793080       0.99989595720262237       -6.4665076362834556E-002
   4.4610000000000000E-004  0.52105557835493888        4.5913279305056189        3.1346481764039589       0.99991475486505765       -5.2381875897609627E-002
   4.4620000000000006E-004  0.51793476666268012        4.5930758655471973        3.1322094584734876       0.99993356189368010       -4.0109044387372013E-002
   4.4630000000000001E-004  0.51482753283529270        4.5940614328738647        3.1305024482339716       0.99995232971001924       -2.7853858582035040E-002
   4.4640000000000006E-004  0.51173259785834901        4.5942992366044653        3.1295254690115506       0.99997102619754796       -1.5622545341214236E-002
   4.4650000000000001E-004  0.50864854784051750        4.5938024969930975        3.1292767310880660       0.99998963087489789       -3.4205698390385722E-003
   4.4660000000000007E-004  0.50557390343127528        4.5925831256738920        3.1297543330241746        1.0000081301080579        8.7470634582033410E-003
   4.4670000000000002E-004  0.50250718820010876        4.5906517583915090        3.1309562616925501        1.0000265123845169        2.0875504438073587E-002
   4.4680000000000007E-004  0.49944699581214946        4.5880177424265813        3.1328803903970268        1.0000447636925225        3.2959751145101218E-002
   4.4690000000000002E-004  0.49639205594275437        4.5846890797102642        3.1355244748793512        1.0000628629760067        4.4994347749428995E-002
   4.4700000000000008E-004  0.49334129871378674        4.5806723279096691        3.1388861474785754        1.0000807776600193        5.6973091371594016E-002
   4.4710000000000003E-004  0.49029391703960667        4.5759724662277304        3.1429629103331100        1.0000984592980779        6.8888755272939362E-002
   4.4720000000000008E-004  0.48724942573833496        4.5705927377382984        3.1477521294510091        1.0001158394718674        8.0732840780920356E-002
   4.4730000000000003E-004  0.48420771573372717        4.5645344852984202        3.1532510328307457        1.0001328261747637        9.2495376595178064E-002
   4.4740000000000009E-004  0.48116910121691797        4.5577970041729046        3.1594567175718815        1.0001493010108826       0.10416478928324628     
   4.4750000000000004E-004  0.47813435755719036        4.5503774420941330        3.1663661729840569        1.0001651176885846       0.11572787390059998     
   4.4760000000000004E-004  0.47510474811354753        4.5422707890779801        3.1739763289356593        1.0001801022975016       0.12716989351106084     
   4.4770000000000004E-004  0.47208203903879942        4.5334700045653538        3.1822841405635001        1.0001940557579194       0.13847482888483467     
   4.4780000000000004E-004  0.46906850261447403        4.5239663145288525        3.1912867215916396        1.0002067584123833       0.14962578232879556     
   4.4789999999999999E-004  0.46606691165885461        4.5137496945877889        3.2009815379044162        1.0002179763332351       0.16060551046563887     
   4.4800000000000005E-004  0.46308052993643795        4.5028095241415436        3.2113666699163113        1.0002274682098411       0.17139701830269530     
   4.4810000000000000E-004  0.46011310589342436        4.4911353484614320        3.2224411459997473        1.0002349909842894       0.18198409937188217     
   4.4820000000000005E-004  0.45716887844486170        4.4787176266159090        3.2342053395171000        1.0002403021014885       0.19235166502673981     
   4.4830000000000000E-004  0.45425260493517405        4.4655482848591337        3.2466614094060509        1.0002431568642196       0.20248569151175758     
   4.4840000000000006E-004  0.45136962215741855        4.4516208545935392        3.2598137508356668        1.0002433011090541       0.21237264856301047     
   4.4850000000000001E-004  0.44852594899992337        4.4369299668063267        3.2736694114403675        1.0002404623640893       0.22199837483486815     
   4.4860000000000006E-004  0.44572843077534596        4.4214700139602492        3.2882384244798355        1.0002343462294314       0.23134653565445262     
   4.4870000000000001E-004  0.44298490701226062        4.4052328843361668        3.3035340173939889        1.0002246477382191       0.24039701272337088     
   4.4880000000000007E-004  0.44030435592740819        4.3882047764442369        3.3195726747982719        1.0002110872435561       0.24912477591868540     
   4.4890000000000002E-004  0.43769693745934374        4.3703621785729041        3.3363740673257105        1.0001934762453504       0.25749989082397579     
   4.4900000000000007E-004  0.43517384148981936        4.3516671376701268        3.3539608940516099        1.0001718078715609       0.26548921623793215     
   4.4910000000000002E-004  0.43274687434518538        4.3320619624780559        3.3723587113987157        1.0001463507043900       0.27305994895253799     
   4.4920000000000008E-004  0.43042780256050522        4.3114635845961509        3.3915958138302029        1.0001177069568024       0.28018444818263027     
   4.4930000000000002E-004  0.42822760924652298        4.2897580764555698        3.4117031672728113        1.0000867866150889       0.28684483482063283     
   4.4940000000000008E-004  0.42615596518927029        4.2667964580079953        3.4327142637318535        1.0000546644564761       0.29303512343553823     
   4.4950000000000003E-004  0.42422127220242267        4.2423939952185421        3.4546645923396215        1.0000223360229346       0.29875874177254758     
   4.4960000000000009E-004  0.42243146205907206        4.2163365282035752        3.4775902902253546       0.99999046249476953       0.30402077880839462     
   4.4970000000000003E-004  0.42079528680927353        4.1883982410159852        3.5015255725193373       0.99995925582415524       0.30881715817500616     
   4.4980000000000004E-004  0.41932331106003939        4.1583741550396010        3.5264988564904236       0.99992864219043720       0.31312606225248618     
   4.4990000000000004E-004  0.41802766405819047        4.1261254266415133        3.5525280769146446       0.99989870146331994       0.31690809704969564     
   4.5000000000000004E-004  0.41692022690670488        4.0916252828951976        3.5796162877886308       0.99987015016667735       0.32011859184858715     
   4.5009999999999999E-004  0.41601013418439503        4.0549815142893308        3.6077487925385481       0.99984448029161543       0.32272795705174306     
   4.5020000000000005E-004  0.41530234987031667        4.0164078778661843        3.6368923318232804       0.99982347274443573       0.32473789978360185     
   4.5029999999999999E-004  0.41479861105015420        3.9761337334785232        3.6669953891448390       0.99980815827198288       0.32617847481681478     
   4.5040000000000005E-004  0.41450014967235099        3.9342793675225067        3.6979873638470808       0.99979785674584598       0.32707968117718034     
   4.5050000000000000E-004  0.41440981618545891        3.8907613044624743        3.7297748787627865       0.99979039415828053       0.32743459699779953     
   4.5060000000000006E-004  0.41453139305179859        3.8452922554158526        3.7622368095910894       0.99978400145415669       0.32719175710278725     
   4.5070000000000000E-004  0.41486646872378585        3.7974880636381769        3.7952233260326360       0.99977938765552798       0.32629860699461205     
   4.5080000000000006E-004  0.41541202446992859        3.7470205247935446        3.8285630077726713       0.99977912879718178       0.32476022072500571     
   4.5090000000000001E-004  0.41616129248503841        3.6937303751095918        3.8620745853319276       0.99978415780034569       0.32264143267358047     
   4.5100000000000007E-004  0.41710683793966663        3.6376752115618949        3.8955744688236553       0.99979171478885198       0.31999794057247322     
   4.5110000000000001E-004  0.41824255839280311        3.5791633262247089        3.9288769025496526       0.99979802683337748       0.31681904305525954     
   4.5120000000000007E-004  0.41956296286244393        3.5188106089170326        3.9617940133494605       0.99980224165810616       0.31305663919187815     
   4.5130000000000002E-004  0.42106112959688924        3.4575677326306717        3.9941429372881565       0.99980615946871410       0.30869539511009297     
   4.5140000000000008E-004  0.42272749561724121        3.3966301238821757        4.0257566649981698       0.99981088285498487       0.30376945677864164     
   4.5150000000000002E-004  0.42455031351452449        3.3372280411078457        4.0564907322926018       0.99981547194274334       0.29832337599150227     
   4.5160000000000008E-004  0.42651717792970661        3.2803987475563741        4.0862243216768812       0.99981849301787473       0.29238363630229702     
   4.5170000000000003E-004  0.42861638889190523        3.2268514665263481        4.1148597031255179       0.99981942979420713       0.28596425917165152     
   4.5180000000000003E-004  0.43083736456042010        3.1769602518723783        4.1423220510150616       0.99981855116500806       0.27907883509771508     
   4.5190000000000003E-004  0.43317025006482157        3.1308433057109575        4.1685586564945831       0.99981628058524463       0.27174215288895448     
   4.5200000000000004E-004  0.43560529869043035        3.0884619602888730        4.1935367965514461       0.99981296951896936       0.26396888228306364     
   4.5209999999999998E-004  0.43813242800163743        3.0496939047599838        4.2172408969837321       0.99980898557006592       0.25577617416930498     
   4.5220000000000004E-004  0.44074114667767300        3.0143703896319689        4.2396698682645590       0.99980478541203177       0.24718787787644417     
   4.5229999999999999E-004  0.44342084423374956        2.9822898290335367        4.2608348467923660       0.99980085662334195       0.23823572221121031     
   4.5240000000000005E-004  0.44616128243394954        2.9532242105718893        4.2807570466667979       0.99979760832992448       0.22895622088843934     
   4.5249999999999999E-004  0.44895306835481841        2.9269276759244072        4.2994654235964642       0.99979530990726895       0.21938540710132717     
   4.5260000000000005E-004  0.45178793576399112        2.9031484925212290        4.3169941502165470       0.99979410770790578       0.20955430940476516     
   4.5270000000000000E-004  0.45465878655577385        2.8816415354051585        4.3333801535094976       0.99979408640338119       0.19948692436665177     
   4.5280000000000006E-004  0.45755955856793507        2.8621782840954175        4.3486610079270207       0.99979532516247382       0.18920077268487817     
   4.5290000000000000E-004  0.46048502935671587        2.8445529775630813        4.3628733577234922       0.99979792070512619       0.17870902657350640     
   4.5300000000000006E-004  0.46343064594992894        2.8285851257733885        4.3760518837864133       0.99980197810097104       0.16802297864400625     
   4.5310000000000001E-004  0.46639242172640544        2.8141193489194691        4.3882287216578684       0.99980758582349083       0.15715398581098194     
   4.5320000000000007E-004  0.46936689741533139        2.8010236064888208        4.3994331989769000       0.99981479178131272       0.14611453475579023     
   4.5330000000000001E-004  0.47235114054185301        2.7891866513490431        4.4096917715175419       0.99982359005041865       0.13491847298109211     
   4.5340000000000007E-004  0.47534275546027716        2.7785152630422107        4.4190280686327830       0.99983392018930550       0.12358065224646300     
   4.5350000000000002E-004  0.47833988511972447        2.7689315914409995        4.4274629914191159       0.99984567621786880       0.11211627609292320     
   4.5360000000000008E-004  0.48134119677969089        2.7603707923120329        4.4350148316074645       0.99985872061345527       0.10054019579319574     
   4.5370000000000002E-004  0.48434585199032237        2.7527790398930634        4.4416993949883414       0.99987289910353916        8.8866316164291637E-002
   4.5380000000000008E-004  0.48735346502420795        2.7461119325584207        4.4475301220450216       0.99988805346386178        7.7107190710755252E-002
   4.5390000000000003E-004  0.49036405466413518        2.7403332665572684        4.4525182025884780       0.99990403087602553        6.5273822807620549E-002
   4.5400000000000003E-004  0.49337799309253005        2.7354141466997994        4.4566726820064693       0.99992068948144253        5.3375649950162592E-002
   4.5410000000000003E-004  0.49639595396154834        2.7313323804118852        4.4600005572572758       0.99993790067429722        4.1420669006293563E-002
   4.5420000000000004E-004  0.49941886049993672        2.7280720919695192        4.4625068607138223       0.99995554890176663        2.9415655320778136E-002
   4.5429999999999998E-004  0.50244783378882063        2.7256234995864990        4.4641947295992033       0.99997352972763121        1.7366435949058470E-002
   4.5440000000000004E-004  0.50548414100071004        2.7239828113510676        4.4650654585057827       0.99999174678139291        5.2781883578769543E-003
   4.5449999999999999E-004  0.50852914328056242        2.7231522101224499        4.4651185325352678        1.0000101080464170       -6.8442520397811318E-003
   4.5460000000000005E-004  0.51158424294329885        2.7231399099838285        4.4643516389948559        1.0000285217923106       -1.8996082142926449E-002
   4.5469999999999999E-004  0.51465082970445541        2.7239602780544363        4.4627606562319695        1.0000468923384302       -3.1172219074825216E-002
   4.5480000000000005E-004  0.51773022568705140        2.7256340302382132        4.4603396188234621        1.0000651157718370       -4.3366982991836188E-002
   4.5490000000000000E-004  0.52082362896723300        2.7281885111931086        4.4570806594076497        1.0000830758981589       -5.5573773337468747E-002
   4.5500000000000006E-004  0.52393205554602151        2.7316580720738148        4.4529739284374621        1.0001006406976196       -6.7784741312738803E-002
   4.5510000000000000E-004  0.52705627981009906        2.7360845742835078        4.4480074936132032        1.0001176597215138       -7.9990470895973220E-002
   4.5520000000000006E-004  0.53019677381948982        2.7415180586274488        4.4421672209648069        1.0001339631332686       -9.2179695616578489E-002
   4.5530000000000001E-004  0.53335364622469850        2.7480176305365305        4.4354366391886666        1.0001493633812717      -0.10433909715597894     
   4.5540000000000006E-004  0.53652658236097373        2.7556526197320501        4.4277967877278011        1.0001636607075910      -0.11645325230468333     
   4.5550000000000001E-004  0.53971478809936735        2.7645040734264121        4.4192260474552416        1.0001766536891130      -0.12850480788529944     
   4.5560000000000007E-004  0.54291694125466328        2.7746666286874824        4.4096999511631143        1.0001881554984104      -0.14047496101206952     
   4.5570000000000002E-004  0.54613115513139465        2.7862507776839216        4.3991909706920298        1.0001980153672290      -0.15234428906317729     
   4.5580000000000007E-004  0.54935495782277699        2.7993855104721188        4.3876682798114981        1.0002061423662354      -0.16409389850757733     
   4.5590000000000002E-004  0.55258528654125516        2.8142212973376886        4.3750975006140704        1.0002125257547048      -0.17570673330089484     
   4.5600000000000003E-004  0.55581848765843900        2.8309332926721034        4.3614404632571118        1.0002172437112304      -0.18716870163095470     
   4.5610000000000003E-004  0.55905030140141976        2.8497245172334473        4.3466550491496951        1.0002204515914546      -0.19846908508610075     
   4.5620000000000003E-004  0.56227579990689558        2.8708285993976208        4.3306952474403575        1.0002223449048151      -0.20959958321632785     
   4.5629999999999998E-004  0.56548924723491134        2.8945114553411493        4.3135116233081519        1.0002231035038285      -0.22055148959260781     
   4.5640000000000003E-004  0.56868386940227167        2.9210711799290205        4.2950524419612925        1.0002228406829217      -0.23131108720230867     
   4.5649999999999998E-004  0.57185156463719922        2.9508356164125598        4.2752656592067133        1.0002215970438446      -0.24185447311714250     
   4.5660000000000004E-004  0.57498263958807128        2.9841577476680055        4.2541018235170842        1.0002194154065787      -0.25214434653894491     
   4.5669999999999999E-004  0.57806570717719596        3.0214099302742632        4.2315176421656746        1.0002164914987595      -0.26213183676879004     
   4.5680000000000004E-004  0.58108789487281221        3.0629778142556248        4.2074796843436131        1.0002133203798054      -0.27176485524908872     
   4.5689999999999999E-004  0.58403544382365025        3.1092514978150358        4.1819676805134902        1.0002107072365094      -0.28100030272164284     
   4.5700000000000005E-004  0.58689460894318435        3.1606036393759549        4.1549773051841115        1.0002095722117865      -0.28981289352236578     
   4.5710000000000000E-004  0.58965249864711722        3.2173342666620410        4.1265229794340144        1.0002106723498332      -0.29819326694851200     
   4.5720000000000005E-004  0.59229724765807445        3.2795590439649871        4.0966414192669856        1.0002144833798474      -0.30613573513822329     
   4.5730000000000000E-004  0.59481706670517842        3.3470364599076223        4.0653959031442328        1.0002212444453145      -0.31362589250308159     
   4.5740000000000006E-004  0.59719849491182919        3.4189805968664100        4.0328801842562356        1.0002308437200120      -0.32063775411064854     
   4.5750000000000001E-004  0.59942514377835887        3.4939718924266270        3.9992209933131546        1.0002424410318695      -0.32713624183672163     
   4.5760000000000006E-004  0.60147834587625715        3.5700877886689533        3.9645791464355491        1.0002546109337354      -0.33307448774225246     
   4.5770000000000001E-004  0.60333981404952874        3.6452657899759444        3.9291486091147543        1.0002667237521672      -0.33839902698089691     
   4.5780000000000007E-004  0.60499487959464826        3.7177443371822285        3.8931505237829440        1.0002797619202248      -0.34307887763364880     
   4.5790000000000002E-004  0.60643393600870188        3.7863739205711120        3.8568213452899882        1.0002944949956085      -0.34712589922650205     
   4.5800000000000007E-004  0.60764970555400444        3.8507130486156900        3.8204007793211630        1.0003091384584679      -0.35056492307344389     
   4.5810000000000002E-004  0.60863226219063804        3.9109519224313356        3.7841254834813887        1.0003202388319217      -0.35338242914027401     
   4.5820000000000002E-004  0.60936868325784144        3.9677227055315125        3.7482260020811795        1.0003255557431241      -0.35551811814901030     
   4.5830000000000003E-004  0.60984910720215824        4.0218289150407340        3.7129196775051927        1.0003252807357399      -0.35691350537995042     
   4.5840000000000003E-004  0.61007169576635589        4.0739548729302779        3.6783979726960534        1.0003206770756883      -0.35756478908313477     
   4.5849999999999998E-004  0.61004031670447922        4.1244588968151881        3.6448151093079604        1.0003120695076133      -0.35751888374781399     
   4.5860000000000003E-004  0.60975829704242912        4.1733275414140216        3.6122852977234006        1.0002981719270712      -0.35681926994827001     
   4.5869999999999998E-004  0.60922556681204310        4.2202828664639203        3.5808880197173689        1.0002770519052753      -0.35546331951877674     
   4.5880000000000004E-004  0.60844150643683703        4.2649638178392237        3.5506749440515097        1.0002478295155581      -0.35341143130140068     
   4.5889999999999999E-004  0.60740972908799651        4.3070904256502747        3.5216736343612696        1.0002115846125230      -0.35063128871229043     
   4.5900000000000004E-004  0.60614018066600583        4.3465541351371026        3.4938884401485368        1.0001706785055491      -0.34713194493953059     
   4.5909999999999999E-004  0.60464743615485061        4.3834263363300199        3.4673018995128806        1.0001272743821064      -0.34296189404264166     
   4.5920000000000005E-004  0.60294734322990240        4.4179116386765376        3.4418789089925630        1.0000824673649864      -0.33818037648685190     
   4.5930000000000000E-004  0.60105443537511294        4.4502816509550360        3.4175731601256381        1.0000365741635657      -0.33282944958189148     
   4.5940000000000005E-004  0.59898123340490661        4.4808156586672414        3.3943337236737143       0.99998992333864400      -0.32692527950630068     
   4.5950000000000000E-004  0.59673915317826975        4.5097598722481234        3.3721100007939322       0.99994337135712341      -0.32046778212599969     
   4.5960000000000006E-004  0.59433992580569883        4.5373062487844713        3.3508544973583114       0.99989829228349358      -0.31345695174965837     
   4.5970000000000001E-004  0.59179658291583215        4.5635870804478529        3.3305238791224188       0.99985622415147257      -0.30590485911579018     
   4.5980000000000006E-004  0.58912365740159744        4.5886804131714278        3.3110791208649748       0.99981848009057184      -0.29783882550462182     
   4.5990000000000001E-004  0.58633672170469864        4.6126216851969950        3.2924854080873787       0.99978592548126533      -0.28929744190266005     
   4.6000000000000007E-004  0.58345157159916350        4.6354177471964828        3.2747121028313311       0.99975895349595678      -0.28032376695922062     
   4.6010000000000002E-004  0.58048337505535419        4.6570603729281075        3.2577327992055087       0.99973758403671498      -0.27095939515015566     
   4.6020000000000002E-004  0.57744601924144701        4.6775373911094231        3.2415253681600174       0.99972159607884847      -0.26124109774939142     
   4.6030000000000002E-004  0.57435175980426689        4.6968405491623404        3.2260718916992879       0.99971063714931996      -0.25120001362355621     
   4.6040000000000002E-004  0.57121116780212911        4.7149700259681637        3.2113584418263859       0.99970429259997795      -0.24086249061328030     
   4.6049999999999997E-004  0.56803330328038548        4.7319360539920510        3.1973747153506729       0.99970212253235136      -0.23025157346816630     
   4.6060000000000003E-004  0.56482601575996838        4.7477583838496695        3.1841135683625867       0.99970368085796280      -0.21938844951070441     
   4.6069999999999998E-004  0.56159626912323435        4.7624643776883673        3.1715705018131124       0.99970852779436514      -0.20829355878366099     
   4.6080000000000003E-004  0.55835040335431052        4.7760864366357971        3.1597431416757460       0.99971623979007118      -0.19698734058166897     
   4.6089999999999998E-004  0.55509428740771327        4.7886593286830994        3.1486307437560974       0.99972641650344984      -0.18549066774189751     
   4.6100000000000004E-004  0.55183336288093010        4.8002178185227695        3.1382337421670163       0.99973868428481016      -0.17382500317499022     
   4.6109999999999999E-004  0.54857260749571801        4.8107948343884068        3.1285533536022250       0.99975269702230363      -0.16201229843814513     
   4.6120000000000004E-004  0.54531645773915838        4.8204202595810592        3.1195912448145959       0.99976813604521830      -0.15007467041919800     
   4.6129999999999999E-004  0.54206872637463310        4.8291203225800476        3.1113492662816551       0.99978471043250960      -0.13803392406423326     
   4.6140000000000005E-004  0.53883253983078483        4.8369174865481668        3.1038292503612626       0.99980215823766250      -0.12591101255872225     
   4.6150000000000000E-004  0.53561030836535639        4.8438307054999701        3.0970328678630801       0.99982024830306770      -0.11372552693359393     
   4.6160000000000005E-004  0.53240373164584920        4.8498759085734040        3.0909615337134593       0.99983878193888409      -0.10149528840301894     
   4.6170000000000000E-004  0.52921383552754586        4.8550665868273164        3.0856163506801630       0.99985759374083116       -8.9236087420713400E-002
   4.6180000000000006E-004  0.52604103228942933        4.8594143957925198        3.0809980801638641       0.99987655120120134       -7.6961581363091683E-002
   4.6190000000000001E-004  0.52288519581304926        4.8629297245466656        3.0771071304942526       0.99989555302495625       -6.4683334946492033E-002
   4.6200000000000006E-004  0.51974574414538888        4.8656222054902578        3.0739435552393326       0.99991452629614053       -5.2410974824422418E-002
   4.6210000000000001E-004  0.51662172377309168        4.8675011524837277        3.0715070563555402       0.99993342277075770       -4.0152423426214667E-002
   4.6220000000000007E-004  0.51351189191755375        4.8685759222555642        3.0697969890121879       0.99995221460599271       -2.7914182819991619E-002
   4.6230000000000002E-004  0.51041479501297760        4.8688561972569868        3.0688123664460938       0.99997088977009529       -1.5701644450362134E-002
   4.6240000000000002E-004  0.50732884291360847        4.8683521896719704        3.0685518642278602       0.99998944734321082       -3.5194086852172019E-003
   4.6250000000000002E-004  0.50425237934987266        4.8670747717271219        3.0690138238029219        1.0000078928816276        8.6283946885858231E-003
   4.6260000000000002E-004  0.50118374970336199        4.8650355394583862        3.0701962553045710        1.0000262338756731        2.0737789866253274E-002
   4.6269999999999997E-004  0.49812136748870928        4.8622468008042699        3.0720968395129828        1.0000444752461590        3.2804644281103947E-002
   4.6280000000000003E-004  0.49506378103613313        4.8587214808831050        3.0747129286528652        1.0000626149609197        4.4824364726859245E-002
   4.6289999999999998E-004  0.49200974166578432        4.8544729409910925        3.0780415456187264        1.0000806398217930        5.6791603022569422E-002
   4.6300000000000003E-004  0.48895827415475940        4.8495147076875948        3.0820793813280516        1.0000985214863045        6.8699977016830949E-002
   4.6309999999999998E-004  0.48590874945550855        4.8438601082928976        3.0868227903322158        1.0001162128248229        8.0541816700362062E-002
   4.6320000000000004E-004  0.48286095839439308        4.8375218102959359        3.0922677856922616        1.0001336447692279        9.2307951103556912E-002
   4.6329999999999999E-004  0.47981518345044444        4.8305112661674805        3.0984100354368547        1.0001507237883460       0.10398755394971426     
   4.6340000000000004E-004  0.47677226380826587        4.8228380741039345        3.1052448644709516        1.0001673301688421       0.11556806717088601     
   4.6349999999999999E-004  0.47373364720691441        4.8145092837155197        3.1127672675846649        1.0001833171915697       0.12703521872157197     
   4.6360000000000005E-004  0.47070142100009144        4.8055287034056882        3.1209719406825291        1.0001985112370231       0.13837314109075963     
   4.6370000000000000E-004  0.46767831507116392        4.7958962881990495        3.1298533383433593        1.0002127126222697       0.14956458641059078     
   4.6380000000000005E-004  0.46466767173700974        4.7856077073203469        3.1394057658656260        1.0002256969709675       0.16059121992313327     
   4.6390000000000000E-004  0.46167338320646589        4.7746542063014985        3.1496235129584020        1.0002372169584044       0.17143396147108383     
   4.6400000000000006E-004  0.45869980548422923        4.7630228776998784        3.1605010342578850        1.0002470044960294       0.18207333972859777     
   4.6410000000000001E-004  0.45575166777764164        4.7506974284541439        3.1720331791702887        1.0002547737510488       0.19248982788043739     
   4.6420000000000006E-004  0.45283400570115823        4.7376594731775086        3.1842154707037471        1.0002602256467596       0.20266413993878910     
   4.6430000000000001E-004  0.44995215072804440        4.7238902899904964        3.1970444301117924        1.0002630542459436       0.21257747287711398     
   4.6440000000000001E-004  0.44711180269033463        4.7093728569482582        3.2105179408838969        1.0002629546773842       0.22221166900166953     
   4.6450000000000001E-004  0.44431919351161792        4.6940938617241930        3.2246356407590193        1.0002596309273717       0.23154923466414709     
   4.6460000000000002E-004  0.44158131975372572        4.6780452878870857        3.2393993224949265        1.0002528010391722       0.24057309388523265     
   4.6469999999999997E-004  0.43890618695649614        4.6612251625092060        3.2548133128717662        1.0002421986285488       0.24926592647755705     
   4.6480000000000002E-004  0.43630298445973109        4.6436371067106581        3.2708847876932423        1.0002275743947153       0.25760902278980335     
   4.6489999999999997E-004  0.43378211176482939        4.6252884422915184        3.2876239760097472        1.0002087084607525       0.26558084551921618     
   4.6500000000000003E-004  0.43135500296844492        4.6061867298872059        3.3050442195057905        1.0001854487456823       0.27315587576630057     
   4.6509999999999998E-004  0.42903373728176980        4.5863347170294713        3.3231618874789608        1.0001577857708044       0.28030464431900060     
   4.6520000000000003E-004  0.42683047842811073        4.5657237733358738        3.3419961963692448        1.0001259567925498       0.28699583289546060     
   4.6529999999999998E-004  0.42475684696715998        4.5443260474875249        3.3615690208155873        1.0000905428787077       0.29320070227968176     
   4.6540000000000004E-004  0.42282338558496807        4.5220858840901617        3.3819047717889053        1.0000524958782164       0.29889883372284548     
   4.6549999999999998E-004  0.42103930327947275        4.4989115688753856        3.4030303178843271        1.0000130306763131       0.30408265337525092     
   4.6560000000000004E-004  0.41941264732233313        4.4746692911335693        3.4249747309030849       0.99997336650968760       0.30875737780710000     
   4.6569999999999999E-004  0.41795092642097464        4.4491823331966032        3.4477684133952766       0.99993440240303666       0.31293408354888452     
   4.6580000000000005E-004  0.41666199518581382        4.4222397507004167        3.4714410791399026       0.99989651914978184       0.31661718136420219     
   4.6589999999999999E-004  0.41555474657418773        4.3936194420855834        3.4960183121221018       0.99985971554597108       0.31979251406078563     
   4.6600000000000005E-004  0.41463899486422517        4.3631287556830607        3.5215170901828281       0.99982411073670019       0.32242508783479962     
   4.6610000000000000E-004  0.41392415689105067        4.3306593254942491        3.5479414352385623       0.99979050644560830       0.32447183412232683     
   4.6620000000000006E-004  0.41341710570961926        4.2962410761649199        3.5752795976536551       0.99976047775580978       0.32590425102004372     
   4.6630000000000000E-004  0.41312048361880288        4.2600680279016796        3.6035033714164508       0.99973571617936774       0.32672531656994452     
   4.6640000000000006E-004  0.41303290011864735        4.2224666197874292        3.6325685707179329       0.99971703364423203       0.32696549773451788     
   4.6650000000000001E-004  0.41315129672995859        4.1837961254026883        3.6624146324571463       0.99970387141566952       0.32665736221061920     
   4.6660000000000001E-004  0.41347400883194435        4.1443081247662885        3.6929619799537603       0.99969476036531768       0.32580655856298796     
   4.6670000000000001E-004  0.41400196329168987        4.1040273154502103        3.7241080924710808       0.99968837960581580       0.32438295734819572     
   4.6680000000000002E-004  0.41473635432934025        4.0627196607002869        3.7557254877698099       0.99968449474734367       0.32234321833562091     
   4.6689999999999996E-004  0.41567434158368954        4.0199707902470347        3.7876648595557953       0.99968409461556873       0.31967107977676196     
   4.6700000000000002E-004  0.41680702301245032        3.9753305382899509        3.8197634018891913       0.99968830736981373       0.31640042965066145     
   4.6709999999999997E-004  0.41812218799479067        3.9284451402503233        3.8518539309138560       0.99969673055044395       0.31259355689106166     
   4.6720000000000003E-004  0.41960919497029647        3.8791329428011867        3.8837696079100201       0.99970700746950869       0.30829004932545306     
   4.6729999999999997E-004  0.42126085051710771        3.8274238309260440        3.9153440118752383       0.99971654550554145       0.30347866718008626     
   4.6740000000000003E-004  0.42307069722947899        3.7736003616443288        3.9464118412549198       0.99972462284137598       0.29812431378594606     
   4.6749999999999998E-004  0.42502945049322233        3.7182335258961547        3.9768147115915520       0.99973238450693069       0.29222028647973441     
   4.6760000000000004E-004  0.42712454768179453        3.6621632683646652        4.0064100600311159       0.99974085897722620       0.28580702683528553     
   4.6769999999999998E-004  0.42934236751207366        3.6063932246841954        4.0350772514723472       0.99974958531266644       0.27894220902098765     
   4.6780000000000004E-004  0.43167027416626541        3.5519309634907028        4.0627181025104928       0.99975723901153757       0.27166268017449580     
   4.6789999999999999E-004  0.43409719394986968        3.4996413181221779        4.0892542690546723       0.99976300620216962       0.26397716398021392     
   4.6800000000000005E-004  0.43661329681135330        3.4501629245695167        4.1146250617339462       0.99976705317098424       0.25588548270806843     
   4.6809999999999999E-004  0.43920946517170750        3.4038961032536825        4.1387866478706758       0.99977003301116607       0.24739676217607470     
   4.6820000000000005E-004  0.44187679631030785        3.3610385017091531        4.1617114748859398       0.99977252685119489       0.23853271217970132     
   4.6830000000000005E-004  0.44460630647221644        3.3216368973913646        4.1833868875347173       0.99977489585200086       0.22932189527409844     
   4.6840000000000006E-004  0.44738897341290829        3.2856335024085777        4.2038129521680645       0.99977738268204508       0.21979426874471453     
   4.6850000000000006E-004  0.45021605997284730        3.2528996157273209        4.2230000076324545       0.99978021718272347       0.20997909566665857     
   4.6860000000000001E-004  0.45307951048211498        3.2232588249552627        4.2409663473270633       0.99978363688880889       0.19990484548103551     
   4.6870000000000006E-004  0.45597224367749789        3.1965044652071413        4.2577361511807092       0.99978785542107951       0.18959912306140198     
   4.6880000000000001E-004  0.45888827795696691        3.1724144165448465        4.2733376348905825       0.99979303183311996       0.17908796717101313     
   4.6890000000000007E-004  0.46182270954169824        3.1507639568633454        4.2878013855514086       0.99979926344928394       0.16839487528052594     
   4.6900000000000002E-004  0.46477159795315393        3.1313361218770286        4.3011589033328148       0.99980659786141046       0.15754010344884173     
   4.6910000000000007E-004  0.46773181395987717        3.1139290160947244        4.3134413917339849       0.99981505059078624       0.14654051690484424     
   4.6920000000000002E-004  0.47070089161185530        3.0983600968229066        4.3246788225723609       0.99982461842836612       0.13540995027548544     
   4.6930000000000008E-004  0.47367690873823015        3.0844679683210590        4.3348992686520447       0.99983528539926947       0.12415986581676342     
   4.6940000000000003E-004  0.47665840262093451        3.0721124331004983        4.3441284689892115       0.99984702305210316       0.11280007554363768     
   4.6950000000000008E-004  0.47964431603271190        3.0611734990065926        4.3523895775077204       0.99985978851652990       0.10133936073430833     
   4.6960000000000003E-004  0.48263396427979921        3.0515498702173822        4.3597030453672465       0.99987352305573618        8.9785913073612916E-002
   4.6970000000000009E-004  0.48562701291118565        3.0431572692302336        4.3660865936255258       0.99988815238070294        7.8147593563316631E-002
   4.6980000000000004E-004  0.48862345748986774        3.0359267962766712        4.3715552419909409       0.99990358874520968        6.6432046874531761E-002
   4.6990000000000009E-004  0.49162359976659997        3.0298034269880318        4.3761213685301312       0.99991973427131331        5.4646724131918935E-002
   4.7000000000000004E-004  0.49462801755808988        3.0247446965900728        4.3797947822737768       0.99993648456452344        4.2798865557875397E-002
   4.7010000000000010E-004  0.49763752790177807        3.0207196035738217        4.3825827957625876       0.99995373179469815        3.0895487149029385E-002
   4.7020000000000005E-004  0.50065314437055974        3.0177077505585128        4.3844902886914197       0.99997136676440879        1.8943398555862856E-002
   4.7030000000000005E-004  0.50367602991805627        3.0156987271882336        4.3855197570184083       0.99998927980488395        6.9492664006128137E-003
   4.7040000000000005E-004  0.50670744658653055        3.0146917318588553        4.3856713441417465        1.0000073605986388       -5.0802781245783465E-003
   4.7050000000000005E-004  0.50974870314348952        3.0146954270742317        4.3849428520761915        1.0000254972254676       -1.7138498548389943E-002
   4.7060000000000005E-004  0.51280110143282487        3.0157280271685707        4.3833297312335651        1.0000435748425409       -2.9218397893406901E-002
   4.7070000000000006E-004  0.51586588207415585        3.0178176256232074        4.3808250475910473        1.0000614744850809       -4.1312572626619574E-002
   4.7080000000000001E-004  0.51894417021451011        3.0210027746096664        4.3774194262406718        1.0000790725510267       -5.3413100734970735E-002
   4.7090000000000006E-004  0.52203692228873000        3.0253333276366874        4.3731009707910378        1.0000962415319354       -6.5511488835597653E-002
   4.7100000000000001E-004  0.52514487514652264        3.0308715604141110        4.3678551584494940        1.0001128524218710       -7.7598701062318892E-002
   4.7110000000000007E-004  0.52826849941195120        3.0376935844212110        4.3616647117665934        1.0001287790099149       -8.9665279525129538E-002
   4.7120000000000002E-004  0.53140795929426643        3.0458910575293938        4.3545094506096413        1.0001439039179025      -0.10170154806000727     
   4.7130000000000007E-004  0.53456308084475812        3.0555731771192800        4.3463661326622285        1.0001581255948082      -0.11369785721686416     
   4.7140000000000002E-004  0.53773332926260620        3.0668689150349344        4.3372082984488554        1.0001713648311392      -0.12564479027530023     
   4.7150000000000008E-004  0.54091779266139695        3.0799294200350928        4.3270061481517814        1.0001835687890410      -0.13753320878725506     
   4.7160000000000002E-004  0.54411516440399155        3.0949304665317285        4.3157264925559389        1.0001947105706792      -0.14935399300427404     
   4.7170000000000008E-004  0.54732370922949125        3.1120747451110446        4.3033328387328540        1.0002047835887988      -0.16109734785109206     
   4.7180000000000003E-004  0.55054119184790351        3.1315936434514953        4.2897856895316018        1.0002137927366552      -0.17275162819023834     
   4.7190000000000009E-004  0.55376474312950019        3.1537479913646820        4.2750431454867037        1.0002217481600457      -0.18430181695008646     
   4.7200000000000003E-004  0.55699064647837915        3.1788270859975913        4.2590618868205370        1.0002286702250514      -0.19572804454548112     
   4.7210000000000009E-004  0.56021405579239658        3.2071452081973959        4.2417985745868858        1.0002346129208572      -0.20700475730620513     
   4.7220000000000004E-004  0.56342870381877708        3.2390347661477055        4.2232116497197030        1.0002397029997430      -0.21810112694247411     
   4.7230000000000010E-004  0.56662671467731451        3.2748349272587589        4.2032634575798289        1.0002441756289764      -0.22898284780528841     
   4.7240000000000004E-004  0.56979866005308355        3.3148736052873282        4.1819226287338855        1.0002483764408723      -0.23961465105960505     
   4.7250000000000005E-004  0.57293394034915557        3.3594385302693155        4.1591667160416170        1.0002527167217943      -0.24996227010987240     
   4.7260000000000005E-004  0.57602140475139818        3.4087306391617282        4.1349851434922700        1.0002576203077753      -0.25999313670868424     
   4.7270000000000005E-004  0.57904993150125583        3.4627933074477024        4.1093824180434257        1.0002635380204119      -0.26967687571833865     
   4.7280000000000000E-004  0.58200866649727168        3.5214190075992384        4.0823812742604435        1.0002710371205732      -0.27898768285033854     
   4.7290000000000006E-004  0.58488678642823744        3.5840538795352579        4.0540252478930503        1.0002808173336262      -0.28790830079147200     
   4.7300000000000000E-004  0.58767278315392701        3.6497451979119511        4.0243804531359366        1.0002934565626571      -0.29643100766899022     
   4.7310000000000006E-004  0.59035325331190946        3.7171844079924377        3.9935370818668723        1.0003088331884018      -0.30454839402297407     
   4.7320000000000001E-004  0.59291162888235560        3.7848655817547439        3.9616116636747325        1.0003257700070536      -0.31223358251653788     
   4.7330000000000007E-004  0.59532852564900929        3.8513204564309671        3.9287499454505275        1.0003426271818869      -0.31942642990293163     
   4.7340000000000001E-004  0.59758511561250416        3.9153513894275243        3.8951274046078441        1.0003587176834956      -0.32605033452468346     
   4.7350000000000007E-004  0.59966722146158447        3.9761991965850640        3.8609432029459283        1.0003750297346243      -0.33206071726262115     
   4.7360000000000002E-004  0.60156507614249544        4.0336249334531527        3.8264078711937310        1.0003926865576904      -0.33747581086309564     
   4.7370000000000008E-004  0.60326797444708946        4.0878974649338282        3.7917321177907222        1.0004103760513778      -0.34233555002787908     
   4.7380000000000002E-004  0.60476012091396425        4.1396730280520018        3.7571233525856171        1.0004241820572817      -0.34662157691196277     
   4.7390000000000008E-004  0.60602341961917106        4.1897704488875434        3.7227861202672115        1.0004307264799301      -0.35024180406779226     
   4.7400000000000003E-004  0.60704463248719143        4.2388984122212694        3.6889165193870270        1.0004300642925010      -0.35311091194890326     
   4.7410000000000009E-004  0.60781903760845724        4.2874368254884381        3.6556886018884982        1.0004247367587824      -0.35522940545182646     
   4.7420000000000003E-004  0.60834721909107092        4.3353599180689582        3.6232422351115074        1.0004161197783172      -0.35666613012962312     
   4.7430000000000009E-004  0.60862883628920250        4.3823167383820980        3.5916812025560145        1.0004024652750116      -0.35747467850501918     
   4.7440000000000004E-004  0.60865949155308385        4.4278104815145305        3.5610797210599592        1.0003805363289768      -0.35764080534182424     
   4.7450000000000004E-004  0.60843307450684281        4.4713882296377108        3.5314893500860083        1.0003486937007751      -0.35710393164249388     
   4.7460000000000004E-004  0.60794668216818593        4.5127704470356598        3.5029414428865295        1.0003081856536533      -0.35581616686035317     
   4.7470000000000005E-004  0.60720395787617554        4.5518921360914160        3.4754465915294537        1.0002618552153255      -0.35377965201211858     
   4.7480000000000005E-004  0.60621490161891101        4.5888695263181454        3.4489951321557331        1.0002121849879479      -0.35103954898605966     
   4.7490000000000005E-004  0.60499286351701131        4.6239284644630683        3.4235608004671061        1.0001604764816108      -0.34765228782257707     
   4.7500000000000000E-004  0.60355112722966575        4.6573293025307336        3.3991066141588444        1.0001072285955237      -0.34365826515557762     
   4.7510000000000006E-004  0.60190121206635772        4.6893089342093237        3.3755908569885835        1.0000528934005148      -0.33907339820309146     
   4.7520000000000000E-004  0.60005326112615953        4.7200466344233885        3.3529716138620667       0.99999835549197902      -0.33389709455459776     
   4.7530000000000006E-004  0.59801753503522703        4.7496520234689541        3.3312094369060885       0.99994495864186395      -0.32812622205559405     
   4.7540000000000001E-004  0.59580583314924984        4.7781700017392499        3.3102685333388040       0.99989425047491343      -0.32176609026876285     
   4.7550000000000007E-004  0.59343210517568723        4.8055965164606178        3.2901171077636735       0.99984768463344698      -0.31483511845964035     
   4.7560000000000001E-004  0.59091210851896347        4.8318990792266483        3.2707273427031724       0.99980640481005245      -0.30736411604468178     
   4.7570000000000007E-004  0.58826246062963528        4.8570367300325312        3.2520752664186081       0.99977113198834389      -0.29939236681894243     
   4.7580000000000002E-004  0.58549959404453500        4.8809756358331011        3.2341406079431274       0.99974214423052132      -0.29096246754967720     
   4.7590000000000008E-004  0.58263896410549920        4.9036984804180239        3.2169066761578637       0.99971933491144316      -0.28211545148566913     
   4.7600000000000002E-004  0.57969461355828877        4.9252077188510022        3.2003602657434209       0.99970232344393217      -0.27288734065785381     
   4.7610000000000008E-004  0.57667905486400328        4.9455240928125122        3.1844915623928953       0.99969058003477707      -0.26330767432572671     
   4.7620000000000003E-004  0.57360338616287987        4.9646823125850386        3.1692940031859620       0.99968353289066780      -0.25339989860444873     
   4.7630000000000008E-004  0.57047752880543190        4.9827256523762156        3.1547640523822511       0.99968064139889501      -0.24318310019912512     
   4.7640000000000003E-004  0.56731047929944178        4.9997007054576379        3.1409008711682453       0.99968143132254084      -0.23267440322967164     
   4.7650000000000009E-004  0.56411050744931690        5.0156530004667879        3.1277058854947546       0.99968549709762378      -0.22189133370742134     
   4.7660000000000004E-004  0.56088527838011271        5.0306237597285364        3.1151822822256641       0.99969248339165895      -0.21085358559869094     
   4.7670000000000004E-004  0.55764190635331590        5.0446478276918949        3.1033344822834779       0.99970206019498464      -0.19958386888721524     
   4.7680000000000004E-004  0.55438695865884136        5.0577526657659924        3.0921676440010204       0.99971390287311379      -0.18810780885612652     
   4.7690000000000005E-004  0.55112642724548622        5.0699582387439772        3.0816872400199422       0.99972768298818893      -0.17645310221912852     
   4.7699999999999999E-004  0.54786568337341601        5.0812775792884839        3.0718987321035627       0.99974306993019257      -0.16464825782478873     
   4.7710000000000005E-004  0.54460942702996296        5.0917178032067199        3.0628073477459230       0.99975974003503187      -0.15272125949433127     
   4.7720000000000000E-004  0.54136164170727008        5.1012813602288638        3.0544179458069691       0.99977738852043496      -0.14069841255558271     
   4.7730000000000005E-004  0.53812556552490498        5.1099673406298702        3.0467349489174733       0.99979574036177232      -0.12860352002660114     
   4.7740000000000000E-004  0.53490368634121099        5.1177727060593767        3.0397623181668876       0.99981455785668039      -0.11645742673431650     
   4.7750000000000006E-004  0.53169776336350760        5.1246933562619930        3.0335035485467166       0.99983364416508913      -0.10427789298479136     
   4.7760000000000001E-004  0.52850887295839222        5.1307249996596749        3.0279616695261278       0.99985284338080349       -9.2079718275858161E-002
   4.7770000000000006E-004  0.52533747312838630        5.1358638430434613        3.0231392416767839       0.99987203813295722       -7.9875024940109021E-002
   4.7780000000000001E-004  0.52218348001377568        5.1401071281215653        3.0190383456256722       0.99989114563855019       -6.7673620681267282E-002
   4.7790000000000007E-004  0.51904635022131895        5.1434535433589250        3.0156605634247327       0.99991011300669896       -5.5483383694686771E-002
   4.7800000000000002E-004  0.51592516412385592        5.1459035355211142        3.0130069548156322       0.99992891230277015       -4.3310631526585180E-002
   4.7810000000000007E-004  0.51281870685086761        5.1474595400142995        3.0110780318447046       0.99994753567603978       -3.1160459008953569E-002
   4.7820000000000002E-004  0.50972554522668656        5.1481261448323501        3.0098737354171012       0.99996599065260683       -1.9037038194692591E-002
   4.7830000000000008E-004  0.50664410012145578        5.1479101997358043        3.0093934170004224       0.99998429566535008       -6.9438835005985787E-003
   4.7840000000000003E-004  0.50357271459665265        5.1468208862260347        3.0096358279435442        1.0000024758576243        5.1159104781061549E-003
   4.7850000000000008E-004  0.50050971882865125        5.1448697578065339        3.0105991179258096        1.0000205590356408        1.7139449619724446E-002
   4.7860000000000003E-004  0.49745349306878728        5.1420707441771967        3.0122808429612773        1.0000385716978251        2.9123829537407060E-002
   4.7870000000000003E-004  0.49440252991802125        5.1384401178296297        3.0146779824856420        1.0000565351568524        4.1065923373694808E-002
   4.7880000000000004E-004  0.49135549703429671        5.1339964204685042        3.0177869640928048        1.0000744616984001        5.2962157907303083E-002
   4.7890000000000004E-004  0.48831130105350762        5.1287603422160899        3.0216036935261665        1.0000923507084603        6.4808268130401123E-002
   4.7900000000000004E-004  0.48526915297830181        5.1227545416842393        3.0261235866315461        1.0001101846919398        7.6599021182510857E-002
   4.7910000000000004E-004  0.48222863455448761        5.1160033893086183        3.0313415992287163        1.0001279251596840        8.8327904156889139E-002
   4.7919999999999999E-004  0.47918976425778731        5.1085326095892416        3.0372522506813886        1.0001455084790845        9.9986782271060601E-002
   4.7930000000000005E-004  0.47615306047045708        5.1003687876063726        3.0438496373765114        1.0001628418331214       0.11156554221211983     
   4.7940000000000000E-004  0.47311959845214296        5.0915386992736522        3.0511274337998042        1.0001797998717097       0.12305175844481053     
   4.7950000000000005E-004  0.47009105707986315        5.0820684477925582        3.0590788820220958        1.0001962228474013       0.13443043450872658     
   4.7960000000000000E-004  0.46706975129643352        5.0719824050811955        3.0676967745867310        1.0002119171129362       0.14568389107395296     
   4.7970000000000006E-004  0.46405864696701055        5.0613019785960596        3.0769734409441654        1.0002266587748356       0.15679187686146673     
   4.7980000000000001E-004  0.46106135653000080        5.0500442608080576        3.0869007529755743        1.0002402008209765       0.16773196784841915     
   4.7990000000000006E-004  0.45808211614459304        5.0382206608268003        3.0974701692587798        1.0002522831524008       0.17848028192604268     
   4.8000000000000001E-004  0.45512574739421996        5.0258356568465672        3.1086728387603100        1.0002626436144644       0.18901246860977328     
   4.8010000000000007E-004  0.45219760822679572        5.0128858356215655        3.1204997806391321        1.0002710268215096       0.19930484392562900     
   4.8020000000000002E-004  0.44930353797508532        4.9993593957645786        3.1329421467418102        1.0002771868620763       0.20933544741593571     
   4.8030000000000007E-004  0.44644980274535889        4.9852362852966774        3.1459915576188493        1.0002808809338477       0.21908473848367035     
   4.8040000000000002E-004  0.44364305279154542        4.9704891248812064        3.1596404848372499        1.0002818538197624       0.22853566495078070     
   4.8050000000000008E-004  0.44089030976790622        4.9550850308088741        3.1738826377034122        1.0002798175861838       0.23767295469432079     
   4.8060000000000003E-004  0.43819900676354723        4.9389883726342045        3.1887133078820646        1.0002744358184583       0.24648170239206305     
   4.8070000000000008E-004  0.43557710061052812        4.9221643610897807        3.2041296355631985        1.0002653242274757       0.25494559224513602     
   4.8080000000000003E-004  0.43303325551120991        4.9045831546596670        3.2201307858058383        1.0002520773981567       0.26304530968379330     
   4.8090000000000003E-004  0.43057705715769823        4.8862239163429599        3.2367180555798920        1.0002343234179547       0.27075773073182891     
   4.8100000000000004E-004  0.42821916895899331        4.8670780091314452        3.2538949568088538        1.0002117968570956       0.27805627324485949     
   4.8110000000000004E-004  0.42597131305745656        4.8471503857385922        3.2716673242968319        1.0001844114971736       0.28491241393090738     
   4.8119999999999999E-004  0.42384597586720485        4.8264582989835887        3.2900434737887116        1.0001523123917266       0.29129797745426950     
   4.8130000000000004E-004  0.42185581285627177        4.8050267740803552        3.3090343917139173        1.0001158948504407       0.29718758648134641     
   4.8139999999999999E-004  0.42001284811234774        4.7828807956049850        3.3286538927932661        1.0000757918228402       0.30256073005311979     
   4.8150000000000005E-004  0.41832769420719235        4.7600347573467197        3.3489186563743654        1.0000328410773816       0.30740320126566728     
   4.8160000000000000E-004  0.41680910056547121        4.7364802802363961        3.3698480533349051       0.99998803767660660       0.31170785788899913     
   4.8170000000000005E-004  0.41546408731545659        4.7121740113532553        3.3914636814030130       0.99994245766345358       0.31547440585947267     
   4.8180000000000000E-004  0.41429869378773243        4.6870276418172789        3.4137884994351011       0.99989713416265336       0.31870732025772114     
   4.8190000000000006E-004  0.41331903387623936        4.6609033438143150        3.4368453826253229       0.99985290522972337       0.32141096277194664     
   4.8200000000000001E-004  0.41253207543252030        4.6336191027760290        3.4606548852990349       0.99981032642698087       0.32358245491058912     
   4.8210000000000006E-004  0.41194554789071902        4.6049692818903250        3.4852321455939026       0.99976978068007072       0.32520587629778702     
   4.8220000000000001E-004  0.41156672868080746        4.5747644182345990        3.5105832912511548       0.99973181719272675       0.32625356685148310     
   4.8230000000000007E-004  0.41140048181265548        4.5428883406148568        3.5367022283405696       0.99969749993684742       0.32669798172866360     
   4.8240000000000002E-004  0.41144759109121226        4.5093594549888127        3.5635688183032697       0.99966835561964085       0.32652951644935446     
   4.8250000000000007E-004  0.41170464093779441        4.4743704968385885        3.5911487348649689       0.99964568925491526       0.32576709387458147     
   4.8260000000000002E-004  0.41216589077490257        4.4382768537376158        3.6193939615778890       0.99962964573847191       0.32444851229108479     
   4.8270000000000008E-004  0.41282609041212942        4.4015172600227661        3.6482420712751145       0.99961892523806029       0.32260191514897157     
   4.8280000000000003E-004  0.41368226682350079        4.3644816855371591        3.6776133734975933       0.99961170557835399       0.32021963778400270     
   4.8290000000000008E-004  0.41473306097812013        4.3273747341401201        3.7074075288025479       0.99960712619173664       0.31726075519454877     
   4.8300000000000003E-004  0.41597581052852439        4.2901366459266850        3.7375030980959894       0.99960592307541773       0.31368710012100870     
   4.8310000000000003E-004  0.41740334364972453        4.2524620721786253        3.7677623416128254       0.99960952001856551       0.30950476022971823     
   4.8320000000000004E-004  0.41900321426511655        4.2139057946386931        3.7980397025872392       0.99961836414589811       0.30477194324976914     
   4.8330000000000004E-004  0.42076042942791259        4.1740195062157177        3.8281892041241208       0.99963100208879541       0.29956107227371570     
   4.8339999999999999E-004  0.42266157150954231        4.1324614731614755        3.8580669826521574       0.99964477979602628       0.29390724245738370     
   4.8350000000000004E-004  0.42469692438033863        4.0890582180277644        3.8875300723296182       0.99965761837963063       0.28779207814473495     
   4.8359999999999999E-004  0.42685912680550497        4.0438328179217695        3.9164364369637559       0.99966923554540676       0.28117830249544956     
   4.8370000000000005E-004  0.42914001337995233        3.9970170478933316        3.9446497181204880       0.99968070822622168       0.27405950134380452     
   4.8380000000000000E-004  0.43152868246941606        3.9490452348196161        3.9720469409557824       0.99969298399147211       0.26647781979276342     
   4.8390000000000005E-004  0.43401221995872769        3.9005172949175400        3.9985243429194535       0.99970589506234542       0.25849936261671347     
   4.8400000000000000E-004  0.43657791198639362        3.8521294739262224        4.0239984239705722       0.99971841411153439       0.25017700977881940     
   4.8410000000000006E-004  0.43921491500865351        3.8045896706729661        4.0484033268975574       0.99972956170685867       0.24153271765353071     
   4.8420000000000001E-004  0.44191446519538669        3.7585417797327576        4.0716875438520299       0.99973903631515526       0.23256572686760285     
   4.8430000000000006E-004  0.44466911151387117        3.7145159052494243        4.0938119269942046       0.99974721407919187       0.22327217290150822     
   4.8440000000000001E-004  0.44747187391524157        3.6729077002440036        4.1147490657136601       0.99975476307181521       0.21365976981840401     
   4.8450000000000007E-004  0.45031582533982539        3.6339804535222626        4.1344830573889073       0.99976226890271103       0.20375100505098173     
   4.8460000000000002E-004  0.45319410160576096        3.5978805669425871        4.1530088029007866       0.99977008091303488       0.19357777540856622     
   4.8470000000000007E-004  0.45610013887287498        3.5646584528953422        4.1703305715326699       0.99977835234343404       0.18317385799617422     
   4.8480000000000002E-004  0.45902795194044593        3.5342899360608921        4.1864600742968623       0.99978714420111647       0.17256965771147725     
   4.8490000000000008E-004  0.46197234018638877        3.5066958686829874        4.2014144295433304       0.99979650304238799       0.16179027180871702     
   4.8500000000000003E-004  0.46492898521620935        3.4817592142040130        4.2152143123405255       0.99980648904432856       0.15085588382645249     
   4.8510000000000003E-004  0.46789445217174397        3.4593394837240030        4.2278824178743752       0.99981717020543692       0.13978304247507001     
   4.8520000000000003E-004  0.47086612758432583        3.4392846179480419        4.2394422472200377       0.99982860619842917       0.12858587351005071     
   4.8530000000000003E-004  0.47384212782135343        3.4214404452681162        4.2499171689689197       0.99984083566252946       0.11727688479442520     
   4.8539999999999998E-004  0.47682120123535088        3.4056578654691538        4.2593297004965294       0.99985387077935528       0.10586738839921274     
   4.8550000000000004E-004  0.47980263542954860        3.3917979722903571        4.2677009612781189       0.99986769772365702        9.4367681545281676E-002
   4.8559999999999999E-004  0.48278617366272969        3.3797354142737515        4.2750502615821881       0.99988228029766468        8.2787118040129545E-002
   4.8570000000000004E-004  0.48577194103112253        3.3693603551331641        4.2813947980369491       0.99989756459591606        7.1134153791566845E-002
   4.8579999999999999E-004  0.48876037983260651        3.3605794059287248        4.2867494329882891       0.99991348345705966        5.9416406766147636E-002
   4.8590000000000005E-004  0.49175219305583590        3.3533158795427305        4.2911265379429206       0.99992996006988577        4.7640744290883913E-002
   4.8600000000000000E-004  0.49474829467537990        3.3475096606922001        4.2945358843461605       0.99994691066047481        3.5813396522762025E-002
   4.8610000000000005E-004  0.49774976516639940        3.3431169074667153        4.2969845679616858       0.99996424639407189        2.3940087349713781E-002
   4.8620000000000000E-004  0.50075781058012836        3.3401097377424041        4.2984769556526565       0.99998187466859834        1.2026174087666295E-002
   4.8630000000000006E-004  0.50377372376349827        3.3384760043993751        4.2990146456448217       0.99999969998409244        7.6787978806361885E-005
   4.8640000000000001E-004  0.50679884677547460        3.3382192271718747        4.2985964345575196        1.0000176245729855       -1.1903029461575501E-002
   4.8650000000000006E-004  0.50983453407624113        3.3393587212633236        4.2972182867696267        1.0000355489696824       -2.3908196834838684E-002
   4.8660000000000001E-004  0.51288211644071269        3.3419299407239862        4.2948733040897968        1.0000533726915111       -3.5933470398826765E-002
   4.8670000000000007E-004  0.51594286560843106        3.3459850384433043        4.2915516961372866        1.0000709951488091       -4.7973327375016382E-002
   4.8680000000000001E-004  0.51901795932612182        3.3515936292692370        4.2872407544051860        1.0000883169195891       -6.0021852782096673E-002
   4.8690000000000007E-004  0.52210844568488324        3.3588437097530033        4.2819248363147544        1.0001052415572373       -7.2072626612322985E-002
   4.8700000000000002E-004  0.52521520450369086        3.3678426592278559        4.2755853687794971        1.0001216779845088       -8.4118608456165075E-002
   4.8710000000000008E-004  0.52833890208682655        3.3787182069365098        4.2682008843321997        1.0001375435611883       -9.6152017637188433E-002
   4.8720000000000002E-004  0.53147993443325714        3.3916191906970923        4.2597471068099280        1.0001527679551498      -0.10816421131645033     
   4.8730000000000003E-004  0.53463835353273370        3.4067158490466376        4.2501971080454046        1.0001672979287550      -0.12014556324459755     
   4.8740000000000003E-004  0.53781377235887062        3.4241992785067996        4.2395215621397497        1.0001811029702665      -0.13208534101938291     
   4.8750000000000003E-004  0.54100524681730822        3.4442795511280035        4.2276891299607540        1.0001941812131370      -0.14397156185603813     
   4.8759999999999998E-004  0.54421113683874467        3.4671818352883008        4.2146670135542896        1.0002065642317444      -0.15579077654494627     
   4.8770000000000004E-004  0.54742895349530973        3.4931397119893486        4.2004217277462308        1.0002183182526201      -0.16752769794552802     
   4.8779999999999998E-004  0.55065520516265798        3.5223847388667870        4.1849201436812704        1.0002295388125713      -0.17916457640218750     
   4.8790000000000004E-004  0.55388526633603707        3.5551311181394052        4.1681308667541028        1.0002403377033353      -0.19068026179846045     
   4.8799999999999999E-004  0.55711331051300494        3.5915541187115867        4.1500260127241715        1.0002508263709262      -0.20204903843645380     
   4.8810000000000005E-004  0.56033236976969147        3.6317609909910615        4.1305834209293613        1.0002611106053958      -0.21323964961119166     
   4.8819999999999999E-004  0.56353459132282924        3.6757541364058728        4.1097892592823184        1.0002713231367009      -0.22421545434891788     
   4.8830000000000000E-004  0.56671170160022677        3.7233890768907454        4.0876407994777226        1.0002817207546262      -0.23493719361642088     
   4.8840000000000005E-004  0.56985550714601751        3.7743348170825222        4.0641488933249645        1.0002928381013039      -0.24536978352992950     
   4.8850000000000000E-004  0.57295804375581905        3.8280500378319609        4.0393395282748754        1.0003055772101423      -0.25549249168049221     
   4.8859999999999995E-004  0.57601098822794428        3.8837904552545872        4.0132542059264456        1.0003209705920832      -0.26530591386064378     
   4.8870000000000001E-004  0.57900435705826281        3.9406558445819151        3.9859500441164557        1.0003394725140264      -0.27482363071963595     
   4.8879999999999996E-004  0.58192524355033115        3.9976724992404495        3.9575016691613762        1.0003601787632930      -0.28404221248374678     
   4.8890000000000001E-004  0.58475777066148971        4.0538966271517722        3.9280061508504027        1.0003809794963130      -0.29290728975080499     
   4.8899999999999996E-004  0.58748487160507434        4.1085241201154474        3.8975884199007487        1.0004002119492037      -0.30131619437494794     
   4.8910000000000002E-004  0.59009105317440858        4.1609984507217348        3.8664010841218133        1.0004185199186932      -0.30917693305960925     
   4.8919999999999996E-004  0.59256389606631621        4.2111040014383239        3.8346151925541192        1.0004384183055268      -0.31647608111783521     
   4.8930000000000002E-004  0.59489231820803234        4.2590137061066535        3.8024071353963045        1.0004611385105944      -0.32327363864406494     
   4.8939999999999997E-004  0.59706242366178286        4.3052504603636699        3.7699516568326197        1.0004840247538989      -0.32961267861703653     
   4.8950000000000003E-004  0.59905496298222671        4.3505427250912678        3.7374240405012311        1.0005018617429078      -0.33543862788636614     
   4.8959999999999997E-004  0.60084812326778625        4.3956019644248396        3.7050031335578608        1.0005111317423474      -0.34062319064236474     
   4.8970000000000003E-004  0.60242408701274619        4.4408979001847655        3.6728654385376216        1.0005126636551815      -0.34506861774975589     
   4.8979999999999998E-004  0.60377338988212181        4.4865229349518625        3.6411710984482930        1.0005097316719851      -0.34877751418989100     
   4.8990000000000004E-004  0.60489308175467682        4.5321989295760847        3.6100519619950759        1.0005039127486199      -0.35182189250301460     
   4.8999999999999998E-004  0.60578044426504096        4.5774093837174625        3.5796091586548044        1.0004932860453573      -0.35425964845518948     
   4.9010000000000004E-004  0.60642827518657916        4.6215865218417385        3.5499181994171578        1.0004742525140298      -0.35608309712687708     
   4.9019999999999999E-004  0.60682576486694373        4.6642741960512684        3.5210349241162957        1.0004445741282693      -0.35723213522150166     
   4.9030000000000005E-004  0.60696332823266130        4.7052170566929234        3.4929980862809624        1.0004047786022889      -0.35764474628773618     
   4.9039999999999999E-004  0.60683714388029664        4.7443681926494623        3.4658291128999963        1.0003572850935281      -0.35729807307355194     
   4.9050000000000005E-004  0.60645044695112260        4.7818385102175807        3.4395319466726688        1.0003047290686080      -0.35621487772119387     
   4.9060000000000000E-004  0.60581139870478851        4.8178218656193774        3.4140949865773891        1.0002489395086578      -0.35444229026358726     
   4.9070000000000006E-004  0.60492976118830277        4.8525240638696534        3.3894951106254658        1.0001908633625491      -0.35202404400667614     
   4.9080000000000000E-004  0.60381475452757427        4.8861115399501394        3.3657025521307857        1.0001310630865512      -0.34898341049420745     
   4.9090000000000006E-004  0.60247475611331491        4.9186848632273374        3.3426853036499091        1.0000702931932486      -0.34532266142465834     
   4.9100000000000001E-004  0.60091814646861430        4.9502753184770505        3.3204122545812815        1.0000097840516209      -0.34103415899692646     
   4.9110000000000007E-004  0.59915439879874410        4.9808587941438294        3.2988549417373449       0.99995115759918707      -0.33611390122923701     
   4.9120000000000001E-004  0.59719478908604751        5.0103792395247790        3.2779882396020699       0.99989612185749910      -0.33057063737529985     
   4.9130000000000007E-004  0.59505252792132712        5.0387737882330512        3.2577904422494410       0.99984613077597939      -0.32442805184485024     
   4.9140000000000002E-004  0.59274246834055788        5.0659931964622391        3.2382431161669025       0.99980215056350197      -0.31772103783287925     
   4.9150000000000007E-004  0.59028061522543285        5.0920140414410753        3.2193309607401930       0.99976460267402900      -0.31048908496286182     
   4.9160000000000002E-004  0.58768351896193360        5.1168422082420637        3.2010417618997136       0.99973346550008624      -0.30277020190057125     
   4.9170000000000008E-004  0.58496757856717430        5.1405095237503549        3.1833664020549799       0.99970844503709411      -0.29459756793870129     
   4.9180000000000003E-004  0.58214836077535381        5.1630663998358912        3.1662988369064449       0.99968912339407234      -0.28599911917056359     
   4.9190000000000008E-004  0.57924009505964669        5.1845731813709151        3.1498359709535904       0.99967504654987760      -0.27699893899098094     
   4.9200000000000003E-004  0.57625545161190905        5.2050921015638565        3.1339774162371845       0.99966576112143701      -0.26761914625560485     
   4.9210000000000009E-004  0.57320560200493553        5.2246808572642696        3.1187251600040491       0.99966082544168366      -0.25788149082122430     
   4.9220000000000004E-004  0.57010047857019708        5.2433881332202539        3.1040831823120416       0.99965981308812624      -0.24780841420018626     
   4.9230000000000009E-004  0.56694911727126795        5.2612509978420618        3.0900570622573955       0.99966231534050187      -0.23742361540949955     
   4.9240000000000004E-004  0.56375998056698762        5.2782939072947634        3.0766536022725646       0.99966794313778651      -0.22675223443062270     
   4.9249999999999999E-004  0.56054118002429232        5.2945289992734459        3.0638804901074495       0.99967632817549912      -0.21582076144933865     
   4.9260000000000005E-004  0.55730055323763084        5.3099573524478441        3.0517460081036356       0.99968712191856646      -0.20465674844821494     
   4.9270000000000000E-004  0.55404560143956927        5.3245708886120955        3.0402587906855745       0.99969999269646737      -0.19328835899744662     
   4.9279999999999994E-004  0.55078333498499665        5.3383546026909077        3.0294276255852601       0.99971462248204890      -0.18174378448657563     
   4.9290000000000000E-004  0.54752008912500294        5.3512888385869317        3.0192612922243574       0.99973070534892361      -0.17005057960195055     
   4.9299999999999995E-004  0.54426136452766516        5.3633513922009755        3.0097684303613015       0.99974794877309314      -0.15823499599781893     
   4.9310000000000001E-004  0.54101172611029436        5.3745193038920913        3.0009574323944888       0.99976607761898073      -0.14632139915927322     
   4.9319999999999995E-004  0.53777477078076241        5.3847702812137506        2.9928363530649569       0.99978483968416509      -0.13433183585272684     
   4.9330000000000001E-004  0.53455315711067031        5.3940837500766268        2.9854128306066876       0.99980401126710994      -0.12228578708961987     
   4.9339999999999996E-004  0.53134868036282878        5.4024415636203074        2.9786940140103164       0.99982340146556936      -0.11020010577219934     
   4.9350000000000002E-004  0.52816237394363974        5.4098284366482563        2.9726864928466417       0.99984285468672696       -9.8089110499002319E-002
   4.9359999999999996E-004  0.52499462087098492        5.4162321749613174        2.9673962276120589       0.99986225109996840       -8.5964792965788475E-002
   4.9370000000000002E-004  0.52184526361738515        5.4216437493034366        2.9628284798670346       0.99988150512652296       -7.3837094012945012E-002
   4.9379999999999997E-004  0.51871370557744756        5.4260572557980034        2.9589877428981244       0.99990056247544734       -6.1714212645192786E-002
   4.9390000000000002E-004  0.51559900133478975        5.4294698005963369        2.9558776748874687       0.99991939618801273       -4.9602915585321664E-002
   4.9399999999999997E-004  0.51249993553515039        5.4318813437866869        2.9535010372015984       0.99993800216141726       -3.7508833174219422E-002
   4.9410000000000003E-004  0.50941509168561072        5.4332945335895442        2.9518596406806465       0.99995639444925200       -2.5436728344401881E-002
   4.9419999999999998E-004  0.50634291282761623        5.4337145568557244        2.9509543026615614       0.99997460058064747       -1.3390738227528075E-002
   4.9430000000000003E-004  0.50328175614826465        5.4331490258466477        2.9507848168921469       0.99999265696843331       -1.3745911746605932E-003
   4.9439999999999998E-004  0.50022994350558891        5.4316079141280031        2.9513499378901877        1.0000106044525185        1.0608196078710217E-002
   4.9450000000000004E-004  0.49718580956413078        5.4291035482297136        2.9526473806257414        1.0000284839878053        2.2554134329186907E-002
   4.9459999999999999E-004  0.49414774902877379        5.4256506564274396        2.9546738356924509        1.0000463324639999        3.4459584260108041E-002
   4.9470000000000004E-004  0.49111426445470246        5.4212664697032871        2.9574249994204376        1.0000641786453839        4.6320578919745219E-002
   4.9479999999999999E-004  0.48808401624381914        5.4159708638916335        2.9608956176873185        1.0000820392355623        5.8132640604362594E-002
   4.9490000000000005E-004  0.48505587663625316        5.4097865263393086        2.9650795415504545        1.0000999151168901        6.9890588601580914E-002
   4.9500000000000000E-004  0.48202898962445512        5.4027391248611067        2.9699697923338779        1.0001177878412337        8.1588336543901699E-002
   4.9510000000000005E-004  0.47900283857402354        5.3948574516066223        2.9755586333343400        1.0001356164888684        9.3218678435754293E-002
   4.9520000000000000E-004  0.47597732267239318        5.3861735076714332        2.9818376451696111        1.0001533351307550       0.10477307231050870     
   4.9530000000000006E-004  0.47295284183892378        5.3767224808048404        2.9887978019178782        1.0001708509973262       0.11624143123068803     
   4.9540000000000001E-004  0.46993038734282438        5.3665425600422161        2.9964295456634105        1.0001880437228174       0.12761194309073767     
   4.9550000000000006E-004  0.46691163195238311        5.3556745248290927        3.0047228580907359        1.0002047657634272       0.13887094075363582     
   4.9560000000000001E-004  0.46389900931737388        5.3441610433780493        3.0136673288491829        1.0002208440306690       0.15000284739798680     
   4.9570000000000007E-004  0.46089576844864449        5.3320456233322115        3.0232522214967426        1.0002360825200398       0.16099021308937500     
   4.9580000000000002E-004  0.45790598739297778        5.3193711845028009        3.0334665386644977        1.0002502654119547       0.17181384586077483     
   4.9590000000000007E-004  0.45493453258058103        5.3061782731636011        3.0442990885807046        1.0002631600234180       0.18245302336528249     
   4.9600000000000002E-004  0.45198695877789086        5.2925030065635816        3.0557385554004477        1.0002745190953308       0.19288575766745836     
   4.9610000000000008E-004  0.44906935949289256        5.2783749102385276        3.0677735764050604        1.0002840824526138       0.20308908707778880     
   4.9620000000000003E-004  0.44618819653896297        5.2638148612916247        3.0803928305424488        1.0002915787029907       0.21303938986586055     
   4.9630000000000008E-004  0.44335015417258372        5.2488333312211335        3.0935851443322955        1.0002967279264889       0.22271274888017850     
   4.9640000000000003E-004  0.44056206899801226        5.2334290686748872        3.1073396232652826        1.0002992460692413       0.23208541422890802     
   4.9650000000000009E-004  0.43783097422023759        5.2175883187142489        3.1216458180463982        1.0002988501101966       0.24113437613872665     
   4.9660000000000004E-004  0.43516426403960806        5.2012846717403001        3.1364939323325336        1.0002952610546090       0.24983795692884275     
   4.9669999999999998E-004  0.43256993965202756        5.1844797074154183        3.1518750702417688        1.0002882008308784       0.25817619002654468     
   4.9680000000000004E-004  0.43005686048116448        5.1671247236596329        3.1677815084253829        1.0002773820485740       0.26613067164100712     
   4.9689999999999999E-004  0.42763491341679982        5.1491639195821186        3.1842069642897113        1.0002624964628937       0.27368366202818944     
   4.9699999999999994E-004  0.42531502965672074        5.1305392959116158        3.2011468267188858        1.0002432156211296       0.28081651801358187     
   4.9709999999999999E-004  0.42310901041115873        5.1111971476363003        3.2185983245044172        1.0002192202729308       0.28750796656713790     
   4.9719999999999994E-004  0.42102917040050641        5.0910953802320158        3.2365606306147536        1.0001902704535690       0.29373310461344171     
   4.9730000000000000E-004  0.41908785656854725        5.0702101801733619        3.2550349303499768        1.0001563100976696       0.29946405969295425     
   4.9740000000000006E-004  0.41729693091292125        5.0485401678270172        3.2740245046133358        1.0001175752623253       0.30467276053804787     
   4.9750000000000000E-004  0.41566730626557541        5.0261063216935806        3.2935348739903607        1.0000746548341066       0.30933527002341055     
   4.9760000000000006E-004  0.41420859718141423        5.0029467060433017        3.3135739969291387        1.0000284583805490       0.31343606176324385     
   4.9770000000000001E-004  0.41292892340545595        4.9791061524500169        3.3341524236017279       0.99998008583518516       0.31697016868505684     
   4.9780000000000007E-004  0.41183490573112291        4.9546221879279582        3.3552832169640108       0.99993064913252816       0.31994178714318700     
   4.9790000000000001E-004  0.41093190382710076        4.9295093622159563        3.3769814197027919       0.99988112885460168       0.32235949806771380     
   4.9800000000000007E-004  0.41022449630018543        4.9037446838810581        3.3992629025659311       0.99983232957914070       0.32422989636987071     
   4.9810000000000002E-004  0.40971705108747669        4.8772574114420912        3.4221425587150649       0.99978494009654273       0.32555219139652569     
   4.9820000000000008E-004  0.40941405113574769        4.8499272243068852        3.4456319637272430       0.99973965432568745       0.32631604956400451     
   4.9830000000000002E-004  0.40931979941375246        4.8215955635641610        3.4697367696331085       0.99969729406754426       0.32650400551440401     
   4.9840000000000008E-004  0.40943736914057938        4.7920945012712366        3.4944542320622793       0.99965888128464064       0.32609848480244857     
   4.9850000000000003E-004  0.40976714490467264        4.7612939589997261        3.5197713323109552       0.99962559650591731       0.32509157689161294     
   4.9860000000000008E-004  0.41030576987885276        4.7291601760678148        3.5456638163620808       0.99959854946504878       0.32349307860713244     
   4.9870000000000003E-004  0.41104641120273872        4.6958076441185685        3.5720960255975620       0.99957835897703695       0.32133067646307734     
   4.9880000000000009E-004  0.41198063497984494        4.6615190738227135        3.5990207968722472       0.99956472724839995       0.31863833118734430     
   4.9890000000000004E-004  0.41310094667727210        4.6267113591680751        3.6263784640844254       0.99955639710920074       0.31543628093176856     
   4.9900000000000009E-004  0.41440218226153019        4.5918440758909416        3.6540946548976607       0.99955180250180919       0.31171544673205148     
   4.9910000000000004E-004  0.41588049105826375        4.5572949682967359        3.6820780753124440       0.99955014300423162       0.30744182543117388     
   4.9920000000000010E-004  0.41753044663829331        4.5232490296997536        3.7102206354168095       0.99955197231860748       0.30258473883168180     
   4.9930000000000005E-004  0.41934240653542082        4.4896481563548072        3.7384015788805800       0.99955857597927167       0.29715136797256947     
   4.9940000000000010E-004  0.42130223508504822        4.4562218265842741        3.7664946516203459       0.99957053802004003       0.29119853460358930     
   4.9950000000000005E-004  0.42339382205798770        4.4225801311792949        3.7943748722858115       0.99958676521709278       0.28480735780497840     
   4.9960000000000011E-004  0.42560262673554450        4.3883253821714057        3.8219215961907125       0.99960481758113851       0.27803740971623897     
   4.9970000000000006E-004  0.42791766684831900        4.3531429536253583        3.8490175033227416       0.99962225087447676       0.27089596958806889     
   4.9980000000000011E-004  0.43033085024501161        4.3168555663621451        3.8755464973826288       0.99963792061290990       0.26334706738074498     
   4.9990000000000006E-004  0.43283472850600246        4.2794452242307823        3.9013943210083304       0.99965229550967327       0.25535282455223723     
   5.0000000000000012E-004  0.43542063172859385        4.2410519485535225        3.9264531902675532       0.99966664557207796       0.24691396421464609     
   5.0010000000000007E-004  0.43807835282718421        4.2019542753202241        3.9506282003421549       0.99968185831342071       0.23807948943356411     
   5.0020000000000012E-004  0.44079713794432479        4.1625342502084504        3.9738418004581475       0.99969782369323079       0.22892289634689267     
   5.0030000000000007E-004  0.44356696210852381        4.1232325700795869        3.9960342358648675       0.99971369217445971       0.21950742450866459     
   5.0040000000000013E-004  0.44637929633777373        4.0845028471342886        4.0171606654134111       0.99972857040707896       0.20986523701617027     
   5.0050000000000008E-004  0.44922721287187539        4.0467733935302217        4.0371872726142248       0.99974204925293397       0.19999909848731209     
   5.0060000000000002E-004  0.45210508525438864        4.0104210740102033        4.0560883481500154       0.99975429859665199       0.18989843391780198     
   5.0070000000000008E-004  0.45500818801636622        3.9757574776965612        4.0738449740989546       0.99976584084271158       0.17955637959357393     
   5.0080000000000003E-004  0.45793237625481559        3.9430249413350253        4.0904448182128572       0.99977725119777872       0.16897915376167491     
   5.0089999999999998E-004  0.46087390088321134        3.9123991685059618        4.1058821876010860       0.99978895996902151       0.15818646521330804     
   5.0100000000000003E-004  0.46382934768639483        3.8839956868979755        4.1201577306554045       0.99980119852429883       0.14720639002020078     
   5.0109999999999998E-004  0.46679566195444078        3.8578783060726742        4.1332776028318685       0.99981404178132838       0.13606902288649633     
   5.0120000000000004E-004  0.46977021390733031        3.8340684479880682        4.1452522282504392       0.99982748025651880       0.12480172251213342     
   5.0129999999999999E-004  0.47275086569647345        3.8125546221424624        4.1560949073883382       0.99984147774987087       0.11342681814893180     
   5.0140000000000004E-004  0.47573601378000896        3.7933015127973508        4.1658204915212984       0.99985600093945981       0.10196133972407431     
   5.0149999999999999E-004  0.47872459544367074        3.7762582758625118        4.1744442533037605       0.99987102630450997        9.0417872754174636E-002
   5.0160000000000005E-004  0.48171606131153816        3.7613657882501563        4.1819809945874384       0.99988653552207085        7.8805758927784700E-002
   5.0170000000000000E-004  0.48471032360561939        3.7485627434094031        4.1884443755730265       0.99990250810876502        6.7132184311115242E-002
   5.0180000000000005E-004  0.48770769183073648        3.7377906108630992        4.1938464243030227       0.99991891581859704        5.5402984250267746E-002
   5.0190000000000000E-004  0.49070880543963863        3.7289975576668297        4.1981971820018025       0.99993571998050501        4.3623166862917478E-002
   5.0200000000000006E-004  0.49371456932017876        3.7221414775724835        4.2015044464580962       0.99995287123669907        3.1797227884709831E-002
   5.0210000000000001E-004  0.49672609446211136        3.7171922840156277        4.2037735853063714       0.99997031078323262        1.9929336735016012E-002
   5.0220000000000006E-004  0.49974464378951311        3.7141336076228360        4.2050074000799409       0.99998797233510595        8.0234537964586246E-003
   5.0230000000000001E-004  0.50277158193146110        3.7129640123715451        4.2052060287152599        1.0000057843779901       -3.9165847550131387E-003
   5.0240000000000007E-004  0.50580832728152303        3.7136978120643995        4.2043668792013502        1.0000236725176179       -1.5886995533915201E-002
   5.0250000000000002E-004  0.50885630465649523        3.7163655310552812        4.2024845908561934        1.0000415619119412       -2.7883981619280830E-002
   5.0260000000000007E-004  0.51191689691773434        3.7210140111679308        4.1995510229727504        1.0000593798370823       -3.9903666568218941E-002
   5.0270000000000002E-004  0.51499139390064330        3.7277061225121155        4.1955552738021540        1.0000770583991216       -5.1942022416235238E-002
   5.0280000000000008E-004  0.51808093684662571        3.7365199903240356        4.1904837365095950        1.0000945372927936       -6.3994778187224891E-002
   5.0290000000000003E-004  0.52118645638684735        3.7475475910388631        4.1843202039118275        1.0001117663777337       -7.6057282345725216E-002
   5.0300000000000008E-004  0.52430860235588006        3.7608925163713032        4.1770460403495440        1.0001287074481819       -8.8124275334143701E-002
   5.0310000000000003E-004  0.52744766480537597        3.7766666544017600        4.1686404478421535        1.0001453342336912      -0.10018950354231111     
   5.0320000000000009E-004  0.53060348832707749        3.7949854830022502        4.1590808653642890        1.0001616294386764      -0.11224508624917107     
   5.0330000000000004E-004  0.53377538682076175        3.8159616212108833        4.1483435539308431        1.0001775779712572      -0.12428054506509784     
   5.0340000000000009E-004  0.53696207263809259        3.8396962566288781        4.1364044317848387        1.0001931571804579      -0.13628146545832867     
   5.0350000000000004E-004  0.54016161937556573        3.8662681101508589        4.1232402224567322        1.0002083290292245      -0.14822794555984609     
   5.0360000000000010E-004  0.54337147497737182        3.8957198093970735        4.1088299441670033        1.0002230459888661      -0.16009336070637167     
   5.0370000000000005E-004  0.54658852443653105        3.9280420393433104        4.0931566788271789        1.0002372891828106      -0.17184450002435520     
   5.0380000000000010E-004  0.54980917168915477        3.9631566566507139        4.0762094078708735        1.0002511542444801      -0.18344451018177191     
   5.0390000000000005E-004  0.55302938700707616        4.0009009581897637        4.0579845431205168        1.0002649720047998      -0.19485960454893878     
   5.0400000000000011E-004  0.55624467180303538        4.0410161416846364        4.0384867507341342        1.0002793941463171      -0.20606844874302230     
   5.0410000000000006E-004  0.55944992822716644        4.0831431266370863        4.0177289490947041        1.0002953181315557      -0.21706960092287458     
   5.0420000000000011E-004  0.56263923792869908        4.1268281955533741        3.9957320193747576        1.0003135513709625      -0.22787956590674460     
   5.0430000000000006E-004  0.56580551695482373        4.1715399151508379        3.9725254966950230        1.0003342876471324      -0.23851597840362043     
   5.0440000000000012E-004  0.56894001542468386        4.2166983452937767        3.9481505937089869        1.0003567338439350      -0.24896982469444620     
   5.0450000000000007E-004  0.57203184538894136        4.2617180043119323        3.9226656610655612        1.0003793500634053      -0.25918374592664822     
   5.0460000000000012E-004  0.57506809299961748        4.3060663215015786        3.8961518386101841        1.0004008656207253      -0.26905875184808620     
   5.0470000000000007E-004  0.57803505020414092        4.3493366435463798        3.8687149135776098        1.0004214904128603      -0.27849704334272590     
   5.0480000000000002E-004  0.58092013607513826        4.3913261288955319        3.8404805984691581        1.0004431350717518      -0.28745675622672934     
   5.0490000000000008E-004  0.58371278126242554        4.4320957073330867        3.8115849629630314        1.0004678994154352      -0.29597161397709765     
   5.0500000000000002E-004  0.58640267025445203        4.4719807516102517        3.7821661813207603        1.0004957039470501      -0.30410672315447235     
   5.0509999999999997E-004  0.58897603788962338        4.5115276630996810        3.7523630951309457        1.0005232472303689      -0.31187851939825245     
   5.0520000000000003E-004  0.59141340153632960        4.5513554619497274        3.7223196258807345        1.0005456954480278      -0.31920932117405232     
   5.0529999999999998E-004  0.59369177272876472        4.5919756482758451        3.6921877867580450        1.0005599874490090      -0.32596279150379098     
   5.0540000000000003E-004  0.59579030535520805        4.6336330541439530        3.6621227668159730        1.0005667435321544      -0.33203141054410340     
   5.0549999999999998E-004  0.59769485515316567        4.6762333411232415        3.6322710679707844        1.0005687973958992      -0.33739701380449505     
   5.0560000000000004E-004  0.59939767307161884        4.7193868220002226        3.6027591214234294        1.0005678596801633      -0.34211529283865733     
   5.0569999999999999E-004  0.60089272638722468        4.7625423688276722        3.5736887141922673        1.0005626384811581      -0.34624828830453824     
   5.0580000000000004E-004  0.60217107598310737        4.8051476869293310        3.5451393621329950        1.0005498389398044      -0.34980627310758661     
   5.0589999999999999E-004  0.60322009654335651        4.8467742112253394        3.5171732104515128        1.0005266809851758      -0.35274002386070280     
   5.0600000000000005E-004  0.60402631912107541        4.8871755686038387        3.4898381918458354        1.0004926323881438      -0.35497862631724864     
   5.0610000000000000E-004  0.60457922536511122        4.9262819072408881        3.4631683559744673        1.0004492584705731      -0.35647535541439207     
   5.0620000000000005E-004  0.60487355733424386        4.9641518132364730        3.4371831048691952        1.0003988999993494      -0.35722763126093149     
   5.0630000000000000E-004  0.60490923839922028        5.0009079014899100        3.4118875184534629        1.0003435043435065      -0.35726533450108727     
   5.0640000000000006E-004  0.60468968467167827        5.0366772759990663        3.3872746185337488        1.0002842788408717      -0.35662476796699155     
   5.0650000000000001E-004  0.60421998072226146        5.0715497841840236        3.3633289945199794        1.0002220382652893      -0.35532876287113219     
   5.0660000000000006E-004  0.60350574571660087        5.1055590428098938        3.3400306212703725        1.0001577519094771      -0.35338277045859279     
   5.0670000000000001E-004  0.60255275589771595        5.1386847763518002        3.3173579247095057        1.0000928179811681      -0.35078346834048735     
   5.0680000000000007E-004  0.60136715719732248        5.1708702636466786        3.2952897876553973        1.0000289300876786      -0.34752988486000774     
   5.0690000000000002E-004  0.59995603826923805        5.2020463565012438        3.2738067177661980       0.99996773352734614      -0.34362944129620326     
   5.0700000000000007E-004  0.59832809777433815        5.2321540058575717        3.2528915562695175       0.99991054096026977      -0.33909754008642495     
   5.0710000000000002E-004  0.59649417384138381        5.2611598683360690        3.2325299744927247       0.99985824600840578      -0.33395384104029746     
   5.0720000000000008E-004  0.59446743236131538        5.2890629867202499        3.2127108037998031       0.99981140805401070      -0.32821924185023332     
   5.0730000000000003E-004  0.59226307495707842        5.3158934203881429        3.1934261325372466       0.99977038280441344      -0.32191557778919089     
   5.0740000000000008E-004  0.58989760260732205        5.3417053199695612        3.1746711237270935       0.99973538859676503      -0.31506730503506442     
   5.0750000000000003E-004  0.58738786355733730        5.3665672906421786        3.1564436090427570       0.99970648428870290      -0.30770295940233033     
   5.0760000000000009E-004  0.58475018715841454        5.3905524157698235        3.1387436087694418       0.99968351477456729      -0.29985464181411142     
   5.0770000000000003E-004  0.58199981358035124        5.4137295226362223        3.1215729441993614       0.99966609931569983      -0.29155546825017287     
   5.0780000000000009E-004  0.57915065984419090        5.4361565140518611        3.1049350371518041       0.99965369454374020      -0.28283641704113305     
   5.0790000000000004E-004  0.57621536077790336        5.4578760327130436        3.0888348809764947       0.99964570486036819      -0.27372427678612055     
   5.0800000000000010E-004  0.57320549365085927        5.4789133758229962        3.0732790879569847       0.99964158924528923      -0.26424158318850854     
   5.0810000000000004E-004  0.57013186741246280        5.4992763749546185        3.0582759021371344       0.99964092479794142      -0.25440837343992617     
   5.0820000000000010E-004  0.56700476196850669        5.5189568481463720        3.0438351017175336       0.99964341311297922      -0.24424482713187118     
   5.0830000000000005E-004  0.56383404886073674        5.5379331790529758        3.0299677732650006       0.99964884090460404      -0.23377364166330070     
   5.0840000000000011E-004  0.56062918422261310        5.5561735636998115        3.0166859931577847       0.99965702128592748      -0.22302127910795710     
   5.0850000000000005E-004  0.55739910834743644        5.5736394722660787        3.0040024794263460       0.99966774275103365      -0.21201779606518673     
   5.0860000000000011E-004  0.55415210251615432        5.5902889354061838        2.9919302761379161       0.99968074221648473      -0.20079552244543600     
   5.0870000000000006E-004  0.55089564838951666        5.6060793796697634        2.9804825104986352       0.99969570469947422      -0.18938716938459688     
   5.0880000000000012E-004  0.54763632021095754        5.6209698684851848        2.9696722330840886       0.99971228221447994      -0.17782397226436661     
   5.0890000000000006E-004  0.54437972355053743        5.6349227172925076        2.9595123262527609       0.99973012053539922      -0.16613429795283796     
   5.0900000000000001E-004  0.54113048217837689        5.6479045278116438        2.9500154517496382       0.99974888414232765      -0.15434289248425140     
   5.0910000000000007E-004  0.53789226754148511        5.6598867268209947        2.9411940066463282       0.99976827391482093      -0.14247073052985310     
   5.0920000000000002E-004  0.53466786123810184        5.6708457075221528        2.9330600637308168       0.99978803629768243      -0.13053530416627518     
   5.0929999999999997E-004  0.53145923922415950        5.6807626664265847        2.9256252833028427       0.99980796537718175      -0.11855115396434364     
   5.0940000000000002E-004  0.52826766691105831        5.6896232412159318        2.9189007946756824       0.99982790055399029      -0.10653047253746667     
   5.0949999999999997E-004  0.52509379641208376        5.6974170488907792        2.9128970536620118       0.99984772205453876       -9.4483664445570395E-002
   5.0960000000000003E-004  0.52193775994632907        5.7041371997643644        2.9076236863622422       0.99986734584778503       -8.2419803386516693E-002
   5.0969999999999998E-004  0.51879925602572974        5.7097798424674568        2.9030893306603307       0.99988671884792291       -7.0346972582490397E-002
   5.0980000000000003E-004  0.51567762717135357        5.7143437736308602        2.8993014856106099       0.99990581458165406       -5.8272501361277776E-002
   5.0989999999999998E-004  0.51257192936403384        5.7178301259212887        2.8962663765161145       0.99992462926875547       -4.6203126576899935E-002
   5.1000000000000004E-004  0.50948099429130389        5.7202421329503270        2.8939888408071135       0.99994317806824073       -3.4145106941439997E-002
   5.1009999999999998E-004  0.50640348579579308        5.7215849605987419        2.8924722374828957       0.99996149132025514       -2.2104315170000201E-002
   5.1020000000000004E-004  0.50333795195565123        5.7218655945901435        2.8917183811867737       0.99997961069404639       -1.0086324416107328E-002
   5.1029999999999999E-004  0.50028287408666683        5.7210927718774709        2.8917275008590040       0.99999758516548964        1.9035027451986379E-003
   5.1040000000000005E-004  0.49723671371608014        5.7192769404269495        2.8924982223340687        1.0000154668691799        1.3859920954558449E-002
   5.1049999999999999E-004  0.49419795839138181        5.7164302420698228        2.8940275743447401        1.0000333069578409        2.5777707098852333E-002
   5.1060000000000005E-004  0.49116516707828739        5.7125665206773384        2.8963110176575770        1.0000511515875090        3.7651568546493493E-002
   5.1070000000000000E-004  0.48813701587150959        5.7077013637706511        2.8993424973132287        1.0000690381330333        4.9476058802109917E-002
   5.1080000000000006E-004  0.48511234478640830        5.7018521902079140        2.9031145179860984        1.0000869917003918        6.1245501738532541E-002
   5.1090000000000000E-004  0.48209020649437151        5.6950383987383280        2.9076182421184336        1.0001050219412382        7.2953920387538951E-002
   5.1100000000000006E-004  0.47906991795496479        5.6872815909005698        2.9128436095787458        1.0001231200953229        8.4594959620569246E-002
   5.1110000000000001E-004  0.47605111585577176        5.6786058746304349        2.9187794760259744        1.0001412560631122        9.6161783628267189E-002
   5.1120000000000007E-004  0.47303381651613829        5.6690382439401521        2.9254137650069234        1.0001593753212192       0.10764692258263342     
   5.1130000000000001E-004  0.47001848027826210        5.6586090222395562        2.9327336266315376        1.0001773954806219       0.11904204006287522     
   5.1140000000000007E-004  0.46700607946097378        5.6473523378508688        2.9407255933558094        1.0001952024913006       0.13033759772568199     
   5.1150000000000002E-004  0.46399816766607233        5.6353065765000565        2.9493757221240897        1.0002126467903325       0.14152241285134448     
   5.1160000000000008E-004  0.46099694683091202        5.6225147312323358        2.9586697127102513        1.0002295404255217       0.15258314131524953     
   5.1170000000000002E-004  0.45800532719026477        5.6090245449332699        2.9685929955293160        1.0002456568590554       0.16350376869390068     
   5.1180000000000008E-004  0.45502697455863550        5.5948883177827664        2.9791307887978560        1.0002607356214266       0.17426524911920704     
   5.1190000000000003E-004  0.45206633916600925        5.5801622388913490        2.9902681341141912        1.0002744936915453       0.18484546908311394     
   5.1200000000000009E-004  0.44912866055435086        5.5649051126664837        3.0019899292137251        1.0002866438640776       0.19521970023530966     
   5.1210000000000003E-004  0.44621994354317063        5.5491764077180150        3.0142809834992583        1.0002969173644156       0.20536161112058346     
   5.1220000000000009E-004  0.44334690127136678        5.5330336585646176        3.0271261213271692        1.0003050841536891       0.21524472783135604     
   5.1230000000000004E-004  0.44051686424718040        5.5165293830210693        3.0405103466912342        1.0003109619858732       0.22484401318375466     
   5.1240000000000009E-004  0.43773766215952020        5.4997078091938825        3.0544190616018723        1.0003144064228295       0.23413706768346651     
   5.1250000000000004E-004  0.43501749859446964        5.4826017760265611        3.0688383046016834        1.0003152801203534       0.24310445728705521     
   5.1260000000000010E-004  0.43236485347509446        5.4652301401159278        3.0837549563063376        1.0003134095694264       0.25172891149231419     
   5.1270000000000005E-004  0.42978845563407564        5.4475959000535070        3.0991568573825194        1.0003085464185590       0.25999356753124347     
   5.1280000000000010E-004  0.42729735667568802        5.4296851137919173        3.1150328081497984        1.0003003534500565       0.26787989393873413     
   5.1290000000000005E-004  0.42490110151797472        5.4114666440744941        3.1313724647314083        1.0002884281696141       0.27536616984464019     
   5.1300000000000011E-004  0.42260993828295884        5.3928928865854129        3.1481661983863605        1.0002723614061615       0.28242724646154516     
   5.1310000000000006E-004  0.42043496359771626        5.3739018649066281        3.1654050185666778        1.0002518117444166       0.28903578625323251     
   5.1320000000000001E-004  0.41838808737088190        5.3544212148984762        3.1830806543418522        1.0002265687144341       0.29516450628867547     
   5.1330000000000006E-004  0.41648174011409189        5.3343743788588895        3.2011858353207607        1.0001965831354329       0.30078848865191815     
   5.1340000000000001E-004  0.41472832731303916        5.3136887566115103        3.2197147313025853        1.0001619626754517       0.30588663680543487     
   5.1349999999999996E-004  0.41313952886160887        5.2923047834413008        3.2386634362636233        1.0001229513494638       0.31044187023821473     
   5.1360000000000002E-004  0.41172561739615482        5.2701842166307014        3.2580303540409861        1.0000799230147273       0.31444043832221480     
   5.1369999999999996E-004  0.41049500321157784        5.2473156068504707        3.2778163765230226        1.0000334054909086       0.31787131508432537     
   5.1380000000000002E-004  0.40945415535122975        5.2237151593415216        3.2980248191270323       0.99998411838549928       0.32072650824478638     
   5.1389999999999997E-004  0.40860790314643541        5.1994219439199014        3.3186611397717320       0.99993298091363791       0.32300222398972228     
   5.1400000000000003E-004  0.40795996266489681        5.1744875499366305        3.3397324710582335       0.99988105299862540       0.32469976967148478     
   5.1409999999999997E-004  0.40751344329015687        5.1489615677245784        3.3612469392907358       0.99982941637074296       0.32582469548376247     
   5.1420000000000003E-004  0.40727111768052254        5.1228754323820045        3.3832126761471342       0.99977905526426991       0.32638350360744678     
   5.1429999999999998E-004  0.40723535988565063        5.0962279894408073        3.4056364211020962       0.99973081356790772       0.32637903792152173     
   5.1440000000000004E-004  0.40740778550369477        5.0689766345940139        3.4285217093025726       0.99968546031126826       0.32580724370967923     
   5.1449999999999998E-004  0.40778869373912391        5.0410380809909086        3.4518668156301180       0.99964381708165606       0.32465807215809023     
   5.1460000000000004E-004  0.40837644611446411        5.0123024602009156        3.4756628002725534       0.99960684624890273       0.32292149252659441     
   5.1469999999999999E-004  0.40916697236504601        4.9826627814538877        3.4998920677025094       0.99957559963669018       0.32059653475758032     
   5.1480000000000004E-004  0.41015365089766631        4.9520577535876011        3.5245277097269025       0.99955098769121831       0.31769848291251135     
   5.1489999999999999E-004  0.41132779105908202        4.9205194599629767        3.5495335272877520       0.99953343249396676       0.31425860854864840     
   5.1500000000000005E-004  0.41267974586163647        4.8882103412490494        3.5748641616580161       0.99952258019931339       0.31031369279690202     
   5.1510000000000000E-004  0.41420028080927512        4.8554306944941370        3.6004645666695207       0.99951730856539101       0.30588883381651111     
   5.1520000000000005E-004  0.41588143953671308        4.8225831779046473        3.6262684937077134       0.99951617860583952       0.30098364942031314     
   5.1530000000000000E-004  0.41771620111400282        4.7900958510300793        3.6521967220535472       0.99951818594677488       0.29557357257100564     
   5.1540000000000006E-004  0.41969694436584393        4.7583247620718225        3.6781567325759981       0.99952331395949467       0.28963026075001702     
   5.1550000000000001E-004  0.42181370032000509        4.7274703508804787        3.7040453521666179       0.99953236207894125       0.28315082854487933     
   5.1560000000000006E-004  0.42405352411641267        4.6975391384497787        3.7297542581177425       0.99954604614183407       0.27617550405946595     
   5.1570000000000001E-004  0.42640161743755506        4.6683625917524552        3.7551762032701839       0.99956405319075792       0.26877852459483925     
   5.1580000000000007E-004  0.42884360711672181        4.6396602138581589        3.7802091551384107       0.99958483006002730       0.26103622377171515     
   5.1590000000000002E-004  0.43136759662221202        4.6111192631163433        3.8047569476660339       0.99960624423878264       0.25299357150978324     
   5.1600000000000007E-004  0.43396481144157140        4.5824653845145651        3.8287274147163970       0.99962656953844120       0.24465098536422650     
   5.1610000000000002E-004  0.43662866825894009        4.5535105222435721        3.8520304767826521       0.99964512775643422       0.23597803408938120     
   5.1620000000000008E-004  0.43935310878444606        4.5241762651385926        3.8745783279956174       0.99966227704167065       0.22694301008418544     
   5.1630000000000003E-004  0.44213131029537966        4.4944967382998708        3.8962881870948776       0.99967889064552706       0.21753948777728863     
   5.1640000000000008E-004  0.44495540301133951        4.4646062466107956        3.9170863395442854       0.99969572690024588       0.20779597714199990     
   5.1650000000000003E-004  0.44781709114054141        4.4347165272568816        3.9369115148374734       0.99971305420292900       0.19776692218999672     
   5.1660000000000009E-004  0.45070860440658511        4.4050886140352823        3.9557162118022506       0.99973065257988458       0.18751363179851260     
   5.1670000000000004E-004  0.45362340974721088        4.3760045003655037        3.9734657709949648       0.99974806700791286       0.17708658715231765     
   5.1680000000000009E-004  0.45655643531243845        4.3477429770410776        3.9901359631138891       0.99976489512215616       0.16651645910702204     
   5.1690000000000004E-004  0.45950389243577527        4.3205621445853630        4.0057101771637313       0.99978095747402573       0.15581473231392237     
   5.1700000000000010E-004  0.46246292778551290        4.2946889990547934        4.0201770353008666       0.99979631886995735       0.14498037910158901     
   5.1710000000000005E-004  0.46543130489655166        4.2703150204911857        4.0335287792762413       0.99981121132958639       0.13400797694213384     
   5.1720000000000010E-004  0.46840720662586766        4.2475961003851541        4.0457603695385469       0.99982592830641726       0.12289399873904346     
   5.1730000000000005E-004  0.47138915681662208        4.2266551793485050        4.0568690383396122       0.99984073921334593       0.11164002389430298     
   5.1740000000000000E-004  0.47437601510765898        4.2075863214734692        4.0668540216097178       0.99985584303315256       0.10025317500806352     
   5.1750000000000006E-004  0.47736699624971318        4.1904593804659491        4.0757162782340215       0.99987135748352762        8.8744815942651281E-002
   5.1760000000000000E-004  0.48036168265239515        4.1753247575003751        4.0834581116384063       0.99988733038526911        7.7128597967160553E-002
   5.1769999999999995E-004  0.48336001792957789        4.1622179755581943        4.0900826911996617       0.99990375962818445        6.5418631337296557E-002
   5.1780000000000001E-004  0.48636228197737807        4.1511639176559889        4.0955935156142891       0.99992061249820052        5.3628171838397125E-002
   5.1789999999999996E-004  0.48936905319261725        4.1421806362696856        4.0999938724380653       0.99993784010821085        4.1768905417036421E-002
   5.1800000000000001E-004  0.49238116320786302        4.1352826601343651        4.1032863406986069       0.99995538633091030        2.9850738599906716E-002
   5.1809999999999996E-004  0.49539964771876960        4.1304837343237004        4.1054723685634666       0.99997319242867655        1.7881941440319717E-002
   5.1820000000000002E-004  0.49842569523169000        4.1277989435894860        4.1065519435458500       0.99999119893388655        5.8694995416589462E-003
   5.1829999999999997E-004  0.50146059441664836        4.1272461817581529        4.1065233624355297        1.0000093460841140       -6.1804276436542632E-003
   5.1840000000000002E-004  0.50450568018465247        4.1288469358062017        4.1053831029819188        1.0000275736333435       -1.8262001919116463E-002
   5.1849999999999997E-004  0.50756227840897405        4.1326263519521138        4.1031257982688993        1.0000458204846641       -3.0369183222239644E-002
   5.1860000000000003E-004  0.51063164923464988        4.1386125428583647        4.0997443160950171        1.0000640244135115       -4.2495201658225359E-002
   5.1869999999999998E-004  0.51371492910412153        4.1468350824995976        4.0952299476458105        1.0000821222187883       -5.4632041316737288E-002
   5.1880000000000003E-004  0.51681307194948978        4.1573226217427450        4.0895727103023738        1.0001000509746791       -6.6769975327531025E-002
   5.1889999999999998E-004  0.51992679049635870        4.1700995636270406        4.0827617657897211        1.0001177515257538       -7.8897236141689767E-002
   5.1900000000000004E-004  0.52305649951952993        4.1851817711435526        4.0747859448122146        1.0001351760486565       -9.0999963719967533E-002
   5.1909999999999999E-004  0.52620226432219086        4.2025713304089578        4.0656343524184226        1.0001523019742706      -0.10306262937771025     
   5.1920000000000004E-004  0.52936375973470950        4.2222504840767439        4.0552970057973878        1.0001691537625514      -0.11506914204749781     
   5.1929999999999999E-004  0.53254024711421200        4.2441749754056488        4.0437654363174369        1.0001858310813465      -0.12700473822237246     
   5.1940000000000005E-004  0.53573057590862572        4.2682671863846355        4.0310331863535422        1.0002025359708899      -0.13885846344759245     
   5.1950000000000000E-004  0.53893320667252564        4.2944096001139087        4.0170961704458081        1.0002195833534804      -0.15062555217673357     
   5.1960000000000005E-004  0.54214623062604905        4.3224392823565037        4.0019529673345016        1.0002373726367761      -0.16230841644052824     
   5.1970000000000000E-004  0.54536732935115995        4.3521443202220489        3.9856052594624813        1.0002563006402441      -0.17391458886629557     
   5.1980000000000006E-004  0.54859359749083514        4.3832635599312724        3.9680587899925448        1.0002766165389374      -0.18545034229754082     
   5.1990000000000001E-004  0.55182118041706374        4.4154914973241919        3.9493252586214620        1.0002982617138274      -0.19691029711707492     
   5.2000000000000006E-004  0.55504478978921801        4.4484905991085490        3.9294253823613867        1.0003207919549335      -0.20826617306232068     
   5.2010000000000001E-004  0.55825732854460663        4.4819133915307443        3.9083928002829591        1.0003435074148088      -0.21946097916821855     
   5.2020000000000007E-004  0.56144996540401870        4.5154358168900313        3.8862776933302832        1.0003658529748385      -0.23041595990232844     
   5.2030000000000002E-004  0.56461287224566592        4.5488009511739893        3.8631483708606886        1.0003879509046736      -0.24105334742116363     
   5.2040000000000007E-004  0.56773641085272575        4.5818677221019559        3.8390893754148419        1.0004108693601699      -0.25132737261858251     
   5.2050000000000002E-004  0.57081204473787128        4.6146533547611899        3.8141963187093957        1.0004361846290861      -0.26124433169535838     
   5.2060000000000008E-004  0.57383208598384083        4.6473534650047146        3.7885699890351359        1.0004648154486315      -0.27085147299555251     
   5.2070000000000003E-004  0.57678793944331785        4.6803236179571091        3.7623133567840554        1.0004958254687666      -0.28019231264410394     
   5.2080000000000008E-004  0.57966767261322161        4.7140134760529886        3.7355333316687331        1.0005262501313965      -0.28925439685734478     
   5.2090000000000003E-004  0.58245469188924159        4.7488597490972833        3.7083451998794374        1.0005524456461767      -0.29794983459564567     
   5.2100000000000009E-004  0.58512892618521006        4.7851639821188225        3.6808747654361320        1.0005721837070045      -0.30614972391238887     
   5.2110000000000004E-004  0.58767016608614386        4.8229969670595469        3.6532543421468229        1.0005857683337298      -0.31375052931270897     
   5.2120000000000009E-004  0.59006145325170134        4.8621694570460843        3.6256134649465901        1.0005950477582322      -0.32072124812278152     
   5.2130000000000004E-004  0.59229017666597439        4.9022824551434425        3.5980693394865768        1.0006011632762661      -0.32709571045882713     
   5.2140000000000010E-004  0.59434623795349317        4.9428336130745372        3.5707218145629223        1.0006031080954907      -0.33292141799662284     
   5.2150000000000005E-004  0.59621902667233895        4.9833344065885186        3.5436537403823096        1.0005982404062055      -0.33820933277471826     
   5.2159999999999999E-004  0.59789561156010118        5.0233975674494502        3.5169339239092552        1.0005840405450273      -0.34292103861128115     
   5.2170000000000005E-004  0.59936115873128193        5.0627761637773006        3.4906193300115489        1.0005595096409141      -0.34699421270024838     
   5.2180000000000000E-004  0.60060095149562598        5.1013574956004835        3.4647552722152453        1.0005252692590905      -0.35037848213632161     
   5.2189999999999995E-004  0.60160265797373880        5.1391271001995360        3.4393746218233550        1.0004827102292531      -0.35305375888518964     
   5.2200000000000000E-004  0.60235770330861815        5.1761210527342367        3.4144976904248505        1.0004331670027806      -0.35502468231352302     
   5.2209999999999995E-004  0.60286136576085836        5.2123820975829958        3.3901335417771232        1.0003777069053894      -0.35630408300983807     
   5.2220000000000001E-004  0.60311199442510555        5.2479298055954313        3.3662823560210775        1.0003174091985145      -0.35690118822911582     
   5.2229999999999996E-004  0.60310999912755592        5.2827487473107393        3.3429380090468865        1.0002536680212175      -0.35682057619344409     
   5.2240000000000001E-004  0.60285707304090452        5.3167929983122661        3.3200902769438208        1.0001881851533716      -0.35606731028590627     
   5.2249999999999996E-004  0.60235584058788805        5.3500012119842566        3.2977265846709707        1.0001226754407864      -0.35465044577040294     
   5.2260000000000002E-004  0.60160987856247883        5.3823149406186115        3.2758335249971733        1.0000585583057668      -0.35258141188247177     
   5.2269999999999997E-004  0.60062395535166324        5.4136940646039964        3.2543983167355188       0.99999685798385940      -0.34986960555314162     
   5.2280000000000002E-004  0.59940438974213572        5.4441259428218327        3.2334101295844575       0.99993832419436091      -0.34651966041298260     
   5.2289999999999997E-004  0.59795942866755247        5.4736276416745682        3.2128610364164292       0.99988363364724109      -0.34253313654361123     
   5.2300000000000003E-004  0.59629948079445505        5.5022424139075774        3.1927463823059190       0.99983350443106644      -0.33791397621366842     
   5.2309999999999998E-004  0.59443706862750578        5.5300323646767495        3.1730645489663383       0.99978864285854629      -0.33267441824987165     
   5.2320000000000003E-004  0.59238648221110213        5.5570692958620924        3.1538163175498433       0.99974957066039916      -0.32683778120193491     
   5.2329999999999998E-004  0.59016322782534059        5.5834254030714181        3.1350041603755812       0.99971646155006444      -0.32043651607284962     
   5.2340000000000004E-004  0.58778336685509702        5.6091650480096238        3.1166317583410481       0.99968910343069972      -0.31350678735862642     
   5.2349999999999999E-004  0.58526282108010863        5.6343383794931459        3.0987038732228940       0.99966700630966432      -0.30608263056411655     
   5.2360000000000004E-004  0.58261678762424429        5.6589771995069214        3.0812265094553553       0.99964958597527886      -0.29819241308402339     
   5.2369999999999999E-004  0.57985941272422137        5.6830931552839949        3.0642071862698907       0.99963633067304569      -0.28985864964340829     
   5.2380000000000005E-004  0.57700377481467036        5.7066780838850413        3.0476551408286721       0.99962688970482061      -0.28110047876854255     
   5.2390000000000000E-004  0.57406209770284844        5.7297061435662986        3.0315813615331919       0.99962107244128928      -0.27193715106400546     
   5.2400000000000005E-004  0.57104603899373996        5.7521372284400858        3.0159984479136512       0.99961878596991816      -0.26239089618360545     
   5.2410000000000000E-004  0.56796690598222288        5.7739210875188611        3.0009203619448184       0.99961995396679004      -0.25248821795782145     
   5.2420000000000006E-004  0.56483571745246741        5.7950015795949010        2.9863621564003084       0.99962445248761567      -0.24225952517744820     
   5.2430000000000000E-004  0.56166310897861493        5.8153206018638333        2.9723397468005128       0.99963207912257379      -0.23173762746215748     
   5.2440000000000006E-004  0.55845913233836297        5.8348213630244068        2.9588697537037105       0.99964255375861599      -0.22095584535227517     
   5.2450000000000001E-004  0.55523302232145200        5.8534508228956508        2.9459694051412200       0.99965553860958911      -0.20994634540388407     
   5.2460000000000007E-004  0.55199299954025660        5.8711612645010600        2.9336564683357298       0.99967066457494635      -0.19873901168791691     
   5.2470000000000001E-004  0.54874615353420775        5.8879110647673674        2.9219491762803869       0.99968755526377673      -0.18736089207417958     
   5.2480000000000007E-004  0.54549841880443828        5.9036647940350218        2.9108661232483177       0.99970584535051588      -0.17583610198596331     
   5.2490000000000002E-004  0.54225462987697681        5.9183928138946928        2.9004261164282443       0.99972519311446961      -0.16418602244161790     
   5.2500000000000008E-004  0.53901862704344816        5.9320705610346316        2.8906479831556298       0.99974528840063348      -0.15242964623200930     
   5.2510000000000002E-004  0.53579338275096788        5.9446777005946689        2.8815503419381501       0.99976585726914646      -0.14058396348125340     
   5.2520000000000008E-004  0.53258112573371641        5.9561973018359691        2.8731513502666512       0.99978666434208485      -0.12866431430811703     
   5.2530000000000003E-004  0.52938344993153852        5.9666151532771927        2.8654684442323433       0.99980751370679899      -0.11668466785199502     
   5.2540000000000009E-004  0.52620140412883842        5.9759192864135287        2.8585180843312932       0.99982824880362842      -0.10465781441774726     
   5.2550000000000003E-004  0.52303556413843832        5.9840997138115757        2.8523155189281111       0.99984875145974950       -9.2595481244020922E-002
   5.2560000000000009E-004  0.51988609211730286        5.9911483492302455        2.8468745735221961       0.99986894014624839       -8.0508395600481369E-002
   5.2570000000000004E-004  0.51675278805139591        5.9970590601790672        2.8422074705917497       0.99988876747461686       -6.8406323515946679E-002
   5.2579999999999999E-004  0.51363513759312507        6.0018278010117232        2.8383246817163950       0.99990821698485832       -5.6298109567473477E-002
   5.2590000000000004E-004  0.51053235911204664        6.0054527810629388        2.8352348111828305       0.99992729927514479       -4.4191735670284074E-002
   5.2599999999999999E-004  0.50744345151330672        6.0079346334547541        2.8329445085900633       0.99994604761902528       -3.2094409048998955E-002
   5.2609999999999994E-004  0.50436724338992045        6.0092765619110970        2.8314584070387849       0.99996451320901125       -2.0012682061978048E-002
   5.2620000000000000E-004  0.50130244344270780        6.0094844527735543        2.8307790833276787       0.99998276017635057       -7.9526006597744562E-003
   5.2629999999999994E-004  0.49824769174743666        6.0085669411706171        2.8309070368528571        1.0000008604851394        4.0801245422351761E-003
   5.2640000000000000E-004  0.49520161126723888        6.0065354240360413        2.8318406847164619        1.0000188888073203        1.6079932940054022E-002
   5.2649999999999995E-004  0.49216285895867978        6.0034040155866180        2.8335763716392672        1.0000369174516996        2.8041223462471267E-002
   5.2660000000000001E-004  0.48913017583223062        5.9991894425883121        2.8361083944656595        1.0000550114057101        3.9958168236394455E-002
   5.2670000000000006E-004  0.48610243537043391        5.9939108797112119        2.8394290422389568        1.0000732235532852        5.1824539511709934E-002
   5.2680000000000001E-004  0.48307868979533514        5.9875897308068176        2.8435286538780442        1.0000915901505969        6.3633558270522361E-002
   5.2690000000000007E-004  0.48005821386197711        5.9802493707547555        2.8483956962487791        1.0001101266597039        7.5377770985134360E-002
   5.2700000000000002E-004  0.47704054620751662        5.9719148741591610        2.8540168657143816        1.0001288240625454        8.7048958393444731E-002
   5.2710000000000007E-004  0.47402552888422700        5.9626127681761005        2.8603772159443461        1.0001476457745326        9.8638077278049296E-002
   5.2720000000000002E-004  0.47101334657725641        5.9523708623594924        2.8674603139676478        1.0001665253466763       0.11013523088291771     
   5.2730000000000008E-004  0.46800456816545077        5.9412182174112456        2.8752484250157058        1.0001853650790522       0.12152966105432099     
   5.2740000000000003E-004  0.46500019436299950        5.9291853080572068        2.8837227244568622        1.0002040356132205       0.13280975005292447     
   5.2750000000000008E-004  0.46200171568086729        5.9163044162042819        2.8928635324805727        1.0002223764961475       0.14396301727018956     
   5.2760000000000003E-004  0.45901118408896902        5.9026102564270939        2.9026505642574056        1.0002401975971442       0.15497609173720986     
   5.2770000000000009E-004  0.45603129874726317        5.8881407885889612        2.9130631853159907        1.0002572811122665       0.16583463710962554     
   5.2780000000000004E-004  0.45306550050378186        5.8729381195607662        2.9240806591819255        1.0002733838223024       0.17652320303773486     
   5.2790000000000009E-004  0.45011806220463862        5.8570493477360355        2.9356823724816254        1.0002882394664705       0.18702498251162619     
   5.2800000000000004E-004  0.44719415459148298        5.8405271710831563        2.9478480228146173        1.0003015617898661       0.19732148040810982     
   5.2810000000000010E-004  0.44429986432665219        5.8234300597757436        2.9605577577553528        1.0003130497836590       0.20739215323709584     
   5.2820000000000005E-004  0.44144214553825845        5.8058217952103455        2.9737922606219707        1.0003223976835645       0.21721415949622497     
   5.2830000000000010E-004  0.43862870131437559        5.7877702152110686        2.9875327908433156        1.0003293121470136       0.22676243160661974     
   5.2840000000000005E-004  0.43586781394623092        5.7693450719479120        3.0017612005395105        1.0003335362881312       0.23601028352023634     
   5.2850000000000011E-004  0.43316816461116375        5.7506150133356808        3.0164599587463141        1.0003348749454477       0.24493064024904504     
   5.2860000000000006E-004  0.43053869408249956        5.7316438413092854        3.0316122132757144        1.0003332097368098       0.25349770304721253     
   5.2870000000000011E-004  0.42798854793616192        5.7124863590211703        3.0472019025003614        1.0003284902305551       0.26168853264054048     
   5.2880000000000006E-004  0.42552712215435784        5.6931842450479913        3.0632138976057788        1.0003206938367251       0.26948382848233582     
   5.2890000000000012E-004  0.42316418683070134        5.6737624363907280        3.0796341224719055        1.0003097618951606       0.27686730861996683     
   5.2900000000000006E-004  0.42091003047907755        5.6542264358706866        3.0964495831720069        1.0002955371945215       0.28382362273518463     
   5.2910000000000012E-004  0.41877554584786258        5.6345608477215094        3.1136482608780085        1.0002777377607164       0.29033548776602686     
   5.2920000000000007E-004  0.41677218089910484        5.6147293605174724        3.1312188817095072        1.0002559934391404       0.29638133664908045     
   5.2930000000000013E-004  0.41491171111568065        5.5946763715502392        3.1491506527707704        1.0002299459264452       0.30193482500074847     
   5.2940000000000007E-004  0.41320584313388753        5.5743304515347205        3.1674331070793365        1.0001993790904427       0.30696687909191767     
   5.2950000000000013E-004  0.41166571844936428        5.5536097643322666        3.1860561926968547        1.0001643247158922       0.31144980933439065     
   5.2960000000000008E-004  0.41030142435370881        5.5324292876577328        3.2050106596817298        1.0001250930989831       0.31536190600543379     
   5.2970000000000003E-004  0.40912161818979104        5.5107092480487125        3.2242886679210696        1.0000822131204981       0.31869049902723101     
   5.2980000000000008E-004  0.40813333168977928        5.4883837288265820        3.2438844177359600        1.0000363150802676       0.32143204198911468     
   5.2990000000000003E-004  0.40734196695555319        5.4654080924785724        3.2637945556124652       0.99998802429170375       0.32358918770088757     
   5.2999999999999998E-004  0.40675145103377947        5.4417637779154315        3.2840181616551201       0.99993792921642655       0.32516635698570190     
   5.3010000000000004E-004  0.40636449348756465        5.4174592255773106        3.3045562633212930       0.99988664176377451       0.32616608653789725     
   5.3019999999999999E-004  0.40618287123062580        5.3925261594052483        3.3254109750406493       0.99983490366393613       0.32658791555091748     
   5.3030000000000004E-004  0.40620762973146474        5.3670112309810989        3.3465844538144198       0.99978365583877049       0.32642995040434708     
   5.3039999999999999E-004  0.40643908984330873        5.3409640752183591        3.3680778392602906       0.99973400773760479       0.32569155819039769     
   5.3050000000000005E-004  0.40687662117143919        5.3144239647360827        3.3898902343159460       0.99968711208096039       0.32437506781829573     
   5.3060000000000000E-004  0.40751825699095368        5.2874081936165940        3.4120176638859410       0.99964401728440022       0.32248540449945479     
   5.3070000000000005E-004  0.40836030671427714        5.2599057636845608        3.4344519152729909       0.99960558029495628       0.32002846035883720     
   5.3080000000000000E-004  0.40939712112188548        5.2318796902475579        3.4571792519856821       0.99957247287136541       0.31701026079726108     
   5.3090000000000006E-004  0.41062111158250075        5.2032801752725373        3.4801791575307046       0.99954524033020808       0.31343858845336048     
   5.3100000000000000E-004  0.41202306776940634        5.1740688188466599        3.5034233939990114       0.99952432491501630       0.30932672404461276     
   5.3110000000000006E-004  0.41359275525674916        5.1442507383690792        3.5268756173063136       0.99950998236126554       0.30469656337944018     
   5.3120000000000001E-004  0.41531967282891952        5.1139072389007652        3.5504915221124893       0.99950210693569130       0.29957739605782890     
   5.3130000000000007E-004  0.41719373804780269        5.0832180145496544        3.5742191330303514       0.99950009211051916       0.29399856720457995     
   5.3140000000000001E-004  0.41920561399304124        5.0524613375308522        3.5979987327753453       0.99950289843527795       0.28797880396055114     
   5.3150000000000007E-004  0.42134646614744070        5.0219855290339179        3.6217622817572943       0.99950939210260292       0.28151926876807531     
   5.3160000000000002E-004  0.42360719950625936        4.9921548503247326        3.6454329040752609       0.99951879776463315       0.27460732096615204     
   5.3170000000000008E-004  0.42597758896868765        4.9632839554668813        3.6689255246938268       0.99953095168934758       0.26723187572639645     
   5.3180000000000002E-004  0.42844591343247773        4.9355814250492553        3.6921494560814945       0.99954612192180181       0.25940234788213351     
   5.3190000000000008E-004  0.43099947175477926        4.9091204036992160        3.7150126392813299       0.99956448328503278       0.25115847196778179     
   5.3200000000000003E-004  0.43362579195652184        4.8838436097832627        3.7374260998706204       0.99958563356948205       0.24256305418224122     
   5.3210000000000009E-004  0.43631390011145965        4.8595969073808636        3.7593069181061241       0.99960850977502835       0.23368113471441326     
   5.3220000000000003E-004  0.43905502234232374        4.8361772626775785        3.7805788718734501       0.99963173801092431       0.22455802377949113     
   5.3230000000000009E-004  0.44184247999430043        4.8133802587051715        3.8011712334948666       0.99965414623044668       0.21520849923579258     
   5.3240000000000004E-004  0.44467098513766445        4.7910372178945018        3.8210170673811361       0.99967512193547692       0.20562147371959871     
   5.3250000000000010E-004  0.44753578031014041        4.7690380739482396        3.8400523372995745       0.99969466493469850       0.19577542504330644     
   5.3260000000000004E-004  0.45043202331193233        4.7473405311027115        3.8582164048619862       0.99971318596713499       0.18565547965651155     
   5.3270000000000010E-004  0.45335459762745844        4.7259682015837043        3.8754536398222239       0.99973121052812641       0.17526439316745177     
   5.3280000000000005E-004  0.45629829323956905        4.7050010596810807        3.8917153430292535       0.99974914215499500       0.16462439669336498     
   5.3290000000000011E-004  0.45925817019041326        4.6845615023528353        3.9069611679894569       0.99976716239639896       0.15377161855262542     
   5.3300000000000005E-004  0.46222991089814502        4.6647989511343777        3.9211595769648198       0.99978525744104152       0.14274727380254851     
   5.3310000000000011E-004  0.46521004136441724        4.6458753447329606        3.9342873085646328       0.99980331023581925       0.13158965659396621     
   5.3320000000000006E-004  0.46819599257313577        4.6279530955591444        3.9463281448041565       0.99982119445842421       0.12032922211978873     
   5.3330000000000012E-004  0.47118603721147478        4.6111862519729367        3.9572713686903889       0.99983883353900382       0.10898710150771913     
   5.3340000000000006E-004  0.47417916014241523        4.5957148961453278        3.9671102428195670       0.99985621832469385        9.7576143593356313E-002
   5.3350000000000012E-004  0.47717491399887280        4.5816623342177500        3.9758407067416304       0.99987339547556475        8.6103198364164427E-002
   5.3360000000000007E-004  0.48017329117838914        4.5691344122977124        3.9834603626764906       0.99989044317930731        7.4571574357117046E-002
   5.3370000000000012E-004  0.48317462388436588        4.5582202626427080        3.9899677333052974       0.99990744695846190        6.2983046261520209E-002
   5.3380000000000007E-004  0.48617951099164014        4.5489938699418921        3.9953617360285145       0.99992448210603035        5.1339197031041797E-002
   5.3390000000000002E-004  0.48918876471222050        4.5415159801307503        3.9996413124677384       0.99994160421150513        3.9642141657499734E-002
   5.3400000000000008E-004  0.49220336909532436        4.5358360057085498        4.0028051638181577       0.99995884649860489        2.7894795771310380E-002
   5.3410000000000003E-004  0.49522444393855680        4.5319936896424942        4.0048515595467480       0.99997622175600875        1.6100864036129533E-002
   5.3419999999999997E-004  0.49825320999850053        4.5300203738753542        4.0057782016158026       0.99999372687956001        4.2646860169451703E-003
   5.3430000000000003E-004  0.50129095346569197        4.5299397772313448        4.0055821365413156        1.0000113486617759       -7.6089756544541537E-003
   5.3439999999999998E-004  0.50433898913930941        4.5317682262549646        4.0042597129534503        1.0000290701499597       -1.9515167848864746E-002
   5.3450000000000004E-004  0.50739862256568580        4.5355143083883451        4.0018065842627939        1.0000468773658535       -3.1448994528434117E-002
   5.3459999999999998E-004  0.51047111167632209        4.5411779373334760        3.9982177561968246        1.0000647663734936       -4.3405886054894906E-002
   5.3470000000000004E-004  0.51355762825371021        4.5487488422907365        3.9934876792498186        1.0000827505483321       -5.5381887359861721E-002
   5.3479999999999999E-004  0.51665921886059418        4.5582045222268661        3.9876103886147836        1.0001008673920968       -6.7373928324065080E-002
   5.3490000000000005E-004  0.51977676359088554        4.5695077534704627        3.9805797014176596        1.0001191832824829       -7.9379977578622252E-002
   5.3499999999999999E-004  0.52291092900791136        4.5826038124766182        3.9723894953009951        1.0001377934287579       -9.1398902264767851E-002
   5.3510000000000005E-004  0.52606210910243678        4.5974176782925351        3.9630341145306476        1.0001568133155416      -0.10342977602431369     
   5.3520000000000000E-004  0.52923034567056615        4.6138516254766291        3.9525089769928230        1.0001763581946701      -0.11547035235575864     
   5.3530000000000006E-004  0.53241521876360409        4.6317838108217231        3.9408114774382415        1.0001965101335895      -0.12751452748315278     
   5.3540000000000000E-004  0.53561570160294791        4.6510686836069617        3.9279422790007308        1.0002172793391260      -0.13954895566601436     
   5.3550000000000006E-004  0.53882998632020784        4.6715402647523057        3.9139070277313439        1.0002385776912981      -0.15154959561722403     
   5.3560000000000001E-004  0.54205530954479830        4.6930194511210512        3.8987183883568259        1.0002602331031893      -0.16347974441350993     
   5.3570000000000007E-004  0.54528783671449965        4.7153263542753514        3.8823980884800919        1.0002820721500858      -0.17529164796501343     
   5.3580000000000001E-004  0.54852268721519415        4.7382980860455000        3.8649784431247327        1.0003040709536590      -0.18693335959917914     
   5.3590000000000007E-004  0.55175417185720976        4.7618111925184916        3.8465027607170739        1.0003265171216047      -0.19836051063615909     
   5.3600000000000002E-004  0.55497623921025629        4.7858061079138920        3.8270242786981137        1.0003500638013914      -0.20954919468896760     
   5.3610000000000007E-004  0.55818298093055374        4.8103088428570082        3.8066038938213658        1.0003755517372468      -0.22050295787941049     
   5.3620000000000002E-004  0.56136888543766539        4.8354432737723112        3.7853077080324362        1.0004035776351319      -0.23124686772339478     
   5.3630000000000008E-004  0.56452849028823204        4.8614267261892365        3.7632057955066083        1.0004339771881874      -0.24180698718941601     
   5.3640000000000003E-004  0.56765530776213791        4.8885430138750685        3.7403731174710537        1.0004655502222430      -0.25218302108997304     
   5.3650000000000008E-004  0.57074037564020252        4.9170916657456196        3.7168921613329129        1.0004963239858418      -0.26232971532850480     
   5.3660000000000003E-004  0.57377124325959417        4.9473201160976501        3.6928553970093696        1.0005243457119413      -0.27216137827398562     
   5.3670000000000009E-004  0.57673221510415840        4.9793553650918820        3.6683651878802670        1.0005485434293155      -0.28158077073848869     
   5.3680000000000004E-004  0.57960602572747710        5.0131577438390842        3.6435300456718167        1.0005689808217479      -0.29051571654718683     
   5.3690000000000009E-004  0.58237612084946566        5.0485154967833896        3.6184584074198467        1.0005862183577692      -0.29893897818820647     
   5.3700000000000004E-004  0.58502814602480069        5.0850837955291759        3.5932526622292311        1.0006002682680211      -0.30685849555566869     
   5.3710000000000010E-004  0.58754974001036353        5.1224534929346017        3.5680056714577679        1.0006100302233756      -0.31428774292984629     
   5.3720000000000005E-004  0.58992898323119169        5.1602247767947524        3.5428000343799022        1.0006136487882449      -0.32121986441470368     
   5.3730000000000010E-004  0.59215276392014271        5.1980633661427706        3.5177086546395038        1.0006093970643652      -0.32762245503345255     
   5.3740000000000005E-004  0.59420619324618928        5.2357276536878299        3.4927950205916889        1.0005963397413509      -0.33345102112476205     
   5.3750000000000011E-004  0.59607329007698195        5.2730671289188127        3.4681127030211329        1.0005743725560465      -0.33866629472468113     
   5.3760000000000006E-004  0.59773834258859460        5.3100006380566231        3.4437046753613290        1.0005438295225744      -0.34324229305869769     
   5.3770000000000011E-004  0.59918717695322665        5.3464862448556136        3.4196032881042240        1.0005051523250290      -0.34716331480183810     
   5.3780000000000006E-004  0.60040788878642992        5.3824935030757004        3.3958311666838856        1.0004589077853985      -0.35041736212960239     
   5.3790000000000012E-004  0.60139105874943655        5.4179853622447229        3.3724026749108305        1.0004060239287906      -0.35299367307791563     
   5.3800000000000007E-004  0.60212971687877259        5.4529121763950972        3.3493254194757318        1.0003479216497440      -0.35488565948480649     
   5.3810000000000001E-004  0.60261925619960344        5.4872159459160592        3.3266015405641238        1.0002863575215144      -0.35609475778968719     
   5.3820000000000007E-004  0.60285732669236214        5.5208403509667079        3.3042288940250826        1.0002230691321543      -0.35663021588847937     
   5.3830000000000002E-004  0.60284359761907702        5.5537416652597837        3.2822023692093061        1.0001594788683406      -0.35650405982278982     
   5.3839999999999997E-004  0.60257931975523893        5.5858969075636349        3.2605154326849979        1.0000966273487142      -0.35572481419215934     
   5.3850000000000002E-004  0.60206688674765352        5.6173075856234860        3.2391617245944300        1.0000353018687287      -0.35429412160092510     
   5.3859999999999997E-004  0.60130972566008967        5.6479990435047753        3.2181363953723974       0.99997621730817920      -0.35220797811767207     
   5.3870000000000003E-004  0.60031262902884841        5.6780163237460481        3.1974369222578143       0.99992012706278277      -0.34946160547217098     
   5.3879999999999998E-004  0.59908230096599402        5.7074177300637281        3.1770633191721216       0.99986781084519549      -0.34605540106247762     
   5.3890000000000003E-004  0.59762777253498101        5.7362672681139806        3.1570178503486654       0.99981995650102617      -0.34199915209864146     
   5.3899999999999998E-004  0.59596047835431376        5.7646270217191873        3.1373044972154673       0.99977701338423286      -0.33731267548166050     
   5.3910000000000004E-004  0.59409391771477826        5.7925503262032816        3.1179284552327826       0.99973911497486545      -0.33202300233683169     
   5.3919999999999999E-004  0.59204294612040753        5.8200763698227593        3.0988958468505197       0.99970611375024354      -0.32615991906715486     
   5.3930000000000004E-004  0.58982290469046572        5.8472266203206811        3.0802136934300730       0.99967769836494602      -0.31975202505728023     
   5.3939999999999999E-004  0.58744888276668439        5.8740032461437934        3.0618900757592113       0.99965352917869510      -0.31282464029328466     
   5.3950000000000005E-004  0.58493533408610121        5.9003894820261564        3.0439343709752174       0.99963334021807770      -0.30539975419467924     
   5.3960000000000000E-004  0.58229607258509319        5.9263516930951923        3.0263574711987764       0.99961698694881052      -0.29749744461341932     
   5.3970000000000005E-004  0.57954448563329275        5.9518427326562264        3.0091719297902806       0.99960444360441603      -0.28913796263774083     
   5.3980000000000000E-004  0.57669373744907548        5.9768060746227931        2.9923920165646347       0.99959576259052507      -0.28034373758064901     
   5.3990000000000006E-004  0.57375681809222834        6.0011801451930751        2.9760336874307955       0.99959101165902919      -0.27114070005338198     
   5.4000000000000001E-004  0.57074641899794620        6.0249023062371965        2.9601144913386030       0.99959020800718412      -0.26155855738526751     
   5.4010000000000006E-004  0.56767470488895588        6.0479120598191436        2.9446534477483772       0.99959326793033587      -0.25162997470885062     
   5.4020000000000001E-004  0.56455307695048340        6.0701532317680922        2.9296709278850290       0.99959998505279968      -0.24138894771780769     
   5.4030000000000007E-004  0.56139199744446300        6.0915750968990121        2.9151885602220626       0.99961003936259063      -0.23086888265312694     
   5.4040000000000002E-004  0.55820090272519063        6.1121325485844746        2.9012291570384501       0.99962302905117151      -0.22010094142453712     
   5.4050000000000007E-004  0.55498819447450420        6.1317855282658300        2.8878166378802801       0.99963851160685335      -0.20911305611704822     
   5.4060000000000002E-004  0.55176127978090350        6.1504979960479584        2.8749759151915741       0.99965604129441210      -0.19792974999229412     
   5.4070000000000008E-004  0.54852663053499384        6.1682367371652873        2.8627327103483755       0.99967519518179504      -0.18657263489392001     
   5.4080000000000003E-004  0.54528984183469398        6.1849702710677299        2.8511132836063098       0.99969558603926056      -0.17506127949931213     
   5.4090000000000008E-004  0.54205568107447788        6.2006680636771137        2.8401440826479503       0.99971686540216065      -0.16341410163415301     
   5.4100000000000003E-004  0.53882812893480381        6.2153001528966367        2.8298513336835334       0.99973872199484892      -0.15164901466365382     
   5.4110000000000009E-004  0.53561041805908449        6.2288371989463478        2.8202606105499486       0.99976087997899343      -0.13978370112855443     
   5.4120000000000004E-004  0.53240507503972367        6.2412508809738974        2.8113964186233940       0.99978309927958253      -0.12783553381619883     
   5.4130000000000009E-004  0.52921396875129512        6.2525145069028962        2.8032818233156482       0.99980517799679791      -0.11582126367649710     
   5.4140000000000004E-004  0.52603836529020076        6.2626036953136950        2.7959381415966535       0.99982695550934775      -0.10375662583492383     
   5.4150000000000010E-004  0.52287898798508670        6.2714970077246956        2.7893847029557191       0.99984831461170054       -9.1655991162416850E-002
   5.4160000000000005E-004  0.51973608030173701        6.2791764489567186        2.7836386766430468       0.99986918158041949       -7.9532139509175787E-002
   5.4170000000000010E-004  0.51660946962861665        2.4424894526138274E-003   2.7787149560044444       0.99988952388291108       -6.7396178366067136E-002
   5.4180000000000005E-004  0.51349863044016386        7.6554516830853458E-003   2.7746260881036560       0.99990934586506452       -5.5257593398038214E-002
   5.4190000000000011E-004  0.51040274591152834        1.1623679906634266E-002   2.7713822367704304       0.99992868312757410       -4.3124399336641951E-002
   5.4200000000000006E-004  0.50732076751396604        1.4344681428525519E-002   2.7689911685881099       0.99994759628182062       -3.1003355429127070E-002
   5.4210000000000011E-004  0.50425147246965718        1.5819685552257212E-002   2.7674582534832672       0.99996616471144573       -1.8900216362722232E-002
   5.4220000000000006E-004  0.50119351921369126        1.6053516097999321E-002   2.7667864735931458       0.99998448062287248       -6.8199990495274301E-003
   5.4230000000000001E-004  0.49814550116493989        1.5054504103144239E-002   2.7669764357091973        1.0000026434540590        5.2327460731997405E-003
   5.4240000000000007E-004  0.49510599916089654        1.2834462523077406E-002   2.7680263842944797        1.0000207546358792        1.7253663086200799E-002
   5.4250000000000001E-004  0.49207363293827561        9.4087293206488454E-003   2.7699322135590365        1.0000389125636817        2.9238318274716783E-002
   5.4259999999999996E-004  0.48904711206092760        4.7962656933862036E-003   2.7726874784112101        1.0000572075973200        4.1181926805127451E-002
   5.4270000000000002E-004  0.48602528671006573        6.2822050843891848        2.7762834054662231        1.0000757169385339        5.3079079541586228E-002
   5.4279999999999997E-004  0.48300719874748249        6.2752911170619932        2.7807089067983766        1.0000944993273995        6.4923475642217551E-002
   5.4290000000000002E-004  0.47999213341191566        6.2672700703044377        2.7859506008975323        1.0001135896646749        7.6707674573569889E-002
   5.4299999999999997E-004  0.47697967186357998        6.2581760666568993        2.7919928473302984        1.0001329938235881        8.8422889597148460E-002
   5.4310000000000003E-004  0.47396974453024876        6.2480466253625924        2.7988178035775655        1.0001526841080088       0.10005885167947902     
   5.4319999999999998E-004  0.47096268482207354        6.2369221136679887        2.8064055145107414        1.0001725959538168       0.11160377645579959     
   5.4330000000000003E-004  0.46795928223601158        6.2248449913725459        2.8147340458796721        1.0001926263634724       0.12304445664144510     
   5.4339999999999998E-004  0.46496083316130404        6.2118589129271307        2.8237796720962374        1.0002126342291806       0.13436648132141851     
   5.4350000000000004E-004  0.46196918705988105        6.1980078050395431        2.8335171248006881        1.0002324422514275       0.14555454850632438     
   5.4359999999999999E-004  0.45898678547489241        6.1833350818143167        2.8439199018623071        1.0002518396485032       0.15659279852143532     
   5.4370000000000004E-004  0.45601669199805606        6.1678831771965612        2.8549606272447718        1.0002705846696813       0.16746506811039730     
   5.4379999999999999E-004  0.45306261322922831        6.1516935513546152        2.8666114424116214        1.0002884063247817       0.17815496692973656     
   5.4390000000000005E-004  0.45012891363061031        6.1348072576411479        2.8788444025494049        1.0003050057221152       0.18864572035471658     
   5.4400000000000000E-004  0.44722062988858824        6.1172660514666859        2.8916318487548125        1.0003200587501049       0.19891980068164145     
   5.4410000000000005E-004  0.44434349095804043        6.0991138879658102        2.9049467313689155        1.0003332224776091       0.20895845851901818     
   5.4420000000000000E-004  0.44150394628400552        6.0803985227626729        2.9187628688350000        1.0003441473439572       0.21874132879566854     
   5.4430000000000006E-004  0.43870919628949206        6.0611728605311548        2.9330551392917128        1.0003524956108856       0.22824628666720481     
   5.4440000000000001E-004  0.43596720845960907        6.0414956937913775        2.9477996132072102        1.0003579637935691       0.23744965824208702     
   5.4450000000000006E-004  0.43328669468065062        6.0214315403944116        2.9629736407957368        1.0003603045189511       0.24632677607694800     
   5.4460000000000001E-004  0.43067702727617124        6.0010494026395627        2.9785559065935243        1.0003593423404873       0.25485275733576118     
   5.4470000000000007E-004  0.42814808851411262        5.9804204123809175        2.9945264571409340        1.0003549793296440       0.26300332246497210     
   5.4480000000000002E-004  0.42571007921185983        5.9596144727207854        3.0108667002652876        1.0003471886775066       0.27075548031755914     
   5.4490000000000007E-004  0.42337334120216463        5.9386961420053943        3.0275593698855006        1.0003359968509786       0.27808795187667190     
   5.4500000000000002E-004  0.42114825702415065        5.9177201200221905        3.0445884497210058        1.0003214562741647       0.28498124686419879     
   5.4510000000000008E-004  0.41904526225664351        5.8967267924874474        3.0619390525972792        1.0003036120960909       0.29141733198919167     
   5.4520000000000002E-004  0.41707494408956008        5.8757383503524547        3.0795972572443739        1.0002824698562363       0.29737887749216407     
   5.4530000000000008E-004  0.41524813171527752        5.8547560007880541        3.0975499117971244        1.0002579757781127       0.30284821294385372     
   5.4540000000000003E-004  0.41357585171708988        5.8337587282106433        3.1157844265277439        1.0002300240302149       0.30780635976150622     
   5.4550000000000009E-004  0.41206905505755392        5.8127039484521443        3.1342885980164512        1.0001984997270208       0.31223270264884773     
   5.4560000000000003E-004  0.41073811875646360        5.7915302292805091        3.1530505245988638        1.0001633515736283       0.31610581039613123     
   5.4570000000000009E-004  0.40959224678659700        5.7701620183990698        3.1720586729662750        1.0001246700856208       0.31940552103510905     
   5.4580000000000004E-004  0.40863897354411038        5.7485160373333315        3.1913021249802709        1.0000827372595780       0.32211576926763374     
   5.4590000000000010E-004  0.40788394839236730        5.7265087174239415        3.2107709708701027        1.0000380206681994       0.32422705830098864     
   5.4600000000000004E-004  0.40733105746463849        5.7040638501699270        3.2304567388950041       0.99999111129400875       0.32573735554803784     
   5.4610000000000010E-004  0.40698278361441792        5.6811195551276743        3.2503526969565111       0.99994263692872276       0.32665073051457238     
   5.4620000000000005E-004  0.40684060377485454        5.6576337269684522        3.2704538621917680       0.99989320200691034       0.32697410043155201     
   5.4630000000000011E-004  0.40690522946788732        5.6335872487722618        3.2907566237515931       0.99984339497761787       0.32671351185694980     
   5.4640000000000005E-004  0.40717659631189534        5.6089844112164027        3.3112580026667335       0.99979386410929916       0.32587182856106978     
   5.4650000000000000E-004  0.40765363415179690        5.5838501914063716        3.3319546894872709       0.99974541241602155       0.32444909732645116     
   5.4660000000000006E-004  0.40833393418557612        5.5582244266828642        3.3528420545805635       0.99969903774050539       0.32244542691620542     
   5.4670000000000001E-004  0.40921345288311084        5.5321535534789756        3.3739132849387903       0.99965586673788187       0.31986473783505931     
   5.4679999999999996E-004  0.41028637693982695        5.5056814060036992        3.3951586840276220       0.99961699398122350       0.31671718141438820     
   5.4690000000000001E-004  0.41154521741171318        5.4788413356507846        3.4165650456501009       0.99958329821032177       0.31301882176598206     
   5.4699999999999996E-004  0.41298110619648321        5.4516522714490510        3.4381149584280255       0.99955532648573553       0.30878885095399339     
   5.4710000000000002E-004  0.41458419512428324        5.4241210158470867        3.4597859623116527       0.99953330038025279       0.30404618392803456     
   5.4719999999999997E-004  0.41634405329640567        5.3962519877012642        3.4815496436259807       0.99951722229884055       0.29880771410191764     
   5.4730000000000002E-004  0.41825000499529064        5.3680638236513367        3.5033709165859364       0.99950699316696756       0.29308930486394608     
   5.4739999999999997E-004  0.42029140067865189        5.3396098891510224        3.5252077586015562       0.99950245019957673       0.28690843249876286     
   5.4750000000000003E-004  0.42245783143463084        5.3109973362400265        3.5470114881076196       0.99950330520796993       0.28028590804209957     
   5.4759999999999997E-004  0.42473926954061825        5.2823979506270504        3.5687274035123688       0.99950905307156712       0.27324457114760137     
   5.4770000000000003E-004  0.42712607122707313        5.2540449163261336        3.5902954535659104       0.99951895839704497       0.26580518636282396     
   5.4779999999999998E-004  0.42960878869216945        5.2262132738266160        3.6116507365091097       0.99953217588043308       0.25798243644572816     
   5.4790000000000004E-004  0.43217784263116099        5.1991872074281265        3.6327239597519703       0.99954794919001733       0.24978464941452561     
   5.4799999999999998E-004  0.43482324366265351        5.1732221043527407        3.6534422605929548       0.99956575748007592       0.24121867280178455     
   5.4810000000000004E-004  0.43753459682026058        5.1485113809118221        3.6737307363294995       0.99958530892117270       0.23229752468657811     
   5.4819999999999999E-004  0.44030150177428107        5.1251664773230736        3.6935146567404415       0.99960639490596603       0.22304606147446474     
   5.4830000000000005E-004  0.44311422985119292        5.1032139322117924        3.7127218961916784       0.99962871758812666       0.21350086601261362     
   5.4839999999999999E-004  0.44596437996368415        5.0826080757278636        3.7312849344025558       0.99965181022222405       0.20370412387891396     
   5.4850000000000005E-004  0.44884522744171662        5.0632538875423769        3.7491419529745107       0.99967509111336950       0.19369477779333255     
   5.4860000000000000E-004  0.45175166100083630        5.0450331961109978        3.7662369604485688       0.99969800012541798       0.18350137749908793     
   5.4870000000000006E-004  0.45467980549079073        5.0278284409923550        3.7825192500949791       0.99972012981638647       0.17313948246665742     
   5.4880000000000000E-004  0.45762653472241599        5.0115405219070599        3.7979426477649190       0.99974128953626762       0.16261378548522074     
   5.4890000000000006E-004  0.46058906539689315        4.9960995994061754        3.8124649269090694       0.99976149142066273       0.15192308829186599     
   5.4900000000000001E-004  0.46356473526784059        4.9814693885424344        3.8260475608489641       0.99978088499569218       0.14106566970931553     
   5.4910000000000007E-004  0.46655097000678025        4.9676463685717742        3.8386557776138708       0.99979967796610769       0.13004319718902263     
   5.4920000000000001E-004  0.46954537793464873        4.9546555856891956        3.8502587612150228       0.99981807217521790       0.11886243490414684     
   5.4930000000000007E-004  0.47254589259689012        4.9425445881260313        3.8608298220248574       0.99983622747739065       0.10753497051854212     
   5.4940000000000002E-004  0.47555089857298577        4.9313767159545545        3.8703464092724271       0.99985425202780254        9.6075705770201594E-002
   5.4950000000000008E-004  0.47855930557952098        4.9212246091455896        3.8787899161601556       0.99987220995327120        8.4500932215849325E-002
   5.4960000000000002E-004  0.48157056384810931        4.9121644681484913        3.8861452963414402       0.99989013615241373        7.2826606599429938E-002
   5.4970000000000008E-004  0.48458463160233523        4.9042713304696708        3.8924005514907694       0.99990805070497879        6.1067142616251867E-002
   5.4980000000000003E-004  0.48760191224352889        4.8976154213279894        3.8975461623878913       0.99992596921103150        4.9234782342848768E-002
   5.4990000000000008E-004  0.49062317779859493        4.8922594929253052        3.9015745287333958       0.99994390849998305        3.7339456503655229E-002
   5.5000000000000003E-004  0.49364949038339195        4.8882569826612325        3.9044794665101481       0.99996188875093628        2.5388984238665126E-002
   5.5010000000000009E-004  0.49668212804166306        4.8856507884175659        3.9062557942827714       0.99997993357011439        1.3389473286480621E-002
   5.5020000000000004E-004  0.49972251697706521        4.8844724633997743        3.9068990262225434       0.99999806924032275        1.3458187631629937E-003
   5.5030000000000009E-004  0.50277216934062496        4.8847416655351470        3.9064051809319169        1.0000163238656861       -1.0737755774427194E-002
   5.5040000000000004E-004  0.50583262411982965        4.8864657498340929        3.9047707111944829        1.0000347265793568       -2.2857133538504902E-002
   5.5050000000000010E-004  0.50890538785547190        4.8896394601235791        3.9019925588022590        1.0000533066570017       -3.5007713876608337E-002
   5.5060000000000005E-004  0.51199187156662562        4.8942447545160466        3.8980683387174166        1.0000720923049418       -4.7183790950495595E-002
   5.5070000000000000E-004  0.51509332034840571        4.9002508827468638        3.8929966558340428        1.0000911091209608       -5.9377914822437643E-002
   5.5080000000000005E-004  0.51821073293129649        4.9076149164098926        3.8867775532072768        1.0001103788295744       -7.1580288806437659E-002
   5.5090000000000000E-004  0.52134477069318463        4.9162830075974622        3.8794130801698596        1.0001299197232061       -8.3778320062502548E-002
   5.5099999999999995E-004  0.52449565997187231        4.9261927040805968        3.8709079512166182        1.0001497511022530       -9.5956504550008787E-002
   5.5110000000000001E-004  0.52766309844354065        4.9372766554871568        3.8612702423985157        1.0001699042302585      -0.10809687476797140     
   5.5119999999999995E-004  0.53084618497329805        4.9494679776509098        3.8505120469392704        1.0001904410031117      -0.12018020506272957     
   5.5130000000000001E-004  0.53404339943335766        4.9627073721585493        3.8386499969314487        1.0002114777069404      -0.13218800614078804     
   5.5139999999999996E-004  0.53725265830154811        4.9769518014435352        3.8257055693123045        1.0002332050853155      -0.14410501186766250     
   5.5150000000000002E-004  0.54047145548701714        4.9921840851209733        3.8117051462154845        1.0002558894810558      -0.15592141611800103     
   5.5159999999999996E-004  0.54369706079323232        5.0084222194127879        3.7966798934366111        1.0002798376968722      -0.16763372885698771     
   5.5170000000000002E-004  0.54692669618038348        5.0257265744643522        3.7806656308772433        1.0003053161342170      -0.17924308207237563     
   5.5179999999999997E-004  0.55015756415197170        5.0442025281877623        3.7637029393546593        1.0003324348986686      -0.19075042432541869     
   5.5190000000000003E-004  0.55338660186970723        5.0639958175498947        3.7458377087180512        1.0003610363649398      -0.20214938752192169     
   5.5199999999999997E-004  0.55660991607763588        5.0852783157007870        3.7271221391763634        1.0003906485434548      -0.21341929399054879     
   5.5210000000000003E-004  0.55982201773916207        5.1082235375233580        3.7076158977686400        1.0004205552142362      -0.22452185393748403     
   5.5219999999999998E-004  0.56301515579304917        5.1329741450913104        3.6873868508701788        1.0004499786221945      -0.23540439823920273     
   5.5230000000000003E-004  0.56617912088729605        5.1596074994679224        3.6665107512261326        1.0004782838278861      -0.24600949186278445     
   5.5239999999999998E-004  0.56930173452777322        5.1881082460425052        3.6450695841582670        1.0005050616808819      -0.25628672146971349     
   5.5250000000000004E-004  0.57236986528623857        5.2183569062006327        3.6231488575247282        1.0005300052741848      -0.26620029877861551     
   5.5259999999999999E-004  0.57537045749098514        5.2501394031520316        3.6008345950448790        1.0005526484878766      -0.27572822279295972     
   5.5270000000000004E-004  0.57829103382412550        5.2831756088664061        3.5782108193897839        1.0005721635007525      -0.28485420030014547     
   5.5279999999999999E-004  0.58111948299690319        5.3171585850608221        3.5553578657962834        1.0005873909388949      -0.29355835797768198     
   5.5290000000000005E-004  0.58384340348855557        5.3517932857499471        3.5323512974111035        1.0005970971238909      -0.30181308111036798     
   5.5300000000000000E-004  0.58644951296608072        5.3868249561962038        3.5092609407048352        1.0006002648567434      -0.30958570458395046     
   5.5310000000000005E-004  0.58892348913524495        5.4220520884158443        3.4861497764438232        1.0005962158229753      -0.31684430183592394     
   5.5320000000000000E-004  0.59125022566540764        5.4573243809116381        3.4630728491157980        1.0005845383678067      -0.32356133191814257     
   5.5330000000000006E-004  0.59341425503005441        5.4925305868815535        3.4400765970906511        1.0005649631214351      -0.32971294894937558     
   5.5340000000000001E-004  0.59540014804422525        5.5275830633156851        3.4171988738462642        1.0005373518822729      -0.33527595527496973     
   5.5350000000000006E-004  0.59719288567452944        5.5624050018594904        3.3944695851168238        1.0005018364695228      -0.34022612865663027     
   5.5360000000000001E-004  0.59877831495260148        5.5969237125675040        3.3719116186521378        1.0004589906270509      -0.34453998603241598     
   5.5370000000000007E-004  0.60014373632823903        5.6310702704095394        3.3495417606486360        1.0004098777701955      -0.34819883851490835     
   5.5380000000000002E-004  0.60127850430520946        5.6647835173188721        3.3273714966020047        1.0003559153345711      -0.35119210030037329     
   5.5390000000000007E-004  0.60217442380357966        5.6980155772271228        3.3054077918445066        1.0002986273774350      -0.35351748714927950     
   5.5400000000000002E-004  0.60282575027223129        5.7307364634064797        3.2836540088377153        1.0002394158853283      -0.35517799676512496     
   5.5410000000000008E-004  0.60322878313995609        5.7629363853449469        3.2621110313469512        1.0001794439829375      -0.35617751875602494     
   5.5420000000000003E-004  0.60338129355133951        5.7946253891116513        3.2407785145607213        1.0001196362597136      -0.35651735567805454     
   5.5430000000000008E-004  0.60328217312470456        5.8258306519558865        3.2196560796778626        1.0000607408873383      -0.35619496981303628     
   5.5440000000000003E-004  0.60293156051584795        5.8565920704916046        3.1987442678340501        1.0000034031246809      -0.35520511709700653     
   5.5450000000000009E-004  0.60233134314626180        5.8869568481432797        3.1780451286764047       0.99994822325087107      -0.35354285923943873     
   5.5460000000000004E-004  0.60148570627577314        5.9169737582668009        3.1575624042564900       0.99989577284272946      -0.35120739948119367     
   5.5470000000000009E-004  0.60040145018040125        5.9466876928571750        3.1373013659607700       0.99984655745747841      -0.34820518856472144     
   5.5480000000000004E-004  0.59908793853856845        5.9761349937611588        3.1172684509253523       0.99980094908063266      -0.34455091157806716     
   5.5489999999999999E-004  0.59755668592243194        6.0053399176987039        3.0974708875798806       0.99975913503255631      -0.34026591088208680     
   5.5500000000000005E-004  0.59582070664792730        6.0343124278569800        3.0779164755218464       0.99972112350633979      -0.33537481039372052     
   5.5509999999999999E-004  0.59389381175358735        6.0630473816006401        3.0586136036919056       0.99968681487403144      -0.32990191151584325     
   5.5519999999999994E-004  0.59179004411707548        6.0915250792347990        3.0395714890966907       0.99965611102745466      -0.32386893392429866     
   5.5530000000000000E-004  0.58952337526606646        6.1197130185393327        3.0208005399049336       0.99962901591440456      -0.31729493651143131     
   5.5539999999999995E-004  0.58710764519411873        6.1475685709170342        3.0023127181090437       0.99960568437411035      -0.31019822177154577     
   5.5550000000000000E-004  0.58455661955441884        6.1750421781590035        2.9841218025033540       0.99958639740239974      -0.30259912693590207     
   5.5559999999999995E-004  0.58188402682250484        6.2020805874928762        2.9662435167833832       0.99957147492921850      -0.29452224377010744     
   5.5570000000000001E-004  0.57910350121778831        6.2286296423909135        2.9486955572168636       0.99956116526292071      -0.28599696039232708     
   5.5579999999999996E-004  0.57622843653832345        6.2546362511060831        2.9314975954471323       0.99955555832864362      -0.27705608231517442     
   5.5590000000000001E-004  0.57327180076788731        6.2800493528365529        2.9146713258129906       0.99955455468868526      -0.26773321837273018     
   5.5600000000000007E-004  0.57024595729669592        2.1634627568825948E-002   2.8982405786536960       0.99955789241874393      -0.25806014038580660     
   5.5610000000000002E-004  0.56716251282228902        4.5715031265149975E-002   2.8822314574593886       0.99956520698669937      -0.24806521119734964     
   5.5620000000000008E-004  0.56403220476510596        6.9057872550791544E-002   2.8666724127660785       0.99957609025590521      -0.23777333713831941     
   5.5630000000000002E-004  0.56086484063717557        9.1614891263809284E-002   2.8515941620146239       0.99959012628141952      -0.22720717151728873     
   5.5640000000000008E-004  0.55766929152216138       0.11333599737743860        2.8370294016082487       0.99960689998385899      -0.21638883737960815     
   5.5650000000000003E-004  0.55445352618709598       0.13416874202527040        2.8230123165720875       0.99962598969625127      -0.20534138717901643     
   5.5660000000000009E-004  0.55122466220557864       0.15405838601504129        2.8095779463583437       0.99964695849749208      -0.19408947956560149     
   5.5670000000000003E-004  0.54798901176531178       0.17294864129553744        2.7967614934747025       0.99966935544892321      -0.18265914918775236     
   5.5680000000000009E-004  0.54475210885845482       0.19078302972492267        2.7845976595889752       0.99969272974299028      -0.17107689212101759     
   5.5690000000000004E-004  0.54151871686999586       0.20750667078028151        2.7731200692267164       0.99971665340683202      -0.15936847057447817     
   5.5700000000000009E-004  0.53829282781912435       0.22306822155166017        2.7623608079193103       0.99974074502830479      -0.14755782777897886     
   5.5710000000000004E-004  0.53507766742883101       0.23742167486352983        2.7523500733251853       0.99976468772159277      -0.13566636298044532     
   5.5720000000000010E-004  0.53187571623704488       0.25052776458744752        2.7431159209990419       0.99978823795028582      -0.12371263906991700     
   5.5730000000000005E-004  0.52868875080527433       0.26235483376844826        2.7346840825329588       0.99981122552138257      -0.11171245298785823     
   5.5740000000000010E-004  0.52551790332882597       0.27287913000271224        2.7270778373053526       0.99983354710693839       -9.9679131638865492E-002
   5.5750000000000005E-004  0.52236373427411609       0.28208456312773933        2.7203179243821691       0.99985515624450083       -8.7623918728474665E-002
   5.5760000000000011E-004  0.51922631142680375       0.28996201398070909        2.7144224859838704       0.99987605232439847       -7.5556358408461727E-002
   5.5770000000000006E-004  0.51610528944607581       0.29650831763200358        2.7094070368592686       0.99989627018498617       -6.3484629008311394E-002
   5.5780000000000011E-004  0.51299998578675665       0.30172506093133400        2.7052844549758022       0.99991587111763192       -5.1415815481154765E-002
   5.5790000000000006E-004  0.50990945082534689       0.30561733403442837        2.7020649888681501       0.99993493547580581       -3.9356128921295169E-002
   5.5800000000000012E-004  0.50683253167223807       0.30819256284999774        2.6997562766602985       0.99995355681002940       -2.7311088627702526E-002
   5.5810000000000007E-004  0.50376793022862354       0.30945952747429573        2.6983633716102284       0.99997183727496664       -1.5285681003399443E-002
   5.5820000000000012E-004  0.50071425659455449       0.30942764491295449        2.6978887693759526       0.99998988401684930       -3.2845058963225315E-003
   5.5830000000000007E-004  0.49767007908714178       0.30810656671967429        2.6983324330216174        1.0000078062540412        8.6880833623320143E-003
   5.5840000000000013E-004  0.49463397210287646       0.30550611810973116        2.6996918131087995        1.0000257127862302        2.0627843695733193E-002
   5.5850000000000008E-004  0.49160456296392763       0.30163658122623360        2.7019618617561338        1.0000437096704418        3.2530508919222316E-002
   5.5860000000000003E-004  0.48858057881598632       0.29650930192862823        2.7051350411494512        1.0000618978108431        4.4391658329442106E-002
   5.5870000000000008E-004  0.48556089462619695       0.29013757580624322        2.7092013284657614        1.0000803702059597        5.6206584283506868E-002
   5.5880000000000003E-004  0.48254458332452377       0.28253774389555453        2.7141482203267908        1.0000992085751201        6.7970151515022170E-002
   5.5890000000000009E-004  0.47953096905277320       0.27373040191031883        2.7199607405165618        1.0001184790562725        7.9676634806178176E-002
   5.5900000000000004E-004  0.47651968420411889       0.26374160054518825        2.7266214547364176        1.0001382266607142        9.1319516397880759E-002
   5.5909999999999998E-004  0.47351073025758494       0.25260389009869044        2.7341104956422795        1.0001584682127842       0.10289122127929899     
   5.5920000000000004E-004  0.47050454129992264       0.24035705023525189        2.7424056008792133        1.0001791837880842       0.11438277652605741     
   5.5929999999999999E-004  0.46750204764167552       0.22704834918630290        2.7514821669816252        1.0002003071130199       0.12578339984071057     
   5.5940000000000004E-004  0.46450473545737325       0.21273220425315209        2.7613133237273719        1.0002217161245750       0.13708005965295705     
   5.5949999999999999E-004  0.46151469747283669       0.19746917449071866        2.7718700374906167        1.0002432257476417       0.14825709534925299     
   5.5960000000000005E-004  0.45853467007125670       0.18132430908107011        2.7831212581434892        1.0002645854936647       0.15929602712185387     
   5.5970000000000000E-004  0.45556805425091862       0.16436499530597715        2.7950341301997788        1.0002854842518916       0.17017569431027657     
   5.5980000000000005E-004  0.45261892138054072       0.14665857840850371        2.8075742917661133        1.0003055631767810       0.18087281334975128     
   5.5990000000000000E-004  0.44969200854617020       0.12827012881326816        2.8207062801541416        1.0003244350230331       0.19136293413328934     
   5.6000000000000006E-004  0.44679271064699422       0.10926077327101069        2.8343940481503007        1.0003417055976729       0.20162162120899033     
   5.6010000000000001E-004  0.44392707573437862        8.9686942767004396E-002   2.8486015703948482        1.0003569913411279       0.21162555179808337     
   5.6020000000000006E-004  0.44110180454072945        6.9600708138040090E-002   2.8632934908407837        1.0003699283509877       0.22135318069459739     
   5.6030000000000001E-004  0.43832424728932501        4.9051123107284766E-002   2.8784357405469585        1.0003801721088637       0.23078471706640030     
   5.6040000000000007E-004  0.43560238820491171        2.8086248810328840E-002   2.8939960500876332        1.0003873928923031       0.23990139196952290     
   5.6050000000000002E-004  0.43294481058750167        6.7553669538931160E-003   2.9099442987344761        1.0003912758575089       0.24868428382976759     
   5.6060000000000007E-004  0.43036064202597657        6.2682961483342563        2.9262526791916832        1.0003915341472984       0.25711318917124881     
   5.6070000000000002E-004  0.42785948635623444        6.2463944593101353        2.9428956996513818        1.0003879376918996       0.26516606562272710     
   5.6080000000000008E-004  0.42545135025324449        6.2242960853163378        2.9598500773670473        1.0003803500403061       0.27281936969352955     
   5.6090000000000003E-004  0.42314656581842941        6.2020640846476827        2.9770945857781972        1.0003687571806079       0.28004921606190530     
   5.6100000000000008E-004  0.42095570162880663        6.1797614352012964        2.9946098974315896        1.0003532708844507       0.28683286942811209     
   5.6110000000000003E-004  0.41888945489023571        6.1574473884674390        3.0123784288684416        1.0003340988032521       0.29314987543258719     
   5.6120000000000009E-004  0.41695853182842935        6.1351732607436915        3.0303841617169573        1.0003114901138535       0.29898229573266694     
   5.6130000000000004E-004  0.41517353756106440        6.1129781754318859        3.0486124058436079        1.0002856786517829       0.30431397382707359     
   5.6140000000000009E-004  0.41354488556576574        6.0908852807056757        3.0670494921365243        1.0002568474069145       0.30912927219632375     
   5.6150000000000004E-004  0.41208270585540591        6.0688989226372367        3.0856824229641324        1.0002251273180112       0.31341200298911720     
   5.6160000000000010E-004  0.41079670286124098        6.0470031921909122        3.1044985462449532        1.0001906266743363       0.31714518361833366     
   5.6170000000000005E-004  0.40969591594448762        6.0251621831600097        3.1234853336069515        1.0001534741862326       0.32031184376121319     
   5.6180000000000010E-004  0.40878837805466067        6.0033221640220091        3.1426303240681399        1.0001138554183444       0.32289660821214994     
   5.6190000000000005E-004  0.40808073399713224        5.9814156453269849        3.1619212468976201        1.0000720297130739       0.32488742993623737     
   5.6200000000000011E-004  0.40757793017479443        5.9593670193524435        3.1813462793422542        1.0000283273190462       0.32627681239797940     
   5.6210000000000006E-004  0.40728308571015792        5.9370991439300536        3.2008943495493147       0.99998313622988699       0.32706211372266697     
   5.6220000000000011E-004  0.40719758839351872        5.9145400529354131        3.2205553778159959       0.99993689011130249       0.32724490059677247     
   5.6230000000000006E-004  0.40732135197875080        5.8916289748991009        3.2403203624833665       0.99989006472550546       0.32682963664717701     
   5.6240000000000012E-004  0.40765309100787173        5.8683210127396030        3.2601812519485365       0.99984318520444759       0.32582216791815338     
   5.6250000000000007E-004  0.40819047118992097        5.8445900813433891        3.2801305903459097       0.99979684275617398       0.32422851929194718     
   5.6260000000000012E-004  0.40893007090174827        5.8204299149308092        3.3001609716244467       0.99975171493240234       0.32205445727167847     
   5.6270000000000007E-004  0.40986719814377531        5.7958531053746771        3.3202643750773491       0.99970857697877247       0.31930606467867978     
   5.6280000000000013E-004  0.41099569024258820        5.7708882523919254        3.3404314729044229       0.99966828747370562       0.31599119680676896     
   5.6290000000000008E-004  0.41230784057250697        5.7455754922811018        3.3606509889713321       0.99963173412262840       0.31212125994321610     
   5.6300000000000002E-004  0.41379454315960679        5.7199609930942330        3.3809091460686926       0.99959973855606532       0.30771242252502728     
   5.6310000000000008E-004  0.41544564891236513        5.6940914301916496        3.4011891785248642       0.99957294255742468       0.30278539802713839     
   5.6320000000000003E-004  0.41725043673711681        5.6680098329138051        3.4214708403581535       0.99955171980736091       0.29736353052325964     
   5.6329999999999998E-004  0.41919806334302151        5.6417543003675448        3.4417298458495971       0.99953615463028478       0.29146985933152103     
   5.6340000000000003E-004  0.42127787275818995        5.6153607391641938        3.4619372537901989       0.99952609901964651       0.28512458249462519     
   5.6349999999999998E-004  0.42347951374090209        5.5888698988067933        3.4820589171851437       0.99952127604690977       0.27834433054432894     
   5.6360000000000004E-004  0.42579289908984636        5.5623376576314829        3.5020551943192131       0.99952137032833144       0.27114372550693061     
   5.6369999999999999E-004  0.42820810297349993        5.5358460730330012        3.5218810873333766       0.99952605716816789       0.26353831288085983     
   5.6380000000000004E-004  0.43071529968355571        5.5095117302139336        3.5414868370060426       0.99953496655920915       0.25554703264330531     
   5.6389999999999999E-004  0.43330479628155333        5.4834880293847359        3.5608188344181220       0.99954762520845342       0.24719263432193608     
   5.6400000000000005E-004  0.43596713692892425        5.4579595012793405        3.5798206206363696       0.99956343444690410       0.23849977361211008     
   5.6410000000000000E-004  0.43869321290030944        5.4331285580056363        3.5984337928868921       0.99958171389061601       0.22949207567750571     
   5.6420000000000005E-004  0.44147433231105859        5.4091973274350877        3.6165987799727120       0.99960179115558123       0.22019009349528207     
   5.6430000000000000E-004  0.44430225831055770        5.3863485357847516        3.6342555826143430       0.99962308683059220       0.21061136934292055     
   5.6440000000000006E-004  0.44716925920945816        5.3647294454780603        3.6513446044164604       0.99964515259390241       0.20077232767354361     
   5.6450000000000001E-004  0.45006820537604825        5.3444417973533564        3.6678076186830082       0.99966765626478216       0.19069060849392697     
   5.6460000000000006E-004  0.45299270764831090        5.3255390274366672        3.6835887949032808       0.99969033918994932       0.18038638487902392     
   5.6470000000000001E-004  0.45593725357032411        5.3080302853456391        3.6986356312812707       0.99971297873853104       0.16988203019840992     
   5.6480000000000007E-004  0.45889728841721283        5.2918894515666040        3.7128996466600519       0.99973537412971436       0.15920050183101200     
   5.6490000000000002E-004  0.46186920999476816        5.2770667190912572        3.7263367580099032       0.99975735376445996       0.14836335712182597     
   5.6500000000000007E-004  0.46485028130636280        5.2635003707405907        3.7389073578438570       0.99977879086230514       0.13738924745842654     
   5.6510000000000002E-004  0.46783849271742650        5.2511269543152892        3.7505761671238722       0.99979961461322775       0.12629329595914099     
   5.6520000000000008E-004  0.47083241397151404        5.2398888472155249        3.7613119581999763       0.99981981080844862       0.11508730453257063     
   5.6530000000000003E-004  0.47383106752048482        5.2297389464376316        3.7710872277127385       0.99983941280177369       0.10378047029077284     
   5.6540000000000008E-004  0.47683383799377976        5.2206427581586556        3.7798778699457651       0.99985848725636994        9.2380251571300379E-002
   5.6550000000000003E-004  0.47984041721793463        5.2125784512136466        3.7876628730813477       0.99987711934551937        8.0893124924438203E-002
   5.6560000000000009E-004  0.48285077483564043        5.2055355194756849        3.7944240425401876       0.99989540054368553        6.9325115389201344E-002
   5.6570000000000004E-004  0.48586514177860068        5.1995126428173002        3.8001457481269032       0.99991342026489904        5.7682095099654093E-002
   5.6580000000000009E-004  0.48888399560995760        5.1945152169582549        3.8048146919220760       0.99993126124609932        4.5969907841123279E-002
   5.6590000000000004E-004  0.49190804050488696        5.1905528975761772        3.8084196977217664       0.99994899782859581        3.4194393221845622E-002
   5.6600000000000010E-004  0.49493817849433913        5.1876373890379384        3.8109515270303178       0.99996669622857326        2.2361374283683660E-002
   5.6610000000000005E-004  0.49797547150065818        5.1857806195033636        3.8124027291341127       0.99998441605615118        1.0476647075096785E-002
   5.6620000000000010E-004  0.50102109546138529        5.1849933884364372        3.8127675335984184        1.0000022125311128       -1.4540086382666205E-003
   5.6630000000000005E-004  0.50407628867704002        5.1852845414882403        3.8120417924813608        1.0000201390941790       -1.3424797994411888E-002
   5.6640000000000011E-004  0.50714229685017054        5.1866607117065335        3.8102229773055116        1.0000382502784149       -2.5429869105974858E-002
   5.6650000000000005E-004  0.51022031745519381        5.1891266576620989        3.8073102329645949        1.0000566047813546       -3.7463275271572137E-002
   5.6660000000000011E-004  0.51331144627343894        5.1926862209248910        3.8033044877794802        1.0000752686506216       -4.9518953699506194E-002
   5.6670000000000006E-004  0.51641662911963737        5.1973439116504636        3.7982086164544682        1.0000943183325610       -6.1590724245203503E-002
   5.6680000000000012E-004  0.51953662170970716        5.2031071029935312        3.7920276511698754        1.0001138430788135       -7.3672296834533510E-002
   5.6690000000000006E-004  0.52267195971291192        5.2099887570658527        3.7847690362675004        1.0001339458510587       -8.5757250635670135E-002
   5.6700000000000012E-004  0.52582293869589880        5.2180105164510842        3.7764429240276836        1.0001547414757406       -9.7838926602693374E-002
   5.6710000000000007E-004  0.52898959947226709        5.2272058668907455        3.7670625126991437        1.0001763506412176      -0.10991015426079315     
   5.6720000000000002E-004  0.53217170851690432        5.2376229070668892        3.7566444314059493        1.0001988886615039      -0.12196274033214380     
   5.6730000000000007E-004  0.53536871712270429        5.2493260664435795        3.7452091767686024        1.0002224490859446      -0.13398668903241137     
   5.6740000000000002E-004  0.53857968005902412        5.2623959353057419        3.7327815987302082        1.0002470841919866      -0.14596921599124513     
   5.6749999999999997E-004  0.54180311896005928        5.2769262965872539        3.7193914143791629        1.0002727867374090      -0.15789375085471202     
   5.6760000000000003E-004  0.54503683094094157        5.2930176000369293        3.7050736982948385        1.0002994787329604      -0.16973925513986021     
   5.6769999999999998E-004  0.54827766790103094        5.3107666227076002        3.6898692630484473        1.0003270115906737      -0.18148022999221761     
   5.6780000000000003E-004  0.55152133799180836        5.3302529492064377        3.6738248195576064        1.0003551764437879      -0.19308765057294025     
   5.6789999999999998E-004  0.55476229150617140        5.3515240349501170        3.6569928141429191        1.0003837152175099      -0.20453069962711046     
   5.6800000000000004E-004  0.55799373322483481        5.3745816505189801        3.6394308910109698        1.0004123170510761      -0.21577869645561834     
   5.6809999999999999E-004  0.56120775405875445        5.3993729542555844        3.6212010162505468        1.0004405891847252      -0.22680231908265838     
   5.6820000000000004E-004  0.56439551957183742        5.4257888952008226        3.6023683834969162        1.0004680091679414      -0.23757342626471545     
   5.6829999999999999E-004  0.56754742931840263        5.4536710547034648        3.5830002505318452        1.0004938874392375      -0.24806357288570685     
   5.6840000000000005E-004  0.57065319332354814        5.4828258304004613        3.5631648035695869        1.0005173765187456      -0.25824225786821475     
   5.6849999999999999E-004  0.57370184079883113        5.5130428340406574        3.5429300410408673        1.0005375424264875      -0.26807633149138638     
   5.6860000000000005E-004  0.57668172794093631        5.5441132630149372        3.5223625890135768        1.0005534722679994      -0.27753133505380101     
   5.6870000000000000E-004  0.57958059640358217        5.5758442576269722        3.5015263809947150        1.0005643620354545      -0.28657414503863599     
   5.6880000000000006E-004  0.58238565943915610        5.6080668244562233        3.4804812607013820        1.0005695419193932      -0.29517521962136262     
   5.6890000000000000E-004  0.58508364441684946        5.6406371677792233        3.4592817108036700        1.0005684472649659      -0.30330891968556256     
   5.6900000000000006E-004  0.58766075574643695        5.6734333345222989        3.4379759582354259        1.0005605893873399      -0.31095173110888524     
   5.6910000000000001E-004  0.59010261217019477        5.7063501183906720        3.4166056089053627        1.0005455818662257      -0.31807969986286400     
   5.6920000000000007E-004  0.59239427112128462        5.7392948488353195        3.3952057822267441        1.0005232331027913      -0.32466689714137836     
   5.6930000000000001E-004  0.59452043378135011        5.7721854535477473        3.3738055691554649        1.0004936616851929      -0.33068601358991778     
   5.6940000000000007E-004  0.59646585940285413        5.8049507946075725        3.3524286110206329        1.0004573649454584      -0.33611080833553214     
   5.6950000000000002E-004  0.59821594882451168        5.8375323492599094        3.3310936786601988        1.0004151962574763      -0.34091907114961162     
   5.6960000000000008E-004  0.59975735384691065        5.8698860685917023        3.3098152380197985        1.0003682579225317      -0.34509465842343701     
   5.6970000000000002E-004  0.60107841688187547        5.9019835171780617        3.2886040540082733        1.0003177470943463      -0.34862774417698467     
   5.6980000000000008E-004  0.60216931884810987        5.9338118343160886        3.2674678935885013        1.0002648015591016      -0.35151320096309296     
   5.6990000000000003E-004  0.60302196748129955        5.9653724320282446        3.2464123522500037        1.0002103861297911      -0.35374774465279890     
   5.7000000000000009E-004  0.60362980492536134        5.9966785948057773        3.2254417682297292        1.0001552463121077      -0.35532696663130769     
   5.7010000000000003E-004  0.60398775206478517        6.0277522978317357        3.2045601306049725        1.0000999393729637      -0.35624356230097115     
   5.7020000000000009E-004  0.60409238227677742        6.0586206389204147        3.1837718476447305        1.0000449216487615      -0.35648778594561942     
   5.7030000000000004E-004  0.60394227922105737        6.0893122768289540        3.1630822428473726       0.99999064078825450      -0.35605019114612818     
   5.7040000000000010E-004  0.60353843307100563        6.1198541874200227        3.1424977021545950       0.99993758112712294      -0.35492555484929400     
   5.7050000000000004E-004  0.60288449058968130        6.1502689478188941        3.1220254992930117       0.99988623818571287      -0.35311615362294002     
   5.7060000000000010E-004  0.60198672874993142        6.1805726755514083        3.1016734406354400       0.99983704237975179      -0.35063272422128411     
   5.7070000000000005E-004  0.60085373475920989        6.2107736651903469        3.0814495376368574       0.99979029200917369      -0.34749259011746036     
   5.7080000000000011E-004  0.59949587029529294        6.2408717005747540        3.0613618883205223       0.99974615659455124      -0.34371602265856210     
   5.7090000000000005E-004  0.59792467146951045        6.2708579930422133        3.0414188383153169       0.99970476126253238      -0.33932287920904936     
   5.7100000000000011E-004  0.59615236587349141        1.7530357023611387E-002   3.0216293618105849       0.99966630267130108      -0.33433121783448416     
   5.7110000000000006E-004  0.59419163285702137        4.7235334804787144E-002   3.0020035278992077       0.99963112455315928      -0.32875822727176829     
   5.7120000000000011E-004  0.59205560382284339        7.6757472604132460E-002   2.9825529301444571       0.99959971021950322      -0.32262243483543290     
   5.7130000000000006E-004  0.58975795746075732       0.10606166153631236        2.9632910296554789       0.99957260233864975      -0.31594564143970599     
   5.7140000000000001E-004  0.58731291101547523       0.13510870892304538        2.9442334360844393       0.99955029476540780      -0.30875350137006630     
   5.7150000000000007E-004  0.58473500475027729       0.16385580837940594        2.9253981830375992       0.99953314133645632      -0.30107455510658582     
   5.7160000000000002E-004  0.58203873846610588       0.19225652406648486        2.9068060388774914       0.99952131009011591      -0.29293828799113475     
   5.7169999999999996E-004  0.57923818438885966       0.22026033646042187        2.8884808466381857       0.99951478848345210      -0.28437320855898546     
   5.7180000000000002E-004  0.57634668110809983       0.24781190210329740        2.8704498322285281       0.99951342007328137      -0.27540582793057261     
   5.7189999999999997E-004  0.57337666686706212       0.27485021943602739        2.8527437870817622       0.99951694382069489      -0.26606085277872699     
   5.7200000000000003E-004  0.57033966510784007       0.30130787212967469        2.8353970387335039       0.99952501659745996      -0.25636224939969421     
   5.7209999999999997E-004  0.56724639130624743       0.32711050247744389        2.8184471674459908       0.99953721914636517      -0.24633449281882097     
   5.7220000000000003E-004  0.56410691084000564       0.35217671355511726        2.8019344863161679       0.99955305837240349      -0.23600340894672750     
   5.7229999999999998E-004  0.56093075628512545       0.37641868072007689        2.7859013493911648       0.99957197882709603      -0.22539637343154292     
   5.7240000000000004E-004  0.55772693648319693       0.39974375370654336        2.7703913707064500       0.99959338592133884      -0.21454194163597679     
   5.7249999999999998E-004  0.55450383696481553       0.42205717142881838        2.7554486299055743       0.99961667593394099      -0.20346910615517549     
   5.7260000000000004E-004  0.55126906545015619       0.44326573316493345        2.7411169205024293       0.99964126657047325      -0.19220639033201903     
   5.7269999999999999E-004  0.54802930939237959       0.46328198909468554        2.7274390759139915       0.99966662360145597      -0.18078096643818964     
   5.7280000000000005E-004  0.54479025226991218       0.48202834795217520        2.7144563913624506       0.99969228125223086      -0.16921795262662681     
   5.7289999999999999E-004  0.54155656319959489       0.49944050743559920        2.7022081475784634       0.99971785508682709      -0.15753998229966196     
   5.7300000000000005E-004  0.53833194846493726       0.51546976272177858        2.6907312339663165       0.99974304722057339      -0.14576706566386929     
   5.7310000000000000E-004  0.53511924138706024       0.53008396897462617        2.6800598635903690       0.99976764442664845      -0.13391669646478821     
   5.7320000000000005E-004  0.53192050699343507       0.54326715854222485        2.6702253696256122       0.99979151054102144      -0.12200411895181996     
   5.7330000000000000E-004  0.52873714550724804       0.55501799422697573        2.6612560721122485       0.99981457511107275      -0.11004266472567314     
   5.7340000000000006E-004  0.52556998688765422       0.56534735280957094        2.6531772041755035       0.99983682036729404       -9.8044088082731531E-002
   5.7350000000000001E-004  0.52241937402926919       0.57427539040104136        2.6460108881338100       0.99985826840947334       -8.6018856234823124E-002
   5.7360000000000006E-004  0.51928523540138649       0.58182844083570195        2.6397761530043824       0.99987896993209724       -7.3976376161102975E-002
   5.7370000000000001E-004  0.51616714930843244       0.58803604412647026        2.6344889851763584       0.99989899515240221       -6.1925159671080504E-002
   5.7380000000000007E-004  0.51306440216318694       0.59292831595152329        2.6301624035984230       0.99991842702186051       -4.9872940892609928E-002
   5.7390000000000002E-004  0.50997604277949149       0.59653377585350142        2.6268065501335407       0.99993735642616033       -3.7826766429896630E-002
   5.7400000000000007E-004  0.50690093413606341       0.59887767290742389        2.6244287854236674       0.99995587895361548       -2.5793077458976618E-002
   5.7410000000000002E-004  0.50383780355866770       0.59998079468352117        2.6230337808288291       0.99997409277973559       -1.3777799063770099E-002
   5.7420000000000008E-004  0.50078529187828513       0.59985871854472350        2.6226235980507600       0.99999209727520022       -1.7864444443545578E-003
   5.7430000000000003E-004  0.49774200186044948       0.59852145568447135        2.6231977495456378        1.0000099920029204        1.0175762932853058E-002
   5.7440000000000008E-004  0.49470654602607955       0.59597345297680704        2.6247532350181921        1.0000278758921766        2.2103751799875591E-002
   5.7450000000000003E-004  0.49167759388027926       0.59221394136318573        2.6272845518214609        1.0000458464077593        3.3992455790271256E-002
   5.7460000000000009E-004  0.48865391851600148       0.58723764335845452        2.6307836797267425        1.0000639985434994        4.5836663417295705E-002
   5.7470000000000004E-004  0.48563444255184496       0.58103587003424018        2.6352400431594738        1.0000824234686141        5.7630872588856422E-002
   5.7480000000000009E-004  0.48261828340641644       0.57359804293591843        2.6406404564518473        1.0001012066299984        6.9369155193843804E-002
   5.7490000000000004E-004  0.47960479803984596       0.56491366217829864        2.6469690597542894        1.0001204251051805        8.1045035054127523E-002
   5.7500000000000010E-004  0.47659362759646834       0.55497470491573431        2.6542072549084592        1.0001401439392690        9.2651378790978886E-002
   5.7510000000000005E-004  0.47358474294683339       0.54377837745366087        2.6623336513964424        1.0001604112086391       0.10418029081423229     
   5.7520000000000010E-004  0.47057849302951416       0.53133006950068662        2.6713240326290979        1.0001812515489406       0.11562299551639632     
   5.7530000000000005E-004  0.46757565894566339       0.51764626971477767        2.6811513518694317        1.0002026579472216       0.12696968131551209     
   5.7540000000000011E-004  0.46457751749099435       0.50275711733466899        2.6917857655182069        1.0002245818420179       0.13820927980335351     
   5.7550000000000006E-004  0.46158591731052379       0.48670820948802174        2.7031947100080669        1.0002469220790451       0.14932916469070970     
   5.7560000000000000E-004  0.45860336799630341       0.46956128002223885        2.7153430279391002        1.0002695139615367       0.16031478407182981     
   5.7570000000000006E-004  0.45563313654141646       0.45139343461610260        2.7281931500205920        1.0002921203493338       0.17114928349219152     
   5.7580000000000001E-004  0.45267933620686618       0.43229478370918351        2.7417053417494404        1.0003144271465911       0.18181322117459439     
   5.7589999999999996E-004  0.44974698299942600       0.41236456107292696        2.7558380263843696        1.0003360453656225       0.19228449784832374     
   5.7600000000000001E-004  0.44684199242218281       0.39170612725718890        2.7705481967131274        1.0003565212126933       0.20253860682783059     
   5.7609999999999996E-004  0.44397109928435802       0.37042156884168165        2.7857919253543062        1.0003753543317655       0.21254924717966112     
   5.7620000000000002E-004  0.44114170750209214       0.34860681750410549        2.8015249752351479        1.0003920227881000       0.22228924725491755     
   5.7629999999999997E-004  0.43836170759455118       0.32634820627128924        2.8177034973553212        1.0004060117939892       0.23173165067125878     
   5.7640000000000002E-004  0.43563932144665879       0.30372108599976144        2.8342847826825026        1.0004168419449622       0.24085075229864686     
   5.7649999999999997E-004  0.43298303030129148       0.28079060042180615        2.8512280127881189        1.0004240919961493       0.24962285264746087     
   5.7660000000000003E-004  0.43040160665551025       0.25761413679759038        2.8684949364563641        1.0004274122093311       0.25802652895453981     
   5.7669999999999998E-004  0.42790421831232572       0.23424456334393362        2.8860503950436041        1.0004265274998978       0.26604230815655278     
   5.7680000000000003E-004  0.42550053359255235       0.21073328402704483        2.9038626345223988        1.0004212354012754       0.27365179768153813     
   5.7689999999999998E-004  0.42320075848807737       0.18713235893040014        2.9219033777800578        1.0004114086261828       0.28083657268220752     
   5.7700000000000004E-004  0.42101557211644663       0.16349529113472983        2.9401476780627021        1.0003970099823547       0.28757731094581590     
   5.7709999999999999E-004  0.41895596703270971       0.13987639926195250        2.9585736157611389        1.0003781178305258       0.29385364166989902     
   5.7720000000000004E-004  0.41703302802953757       0.11632889853322048        2.9771619171474013        1.0003549480399192       0.29964486865399387     
   5.7729999999999999E-004  0.41525769167660526        9.2901945343109915E-002   2.9958955590959504        1.0003278531633311       0.30493126227026540     
   5.7740000000000005E-004  0.41364052416510128        6.9637032721542980E-002   3.0147593882054373        1.0002972868285591       0.30969525659368424     
   5.7750000000000000E-004  0.41219154120422147        4.6564249690895565E-002   3.0337397464662788        1.0002637397241565       0.31392189189095449     
   5.7760000000000005E-004  0.41092007189460761        2.3698978127649539E-002   3.0528240795743313        1.0002276714349192       0.31759825884175313     
   5.7770000000000000E-004  0.40983464416500881        1.0395579834874269E-003   3.0720005188807185        1.0001894686056552       0.32071232501594027     
   5.7780000000000006E-004  0.40894285476881020        6.2617516309856445        3.0912574669340009        1.0001494468772227       0.32325196327123812     
   5.7790000000000001E-004  0.40825119679245231        6.2394275592256179        3.1105832557361035        1.0001078903009804       0.32520495677422417     
   5.7800000000000006E-004  0.40776485385914785        6.2172005930833727        3.1299659586149953        1.0000651008043955       0.32656021503471766     
   5.7810000000000001E-004  0.40748750173341691        6.1950075232132100        3.1493934043864256        1.0000214258806024       0.32730968392523668     
   5.7820000000000007E-004  0.40742116530702882        6.1727790955670585        3.1688533736841267       0.99997725019593264       0.32744994845873227     
   5.7830000000000002E-004  0.40756616474631557        6.1504458124007684        3.1883338850425562       0.99993296423403866       0.32698266221947309     
   5.7840000000000007E-004  0.40792115906889070        6.1279437526065852        3.2078234419873639       0.99988894002486839       0.32591361682667952     
   5.7850000000000002E-004  0.40848326693823728        6.1052197232523540        3.2273111314889729       0.99984553795519060       0.32425104299985308     
   5.7860000000000008E-004  0.40924822030724511        6.0822351739868896        3.2467865257735107       0.99980314457687436       0.32200411285837449     
   5.7870000000000003E-004  0.41021049624494021        6.0589685155404140        3.2662394075728893       0.99976221695110967       0.31918236678678036     
   5.7880000000000008E-004  0.41136338801573996        6.0354157194324980        3.2856593787214474       0.99972330352427963       0.31579614198729117     
   5.7890000000000003E-004  0.41269902594837649        6.0115892926696013        3.3050354135907707       0.99968702603189952       0.31185751255527411     
   5.7900000000000009E-004  0.41420841098003097        5.9875159044650133        3.3243553965493131       0.99965402865406372       0.30738108426638633     
   5.7910000000000004E-004  0.41588153913343784        5.9632330783512231        3.3436056583135394       0.99962491464346404       0.30238421892367806     
   5.7920000000000009E-004  0.41770766162613993        5.9387854503159208        3.3627705140506601       0.99960018982570942       0.29688664882411581     
   5.7930000000000004E-004  0.41967565746339663        5.9142211432590255        3.3818318059771513       0.99958022194951379       0.29090968027934982     
   5.7940000000000010E-004  0.42177443147738686        5.8895888419145646        3.4007684575674895       0.99956521757593797       0.28447520968712164     
   5.7950000000000005E-004  0.42399322978542847        5.8649361688968309        3.4195560543645716       0.99955521690701599       0.27760473979141181     
   5.7960000000000010E-004  0.42632179737133319        5.8403099035596089        3.4381664818171327       0.99955010739140471       0.27031860614211733     
   5.7970000000000005E-004  0.42875036554899737        5.8157583505625414        3.4565676723897516       0.99954965359342374       0.26263567891326584     
   5.7980000000000000E-004  0.43126951643240213        5.7913356698366538        3.4747235304490918       0.99955353419289983       0.25457374279724843     
   5.7990000000000006E-004  0.43387001239486034        5.7671072789441560        3.4925940972800387       0.99956137363265318       0.24615052029176546     
   5.8000000000000000E-004  0.43654269029953802        5.7431548005107462        3.5101359835219643       0.99957275928324363       0.23738497919152596     
   5.8009999999999995E-004  0.43927848543931319        5.7195788248177628        3.5273030412596995       0.99958724307828728       0.22829832384106927     
   5.8020000000000001E-004  0.44206858318779696        5.6964981939388899        3.5440471934220481       0.99960433714407126       0.21891411772287067     
   5.8029999999999996E-004  0.44490463650718559        5.6740454705983563        3.5603193081669682       0.99962351742057420       0.20925736371621578     
   5.8040000000000001E-004  0.44777896799118871        5.6523593339208933        3.5760700146262083       0.99964424434517019       0.19935288640162771     
   5.8049999999999996E-004  0.45068469955255980        5.6315754119066863        3.5912503986491120       0.99966599825351887       0.18922369997254099     
   5.8060000000000002E-004  0.45361579731692142        5.6118172954308516        3.6058125704583595       0.99968831749207454       0.17889000112123660     
   5.8069999999999997E-004  0.45656705454630264        5.5931892191467725        3.6197101342586255       0.99971082563734848       0.16836905057589180     
   5.8080000000000002E-004  0.45953404681926385        5.5757713467836165        3.6328985987153621       0.99973324068349212       0.15767576689547880     
   5.8089999999999997E-004  0.46251308359065740        5.5596179860942634        3.6453357510733895       0.99975536777577712       0.14682359861388936     
   5.8100000000000003E-004  0.46550116366657479        5.5447585342476486        3.6569819929276863       0.99977708283749522       0.13582525786437094     
   5.8109999999999998E-004  0.46849593207942464        5.5312005803901130        3.6678006182268947       0.99979831488334636       0.12469309858146337     
   5.8120000000000003E-004  0.47149563363736752        5.5189343928503209        3.6777580113436552       0.99981903174113596       0.11343914350550992     
   5.8129999999999998E-004  0.47449906085516891        5.5079379892549163        3.6868237524209424       0.99983923031018596       0.10207489602695177     
   5.8140000000000004E-004  0.47750549727414426        5.4981820972188444        3.6949706313979624       0.99985893029493422        9.0611094739264306E-002
   5.8149999999999999E-004  0.48051465908366936        5.4896345096885195        3.7021745843509866       0.99987816982926625        7.9057521545960005E-002
   5.8160000000000004E-004  0.48352663805470592        5.4822635636298855        3.7084145729163733       0.99989700186402752        6.7422910598205599E-002
   5.8169999999999999E-004  0.48654184770753095        5.4760406731847660        3.7136724294859902       0.99991549086082165        5.5714957450332128E-002
   5.8180000000000005E-004  0.48956097326091963        5.4709419968761157        3.7179326892259899       0.99993370981840979        4.3940404617455242E-002
   5.8190000000000000E-004  0.49258492483555144        5.4669494071094675        3.7211824267404183       0.99995173778956492        3.2105176373027684E-002
   5.8200000000000005E-004  0.49561479283189486        5.4640509691983254        3.7234111118184696       0.99996965800442639        2.0214543224678579E-002
   5.8210000000000000E-004  0.49865180433443690        5.4622411308988514        3.7246104956295087       0.99998755662564032        8.2733048848961099E-003
   5.8220000000000006E-004  0.50169727965712496        5.4615207901480485        3.7247745360898903        1.0000055220592619       -3.7140130432191877E-003
   5.8230000000000001E-004  0.50475258849589888        5.4618973617508875        3.7238993688425142        1.0000236446507678       -1.5742950199818993E-002
   5.8240000000000006E-004  0.50781910545193387        5.4633849120373572        3.7219833281512256        1.0000420165360979       -2.7808891138122700E-002
   5.8250000000000001E-004  0.51089816483234407        5.4660043766944888        3.7190270198308824        1.0000607313857104       -3.9906835191903266E-002
   5.8260000000000007E-004  0.51399101457589713        5.4697838215413590        3.7150334459199530        1.0000798837818681       -5.2031160795923528E-002
   5.8270000000000001E-004  0.51709876887291117        5.4747586476225525        3.7100081779818281        1.0000995680169757       -6.4175392023879702E-002
   5.8280000000000007E-004  0.52022235859862842        5.4809715784941400        3.7039595725508172        1.0001198761986678       -7.6331978770149356E-002
   5.8290000000000002E-004  0.52336247818957438        5.4884722102394594        3.6968990182995789        1.0001408956102447       -8.8492107222336552E-002
   5.8300000000000008E-004  0.52651952722947193        5.4973158671958995        3.6888412000751862        1.0001627053348716      -0.10064556019037797     
   5.8310000000000002E-004  0.52969354498901589        5.5075615028523757        3.6798043603711803        1.0001853721457565      -0.11278064569057519     
   5.8320000000000008E-004  0.53288413673033219        5.5192684424427974        3.6698105348858880        1.0002089454735030      -0.12488420275078753     
   5.8330000000000003E-004  0.53609039184736595        5.5324919048211907        3.6588857368237391        1.0002334508519495      -0.13694167336146626     
   5.8340000000000009E-004  0.53931079572786333        5.5472774732977541        3.6470600659835277        1.0002588806970389      -0.14893719784468901     
   5.8350000000000003E-004  0.54254313906313478        5.5636549825422126        3.6343677245894841        1.0002851808977091      -0.16085365283939454     
   5.8360000000000009E-004  0.54578442940354932        5.5816325816511885        3.6208469317573870        1.0003122321035045      -0.17267252344322262     
   5.8370000000000004E-004  0.54903080930244641        5.6011919206304199        3.6065397392899876        1.0003398265458916      -0.18437351584830555     
   5.8380000000000010E-004  0.55227748362702400        5.6222854069846182        3.5914917576629342        1.0003676447196832      -0.19593391216639194     
   5.8390000000000004E-004  0.55551865742274675        5.6448362493298028        3.5757517966663213        1.0003952402289320      -0.20732784956149655     
   5.8399999999999999E-004  0.55874748903720761        5.6687415540834749        3.5593714086167485        1.0004220421712062      -0.21852588961482666     
   5.8410000000000005E-004  0.56195607445769158        5.6938781547461659        3.5424043018725948        1.0004473798818929      -0.22949528359264887     
   5.8420000000000000E-004  0.56513548809980529        5.7201102694675292        3.5249055851528484        1.0004705251621173      -0.24020112391583709     
   5.8429999999999995E-004  0.56827589732251160        5.7472976671235703        3.5069308234016141        1.0004907384192208      -0.25060815442236428     
   5.8440000000000000E-004  0.57136673682574635        5.7753029324348599        3.4885349340353744        1.0005073043151302      -0.26068262365497480     
   5.8449999999999995E-004  0.57439688668846256        5.8039967459293909        3.4697710102340729        1.0005195518022021      -0.27039348797052770     
   5.8460000000000001E-004  0.57735477770336263        5.8332607652562700        3.4506891988337274        1.0005268654872286      -0.27971257881726652     
   5.8469999999999996E-004  0.58022837861198873        5.8629884679575159        3.4313357664992030        1.0005286998850187      -0.28861382280705766     
   5.8480000000000001E-004  0.58300508735885603        5.8930848053566773        3.4117524542048141        1.0005246058053809      -0.29707196922961843     
   5.8489999999999996E-004  0.58567159554073633        5.9234655196179080        3.3919761573768268        1.0005142725870644      -0.30506144600115498     
   5.8500000000000002E-004  0.58821380416135816        5.9540566377164090        3.3720389014434544        1.0004975800453655      -0.31255591768070329     
   5.8509999999999996E-004  0.59061688603268703        5.9847942549330675        3.3519680398707705        1.0004746415506607      -0.31952877627413645     
   5.8520000000000002E-004  0.59286557547369323        6.0156244770351996        3.3317865959341737        1.0004458194208568      -0.32595436473905404     
   5.8530000000000008E-004  0.59494467214568103        6.0465033379674082        3.3115136874595921        1.0004117025573762      -0.33180946290440239     
   5.8540000000000003E-004  0.59683961410794617        6.0773965714860108        3.2911649975728330        1.0003730457745099      -0.33707448641321691     
   5.8550000000000008E-004  0.59853691120654939        6.1082791871426050        3.2707532785642939        1.0003306760025032      -0.34173386543217232     
   5.8560000000000003E-004  0.60002431461551486        6.1391348369918806        3.2502888996361068        1.0002853794779787      -0.34577521947218742     
   5.8570000000000009E-004  0.60129078619490883        6.1699549736873269        3.2297804605252063        1.0002378027924035      -0.34918738494145324     
   5.8580000000000004E-004  0.60232643803023644        6.2007378229061256        3.2092354684211664        1.0001884153786353      -0.35195814299819067     
   5.8590000000000009E-004  0.60312259382060807        6.2314872287446992        3.1886610126129304        1.0001375560309209      -0.35407307165021940     
   5.8600000000000004E-004  0.60367205321854156        6.2622114574643923        3.1680643116463263        1.0000855329549414      -0.35551657365620848     
   5.8610000000000010E-004  0.60396953541761600        9.7367081265833377E-003   3.1474530040767958        1.0000327140296843      -0.35627493306189506     
   5.8620000000000005E-004  0.60401215911352713        4.0447172330479120E-002   3.1268351260168252       0.99997955494389890      -0.35634002569306844     
   5.8630000000000010E-004  0.60379975746447934        7.1172004326790272E-002   3.1062188390996064       0.99992655643333972      -0.35571183333377798     
   5.8640000000000005E-004  0.60333487707179645       0.10192532001306809        3.0856120788912271       0.99987418942534412      -0.35439848960018910     
   5.8650000000000011E-004  0.60262245848116613       0.13271960251165105        3.0650223258644012       0.99982284702537572      -0.35241387508280858     
   5.8660000000000006E-004  0.60166935620834827       0.16356434259328445        3.0444566416010437       0.99977286510008345      -0.34977405964453889     
   5.8670000000000011E-004  0.60048390205169533       0.19446460837883350        3.0239219958535730       0.99972460575667033      -0.34649444035252858     
   5.8680000000000006E-004  0.59907565755676662       0.22541959212951923        3.0034258026431422       0.99967855057725419      -0.34258884234017917     
   5.8690000000000012E-004  0.59745538975351919       0.25642122789161625        2.9829765404562933       0.99963534383857300      -0.33807059090092589     
   5.8700000000000007E-004  0.59563516182676235       0.28745299864752027        2.9625843573996860       0.99959576286502971      -0.33295456187347428     
   5.8710000000000012E-004  0.59362832607406646       0.31848904270001555        2.9422616179295646       0.99956063296561914      -0.32725903477549395     
   5.8720000000000007E-004  0.59144927612268139       0.34949362262732109        2.9220233925443786       0.99953071753947198      -0.32100653186995082     
   5.8730000000000013E-004  0.58911298248528687       0.38042095035927659        2.9018879123536974       0.99950661454791778      -0.31422334939532670     
   5.8740000000000007E-004  0.58663445725698937       0.41121527850967077        2.8818770105697058       0.99948868528122703      -0.30693799920921827     
   5.8750000000000013E-004  0.58402830469761047       0.44181108180846529        2.8620165554953703       0.99947703101712848      -0.29917919044256169     
   5.8760000000000008E-004  0.58130844152640948       0.47213308157262546        2.8423368446185759       0.99947151701264658      -0.29097415476456767     
   5.8770000000000003E-004  0.57848799979901022       0.50209584812615304        2.8228728866533692       0.99947182544440716      -0.28234794532310165     
   5.8780000000000008E-004  0.57557939424014204       0.53160286262629164        2.8036644720258255       0.99947751376995986      -0.27332388021165660     
   5.8790000000000003E-004  0.57259448174645800       0.56054530088022680        2.7847559446865691       0.99948806241510180      -0.26392487096342482     
   5.8800000000000009E-004  0.56954469304046940       0.58880130078103932        2.7661956390583669       0.99950290225877347      -0.25417507062837474     
   5.8810000000000004E-004  0.56644104688949315       0.61623678986274300        2.7480350203578952       0.99952142070741246      -0.24410108160202623     
   5.8819999999999999E-004  0.56329404266044447       0.64270880437094213        2.7303276385076711       0.99954295891238987      -0.23373206134297006     
   5.8830000000000004E-004  0.56011349663894938       0.66807158847072756        2.7131280413763488       0.99956682036850086      -0.22309857920958864     
   5.8839999999999999E-004  0.55690839703979400       0.69218486990288675        2.6964907724221669       0.99959230322259029      -0.21223075736602601     
   5.8850000000000005E-004  0.55368681504768269       0.71492298138815613        2.6804695158465073       0.99961874995837408      -0.20115658356458427     
   5.8860000000000000E-004  0.55045586545951941       0.73618318862393295        2.6651163855558684       0.99964559505007200      -0.18990108136840472     
   5.8870000000000005E-004  0.54722169878406890       0.75589174634234624        2.6504813175474986       0.99967239241068939      -0.17848645346037348     
   5.8880000000000000E-004  0.54398951380907812       0.77400672426777284        2.6366115295335537       0.99969881755356882      -0.16693282123335859     
   5.8890000000000006E-004  0.54076358739137498       0.79051734661642037        2.6235510398454167       0.99972465129927279      -0.15525903697448987     
   5.8900000000000001E-004  0.53754732210719980       0.80544027247318972        2.6113402646585051       0.99974975639023456      -0.14348320379607707     
   5.8910000000000006E-004  0.53434331180071393       0.81881374322341927        2.6000157224977505       0.99977405588566171      -0.13162280389483647     
   5.8920000000000001E-004  0.53115342207621241       0.83069074199413073        2.5896098670279519       0.99979751711879472      -0.11969453299807109     
   5.8930000000000007E-004  0.52797887975429814       0.84113225245529577        2.5801510520049562       0.99982014110065853      -0.10771400842335627     
   5.8940000000000002E-004  0.52482036388341835       0.85020143470264387        2.5716636150107250       0.99984195549131916       -9.5695493516265329E-002
   5.8950000000000007E-004  0.52167809171428225       0.85795916546406659        2.5641680545324101       0.99986300921893911       -8.3651720823534087E-002
   5.8960000000000002E-004  0.51855189555601777       0.86446104202575746        2.5576812698511566       0.99988336760913377       -7.1593839374525223E-002
   5.8970000000000008E-004  0.51544128943970291       0.86975569789792395        2.5522168338055695       0.99990310770110868       -5.9531473374883473E-002
   5.8980000000000002E-004  0.51234552683794654       0.87388414194703401        2.5477852725384209       0.99992231393833553       -4.7472862214072105E-002
   5.8990000000000008E-004  0.50926365184735900       0.87687979278545214        2.5443943316681503       0.99994107457398629       -3.5425049333895342E-002
   5.9000000000000003E-004  0.50619454637321093       0.87876890281272679        2.5420492135819668       0.99995947904219540       -2.3394093579777765E-002
   5.9010000000000009E-004  0.50313697534107837       0.87957111914718666        2.5407527749704908       0.99997761632855420       -1.1385285650484293E-002
   5.9020000000000003E-004  0.50008963119589833       0.87929999657393410        2.5405056773311006       0.99999557427222807        5.9663926670267865E-004
   5.9030000000000009E-004  0.49705117819865446       0.87796334832003886        2.5413064860388150        1.0000134395728220        1.2547295727707367E-002
   5.9040000000000004E-004  0.49402029650480223       0.87556337759261815        2.5431517157981487        1.0000312981635193        2.4462448228515444E-002
   5.9050000000000010E-004  0.49099572576735812       0.87209658540830759        2.5460358221290389        1.0000492356002562        3.6337813602417328E-002
   5.9060000000000004E-004  0.48797630804678438       0.86755350199448067        2.5499511401711716        1.0000673371266100        4.8168860390221731E-002
   5.9070000000000010E-004  0.48496103011284758       0.86191834253946986        2.5548877736699662        1.0000856871058719        5.9950599657030416E-002
   5.9080000000000005E-004  0.48194906574832891       0.85516874500494744        2.5608334387100227        1.0001043675685068        7.1677362727132862E-002
   5.9090000000000011E-004  0.47893981932512786       0.84727580536209679        2.5677732688630459        1.0001234557334620        8.3342565806412694E-002
   5.9100000000000005E-004  0.47593297251014632       0.83820467602007298        2.5756895913471065        1.0001430205292390        9.4938470724800716E-002
   5.9110000000000011E-004  0.47292853614793151       0.82791601444310459        2.5845616878553850        1.0001631183425410       0.10645596763256172     
   5.9120000000000006E-004  0.46992690882331678       0.81636853996286085        2.5943655591292147        1.0001837884571951       0.11788442508451812     
   5.9130000000000012E-004  0.46692894212136399       0.80352286416276897        2.6050737186773718        1.0002050487528646       0.12921166539018974     
   5.9140000000000006E-004  0.46393601023254188       0.78934657785532103        2.6166550463650142        1.0002268918118711       0.14042411291569870     
   5.9150000000000012E-004  0.46095007910810387       0.77382030724662343        2.6290747337541007        1.0002492805968100       0.15150711320561178     
   5.9160000000000007E-004  0.45797376927663275       0.75694413149789419        2.6422943466088551        1.0002721415266544       0.16244532741452730     
   5.9170000000000013E-004  0.45501040781446905       0.73874345607397807        2.6562720141253982        1.0002953520613285       0.17322299928005147     
   5.9180000000000007E-004  0.45206406873931532       0.71927325427600763        2.6709627324191874        1.0003187212882452       0.18382384278534045     
   5.9190000000000002E-004  0.44913960527289870       0.69861960953980784        2.6863187509801993        1.0003419664498876       0.19423039528627684     
   5.9200000000000008E-004  0.44624267818981789       0.67689776349033259        2.7022900080634522        1.0003646946062270       0.20442295784388873     
   5.9210000000000003E-004  0.44337977848378596       0.65424639822271935        2.7188246020093780        1.0003864022942957       0.21437859948496574     
   5.9220000000000008E-004  0.44055823044813180       0.63081860822291169        2.7358693232758662        1.0004065022005380       0.22407089732943236     
   5.9230000000000003E-004  0.43778614967776619       0.60677082821674944        2.7533703028006449        1.0004243730744318       0.23347088706695104     
   5.9239999999999998E-004  0.43507233010059321       0.58225166723245358        2.7712738271111208        1.0004394144023745       0.24254909729425678     
   5.9250000000000004E-004  0.43242605496623276       0.55739287238919033        2.7895273175371877        1.0004510823195880       0.25127786223630033     
   5.9259999999999998E-004  0.42985687360042563       0.53230426477874104        2.8080803909063143        1.0004588956492815       0.25963285115292339     
   5.9270000000000004E-004  0.42737442709583984       0.50707343471696120        2.8268858571009399        1.0004624218995217       0.26759315144147106     
   5.9279999999999999E-004  0.42498840143294347       0.48176958710065954        2.8459005025514044        1.0004612673256006       0.27514004679257881     
   5.9290000000000005E-004  0.42270862624304451       0.45644975850465386        2.8650855623888201        1.0004550915518711       0.28225530146770972     
   5.9299999999999999E-004  0.42054525181892632       0.43116517947250799        2.8844068677029888        1.0004436486742911       0.28891988214407305     
   5.9310000000000005E-004  0.41850888113126911       0.40596595494068310        2.9038347258397503        1.0004268389090165       0.29511363786475125     
   5.9320000000000000E-004  0.41661054572486822       0.38090314908435019        2.9233436228585248        1.0004047492130694       0.30081589393141206     
   5.9330000000000006E-004  0.41486148544855039       0.35602828472068815        2.9429118273163271        1.0003776679161920       0.30600655642776903     
   5.9340000000000000E-004  0.41327277622582737       0.33139086789161709        2.9625209435997819        1.0003460699068707       0.31066726888823326     
   5.9350000000000006E-004  0.41185490299556199       0.30703476332923785        2.9821554329807896        1.0003105768023874       0.31478228493479998     
   5.9360000000000001E-004  0.41061738773178769       0.28299420510005646        3.0018021043025294        1.0002719002432006       0.31833887554551477     
   5.9370000000000007E-004  0.40956855361097066       0.25929009683122928        3.0214495743557377        1.0002307765181087       0.32132719393970433     
   5.9380000000000001E-004  0.40871544065759652       0.23592712562267515        3.0410877043481621        1.0001879021176174       0.32373959767704225     
   5.9390000000000007E-004  0.40806381834771399       0.21289210412273007        3.0607070296357972        1.0001438850949094       0.32556959404842306     
   5.9400000000000002E-004  0.40761820591200731       0.19015384665473789        3.0802982177306149        1.0000992278275354       0.32681084300507757     
   5.9410000000000008E-004  0.40738183028796582       0.16766475090988386        3.0998516115392221        1.0000543463700491       0.32745679434283842     
   5.9420000000000002E-004  0.40735650842709586       0.14536407717648459        3.1193569267973396        1.0000096136509873       0.32750135787914958     
   5.9430000000000008E-004  0.40754249668434239       0.12318268915502451        3.1388031570779678       0.99996539983362875       0.32694049346186016     
   5.9440000000000003E-004  0.40793837555722873       0.10104878185014954        3.1581786896135746       0.99992208543199834       0.32577402619003237     
   5.9450000000000008E-004  0.40854102621236249        7.8893934962707135E-002   3.1774715661394328       0.99988004252858587       0.32400674670828705     
   5.9460000000000003E-004  0.40934571562630229        5.6658759216293930E-002   3.1966697694519706       0.99983960330237642       0.32164817939521062     
   5.9470000000000009E-004  0.41034627087485431        3.4297487560532858E-002   3.2157614097567064       0.99980104569172745       0.31871113889686786     
   5.9480000000000004E-004  0.41153530452848541        1.1781068588158305E-002   3.2347347317229831       0.99976461383048865       0.31520989001416028     
   5.9490000000000009E-004  0.41290444892311956        6.2722838708556115        3.2535779385350390       0.99973056448691588       0.31115891554893732     
   5.9500000000000004E-004  0.41444456357328391        6.2494421691233448        3.2722788920389898       0.99969920982772364       0.30657285189493638     
   5.9510000000000010E-004  0.41614589734842394        6.2264641990362311        3.2908247684350860       0.99967092661279822       0.30146738846017523     
   5.9520000000000005E-004  0.41799821309183893        6.2033859605073420        3.3092017258673456       0.99964612218898774       0.29586035610513167     
   5.9530000000000010E-004  0.41999090635625685        6.1802528371212802        3.3273945972899859       0.99962517242182636       0.28977218352485024     
   5.9540000000000005E-004  0.42211315321526094        6.1571157407785844        3.3453865887439282       0.99960836038069423       0.28322534591697346     
   5.9550000000000011E-004  0.42435409512604516        6.1340276485306227        3.3631589572047198       0.99959584017282799       0.27624303335455913     
   5.9560000000000006E-004  0.42670303906996526        6.1110409966146868        3.3806906632751583       0.99958763443676990       0.26884767201744530     
   5.9570000000000011E-004  0.42914963803563505        6.0882062358350950        3.3979580295797276       0.99958365728371446       0.26105996844885887     
   5.9580000000000006E-004  0.43168401942738216        6.0655716842054712        3.4149344674045055       0.99958374507305447       0.25289885025143888     
   5.9590000000000012E-004  0.43429684193812346        6.0431846545408714        3.4315903455794201       0.99958767900876822       0.24438224077359000     
   5.9600000000000007E-004  0.43697928096285310        6.0210936499287921        3.4478930583932375       0.99959519288013510       0.23552825548605621     
   5.9610000000000002E-004  0.43972296497629199        5.9993511891609206        3.4638073100045830       0.99960596977975258       0.22635628706946731     
   5.9620000000000007E-004  0.44251990334772157        5.9780165970843715        3.4792955867272997       0.99961963757716710       0.21688756146929236     
   5.9630000000000002E-004  0.44536245004443514        5.9571579891410380        3.4943187540697056       0.99963577239150703       0.20714500548000597     
   5.9640000000000008E-004  0.44824333341653594        5.9368527943841514        3.5088367033074510       0.99965391392157588       0.19715253124196708     
   5.9650000000000002E-004  0.45115575345604242        5.9171865000924573        3.5228089824499111       0.99967359028199687       0.18693401311954008     
   5.9659999999999997E-004  0.45409351650473945        5.8982497510167278        3.5361953691892918       0.99969434611157326       0.17651226427936145     
   5.9670000000000003E-004  0.45705116269687984        5.8801343314243120        3.5489563675722153       0.99971576753749691       0.16590824896330650     
   5.9679999999999998E-004  0.46002404889447429        5.8629287646346153        3.5610536278713321       0.99973749983670079       0.15514064680933526     
   5.9690000000000003E-004  0.46300837057108363        5.8467142510240873        3.5724502978132677       0.99975925638289453       0.14422576478108731     
   5.9699999999999998E-004  0.46600112757682399        5.8315614951770751        3.5831113147591358       0.99978081979238664       0.13317770934048972     
   5.9710000000000004E-004  0.46900005211153811        5.8175287319918834        3.5930036461655108       0.99980203741806184       0.12200869965290920     
   5.9719999999999999E-004  0.47200352018599628        5.8046610247389037        3.6020964826535313       0.99982281354485636       0.11072941405376863     
   5.9730000000000004E-004  0.47501046333259661        5.7929907209048572        3.6103613861362480       0.99984310026807011        9.9349298418029475E-002
   5.9739999999999999E-004  0.47802028990030965        5.7825388312825297        3.6177723952127305       0.99986288842846349        8.7876805436143693E-002
   5.9750000000000005E-004  0.48103281860178732        5.7733170422317812        3.6243060911638918       0.99988219939481515        7.6319565330538630E-002
   5.9760000000000000E-004  0.48404822276450588        5.7653300685843050        3.6299416297141121       0.99990107804531259        6.4684506127014665E-002
   5.9770000000000005E-004  0.48706698203233262        5.7585780901264325        3.6346607455938980       0.99991958701835315        5.2977946471406953E-002
   5.9780000000000000E-004  0.49008983818973256        5.7530590718607293        3.6384477384072476       0.99993780213119599        4.1205680892911628E-002
   5.9790000000000006E-004  0.49311775258217827        5.7487708283067889        3.6412894488608654       0.99995580885920365        2.9373071069642612E-002
   5.9800000000000001E-004  0.49615186358636315        5.7457127472388478        3.6431752342486599       0.99997369968326522        1.7485149031713623E-002
   5.9810000000000006E-004  0.49919344332823667        5.7438871327333167        3.6440969511639971       0.99999157213524625        5.5467333268426049E-003
   5.9820000000000001E-004  0.50224385332372545        5.7433001557852172        3.6440489520176111        1.0000095273411456       -6.4374435216973131E-003
   5.9830000000000007E-004  0.50530449899934604        5.7439624125099460        3.6430281000768669        1.0000276688708645       -1.8462600091413636E-002
   5.9840000000000002E-004  0.50837678317632107        5.7458890885506904        3.6410338056327256        1.0000461016924622       -3.0523767370940546E-002
   5.9850000000000007E-004  0.51146205860236305        5.7490997186731700        3.6380680836784700        1.0000649310081953       -4.2615649002375064E-002
   5.9860000000000002E-004  0.51456157949829917        5.7536175191566024        3.6341356312710835        1.0000842607171170       -5.4732481017763311E-002
   5.9870000000000008E-004  0.51767645183878930        5.7594682653518774        3.6292439206544493        1.0001041911956010       -6.6867889132747466E-002
   5.9880000000000003E-004  0.52080758169374675        5.7666786976624103        3.6234033024651442        1.0001248159919249       -7.9014737684381067E-002
   5.9890000000000008E-004  0.52395562040091959        5.7752744676610721        3.6166271118959035        1.0001462170531081       -9.1164961686196880E-002
   5.9900000000000003E-004  0.52712090462044281        5.7852776836152540        3.6089317694408614        1.0001684580881645      -0.10330937146186146     
   5.9910000000000009E-004  0.53030338854688264        5.7967041827156045        3.6003368669364342        1.0001915758383391      -0.11543742069873811     
   5.9920000000000004E-004  0.53350256508209404        5.8095607342619004        3.5908652286512912        1.0002155692532120      -0.12753693357021303     
   5.9930000000000009E-004  0.53671737336188663        5.8238424466272178        3.5805429362054273        1.0002403869834531      -0.13959379433822686     
   5.9940000000000004E-004  0.53994609231959523        5.8395306898432739        3.5693993050098438        1.0002659140572898      -0.15159161298849486     
   5.9950000000000010E-004  0.54318622470980693        5.8565918382415845        3.5574667990705753        1.0002919590767467      -0.16351139436180057     
   5.9960000000000005E-004  0.54643438310870629        5.8749770816686429        3.5447808709529069        1.0003182436515485      -0.17533125794889423     
   5.9970000000000010E-004  0.54968619714665579        5.8946234517411398        3.5313797147738772        1.0003443962048160      -0.18702628104360203     
   5.9980000000000005E-004  0.55293626574401944        5.9154560431181231        3.5173039209733798        1.0003699527184258      -0.19856855824423536     
   5.9990000000000011E-004  0.55617817396611968        5.9373912070117054        3.5025960223966521        1.0003943669488651      -0.20992757027392683     
   6.0000000000000006E-004  0.55940457726415438        5.9603403026935222        3.4872999227864470        1.0004170318899139      -0.22107092259075464     
   6.0010000000000011E-004  0.56260732864786311        5.9842134703582950        3.4714602038613229        1.0004373120601382      -0.23196543757116553     
   6.0020000000000006E-004  0.56577759883524847        6.0089228890714708        3.4551213205499920        1.0004545823039286      -0.24257845939506797     
   6.0030000000000012E-004  0.56890593598624040        6.0343851367667956        3.4383267200183276        1.0004682640762845      -0.25287907434743356     
   6.0040000000000007E-004  0.57198224018930943        6.0605225277081836        3.4211179560718548        1.0004778490758839      -0.26283883476736930     
   6.0050000000000001E-004  0.57499566748100950        6.0872635475358994        3.4035339006993945        1.0004829063668892      -0.27243164155260519     
   6.0060000000000007E-004  0.57793451334509294        6.1145426325089129        3.3856101577222475        1.0004830799025115      -0.28163274184584486     
   6.0070000000000002E-004  0.58078614370211323        6.1422995434107470        3.3673787477887247        1.0004780922507004      -0.29041724363628935     
   6.0079999999999997E-004  0.58353703718922223        6.1704785428080502        3.3488680683907304        1.0004677678000504      -0.29875889301764019     
   6.0090000000000002E-004  0.58617297868553897        6.1990275733095341        3.3301030660563824        1.0004520742038765      -0.30662984201167576     
   6.0099999999999997E-004  0.58867939582262419        6.2278976571637799        3.3111055212918106        1.0004311620232900      -0.31400169002225320     
   6.0110000000000003E-004  0.59104175503766920        6.2570427342084205        3.2918943538528653        1.0004053752150082      -0.32084743233233781     
   6.0119999999999998E-004  0.59324586913554533        3.2347703767303670E-003   3.2724858997199959        1.0003752101351353      -0.32714340938102721     
   6.0130000000000003E-004  0.59527801267458580        3.2805977232808203E-002   3.2528941726069074        1.0003412193536532      -0.33287015817145776     
   6.0139999999999998E-004  0.59712487620509680        6.2538373320249363E-002   3.2331311716851947        1.0003038893814920      -0.33801145800344823     
   6.0150000000000004E-004  0.59877350031586052        9.2406554735324775E-002   3.2132072965135725        1.0002635499118158      -0.34255187036073720     
   6.0159999999999999E-004  0.60021134391425734       0.12239375768708527        3.1931318665890873        1.0002203684008473      -0.34647418643434275     
   6.0170000000000004E-004  0.60142656628152780       0.15249279346318900        3.1729136486229628        1.0001744369736589      -0.34975856726062610     
   6.0179999999999999E-004  0.60240850317292860       0.18270636799050699        3.1525612357858286        1.0001258987879933      -0.35238431985416530     
   6.0190000000000005E-004  0.60314824744755502       0.21304667592185389        3.1320831512182168        1.0000750358351482      -0.35433365289220309     
   6.0200000000000000E-004  0.60363920483027511       0.24353420441701878        3.1114876592708414        1.0000222730952681      -0.35559548852095935     
   6.0210000000000005E-004  0.60387745495788536       0.27419573694842647        3.0907824001715269       0.99996811603663971      -0.35616737322398750     
   6.0220000000000000E-004  0.60386178678156299       0.30506163500162486        3.0699740437866829       0.99991307719961697      -0.35605462494665940     
   6.0230000000000006E-004  0.60359341072971417       0.33616254206985197        3.0490681509549935       0.99985764528341359      -0.35526729183851130     
   6.0240000000000001E-004  0.60307549672353278       0.36752571137445145        3.0280693513504162       0.99980231711853973      -0.35381648483237399     
   6.0250000000000006E-004  0.60231276645330190       0.39917123427631118        3.0069818411259055       0.99974767310476742      -0.35171175646454311     
   6.0260000000000001E-004  0.60131133656561087       0.43110853395284998        2.9858101176378007       0.99969445332010842      -0.34896051075162393     
   6.0270000000000007E-004  0.60007882847480698       0.46333355268163956        2.9645598235189374       0.99964359389921109      -0.34556948490914002     
   6.0280000000000002E-004  0.59862458240748284       0.49582704497899499        2.9432385742079537       0.99959619627037377      -0.34154748973970972     
   6.0290000000000007E-004  0.59695977005099965       0.52855425816381540        2.9218566871925553       0.99955342611023101      -0.33690813219333049     
   6.0300000000000002E-004  0.59509726182942624       0.56146603245370130        2.9004277984352078       0.99951636322436732      -0.33167127870191937     
   6.0310000000000008E-004  0.59305122450826486       0.59450096360091109        2.8789694168234488       0.99948584427859288      -0.32586250508614534     
   6.0320000000000003E-004  0.59083654488624626       0.62758779145833898        2.8575035002372013       0.99946235312982279      -0.31951064935367729     
   6.0330000000000008E-004  0.58846823303396167       0.66064678108966568        2.8360571066340849       0.99944600032660236      -0.31264452034304635     
   6.0340000000000003E-004  0.58596096881600668       0.69358884738362825        2.8146630748947867       0.99943659380151595      -0.30529032580125642     
   6.0350000000000009E-004  0.58332888794313431       0.72631177858120743        2.7933605685556429       0.99943375760959619      -0.29747111577604018     
   6.0360000000000003E-004  0.58058556914998738       0.75869415587085065        2.7721952592585795       0.99943703016165353      -0.28920843556178871     
   6.0370000000000009E-004  0.57774408660261178       0.79058908820893059        2.7512189996496925       0.99944589314731491      -0.28052498666109865     
   6.0380000000000004E-004  0.57481700624472387       0.82182093112851540        2.7304890105594950       0.99945973630344842      -0.27144636658854132     
   6.0390000000000010E-004  0.57181631673745703       0.85218802727819387        2.7100667758083841       0.99947781605494579      -0.26200058030451173     
   6.0400000000000004E-004  0.56875338390623520       0.88147304800295423        2.6900168838151233       0.99949927231669078      -0.25221571688103139     
   6.0410000000000010E-004  0.56563899293516617       0.90946014595749070        2.6704059502022610       0.99952321780345765      -0.24211764191282634     
   6.0420000000000005E-004  0.56248344120915095       0.93595572389683923        2.6513015878772155       0.99954885226421553      -0.23172951690470825     
   6.0430000000000011E-004  0.55929657448050374       0.96080812307902974        2.6327712949604143       0.99957553615630368      -0.22107351885348253     
   6.0440000000000005E-004  0.55608767432003137       0.98392155702867257        2.6148811776533671       0.99960279236018690      -0.21017352140022189     
   6.0450000000000011E-004  0.55286519807771339        1.0052611882131295        2.5976945672481562       0.99963025415942020      -0.19905688923928355     
   6.0460000000000006E-004  0.54963647345721622        1.0248487397653356        2.5812707185834696       0.99965760559364447      -0.18775421504725637     
   6.0470000000000001E-004  0.54640748428585739        1.0427504910226144        2.5656638060075636       0.99968455168617365      -0.17629714767535773     
   6.0480000000000006E-004  0.54318283516768262        1.0590610812265506        2.5509223538154591       0.99971082641766684      -0.16471546061128942     
   6.0490000000000001E-004  0.53996589507296966        1.0738868481489057        2.5370891087235203       0.99973622097993065      -0.15303466667089186     
   6.0499999999999996E-004  0.53675905156443215        1.0873316440555971        2.5242012540715075       0.99976060884683737      -0.14127494838181612     
   6.0510000000000002E-004  0.53356398520511761        1.0994867536279251        2.5122908197246292       0.99978395316341795      -0.12945144507654693     
   6.0519999999999997E-004  0.53038189360018984        1.1104252593893555        2.5013851561108544       0.99980629509559527      -0.11757543754568679     
   6.0530000000000002E-004  0.52721363397111232        1.1202002896685990        2.4915073880829932       0.99982773011165804      -0.10565582718900889     
   6.0539999999999997E-004  0.52405978904340678        1.1288461409958774        2.4826768149873613       0.99984838148706456       -9.3700434013742256E-002
   6.0550000000000003E-004  0.52092068119147172        1.1363812031532241        2.4749092588564650       0.99986837804273521       -8.1716870377530726E-002
   6.0559999999999998E-004  0.51779636382869065        1.1428117676679985        2.4682173779786458       0.99988783936347170       -6.9712959647552877E-002
   6.0570000000000003E-004  0.51468661285450068        1.1481360329740991        2.4626109625251598       0.99990686852129385       -5.7696801229772512E-002
   6.0579999999999998E-004  0.51159093125770794        1.1523478488576799        2.4580972201759961       0.99992555053526244       -4.5676631758044969E-002
   6.0590000000000004E-004  0.50850857131116434        1.1554399312652013        2.4546810496026485       0.99994395431848582       -3.3660618600415040E-002
   6.0599999999999998E-004  0.50543857309681162        1.1574064172487208        2.4523652920812542       0.99996213618295482       -2.1656681782234524E-002
   6.0610000000000004E-004  0.50237981542950694        1.1582447210770557        2.4511509481744196       0.99998014370124999       -9.6723909437281333E-003
   6.0619999999999999E-004  0.49933107468226223        1.1579567049985915        2.4510373464946249       0.99999801928454468        2.2850522312377213E-003
   6.0630000000000005E-004  0.49629108760058205        1.1565491982704401        2.4520222543620411        1.0000158033130655        1.4208763171516576E-002
   6.0639999999999999E-004  0.49325861500120705        1.1540339009443912        2.4541019243378313        1.0000335369162079        2.6092084520607788E-002
   6.0650000000000005E-004  0.49023250377762573        1.1504267021980699        2.4572710753616334        1.0000512645961792        3.7928491999963898E-002
   6.0660000000000000E-004  0.48721174470916184        1.1457464337869219        2.4615228119828991        1.0000690368638638        4.9711528940119327E-002
   6.0670000000000006E-004  0.48419552328659010        1.1400130754195370        2.4668484894221216        1.0000869129390098        6.1434794798154418E-002
   6.0680000000000000E-004  0.48118326044827520        1.1332454375119312        2.4732375354887419        1.0001049633343322        7.3091999361515503E-002
   6.0690000000000006E-004  0.47817464035370366        1.1254583763821895        2.4806772416519665        1.0001232717814721        8.4677067613335266E-002
   6.0700000000000001E-004  0.47516962379223837        1.1166596572820566        2.4891525341945693        1.0001419355288299        9.6184249554022230E-002
   6.0710000000000007E-004  0.47216844915136241        1.1068466815800342        2.4986457313103494        1.0001610625529000       0.10760814331490441     
   6.0720000000000001E-004  0.46917162822689884        1.0960034309742550        2.5091362835972468        1.0001807639267313       0.11894350570499394     
   6.0730000000000007E-004  0.46617995077007407        1.0840981529687248        2.5206004857724782        1.0002011400336346       0.13018471669222959     
   6.0740000000000002E-004  0.46319451722403476        1.0710824927685074        2.5330111415428562        1.0002222607902460       0.14132481752557902     
   6.0750000000000008E-004  0.46021681967139250        1.0568929088618688        2.5463371684693730        1.0002441427692190       0.15235418112209437     
   6.0760000000000002E-004  0.45724888218469478        1.0414552000877144        2.5605431521711157        1.0002667294482661       0.16325909086086493     
   6.0770000000000008E-004  0.45429345145279282        1.0246927063621811        2.5755889009318271        1.0002898829332858       0.17402073063038520     
   6.0780000000000003E-004  0.45135420076510202        1.0065381321954785        2.5914291030759466        1.0003133934950490       0.18461518120825207     
   6.0790000000000009E-004  0.44843588750093638       0.98694798405126782        2.6080132270642205        1.0003370053739626       0.19501481023809508     
   6.0800000000000003E-004  0.44554440311593385       0.96591748772853059        2.6252857970016374        1.0003604448168204       0.20519086720589072     
   6.0810000000000009E-004  0.44268668594487043       0.94349292008515562        2.6431871034467300        1.0003834277604100       0.21511634421174250     
   6.0820000000000004E-004  0.43987052272889243       0.91977799752174860        2.6616542836630086        1.0004056301816897       0.22476771077717009     
   6.0830000000000009E-004  0.43710431521811877       0.89493168355367736        2.6806225847154170        1.0004266288885448       0.23412447780463541     
   6.0840000000000004E-004  0.43439689727522041       0.86915654949954657        2.7000265852851322        1.0004458507498248       0.24316675245897174     
   6.0850000000000010E-004  0.43175744435706492       0.84267924665597604        2.7198012385967942        1.0004625780097933       0.25187234286106297     
   6.0860000000000005E-004  0.42919545132772202       0.81572698558508883        2.7398827639337044        1.0004760284756171       0.26021548007048467     
   6.0870000000000010E-004  0.42672071723683969       0.78850531264093249        2.7602095405620779        1.0004854761407642       0.26816824389566957     
   6.0880000000000005E-004  0.42434329449624658       0.76118229653148006        2.7807231399953252        1.0004903422237035       0.27570385758853055     
   6.0890000000000000E-004  0.42207341369444978       0.73388234903189620        2.8013694709127774        1.0004902046737496       0.28279959327100751     
   6.0900000000000006E-004  0.41992143563581202       0.70668988475671846        2.8220998249820872        1.0004847377289967       0.28943727430975053     
   6.0910000000000001E-004  0.41789787030939207       0.67966007999391209        2.8428715505681428        1.0004736501166238       0.29560113620222056     
   6.0919999999999995E-004  0.41601343297539939       0.65283234792693356        2.8636481975502059        1.0004566901585066       0.30127467690144777     
   6.0930000000000001E-004  0.41427903656498205       0.62624226616179612        2.8843991848036907        1.0004337327301684       0.30643872671327094     
   6.0939999999999996E-004  0.41270561701876296       0.59992913721138663        2.9050991981941192        1.0004048995755483       0.31107203297721947     
   6.0950000000000002E-004  0.41130376023469761       0.57393826022430439        2.9257275421996560        1.0003706366184386       0.31515396959035780     
   6.0959999999999996E-004  0.41008320124158248       0.54831859189850540        2.9462675618975762        1.0003316975458441       0.31866772917090874     
   6.0970000000000002E-004  0.40905234261633028       0.52311742109393577        2.9667061176803489        1.0002890386554304       0.32160224716220115     
   6.0979999999999997E-004  0.40821794945409406       0.49837393974345012        2.9870330215502197        1.0002436760734492       0.32395202070981038     
   6.0990000000000003E-004  0.40758510531971243       0.47411331858531724        3.0072403591761070        1.0001965658737506       0.32571519129595722     
   6.0999999999999997E-004  0.40715739279584640       0.45034234542165485        3.0273216939356007        1.0001485418922524       0.32689104084303211     
   6.1010000000000003E-004  0.40693716923750234       0.42704712680381895        3.0472712237948731        1.0001003104257746       0.32747809029986008     
   6.1019999999999998E-004  0.40692577753491038       0.40419296796843796        3.0670830021650666        1.0000524782584996       0.32747349926438540     
   6.1030000000000004E-004  0.40712357297999796       0.38172635036165303        3.0867503316296738        1.0000055860132200       0.32687382296361739     
   6.1039999999999998E-004  0.40752974486221988       0.35957882396253282        3.1062654029184809       0.99996012728887074       0.32567665952851155     
   6.1050000000000004E-004  0.40814201873878880       0.33767250588244657        3.1256191960588917       0.99991654824434884       0.32388248097544287     
   6.1059999999999999E-004  0.40895639274428419       0.31592667844223321        3.1448016040732072       0.99987523341040641       0.32149599719743477     
   6.1070000000000004E-004  0.40996705310636128       0.29426476466222162        3.1638016958423938       0.99983648842809036       0.31852663928028080     
   6.1079999999999999E-004  0.41116653190499280       0.27262084124261321        3.1826080130772323       0.99980053053327433       0.31498806504811233     
   6.1090000000000005E-004  0.41254606120773446       0.25094490328334551        3.2012088016470623       0.99976749428362766       0.31089690203861298     
   6.1100000000000000E-004  0.41409600140310654       0.22920632824041043        3.2195921078084035       0.99973745502411560       0.30627118016902766     
   6.1110000000000005E-004  0.41580621316387878       0.20739531706889380        3.2377457162122840       0.99971046590741475       0.30112900342425158     
   6.1120000000000000E-004  0.41766630187999171       0.18552240006529708        3.2556569549703593       0.99968659728555453       0.29548792083092595     
   6.1130000000000006E-004  0.41966574080079910       0.16361630821335460        3.2733124270547496       0.99966596340814329       0.28936516956806541     
   6.1140000000000001E-004  0.42179392938585375       0.14172062375382666        3.2906977356749012       0.99964872391954485       0.28277858226494285     
   6.1150000000000006E-004  0.42404024915977045       0.11988967737810974        3.3077972538111640       0.99963505707813105       0.27574765126402001     
   6.1160000000000001E-004  0.42639415045527168        9.8184190775837621E-002   3.3245939550794867       0.99962511346568717       0.26829416622578361     
   6.1170000000000007E-004  0.42884526625913766        7.6667164576418756E-002   3.3410692909591484       0.99961896775201975       0.26044203777519248     
   6.1180000000000002E-004  0.43138352818868320        5.5400466366066325E-002   3.3572030836962772       0.99961658689547350       0.25221630324740774     
   6.1190000000000007E-004  0.43399926183469129        3.4442466281024764E-002   3.3729734119127550       0.99961782513704844       0.24364169174028460     
   6.1200000000000002E-004  0.43668325478724745        1.3846900940194473E-002   3.3883564917123943       0.99962244406602474       0.23474131895043690     
   6.1210000000000008E-004  0.43942680615765084        6.2768482675167139        3.4033265864814379       0.99963014619458435       0.22553600797759044     
   6.1220000000000003E-004  0.44222176963217730        6.2571217188018320        3.4178559968891014       0.99964060725087567       0.21604443878031596     
   6.1230000000000008E-004  0.44506059464022352        6.2378967300412107        3.4319151789365989       0.99965349703049011       0.20628397554981109     
   6.1240000000000003E-004  0.44793636249301844        6.2192179558598948        3.4454730134507678       0.99966848654541518       0.19627177272140006     
   6.1250000000000009E-004  0.45084281218137412        6.2011324155728964        3.4584972159694138       0.99968524620730825       0.18602570609124089     
   6.1260000000000004E-004  0.45377435310802455        6.1836907558889607        3.4709548447878182       0.99970344254434040       0.17556480115631007     
   6.1270000000000009E-004  0.45672606569341878        6.1669476418602560        3.4828128476819775       0.99972273970273340       0.16490905520194676     
   6.1280000000000004E-004  0.45969369307704522        6.1509612231122848        3.4940385882228941       0.99974280801237103       0.15407877074351628     
   6.1290000000000010E-004  0.46267362707127968        6.1357918263781919        3.5046003076052203       0.99976333784291549       0.14309365578441505     
   6.1300000000000005E-004  0.46566288996961241        6.1215001661525026        3.5144674999272292       0.99978405478043175       0.13197196894658206     
   6.1309999999999999E-004  0.46865911205606359        6.1081454102906996        3.5236111991232666       0.99980473194742758       0.12072991212565548     
   6.1320000000000005E-004  0.47166050364803619        6.0957834066479126        3.5320041898538399       0.99982519686829197       0.10938135533996636     
   6.1330000000000000E-004  0.47466581997013002        6.0844652943066393        3.5396211606535246       0.99984533234358108        9.7937867994605687E-002
   6.1339999999999995E-004  0.47767431851961728        6.0742366195122859        3.5464388170740446       0.99986507248291423        8.6408965159766718E-002
   6.1350000000000000E-004  0.48068571031367291        6.0651369789589111        3.5524359684557472       0.99988439581095589        7.4802461447762064E-002
   6.1359999999999995E-004  0.48370010722563517        6.0572001381124103        3.5575935971588728       0.99990331729133941        6.3124843188680349E-002
   6.1370000000000001E-004  0.48671796768899284        6.0504545241188055        3.5618949153636095       0.99992188059766729        5.1381604422460668E-002
   6.1379999999999996E-004  0.48974004258388343        6.0449239689124354        3.5653254123981961       0.99994015139387171        3.9577524466932780E-002
   6.1390000000000001E-004  0.49276732240308707        6.0406285714940715        3.5678728948447964       0.99995821182680056        2.7716888789833083E-002
   6.1399999999999996E-004  0.49580098604504841        6.0375855580998330        3.5695275217228319       0.99997615614431656        1.5803666741822407E-002
   6.1410000000000002E-004  0.49884235103047569        6.0358100365950182        3.5702818373822458       0.99999408717108151        3.8416635540152811E-003
   6.1419999999999997E-004  0.50189282455566231        6.0353155624650299        3.5701308047120768        1.0000121133462065       -8.1653390501321785E-003
   6.1430000000000002E-004  0.50495385456280328        6.0361144568064375        3.5690718408400750        1.0000303460188187       -2.0213442715897170E-002
   6.1439999999999997E-004  0.50802687986420569        6.0382178410357525        3.5671048566768175        1.0000488967019199       -3.2298485371684796E-002
   6.1450000000000003E-004  0.51111327827014730        6.0416353782040702        3.5642323005535292        1.0000678739824211       -4.4415881620867882E-002
   6.1460000000000009E-004  0.51421431164627118        6.0463747367976755        3.5604592049927004        1.0000873797758818       -5.6560444860612111E-002
   6.1470000000000003E-004  0.51733106690150110        6.0524408172181747        3.5557932344434189        1.0001075046235521       -6.8726183439016653E-002
   6.1480000000000009E-004  0.52046439216002183        6.0598348078684943        3.5502447308755349        1.0001283216756702       -8.0906060602585525E-002
   6.1490000000000004E-004  0.52361482791684588        6.0685531662803420        3.5438267535880787        1.0001498790662691       -9.3091705632793786E-002
   6.1500000000000010E-004  0.52678253385520624        6.0785866393182744        3.5365551088945315        1.0001721906013057      -0.10527306935781203     
   6.1510000000000004E-004  0.52996721317490048        6.0899194483454213        3.5284483644250266        1.0001952250030646      -0.11743802696861957     
   6.1520000000000010E-004  0.53316803749232355        6.1025287644962223        3.5195278408960222        1.0002188945770125      -0.12957195818281861     
   6.1530000000000005E-004  0.53638357623316391        6.1163845836493831        3.5098175707885959        1.0002430450129547      -0.14165737124593186     
   6.1540000000000010E-004  0.53961173441808041        6.1314500769947315        3.4993442082213648        1.0002674488192502      -0.15367367985468666     
   6.1550000000000005E-004  0.54284970135093280        6.1476824400423560        3.4881368683561367        1.0002918052173200      -0.16559726807534075     
   6.1560000000000011E-004  0.54609390959471660        6.1650341920351313        3.4762268706745330        1.0003157484722704      -0.17740195931080238     
   6.1570000000000006E-004  0.54934000117923543        6.1834547825976909        3.4636473620100379        1.0003388644938627      -0.18905991474000255     
   6.1580000000000011E-004  0.55258279711822633        6.2028922584051056        3.4504328064594167        1.0003607122401768      -0.20054282952587657     
   6.1590000000000006E-004  0.55581626599494516        6.2232947082436496        3.4366183536958332        1.0003808434077441      -0.21182312623443339     
   6.1600000000000012E-004  0.55903348947096931        6.2446112389691049        3.4222391296994719        1.0003988138772340      -0.22287474406240762     
   6.1610000000000007E-004  0.56222662711001570        6.2667923319994951        3.4073295242756125        1.0004141837870268      -0.23367316807112606     
   6.1620000000000012E-004  0.56538688824016825        6.6042593453072840E-003   3.3919225644307085        1.0004265103722758      -0.24419457392445046     
   6.1630000000000007E-004  0.56850452188728617        3.0369522027047680E-002   3.3760494504880176        1.0004353449979260      -0.25441433017807547     
   6.1640000000000013E-004  0.57156883493622546        5.4853923937972837E-002   3.3597392913350173        1.0004402484580237      -0.26430546268715882     
   6.1650000000000008E-004  0.57456824598361755        8.0006702575946775E-002   3.3430190185966553        1.0004408326759189      -0.27383785299017011     
   6.1660000000000013E-004  0.57749038308421519       0.10577441024616441        3.3259134106560433        1.0004368215209414      -0.28297874769889658     
   6.1670000000000008E-004  0.58032223387683257       0.13210070976334620        3.3084451420428320        1.0004281070606491      -0.29169461690807874     
   6.1680000000000003E-004  0.58305033862843547       0.15892706511200672        3.2906347994035023        1.0004147709850868      -0.29995374100307226     
   6.1690000000000009E-004  0.58566098726232352       0.18619447541737699        3.2725008580074011        1.0003970507456712      -0.30772845926239567     
   6.1700000000000004E-004  0.58814036127938174       0.21384618654181686        3.2540596662237724        1.0003752536356960      -0.31499604410712578     
   6.1710000000000009E-004  0.59047457530777869       0.24183108199503245        3.2353255112560255        1.0003496481859919      -0.32173771724353217     
   6.1720000000000004E-004  0.59264963106633051       0.27010727655815181        3.2163108232012645        1.0003203763961019      -0.32793616354294797     
   6.1729999999999999E-004  0.59465137201037432       0.29864536642473283        3.1970265213189064        1.0002874249820526      -0.33357264855148772     
   6.1740000000000005E-004  0.59646556502317938       0.32743083201800793        3.1774824381173326        1.0002506708909020      -0.33862514563640389     
   6.1749999999999999E-004  0.59807819929347505       0.35646521690532751        3.1576877034272979        1.0002099841811682      -0.34306854508088330     
   6.1760000000000005E-004  0.59947602155335755       0.38576586667289625        3.1376509605990548        1.0001653437397435      -0.34687711728746101     
   6.1770000000000000E-004  0.60064723715771395       0.41536415570886653        3.1173803330443466        1.0001169171504118      -0.35002834050926535     
   6.1780000000000005E-004  0.60158221040900195       0.44530225114645461        3.0968831470993923        1.0000650764587720      -0.35250651931639587     
   6.1790000000000000E-004  0.60227394237316489       0.47562860101274929        3.0761655133590247        1.0000103558940108      -0.35430468466274972     
   6.1800000000000006E-004  0.60271813256373474       0.50639248643419954        3.0552319343928889       0.99995338594767624      -0.35542405670582577     
   6.1810000000000001E-004  0.60291277214999772       0.53763812541074785        3.0340851182912694       0.99989484181058619      -0.35587140775224296     
   6.1820000000000006E-004  0.60285747693947489       0.56939893200433289        3.0127261378012005       0.99983542433942307      -0.35565536584509289     
   6.1830000000000001E-004  0.60255298524566592       0.60169260890674892        2.9911550007963128       0.99977588302881770      -0.35478291000267581     
   6.1840000000000007E-004  0.60200112158890717       0.63451780967493931        2.9693715930534244       0.99971708843330986      -0.35325745427199051     
   6.1850000000000002E-004  0.60120518482607899       0.66785309548367700        2.9473768381787968       0.99966012200885979      -0.35107966980978234     
   6.1860000000000007E-004  0.60017046769815641       0.70165868736116543        2.9251738576046269       0.99960630424392272      -0.34825099313701502     
   6.1870000000000002E-004  0.59890460135823820       0.73588093899148355        2.9027689649708992       0.99955709039435547      -0.34477805767818104     
   6.1880000000000008E-004  0.59741756028188064       0.77045850800428717        2.8801724782894862       0.99951384399189314      -0.34067538826761040     
   6.1890000000000003E-004  0.59572132244975773       0.80532811135074667        2.8573994809110355       0.99947759173647976      -0.33596463300844354     
   6.1900000000000008E-004  0.59382933185501297       0.84042695694757441        2.8344706996624560       0.99944888971526968      -0.33067085817151598     
   6.1910000000000003E-004  0.59175598664361206       0.87568916567987287        2.8114135431980061       0.99942787323381554      -0.32481855211154076     
   6.1920000000000009E-004  0.58951624546879933       0.91103514184032264        2.7882631066957702       0.99941443274313191      -0.31843037557865034     
   6.1930000000000004E-004  0.58712525001117832       0.94635555529921334        2.7650627869542470       0.99940835375397241      -0.31152940600591572     
   6.1940000000000009E-004  0.58459782843418884       0.98149456429469595        2.7418642511704392       0.99940929739816209      -0.30414223094937798     
   6.1950000000000004E-004  0.58194793389797506        1.0162389642666305        2.7187268371053412       0.99941665308397609      -0.29629880395983182     
   6.1960000000000010E-004  0.57918833835685413        1.0503199190584827        2.6957167660196544       0.99942944195228456      -0.28802734200798419     
   6.1970000000000005E-004  0.57633089396855774        1.0834312605887106        2.6729065220730686       0.99944644539464866      -0.27934759899503636     
   6.1980000000000010E-004  0.57338730617188627        1.1152633995808845        2.6503743418798660       0.99946653463670332      -0.27026895934301859     
   6.1990000000000005E-004  0.57036994256502682        1.1455460802651611        2.6282032935711528       0.99948896882901206      -0.26079711706511643     
   6.2000000000000011E-004  0.56729207215929156        1.1740886913214528        2.6064793661051784       0.99951343039442642      -0.25094637167101225     
   6.2010000000000006E-004  0.56416723459381757        1.2008061220500839        2.5852884877288811       0.99953977227898272      -0.24074947798090759     
   6.2020000000000011E-004  0.56100802106508196        1.2257224757524110        2.5647131209367799       0.99956767586862416      -0.23025777944259873     
   6.2030000000000006E-004  0.55782493537581823        1.2489525623992783        2.5448294828004472       0.99959647871978219      -0.21953072325937403     
   6.2040000000000012E-004  0.55462589715179134        1.2706682285502104        2.5257061873719233       0.99962527730034245      -0.20862083414070287     
   6.2050000000000007E-004  0.55141652079279080        1.2910599722918938        2.5074043955619945       0.99965319990297574      -0.19756244070727477     
   6.2060000000000012E-004  0.54820089541517913        1.3103032149108298        2.4899788931811999       0.99967965928450953      -0.18636911236039849     
   6.2070000000000007E-004  0.54498243136852031        1.3285348025600605        2.4734792783259665       0.99970445753792880      -0.17503933834737584     
   6.2080000000000013E-004  0.54176443820132392        1.3458411958734349        2.4579506511984106       0.99972773152961603      -0.16356625369322086     
   6.2090000000000008E-004  0.53855031996596903        1.3622568803075783        2.4434336290411331       0.99974980668605595      -0.15194662615685373     
   6.2100000000000002E-004  0.53534346452732162        1.3777701236060960        2.4299638844750642       0.99977104354444490      -0.14018606355588475     
   6.2110000000000008E-004  0.53214698990384468        1.3923329668005042        2.4175715747722606       0.99979173364202323      -0.12829981702955515     
   6.2120000000000003E-004  0.52896349725951519        1.4058727685315073        2.4062809908445590       0.99981206034223824      -0.11631035039756381     
   6.2130000000000009E-004  0.52579491584476346        1.4183033463222099        2.3961105994706320       0.99983210970552239      -0.10424351387575488     
   6.2140000000000003E-004  0.52264245888181915        1.4295345154650096        2.3870734852541311       0.99985190502540711       -9.2124903772190722E-002
   6.2149999999999998E-004  0.51950666731715567        1.4394794768516235        2.3791780866674292       0.99987144251008930       -7.9977297062901603E-002
   6.2160000000000004E-004  0.51638750401545885        1.4480599941210102        2.3724290797955256       0.99989071621159209       -6.7819370922502481E-002
   6.2169999999999999E-004  0.51328446533253447        1.4552096152643603        2.3668282768111339       0.99990972997721350       -5.5665482197567645E-002
   6.2180000000000004E-004  0.51019668883567504        1.4608753524439102        2.3623754456999388       0.99992849965840691       -4.3526117478468171E-002
   6.2189999999999999E-004  0.50712304744962755        1.4650182730918075        2.3590690001271684       0.99994705026707609       -3.1408651775151633E-002
   6.2200000000000005E-004  0.50406222821290125        1.4676134164602246        2.3569065413296109       0.99996541187753529       -1.9318161347117644E-002
   6.2210000000000000E-004  0.50101279792401121        1.4686493709476434        2.3558852534710693       0.99998361636807787       -7.2581614755865961E-003
   6.2220000000000005E-004  0.49797325943176979        1.4681277570913736        2.3560021625273273        1.0000016957264839        4.7687714742762153E-003
   6.2230000000000000E-004  0.49494210242337922        1.4660627680397234        2.3572542694620662        1.0000196816441740        1.6760471558084161E-002
   6.2240000000000006E-004  0.49191785224490647        1.4624808313472535        2.3596385649186700        1.0000376056833349        2.8714699852551213E-002
   6.2250000000000001E-004  0.48889912004759911        1.4574203753506083        2.3631519275500188        1.0000554992143267        4.0628651507589771E-002
   6.2260000000000006E-004  0.48588465749254378        1.4509316083988093        2.3677909034135247        1.0000733924842131        5.2498410364720756E-002
   6.2270000000000001E-004  0.48287341914942272        1.4430761491684478        2.3735513613573147        1.0000913125630875        6.4318335185243158E-002
   6.2280000000000007E-004  0.47986463508589039        1.4339262841407443        2.3804280211253039        1.0001092806560901        7.6080411968327821E-002
   6.2290000000000002E-004  0.47685789418845964        1.4235635809749514        2.3884138595705502        1.0001273101256858        8.7773673741931998E-002
   6.2300000000000007E-004  0.47385323471432383        1.4120765651443268        2.3974994172936896        1.0001454076890577        9.9383870737994873E-002
   6.2310000000000002E-004  0.47085123206928736        1.3995571859991518        2.4076720540255332        1.0001635807156144       0.11089364326918340     
   6.2320000000000008E-004  0.46785306580248781        1.3860958821703786        2.4189152314959417        1.0001818528934652       0.12228345989075218     
   6.2330000000000003E-004  0.46486054137770089        1.3717752165467427        2.4312079273713958        1.0002002874819023       0.13353347092168011     
   6.2340000000000008E-004  0.46187604286011946        1.3566622938390953        2.4445242864877783        1.0002190117702681       0.14462614327023365     
   6.2350000000000003E-004  0.45890240652001052        1.3408004994548417        2.4588335779793384        1.0002382296473644       0.15554909655192339     
   6.2360000000000009E-004  0.45594273583328754        1.3242014978865928        2.4741004401954449        1.0002582050977105       0.16629708295469398     
   6.2370000000000004E-004  0.45300022062240886        1.3068388774320674        2.4902852740764509        1.0002792029642209       0.17687180880273876     
   6.2380000000000009E-004  0.45007806005033718        1.2886452644098725        2.5073445369564817        1.0003013888051209       0.18727861513206845     
   6.2390000000000004E-004  0.44717959314921152        1.2695150214958133        2.5252306634729353        1.0003247140871090       0.19752010641792342     
   6.2400000000000010E-004  0.44430868514209904        1.2493145543408382        2.5438914607278327        1.0003488376017684       0.20758845655756686     
   6.2410000000000005E-004  0.44147030160847722        1.2279014429338098        2.5632690957062385        1.0003731394713913       0.21745961101995451     
   6.2420000000000010E-004  0.43867106659817112        1.2051517419016644        2.5832991209517435        1.0003968537437582       0.22709285073603494     
   6.2430000000000005E-004  0.43591952769405740        1.1809918420698882        2.6039101855594060        1.0004192765161366       0.23643731437774312     
   6.2440000000000011E-004  0.43322592394567361        1.1554280055982176        2.6250249646373693        1.0004399344895964       0.24544340007383494     
   6.2450000000000006E-004  0.43060148028907508        1.1285647247397534        2.6465623721765841        1.0004585904244447       0.25407352358848034     
   6.2460000000000011E-004  0.42805752190761037        1.1006042407726380        2.6684405200778780        1.0004750597995824       0.26230634071088282     
   6.2470000000000006E-004  0.42560482431013857        1.0718245016242953        2.6905795426660197        1.0004889607091225       0.27013234233670080     
   6.2480000000000012E-004  0.42325347107156941        1.0425399695238600        2.7129035854076791        1.0004995850103928       0.27754426735563992     
   6.2490000000000006E-004  0.42101316957004009        1.0130558646157208        2.7353418337778028        1.0005059916527044       0.28452878286292266     
   6.2500000000000012E-004  0.41889372854370643       0.98362868510235835        2.7578289988465339        1.0005072541499178       0.29106417336770507     
   6.2510000000000007E-004  0.41690539204932103       0.95444309407888461        2.7803057979128458        1.0005026868541078       0.29712402070080363     
   6.2520000000000002E-004  0.41505888974624655       0.92560892182240906        2.8027196527144578        1.0004919161975272       0.30268293236550037     
   6.2530000000000007E-004  0.41336523739066844       0.89717511571689279        2.8250254021013048        1.0004748049477163       0.30772001256769277     
   6.2540000000000002E-004  0.41183538811363013       0.86915296580284185        2.8471856473390327        1.0004513470685712       0.31221851870221951     
   6.2550000000000008E-004  0.41047981652841742       0.84154016232432127        2.8691705070306055        1.0004216479226480       0.31616334840761307     
   6.2560000000000003E-004  0.40930808880987374       0.81433939586668025        2.8909568681408970        1.0003860121893702       0.31953932991197737     
   6.2569999999999998E-004  0.40832845901723264       0.78756844614815869        2.9125274233431924        1.0003450585640743       0.32233213511214426     
   6.2580000000000003E-004  0.40754753981793501       0.76126161140844850        2.9338697578219652        1.0002997497680859       0.32453119307232009     
   6.2589999999999998E-004  0.40697011399744781       0.73546432853722088        2.9549755626682641        1.0002512870257059       0.32613227760068425     
   6.2600000000000004E-004  0.40659914977861222       0.71022386007392591        2.9758398758705842        1.0002009138027339       0.32713764056553168     
   6.2609999999999999E-004  0.40643602739581958       0.68557906239248290        2.9964602043057358        1.0001497296251609       0.32755325865730600     
   6.2620000000000004E-004  0.40648089019570804       0.66155168226810446        3.0168354649213600        1.0000986013563085       0.32738463652195710     
   6.2629999999999999E-004  0.40673296826772276       0.63814067582994838        3.0369648258856139        1.0000481954510461       0.32663350805545577     
   6.2640000000000005E-004  0.40719073809582917       0.61532009371825502        3.0568466385580000       0.99999908512948332       0.32529726372074630     
   6.2650000000000000E-004  0.40785186069203844       0.59304039212991277        3.0764776703375558       0.99995185186975410       0.32337142175815664     
   6.2660000000000005E-004  0.40871292501256984       0.57123263322137596        3.0958527683312993       0.99990711451686287       0.32085383218718688     
   6.2670000000000000E-004  0.40976909616965534       0.54981482865675346        3.1149649444477912       0.99986547264978554       0.31774846822663211     
   6.2680000000000006E-004  0.41101382836734024       0.52869955112454470        3.1338057441624714       0.99982740540122927       0.31406705605118951     
   6.2690000000000000E-004  0.41243880332295024       0.50780186652876402        3.1523657006940113       0.99979318880661150       0.30982803553768679     
   6.2700000000000006E-004  0.41403417478439430       0.48704666864382418        3.1706346995390740       0.99976287748481607       0.30505365628095837     
   6.2710000000000001E-004  0.41578907017691408       0.46637465897223684        3.1886021603070458       0.99973635704953023       0.29976672705372143     
   6.2720000000000007E-004  0.41769218942259062       0.44574647626735953        3.2062570364627607       0.99971343716187810       0.29398839380805269     
   6.2730000000000001E-004  0.41973230902464836       0.42514477165266662        3.2235876965586128       0.99969394072214268       0.28773755862540240     
   6.2740000000000007E-004  0.42189856046507884       0.40457427655761258        3.2405817655507163       0.99967775649983559       0.28103168872907369     
   6.2750000000000002E-004  0.42418046531005704       0.38406009757531123        3.2572259825630350       0.99966484590186777       0.27388824508479981     
   6.2760000000000008E-004  0.42656781427632801       0.36364460686873556        3.2735060970450678       0.99965521637103938       0.26632594757655315     
   6.2770000000000002E-004  0.42905052389190984       0.34338339244034977        3.2894068001719452       0.99964888208768832       0.25836543002674961     
   6.2780000000000008E-004  0.43161857881942056       0.32334078646939979        3.3049116802373093       0.99964582900418752       0.25002923958070072     
   6.2790000000000003E-004  0.43426210079354077       0.30358547875340136        3.3200031940658810       0.99964599176478597       0.24134137651204801     
   6.2800000000000009E-004  0.43697151730625089       0.28418663608401395        3.3346626522782428       0.99964924306693059       0.23232661090679027     
   6.2810000000000003E-004  0.43973776508745932       0.26521083393348199        3.3488702203287866       0.99965539279208548       0.22300973887570649     
   6.2820000000000009E-004  0.44255246368872336       0.24671997839195470        3.3626049387443744       0.99966419471334678       0.21341487027602191     
   6.2830000000000004E-004  0.44540802093645876       0.22877026636715847        3.3758447671398346       0.99967535912165584       0.20356481687429157     
   6.2840000000000010E-004  0.44829766486520173       0.21141210981885550        3.3885666586576191       0.99968856930154082       0.19348065388443314     
   6.2850000000000004E-004  0.45121542059336256       0.19469084237877610        3.4007466734402851       0.99970349913903500       0.18318151846865413     
   6.2860000000000010E-004  0.45415605957526228       0.17864794557413433        3.4123601396011143       0.99971982896516565       0.17268466525695236     
   6.2870000000000005E-004  0.45711504501058525       0.16332249081726680        3.4233818664245841       0.99973725756791054       0.16200573435461676     
   6.2880000000000011E-004  0.46008848697945087       0.14875249905158583        3.4337864073304920       0.99975550976070982       0.15115913147588170     
   6.2890000000000005E-004  0.46307310999946655       0.13497598581097670        3.4435483623011960       0.99977434017339173       0.14015839980287817     
   6.2900000000000011E-004  0.46606622884539206       0.12203156502098089        3.4526427032563678       0.99979353470089005       0.12901648528779835     
   6.2910000000000006E-004  0.46906572616303110       0.10995858360607080        3.4610451021575601       0.99981291109109338       0.11774584709581665     
   6.2920000000000012E-004  0.47207002651060043        9.8796846420421858E-002   3.4687322422103892       0.99983231951755813       0.10635842083105083     
   6.2930000000000006E-004  0.47507806401620334        8.8586049307950887E-002   3.4756820967649804       0.99985164326488851        9.4865483316647528E-002
   6.2940000000000001E-004  0.47808924332925373        7.9365060133071097E-002   3.4818741667069819       0.99987079916718213        8.3277484364962809E-002
   6.2950000000000007E-004  0.48110339513989914        7.1171177685023679E-002   3.4872896735838510       0.99988973731224895        7.1603905340900914E-002
   6.2960000000000002E-004  0.48412072811807794        6.4039467088505830E-002   3.4919117110027034       0.99990843967311294        5.9853184281998380E-002
   6.2970000000000007E-004  0.48714177896145622        5.8002231334160825E-002   3.4957253603653302       0.99992691755795682        4.8032724068944120E-002
   6.2980000000000002E-004  0.49016736173365133        5.3088639932887816E-002   3.4987177786105548       0.99994520806659037        3.6148981076848809E-002
   6.2989999999999997E-004  0.49319851712625795        4.9324499036949021E-002   3.5008782655601975       0.99996336986197532        2.4207620780049816E-002
   6.3000000000000003E-004  0.49623646182751524        4.6732129735238104E-002   3.5021983176745315       0.99998147851414210        1.2213722585264297E-002
   6.3009999999999997E-004  0.49928253787636351        4.5330314816816042E-002   3.5026716737321708       0.99999962161421008        1.7201842285874018E-004
   6.3020000000000003E-004  0.50233816170475898        4.5134275462245910E-002   3.5022943564084024        1.0000178937488358       -1.1912846981820871E-002
   6.3029999999999998E-004  0.50540477248133475        4.6155647727639249E-002   3.5010647121120173        1.0000363913284376       -2.4036042667498980E-002
   6.3040000000000004E-004  0.50848377933205424        4.8402441797666285E-002   3.4989834498151748        1.0000552071989743       -3.6192271073204822E-002
   6.3049999999999998E-004  0.51157650700507995        5.1878982245836980E-002   3.4960536779256342        1.0000744249596814       -4.8375487126854223E-002
   6.3060000000000004E-004  0.51468413956470571        5.6585841481270549E-002   3.4922809363929059        1.0000941129808056       -6.0578625888942084E-002
   6.3069999999999999E-004  0.51780766175926451        6.2519786699855473E-002   3.4876732190997073        1.0001143182384185       -7.2793352605401609E-002
   6.3080000000000005E-004  0.52094779785771272        6.9673774711500158E-002   3.4822409796278770        1.0001350601283647       -8.5009854938481635E-002
   6.3089999999999999E-004  0.52410494806115182        7.8037034797233673E-002   3.4759971114468025        1.0001563246913003       -9.7216703477977923E-002
   6.3100000000000005E-004  0.52727912308767411        8.7595268335261878E-002   3.4689568916929003        1.0001780597819712      -0.10940080719645078     
   6.3110000000000000E-004  0.53046987817924196        9.8330976527089220E-002   3.4611378769349117        1.0002001716931701      -0.12154748388962340     
   6.3120000000000006E-004  0.53367624847250428       0.11022390159696549        3.4525597403690402        1.0002225234784459      -0.13364064630048345     
   6.3130000000000000E-004  0.53689668809548574       0.12325153324770000        3.4432440435271667        1.0002449348018010      -0.14566307262761158     
   6.3140000000000006E-004  0.54012901499543919       0.13738959634629033        3.4332139421470376        1.0002671826317899      -0.15759669067447379     
   6.3150000000000001E-004  0.54337036193859900       0.15261240670429466        3.4224938348728502        1.0002890018171211      -0.16942277236992298     
   6.3160000000000007E-004  0.54661713127270672       0.16889297522398294        3.4111089733598594        1.0003100848506441      -0.18112192917177045     
   6.3170000000000001E-004  0.54986494775561323       0.18620276621275522        3.3990850604854970        1.0003300812395741      -0.19267383718770414     
   6.3180000000000007E-004  0.55310860186097677       0.20451107483546060        3.3864478665749034        1.0003485984860883      -0.20405670688849747     
   6.3190000000000002E-004  0.55634197795237994       0.22378408165111274        3.3732228899857617        1.0003652080732333      -0.21524662405129030     
   6.3200000000000007E-004  0.55955796931160240       0.24398373756445224        3.3594350777862925        1.0003794601786362      -0.22621698695881479     
   6.3210000000000002E-004  0.56274839539192711       0.26506670986422876        3.3451086075086840        1.0003909089358238      -0.23693830061723520     
   6.3220000000000008E-004  0.56590395119804060       0.28698366638331230        3.3302667171306664        1.0003991464484503      -0.24737853235062857     
