   0.0000000000000000       0.50000000000000000        5.0893800988154654        3.7699111843077522        1.0000000000000000        0.0000000000000000     
   1.0000000000000001E-007  0.50301115297154042        5.0902220215675893        3.7693578956881204        1.0000113226328553       -1.1485959126346533E-002
   2.0000000000000002E-007  0.50603132454221922        5.0921730786539099        3.7677596988052522        1.0000279912102494       -2.3003600991976410E-002
   2.9999999999999999E-007  0.50906020772224192        5.0952417658323945        3.7651165651883649        1.0000448601576748       -3.4544739510532461E-002
   4.0000000000000003E-007  0.51209745237165505        5.0994379900820128        3.7614307632546757        1.0000619784435647       -4.6101094703147709E-002
   5.0000000000000008E-007  0.51514263575402153        5.1047742186963987        3.7567069866224077        1.0000793993601842       -5.7664158820987424E-002
   5.9999999999999997E-007  0.51819522921845418        5.1112669340696408        3.7509525337298943        1.0000971785826778       -6.9224943193505722E-002
   7.0000000000000007E-007  0.52125455648196006        5.1189382151376241        3.7441775444710128        1.0001153697804364       -8.0773574969987563E-002
   8.0000000000000007E-007  0.52431973702388646        5.1278171776549604        3.7363952982335826        1.0001340176166664       -9.2298735185002798E-002
   9.0000000000000007E-007  0.52738960730872542        5.1379409130185634        3.7276225724262684        1.0001531487131443      -0.10378697744130018     
   1.0000000000000002E-006  0.53046261438189102        5.1493544821009527        3.7178800497419449        1.0001727622990404      -0.11522203137234983     
   1.1000000000000001E-006  0.53353668241210073        5.1621094855058631        3.7071927449549147        1.0001928232316861      -0.12658426985803892     
   1.1999999999999999E-006  0.53660906329758939        5.1762607947302000        3.6955904000710151        1.0002132604424117      -0.13785057025988026     
   1.3000000000000000E-006  0.53967619550001700        5.1918612422751522        3.6831077759339754        1.0002339726487957      -0.14899478282202414     
   1.4000000000000001E-006  0.54273360600063669        5.2089544587146221        3.6697847588736781        1.0002548399213946      -0.15998889178156259     
   1.5000000000000000E-006  0.54577589105338598        5.2275665717545596        3.6556662134678537        1.0002757351716192      -0.17080470960088792     
   1.6000000000000001E-006  0.54879679567917916        5.2476980128925570        3.6408015522790551        1.0002965261701766      -0.18141564672548688     
   1.7000000000000000E-006  0.55178937995641497        5.2693170169384027        3.6252440539697184        1.0003170596311197      -0.19179789679465611     
   1.8000000000000001E-006  0.55474622308777588        5.2923563724877445        3.6090500211722909        1.0003371267414187      -0.20193045158857534     
   1.9000000000000000E-006  0.55765959303115953        5.3167144935820954        3.5922778987117576        1.0003564219943641      -0.21179379550559060     
   2.0000000000000003E-006  0.56052151726269306        5.3422610111486915        3.5749874494960352        1.0003745177758794      -0.22136779642895163     
   2.1000000000000002E-006  0.56332373309142814        5.3688460603678463        3.5572390144360968        1.0003908752856239      -0.23062984603683764     
   2.2000000000000001E-006  0.56605755495350352        5.3963115569533979        3.5390928019167291        1.0004048952133890      -0.23955428813815227     
   2.3000000000000000E-006  0.56871373619430143        5.4245022671799354        3.5206081141604804        1.0004159876493610      -0.24811349883390171     
   2.3999999999999999E-006  0.57128239737541864        5.4532745423839426        3.5018424546587181        1.0004236273291169      -0.25628000425184821     
   2.5000000000000002E-006  0.57375304457639120        5.4825012570547544        3.4828505561096059        1.0004273693654682      -0.26402838153376024     
   2.6000000000000001E-006  0.57611465146911423        5.5120725881906951        3.4636834652381716        1.0004268275968944      -0.27133580876798741     
   2.7000000000000004E-006  0.57835576175650383        5.5418934278812282        3.4443878548981113        1.0004216481986750      -0.27818101539936713     
   2.8000000000000003E-006  0.58046459068308698        5.5718790500106659        3.4250056748122457        1.0004115186873086      -0.28454249155532207     
   2.9000000000000002E-006  0.58242914726063544        5.6019508845583390        3.4055741351875417        1.0003962279132042      -0.29039735406382755     
   3.0000000000000001E-006  0.58423743496335334        5.6320338501841398        3.3861259152963505        1.0003757528005193      -0.29572185114009025     
   3.1000000000000004E-006  0.58587778908843446        5.6620558771903946        3.3666894583640907        1.0003503234840943      -0.30049340408079883     
   3.2000000000000003E-006  0.58733933478619138        5.6919493981323832        3.3472892594778059        1.0003204298940167      -0.30469315126369384     
   3.3000000000000002E-006  0.58861245364856107        5.7216539925071839        3.3279461350530704        1.0002867645603135      -0.30830775726077808     
   3.4000000000000001E-006  0.58968910670684049        5.7511192006098897        3.3086775283606653        1.0002501260085319      -0.31132972331999864     
   3.5000000000000004E-006  0.59056290442460724        5.7803066950007347        3.2894979213617601        1.0002113190168453      -0.31375618627656343     
   3.6000000000000003E-006  0.59122893360829776        5.8091913320234996        3.2704193898178100        1.0001710803085737      -0.31558677007659713     
   3.7000000000000002E-006  0.59168348231497836        5.8377609437231897        3.2514522842353060        1.0001300405495748      -0.31682126006604533     
   3.8000000000000000E-006  0.59192383166047891        5.8660149770806953        3.2326059734832437        1.0000887242002794      -0.31745783013313000     
   3.9000000000000008E-006  0.59194820840956630        5.8939622207729228        3.2138895604595352        1.0000475800763591      -0.31749243383340764     
   4.0000000000000007E-006  0.59175591646556847        5.9216179263476105        3.1953124729974633        1.0000070242207493      -0.31691962797745821     
   4.1000000000000006E-006  0.59134760191864078        5.9490006529591710        3.1768848540186809       0.99996747280704523      -0.31573458917485042     
   4.2000000000000004E-006  0.59072556199718229        5.9761291502268259        3.1586177202595662       0.99992934901633324      -0.31393561575858397     
   4.3000000000000003E-006  0.58989398289692530        6.0030195427497937        3.1405229152984671       0.99989306159985913      -0.31152621039984368     
   4.4000000000000002E-006  0.58885899559922361        6.0296829952635020        3.1226129313180544       0.99985896753307446      -0.30851600693760939     
   4.5000000000000001E-006  0.58762848626218656        6.0561239585407476        3.1049006989257895       0.99982733718408712      -0.30492025478202067     
   4.6000000000000000E-006  0.58621170099038755        6.0823390351011994        3.0873994398831566       0.99979833750256586      -0.30075807295544349     
   4.6999999999999999E-006  0.58461876940906299        6.1083164558863343        3.0701226477493240       0.99977204360229122      -0.29605010683872118     
   4.7999999999999998E-006  0.58286027892988612        6.1340361271711092        3.0530842135775589       0.99974847737513750      -0.29081644243664856     
   4.9000000000000005E-006  0.58094698334421679        6.1594701874618369        3.0362986633001632       0.99972765922094653      -0.28507551226053846     
   5.0000000000000004E-006  0.57888965812937876        6.1845839934036020        3.0197814386541015       0.99970965117060051      -0.27884429721469051     
   5.1000000000000003E-006  0.57669905779234265        6.2093374243041701        3.0035491465361308       0.99969457284388785      -0.27213958322934839     
   5.2000000000000002E-006  0.57438591072804357        6.2336863605596440        2.9876197230120343       0.99968258282354616      -0.26497960536310039     
   5.3000000000000009E-006  0.57196090414515832        6.2575841589333976        2.9720124967233592       0.99967383352631023      -0.25738529482795547     
   5.4000000000000008E-006  0.56943464455307169        6.2809829447385157        2.9567481745530051       0.99966841929060868      -0.24938058146196096     
   5.5000000000000007E-006  0.56681758924544301        2.0649277460830007E-002   2.9418487931935156       0.99966633907487001      -0.24099167699015134     
   5.6000000000000006E-006  0.56411994571353385        4.2905981575971808E-002   2.9273376761232530       0.99966748538099148      -0.23224570467644945     
   5.7000000000000005E-006  0.56135154585711067        6.4520563542259879E-002   2.9132394116856739       0.99967165779757894      -0.22316923564587610     
   5.8000000000000004E-006  0.55852171447646848        8.5446438247346101E-002   2.8995798388926710       0.99967859084491850      -0.21378721751234808     
   5.9000000000000003E-006  0.55563915785593576       0.10563746584252875        2.8863860081417814       0.99968798410691972      -0.20412253743089598     
   6.0000000000000002E-006  0.55271189310992741       0.12504775244718935        2.8736860802536262       0.99969952603682377      -0.19419619521089959     
   6.1000000000000000E-006  0.54974722538386622       0.14363150731683128        2.8615091380613888       0.99971290850337158      -0.18402787830237299     
   6.2000000000000008E-006  0.54675176554964966       0.16134303979870168        2.8498849042433925       0.99972783328746739      -0.17363666067807862     
   6.3000000000000007E-006  0.54373147143625600       0.17813695552452646        2.8388433791538352       0.99974401424662374      -0.16304158484593026     
   6.4000000000000006E-006  0.54069169445791665       0.19396857612390228        2.8284144268534086       0.99976117860478486      -0.15226198199821320     
   6.5000000000000004E-006  0.53763722031171624       0.20879456269280805        2.8186273433301952       0.99977906955969398      -0.14131749491302431     
   6.6000000000000003E-006  0.53457229987831223       0.22257367800292105        2.8095104385505731       0.99979745076268434      -0.13022786012866316     
   6.7000000000000002E-006  0.53150067189530914       0.23526758784223656        2.8010906558238755       0.99981611179415941      -0.11901255691271531     
   6.8000000000000001E-006  0.52842558165587117       0.24684159985773491        2.7933932422835097       0.99983487328895726      -0.10769043714149001     
   6.9000000000000009E-006  0.52534980049144608       0.25726525990977844        2.7864414754837590       0.99985359046736078       -9.6279421440780194E-002
   7.0000000000000007E-006  0.52227564987475794       0.26651275773321181        2.7802564446078373       0.99987215439820942       -8.4796304347736592E-002
   7.1000000000000006E-006  0.51920503237416760       0.27456312872562272        2.7748568809872269       0.99989049098215188       -7.3256674487810106E-002
   7.2000000000000005E-006  0.51613947006070360       0.28140026811818242        2.7702590309510473       0.99990855809632118       -6.1674931873103397E-002
   7.3000000000000004E-006  0.51308014970524296       0.28701279472934260        2.7664765637300142       0.99992634149244664       -5.0064375530183204E-002
   7.4000000000000003E-006  0.51002797333454908       0.29139381349697935        2.7635205076594120       0.99994385006875108       -3.8437335784318044E-002
   7.5000000000000002E-006  0.50698361247409696       0.29454063102996741        2.7613992086912842       0.99996111094418527       -2.6805331643382682E-002
   7.6000000000000001E-006  0.50394756451469092       0.29645448023768139        2.7601183063858081       0.99997816468942946       -1.5179239780856989E-002
   7.6999999999999991E-006  0.50092020998235920       0.29714030209641784        2.7596807234297946       0.99999506078280365       -3.5694691122361536E-003
   7.8000000000000016E-006  0.49790186987346741       0.29660661120251408        2.7600866652915808        1.0000118532615472        8.0138621008196843E-003
   7.9000000000000006E-006  0.49489286253476561       0.29486546126947921        2.7613336278475042        1.0000285965678228        1.9560747175645245E-002
   8.0000000000000013E-006  0.49189355978410310       0.29193251228320793        2.7634164119455349        1.0000453414975601        3.1061109355987618E-002
   8.1000000000000004E-006  0.48890444203494893       0.28782718330478296        2.7663271449110551        1.0000621311438271        4.2504616902308334E-002
   8.2000000000000011E-006  0.48592615209612799       0.28257285785877073        2.7700553100301382        1.0000789967474806        5.3880495110647582E-002
   8.3000000000000002E-006  0.48295954708479194       0.27619709421000671        2.7745877861033876        1.0000959534332916        6.5177338399689949E-002
   8.4000000000000009E-006  0.48000574756082393       0.26873178268841169        2.7799089002822632        1.0001129959010706        7.6382929909048089E-002
   8.4999999999999999E-006  0.47706618262326955       0.26021318797010284        2.7860004984940638        1.0001300942751254        8.7484081622779153E-002
   8.6000000000000007E-006  0.47414262944836666       0.25068181692123392        2.7928420389345092        1.0001471904851158        9.8466517411070958E-002
   8.7000000000000014E-006  0.47123724573946418       0.24018207328542029        2.8004107154602589        1.0001641957131524       0.10931482451404641     
   8.8000000000000004E-006  0.46835259398626489       0.22876169064545593        2.8086816186353971        1.0001809894591844       0.12001250151369361     
   8.9000000000000012E-006  0.46549165732760678       0.21647097076106547        2.8176279419722499        1.0001974206098181       0.13054212116626115     
   9.0000000000000002E-006  0.46265784810635713       0.20336189602389609        2.8272212391804525        1.0002133105836801       0.14088560776139639     
   9.1000000000000010E-006  0.45985501158637182       0.18948722186965572        2.8374317343010991        1.0002284581464107       0.15102459804292870     
   9.2000000000000000E-006  0.45708742829072796       0.17489967595657774        2.8482286802760552        1.0002426449895163       0.16094082170479848     
   9.3000000000000007E-006  0.45435981842852441       0.15965138560800263        2.8595807533338857        1.0002556409626631       0.17061641262323790     
   9.3999999999999998E-006  0.45167735051421920       0.14379361884898767        2.8714564622151579        1.0002672081008355       0.18003405969547395     
   9.5000000000000005E-006  0.44904565355301235       0.12737686425913619        2.8838245450691540        1.0002771033693207       0.18917693577291519     
   9.5999999999999996E-006  0.44647082851798192       0.11045120402378661        2.8966543254103478        1.0002850812023047       0.19802840345668848     
   9.7000000000000020E-006  0.44395945161227396        9.3066859018823500E-002   2.9099160024536670        1.0002908977111222       0.20657157311234042     
   9.8000000000000010E-006  0.44151856026464126        7.5274737809730929E-002   2.9235808612167538        1.0002943186911211       0.21478885508575901     
   9.9000000000000001E-006  0.43915561469809800        5.7126812959825912E-002   2.9376214016760644        1.0002951328020029       0.22266167939757114     
   1.0000000000000001E-005  0.43687843405427873        3.8676169630923241E-002   2.9520113996264801        1.0002931690833454       0.23017053071669885     
   1.0100000000000000E-005  0.43469511385063464        1.9976615216170224E-002   2.9667259201645773        1.0002883155281326       0.23729536133468471     
   1.0200000000000001E-005  0.43261393647186591        1.0817948932508870E-003   2.9817413050380748        1.0002805330315876       0.24401631045236921     
   1.0300000000000000E-005  0.43064328588447676        6.2652291291310824        2.9970351464993690        1.0002698588010461       0.25031452148037975     
   1.0400000000000000E-005  0.42879157185718120        6.2460968080652286        3.0125862464980946        1.0002563957669468       0.25617276933296351     
   1.0499999999999999E-005  0.42706716101901204        6.2269135970360345        3.0283745471454226        1.0002402898165967       0.26157564457840776     
   1.0600000000000002E-005  0.42547830630583411        6.2077155113431690        3.0443810136334166        1.0002217022963669       0.26650920517551713     
   1.0700000000000001E-005  0.42403306483324926        6.1885292003909047        3.0605874587422184        1.0002007885842858       0.27096024913070266     
   1.0800000000000002E-005  0.42273919592160564        6.1693704305945216        3.0769763175315505        1.0001776915224929       0.27491556723917732     
   1.0900000000000001E-005  0.42160403357324649        6.1502431806380358        3.0935304042324336        1.0001525519246919       0.27836158983949882     
   1.1000000000000001E-005  0.42063433055875177        6.1311395107969107        3.1102326996353673        1.0001255301047989       0.28128469681127599     
   1.1100000000000000E-005  0.41983607728102745        6.1120403115267123        3.1270662171884136        1.0000968271464008       0.28367217273744683     
   1.1200000000000001E-005  0.41921430940439403        6.0929169643978449        3.1440139768527597        1.0000666949811012       0.28551348997723652     
   1.1300000000000000E-005  0.41877293136428889        6.0737338536471874        3.1610590830047762        1.0000354308754922       0.28680144314980233     
   1.1400000000000001E-005  0.41851459217524872        6.0544515530789011        3.1781848687821248        1.0000033601161238       0.28753271931482199     
   1.1500000000000002E-005  0.41844064378082207        6.0350303999256623        3.1953750472510740       0.99997081650599173       0.28770772733299738     
   1.1600000000000001E-005  0.41855118915121436        6.0154340921272622        3.2126138071385553       0.99993813025486389       0.28732980593094576     
   1.1700000000000001E-005  0.41884519692859079        5.9956329365858059        3.2298858069728946       0.99990562832915186       0.28640414933892261     
   1.1800000000000001E-005  0.41932063601232783        5.9756064348086451        3.2471760487012746       0.99987364515689048       0.28493684375821104     
   1.1900000000000001E-005  0.41997457938343097        5.9553450011849636        3.2644696395526425       0.99984253670328460       0.28293429906648782     
   1.2000000000000000E-005  0.42080324450467771        5.9348507363586327        3.2817514710715221       0.99981269003585815       0.28040317634998324     
   1.2100000000000001E-005  0.42180197097695804        5.9141372921842015        3.2990058541105576       0.99978452297272846       0.27735074586287811     
   1.2200000000000000E-005  0.42296517004506257        5.8932289461277430        3.3162161491314146       0.99975847181654520       0.27378550887084252     
   1.2300000000000001E-005  0.42428629972360127        5.8721590509145551        3.3333644240843223       0.99973496814841800       0.26971787077745868     
   1.2400000000000002E-005  0.42575791809783209        5.8509680508876754        3.3504311603712273       0.99971440829448177       0.26516066773453051     
   1.2500000000000001E-005  0.42737184345365392        5.8297012836753836        3.3673950132765795       0.99969711934567984       0.26012936626802707     
   1.2600000000000001E-005  0.42911940879252664        5.8084068321634117        3.3842326189620011       0.99968332776214175       0.25464179561899197     
   1.2700000000000000E-005  0.43099176123220079        5.7871337480788831        3.4009184309817346       0.99967313772644417       0.24871737678227487     
   1.2800000000000001E-005  0.43298013881504577        5.7659309974012292        3.4174245708961175       0.99966652611563633       0.24237598363223725     
   1.2900000000000000E-005  0.43507606585978570        5.7448474226067070        3.4337206915036358       0.99966335654088645       0.23563674449690036     
   1.3000000000000001E-005  0.43727143877909169        5.7239328380747585        3.4497738731019587       0.99966340918830965       0.22851717935101995     
   1.3100000000000000E-005  0.43955851431265708        5.7032400862493784        3.4655485936983466       0.99966641705960035       0.22103299634935711     
   1.3200000000000001E-005  0.44192984319184758        5.6828275638864350        3.4810068219227648       0.99967209709470417       0.21319863086643565     
   1.3300000000000000E-005  0.44437820139836642        5.6627615041752195        3.4961082692240755       0.99968016767570389       0.20502830038901995     
   1.3400000000000000E-005  0.44689655727182381        5.6431172750297955        3.5108108073607300       0.99969035127132000       0.19653712196672388     
   1.3499999999999999E-005  0.44947808672475947        5.6239791594367805        3.5250710198727466       0.99970236819576319       0.18774182567712527     
   1.3600000000000000E-005  0.45211622733164081        5.6054384582512116        3.5388448279396241       0.99971593085214794       0.17866080801900372     
   1.3699999999999999E-005  0.45480475123222192        5.5875901694288146        3.5520881227927497       0.99973074519128158       0.16931357271217154     
   1.3800000000000002E-005  0.45753783581813751        5.5705288140173730        3.5647573492957467       0.99974652082038429       0.15971984395921562     
   1.3900000000000002E-005  0.46031011770748198        5.5543441162826044        3.5768100097786673       0.99976298608081604       0.14989870600916580     
   1.4000000000000001E-005  0.46311672488113342        5.5391171949890099        3.5882050821176295       0.99977990250124715       0.13986802915035926     
   1.4100000000000002E-005  0.46595328921732815        5.5249177423591860        3.5989033622263769       0.99979707423162978       0.12964426795914355     
   1.4200000000000001E-005  0.46881594491364947        5.5118024327581248        3.6088677462770953       0.99981435091089399       0.11924256310707791     
   1.4300000000000002E-005  0.47170131776866037        5.4998145800406073        3.6180634648116241       0.99983162497923239       0.10867700105829416     
   1.4400000000000001E-005  0.47460650805476862        5.4889848907343470        3.6264582748312719       0.99984882575855716        9.7960892261252194E-002
   1.4500000000000002E-005  0.47752906764143166        5.4793330535877089        3.6340226112178966       0.99986591254635571        8.7106982468071678E-002
   1.4600000000000001E-005  0.48046697108358594        5.4708698621001579        3.6407296973788901       0.99988286821202410        7.6127573294379552E-002
   1.4700000000000002E-005  0.48341858053586695        5.4635995749973132        3.6465556165342345       0.99989969392592870        6.5034570829361510E-002
   1.4800000000000001E-005  0.48638260504011283        5.4575222658009359        3.6514793481302510       0.99991640504777979        5.3839498453631819E-002
   1.4900000000000001E-005  0.48935805535897409        5.4526359806084068        3.6554827769557638       0.99993302794432559        4.2553507771482806E-002
   1.5000000000000000E-005  0.49234419582114014        5.4489385922314968        3.6585506845019840       0.99994959748807899        3.1187409224744247E-002
   1.5100000000000001E-005  0.49534049455245033        5.4464292997123547        3.6606707326463708       0.99996615505784681        1.9751731217029507E-002
   1.5200000000000000E-005  0.49834657307359909        5.4451097682737855        3.6618334491816835       0.99998274689648436        8.2568070405934085E-003
   1.5299999999999999E-005  0.50136215573933340        5.4449849317595760        3.6620322232146885       0.99999942272760767       -3.2871160568941358E-003
   1.5399999999999998E-005  0.50438701904247329        5.4460634861811821        3.6612633163925348        1.0000162345375303       -1.4869753148934689E-002
   1.5500000000000001E-005  0.50742094048184716        5.4483580933231321        3.6595258934797852        1.0000332354269603       -2.6480651339273419E-002
   1.5600000000000003E-005  0.51046364651563292        5.4518852932363044        3.6568220731759116        1.0000504784287103       -3.8109060588456790E-002
   1.5700000000000002E-005  0.51351475908886923        5.4566651002891016        3.6531569973565814        1.0000680151774342       -4.9743812297232931E-002
   1.5800000000000001E-005  0.51657374034088699        5.4627202359630136        3.6485389142465032        1.0000858943025785       -6.1373210313237662E-002
   1.5900000000000004E-005  0.51963983538100023        5.4700749445098253        3.6429792687018216        1.0001041593336855       -7.2984936084302052E-002
   1.6000000000000003E-005  0.52271201341390139        5.4787533529557466        3.6364927909754350        1.0001228458629903       -8.4565965552844582E-002
   1.6100000000000002E-005  0.52578890794691102        5.4887773717176689        3.6290975741297653        1.0001419776625564       -9.6102488197149061E-002
   1.6200000000000001E-005  0.52886875728719751        5.5001641961902896        3.6208151300165454        1.0001615614069754      -0.10757981305386832     
   1.6300000000000000E-005  0.53194934691890416        5.5129235554652407        3.6116704144680933        1.0001815797032285      -0.11898224157502184     
   1.6400000000000002E-005  0.53502795557102967        5.5270549476993089        3.6016918136442126        1.0002019823947261      -0.13029288997239810     
   1.6500000000000001E-005  0.53810130683372159        5.5425451774760042        3.5909110845277601        1.0002226766646996      -0.14149345709666855     
   1.6600000000000000E-005  0.54116552817041241        5.5593665420983616        3.5793632422457429        1.0002435172910118      -0.15256396270073078     
   1.6699999999999999E-005  0.54421611932043523        5.5774759802166649        3.5670863843548033        1.0002642992826645      -0.16348252300385124     
   1.6800000000000002E-005  0.54724793253569848        5.5968153960339961        3.5541214379504900        1.0002847555510797      -0.17422527353929373     
   1.6900000000000001E-005  0.55025516768776495        5.6173132129684760        3.5405118113890688        1.0003045617135988      -0.18476656620650261     
   1.7000000000000000E-005  0.55323138522986004        5.6388870052620694        3.5263029319098700        1.0003233481062874      -0.19507952205944407     
   1.7099999999999999E-005  0.55616953858054785        5.6614468524429276        3.5115416585349566        1.0003407160313427      -0.20513689912641697     
   1.7200000000000001E-005  0.55906202411113359        5.6848989145182927        3.4962755789985200        1.0003562528532306      -0.21491206954642081     
   1.7300000000000000E-005  0.56190074142420632        5.7091486863885734        3.4805522270363993        1.0003695409452775      -0.22437977692074321     
   1.7400000000000003E-005  0.56467714629865551        5.7341034936651063        3.4644182825043117        1.0003801602048863      -0.23351637037870440     
   1.7500000000000002E-005  0.56738226795719315        5.7596740280368657        3.4479188287271985        1.0003876896852524      -0.24229942202071919     
   1.7600000000000001E-005  0.57000667183342035        5.7857750173044904        3.4310967333057296        1.0003917165467795      -0.25070691257157651     
   1.7700000000000003E-005  0.57254037978950101        5.8123253687038003        3.4139921934070352        1.0003918578919122      -0.25871636439240092     
   1.7800000000000002E-005  0.57497279673536583        5.8392482144841660        3.3966424544805642        1.0003877947759419      -0.26630431140296401     
   1.7900000000000001E-005  0.57729271043518426        5.8664711927295086        3.3790816829240420        1.0003793122885893      -0.27344634948634433     
   1.8000000000000000E-005  0.57948841216949620        5.8939270793971108        3.3613409556692182        1.0003663365759046      -0.28011780733748104     
   1.8100000000000003E-005  0.58154793847850650        5.9215546772538765        3.3434483261415870        1.0003489599082771      -0.28629489927864749     
   1.8200000000000002E-005  0.58345938890200777        5.9492997559315786        3.3254289363320026        1.0003274447250525      -0.29195606959322734     
   1.8300000000000001E-005  0.58521126536385493        5.9771158319163007        3.3073051655547179        1.0003021998977846      -0.29708310762951523     
   1.8400000000000000E-005  0.58679278355384257        6.0049646322129044        3.2890968280310466        1.0002737312052046      -0.30166160873072928     
   1.8500000000000002E-005  0.58819410129334393        6.0328161496161856        3.2708214418459978        1.0002425782551627      -0.30568055594650301     
   1.8600000000000001E-005  0.58940642465554249        6.0606482603832363        3.2524945865605095        1.0002092545056975      -0.30913110965529939     
   1.8700000000000001E-005  0.59042199993564104        6.0884459300660563        3.2341303490404911        1.0001742063679413      -0.31200498640487406     
   1.8800000000000000E-005  0.59123405829921538        6.1162000789273883        3.2157418311809285        1.0001378029287071      -0.31429302278243948     
   1.8900000000000002E-005  0.59183681386570064        6.1439062163081148        3.1973416644322343        1.0001003578799756      -0.31598455696611749     
   1.9000000000000001E-005  0.59222559661147756        6.1715629792973781        3.1789424550671326        1.0000621733405637      -0.31706804925276194     
   1.9100000000000000E-005  0.59239711731055822        6.1991707101475280        3.1605570839969608        1.0000235846018422      -0.31753292322485382     
   1.9199999999999999E-005  0.59234977768584385        6.2267301753478383        3.1421988144455342       0.99998498055818774      -0.31737205185027523     
   1.9300000000000002E-005  0.59208391290965712        6.2542414778585300        3.1238812179070674       0.99994678629858802      -0.31658389019824618     
   1.9400000000000004E-005  0.59160186762338340        6.2817031574455839        3.1056179912367634       0.99990941849551640      -0.31517333945072379     
   1.9500000000000003E-005  0.59090786012799446        2.5926132028587290E-002   3.0874227745824649       0.99987324074359318      -0.31315100255697642     
   1.9600000000000002E-005  0.59000767313606783        5.3274277578030826E-002   3.0693090733629123       0.99983854417681806      -0.31053121463501188     
   1.9700000000000001E-005  0.58890828599600176        8.0552006961149836E-002   3.0512903426062916       0.99980556291426614      -0.30732971139565363     
   1.9800000000000000E-005  0.58761757174701312       0.10774498147900236        3.0333802309701876       0.99977451605148437      -0.30356185982334333     
   1.9900000000000003E-005  0.58614411741769123       0.13483436414200778        3.0155929305595830       0.99974565470577414      -0.29924205044299451     
   2.0000000000000002E-005  0.58449715946203551       0.16179649181415545        2.9979435565751658       0.99971928895936535      -0.29438427692254249     
   2.0100000000000001E-005  0.58268658143265484       0.18860268616484532        2.9804484918849155       0.99969577978348245      -0.28900339829121102     
   2.0200000000000000E-005  0.58072290815747118       0.21521920157971763        2.9631256647339197       0.99967549874320205      -0.28311634121110413     
   2.0300000000000002E-005  0.57861724045290519       0.24160727911343649        2.9459947629884224       0.99965877388811719      -0.27674266670596748     
   2.0400000000000001E-005  0.57638109446703611       0.26772327468522228        2.9290774074505763       0.99964584342591611      -0.26990434650689771     
   2.0500000000000000E-005  0.57402614008199659       0.29351885221185281        2.9123973041302311       0.99963682995051650      -0.26262498195431111     
   2.0599999999999999E-005  0.57156388030837979       0.31894124723042871        2.8959803780082507       0.99963173508753733      -0.25492884637121355     
   2.0700000000000002E-005  0.56900535913952066       0.34393359776617594        2.8798548728511166       0.99963044781180133      -0.24684003656543066     
   2.0800000000000001E-005  0.56636097367223337       0.36843531148568331        2.8640513921130908       0.99963276116493083      -0.23838188222308521     
   2.0900000000000000E-005  0.56364041441253798       0.39238242418614444        2.8486028546570688       0.99963839388334552      -0.22957667832962469     
   2.0999999999999999E-005  0.56085270595209757       0.41570792979209159        2.8335443436643546       0.99964701377307974      -0.22044575179387385     
   2.1100000000000001E-005  0.55800629391411127       0.43834213479225781        2.8189128368154006       0.99965825935762576      -0.21100980886144122     
   2.1200000000000004E-005  0.55510912786322786       0.46021316939331403        2.8047468199901950       0.99967175713536938      -0.20128942824721396     
   2.1300000000000003E-005  0.55216871069207196       0.48124781412707840        2.7910858021395422       0.99968713374382101      -0.19130551695488396     
   2.1400000000000002E-005  0.54919210787151274       0.50137275059655995        2.7779697620875630       0.99970402452893314      -0.18107956722961396     
   2.1500000000000001E-005  0.54618592411474598       0.52051623289935378        2.7654385653628295       0.99972208066731783      -0.17063363887247182     
   2.1600000000000003E-005  0.54315625885998409       0.53861004793993672        2.7535313891015178       0.99974097634128034      -0.15999009683157547     
   2.1700000000000002E-005  0.54010865604597436       0.55559153848593734        2.7422861870461532       0.99976041595995879      -0.14917119805448534     
   2.1800000000000001E-005  0.53704806396802607       0.57140542991049159        2.7317392175979762       0.99978014070435950      -0.13819863851274089     
   2.1900000000000000E-005  0.53397881575323336       0.58600522943224931        2.7219246480183914       0.99979993347603180      -0.12709315480098002     
   2.2000000000000003E-005  0.53090463374270813       0.59935404444317175        2.7128742389663336       0.99981962154563908      -0.11587423881873499     
   2.2100000000000002E-005  0.52782865522933475       0.61142476743300911        2.7046171066942941       0.99983907659003091      -0.10455998503523690     
   2.2200000000000001E-005  0.52475347410288720       0.62219965114281450        2.6971795545288053       0.99985821214954351       -9.3167061116959049E-002
   2.2300000000000000E-005  0.52168119258247514       0.63166936160196574        2.6905849622173110       0.99987697902384354       -8.1710775630774460E-002
   2.2400000000000002E-005  0.51861347828625837       0.63983164621595723        2.6848537211668524       0.99989535940715168       -7.0205209818019046E-002
   2.2500000000000001E-005  0.51555162336335558       0.64668978008681322        2.6800032044824196       0.99991336059436264       -5.8663382154194983E-002
   2.2600000000000000E-005  0.51249660370089778       0.65225095483069140        2.6760477621975283       0.99993100897056975       -4.7097421960432366E-002
   2.2700000000000000E-005  0.50944913715039697       0.65652475481697969        2.6729987335957777       0.99994834471478555       -3.5518735743169515E-002
   2.2800000000000002E-005  0.50640974030495400       0.65952183450885826        2.6708644698266721       0.99996541741908540       -2.3938160282181372E-002
   2.2900000000000004E-005  0.50337878371414813       0.66125287534277177        2.6696503611042912       0.99998228259370747       -1.2366100928222131E-002
   2.3000000000000003E-005  0.50035654561757670       0.66172787054001159        2.6693588639097481       0.99999899893189081       -8.1265805527932253E-004
   2.3100000000000002E-005  0.49734326439444237       0.66095576301339776        2.6699895247593370        1.0000156261090587        1.0712254178101626E-002
   2.3200000000000001E-005  0.49433918998948423       0.65894444337017788        2.6715389982877622        1.0000322228639018        2.2198792477193596E-002
   2.3300000000000004E-005  0.49134463457926164       0.65570110307526441        2.6740010587484924        1.0000488451228786        3.3637068759498831E-002
   2.3400000000000003E-005  0.48836002270671025       0.65123292752180184        2.6773666054807448        1.0000655439485837        4.5017031394302083E-002
   2.3500000000000002E-005  0.48538594105685073       0.64554810058735512        2.6816236643392113        1.0000823631170643        5.6328341123538149E-002
   2.3600000000000001E-005  0.48242318799379991       0.63865707321973364        2.6867573884292120        1.0000993361565864        6.7560239280223880E-002
   2.3700000000000000E-005  0.47947282294803972       0.63057402298514731        2.6927500626235461        1.0001164827259714        7.8701404957157939E-002
   2.3800000000000003E-005  0.47653621572391136       0.62131840083530498        2.6995811173439339        1.0001338043066785        8.9739798974540042E-002
   2.3900000000000002E-005  0.47361509570345078       0.61091642963612447        2.7072271579298808        1.0001512792882086       0.10066249332183026     
   2.4000000000000001E-005  0.47071160056419553       0.59940238836005744        2.7156620167250192        1.0001688577432755       0.11145549389499110     
   2.4100000000000000E-005  0.46782832324921747       0.58681949897306218        2.7248568360671368        1.0001864564613476       0.12210357532876918     
   2.4200000000000002E-005  0.46496835439580386       0.57322023914916809        2.7347801917779488        1.0002039550620998       0.13259016329217593     
   2.4300000000000001E-005  0.46213531535499663       0.55866594122096558        2.7453982680921034        1.0002211941472487       0.14289731204685105     
   2.4400000000000000E-005  0.45933337495977145       0.54322561223396537        2.7566750954641930        1.0002379762617148       0.15300582571746291     
   2.4499999999999999E-005  0.45656724270831456       0.52697402118779646        2.7685728611018172        1.0002540698917637       0.16289555122761057     
   2.4600000000000002E-005  0.45384213356129577       0.50998923547498887        2.7810522972220486        1.0002692159432109       0.17254582710370281     
   2.4700000000000004E-005  0.45116370599276512       0.49234992220639118        2.7940731434559742        1.0002831353773383       0.18193601524114020     
   2.4800000000000003E-005  0.44853798421919211       0.47413282077050667        2.8075946684533992        1.0002955365121347       0.19104599544301271     
   2.4900000000000002E-005  0.44597128404555703       0.45541079736270262        2.8215762239836328        1.0003061209890700       0.19985649025852179     
   2.5000000000000001E-005  0.44347016477270434       0.43625178697381095        2.8359777957479624        1.0003145887010325       0.20834912749009113     
   2.5100000000000004E-005  0.44104142348585040       0.41671872415986400        2.8507605118166319        1.0003206432111107       0.21650623110252509     
   2.5200000000000003E-005  0.43869213359414350       0.39687031635206882        2.8658870735549256        1.0003239999971834       0.22431043006542686     
   2.5300000000000002E-005  0.43642971198803421       0.37676230477087902        2.8813220846031600        1.0003243991235309       0.23174424284328671     
   2.5400000000000001E-005  0.43426198549007966       0.35644876103462941        2.8970322682039611        1.0003216224366673       0.23878980514997969     
   2.5500000000000003E-005  0.43219721932031002       0.33598300883470955        2.9129865777400958        1.0003155129034218       0.24542884804017365     
   2.5600000000000002E-005  0.43024407337480108       0.31541791065650848        2.9291562157307083        1.0003059923804516       0.25164293860943021     
   2.5700000000000001E-005  0.42841146941439257       0.29480544735589564        2.9455145807223286        1.0002930745248884       0.25741392088733855     
   2.5800000000000000E-005  0.42670837971226366       0.27419567384325028        2.9620371601621818        1.0002768701998348       0.26272445967740654     
   2.5900000000000003E-005  0.42514357481160220       0.25363521810937595        2.9787013824696058        1.0002575841243164       0.26755859006995220     
   2.6000000000000002E-005  0.42372538222297040       0.23316551218246584        2.9954864351399801        1.0002355016413735       0.27190216690887864     
   2.6100000000000001E-005  0.42246150069364191       0.21282093959266835        3.0123730497212153        1.0002109657379710       0.27574309607117276     
   2.6200000000000000E-005  0.42135888917071013       0.19262708878946277        3.0293432508361011        1.0001843469537799       0.27907123726251720     
   2.6300000000000002E-005  0.42042371827902070       0.17259932005283218        3.0463800675746970        1.0001560127276521       0.28187795080129835     
   2.6400000000000001E-005  0.41966134905608266       0.15274186380079247        3.0634672140223982        1.0001263054833542       0.28415542575026881     
   2.6500000000000000E-005  0.41907629928817008       0.13304764604089492        3.0805887607291833        1.0000955367814885       0.28589608881517992     
   2.6599999999999999E-005  0.41867217565882225       0.11349897274522114        3.0977288348788505        1.0000639985986481       0.28709244436078890     
   2.6699999999999998E-005  0.41845157359426860        9.4069106713819295E-002   3.1148713947708044        1.0000319840434135       0.28773755725852895     
   2.6800000000000001E-005  0.41841596473136672        7.4724654103158983E-002   3.1320001158035140       0.99999980493119944       0.28782610086727400     
   2.6900000000000000E-005  0.41856560087973227        5.5428566515907995E-002   3.1490983989635217       0.99996779508745903       0.28735559010138972     
   2.6999999999999999E-005  0.41889946231733521        3.6143479431562042E-002   3.1661494766745224       0.99993629684348995       0.28632728199084473     
   2.7099999999999998E-005  0.41941526871916562        1.6835063890999535E-002   3.1831365598020236       0.99990563814429967       0.28474634980281255     
   2.7200000000000000E-005  0.42010955568858721        6.2806603803307164        3.2000429574943037       0.99987611314549596       0.28262125974280905     
   2.7300000000000000E-005  0.42097780300075366        6.2612291221606613        3.2168521138139385       0.99984797708929596       0.27996263820787409     
   2.7399999999999999E-005  0.42201458759448973        6.2417171659976836        3.2335475359850769       0.99982145767450004       0.27678212381470274     
   2.7500000000000004E-005  0.42321373083027658        6.2221261864264488        3.2501126247608139       0.99979677565349645       0.27309165578785649     
   2.7600000000000003E-005  0.42456841916822752        6.2024689405560833        3.2665304433341129       0.99977416238923089       0.26890339646470229     
   2.7700000000000006E-005  0.42607129655617848        6.1827684684581028        3.2827834693636095       0.99975386399445210       0.26423017336028748     
   2.7800000000000005E-005  0.42771454235465156        6.1630566862271126        3.2988533658554560       0.99973612848314652       0.25908610575795665     
   2.7900000000000004E-005  0.42948995397225803        6.1433725996922970        3.3147207878567255       0.99972118014687650       0.25348703711534576     
   2.8000000000000003E-005  0.43138904950697021        6.1237603893052981        3.3303652230461758       0.99970919092095523       0.24745052642685553     
   2.8100000000000005E-005  0.43340319573400782        6.1042675967668281        3.3457648536235576       0.99970025867651302       0.24099537682314534     
   2.8200000000000004E-005  0.43552375568912888        6.0849435931317508        3.3608964278862454       0.99969439847846353       0.23414087797557720     
   2.8300000000000003E-005  0.43774224142102658        6.0658384474020437        3.3757351405009191       0.99969154721035935       0.22690603389366990     
   2.8400000000000003E-005  0.44005045275392396        6.0470022602060984        3.3902545348314574       0.99969157734859437       0.21930901996034571     
   2.8500000000000002E-005  0.44244058316385992        6.0284849796790718        3.4044264517829821       0.99969431391874419       0.21136699902510220     
   2.8600000000000004E-005  0.44490527941909358        6.0103366634509143        3.4182210523063934       0.99969954964231966       0.20309628558928269     
   2.8700000000000003E-005  0.44743765221051901        5.9926080829970880        3.4316069337231654       0.99970705577326713       0.19451273842781139     
   2.8800000000000002E-005  0.45003124735349004        5.9753514943116421        3.4445513462488839       0.99971658893483861       0.18563221592391424     
   2.8900000000000001E-005  0.45267999744744986        5.9586213466050149        3.4570205005632157       0.99972789574492760       0.17647094370891736     
   2.9000000000000004E-005  0.45537817785017359        5.9424746970622984        3.4689799447311365       0.99974071728684955       0.16704570135801605     
   2.9100000000000003E-005  0.45812038515442471        5.9269711572532113        3.4803949821142428       0.99975479467649797       0.15737380140937560     
   2.9200000000000002E-005  0.46090154464883182        5.9121723041029437        3.4912311012169805       0.99976987595709210       0.14747289047115297     
   2.9300000000000001E-005  0.46371694153871618        5.8981406133136458        3.5014543926777684       0.99978572370870045       0.13736063895055539     
   2.9400000000000003E-005  0.46656226349328678        5.8849380723971851        3.5110319351168444       0.99980212235444821       0.12705439774722876     
   2.9500000000000002E-005  0.46943364064530385        5.8726246831503852        3.5199321386907232       0.99981888416823383       0.11657089117573315     
   2.9600000000000001E-005  0.47232767238283668        5.8612570645123050        3.5281250416083823       0.99983585324698687       0.10592599196307907     
   2.9700000000000000E-005  0.47524143549319292        5.8508873252578795        3.5355825596400092       0.99985290719470488        9.5134596005876745E-002
   2.9800000000000003E-005  0.47817247317805250        5.8415623106718817        3.5422786917057230       0.99986995669412471        8.4210590995679513E-002
   2.9900000000000002E-005  0.48111876782745933        5.8333232576947882        3.5481896862785169       0.99988694341234174        7.3166898677485478E-002
   3.0000000000000001E-005  0.48407870192189423        5.8262058328258934        3.5532941740639763       0.99990383680033212        6.2015566932469790E-002
   3.0100000000000000E-005  0.48705101141287915        5.8202404842041124        3.5575732726106253       0.99992063032518930        5.0767890259869983E-002
   3.0200000000000002E-005  0.49003473505517708        5.8154530134483924        3.5610106684252512       0.99993733752315050        3.9434543475027617E-002
   3.0300000000000001E-005  0.49302916201788044        5.8118652610282915        3.5635926817339110       0.99995398818809655        2.8025720355331182E-002
   3.0400000000000000E-005  0.49603377904436813        5.8094958044676854        3.5653083188405494       0.99997062477012133        1.6551274738898732E-002
   3.0499999999999999E-005  0.49904821764271756        5.8083605804586176        3.5661493164566140       0.99998729902324346        5.0208637684683345E-003
   3.0599999999999998E-005  0.50207220126409957        5.8084733577454131        3.5661101816260206        1.0000040688424987       -6.5559044544140502E-003
   3.0700000000000001E-005  0.50510549210883748        5.8098460065979083        3.5651882299027822        1.0000209951777630       -1.8169317117030275E-002
   3.0799999999999996E-005  0.50814783703322619        5.8124885315835302        3.5633836232663434        1.0000381388774480       -2.9809395674761766E-002
   3.0899999999999999E-005  0.51119891197618794        5.8164088567828225        3.5606994079448406        1.0000555572983656       -4.1465727305428503E-002
   3.1000000000000001E-005  0.51425826437772271        5.8216123758900196        3.5571415508555795        1.0000733005362519       -5.3127290228935926E-002
   3.1100000000000004E-005  0.51732525324672329        5.8281013007841356        3.5527189717094942        1.0000914071893718       -6.4782275679231546E-002
   3.1200000000000006E-005  0.52039898690138142        5.8358738646142569        3.5474435662745147        1.0001098995833122       -7.6417909905395154E-002
   3.1300000000000002E-005  0.52347825901667133        5.8449234580304932        3.5413302148350043        1.0001287785165374       -8.8020283609480443E-002
   3.1400000000000004E-005  0.52656148452951135        5.8552377909619304        3.5343967684339752        1.0001480176621007       -9.9574196536305865E-002
   3.1500000000000007E-005  0.52964663813508206        5.8667981791099848        3.5266640044255424        1.0001675579526159      -0.11106302898799152     
   3.1600000000000002E-005  0.53273119938217317        5.8795790508944901        3.5181555422186523        1.0001873023365802      -0.12246865370402547     
   3.1700000000000005E-005  0.53581210933489654        5.8935477560016745        3.5088977101268468        1.0002071114921276      -0.13377140678083640     
   3.1800000000000007E-005  0.53888574378801379        5.9086647313813661        3.4989193549799080        1.0002268012006355      -0.14495013957255487     
   3.1900000000000003E-005  0.54194790632546130        5.9248840449817699        3.4882515876597737        1.0002461421331343      -0.15598237501721335     
   3.2000000000000005E-005  0.54499384052180888        5.9421542947821759        3.4769274601894629        1.0002648626964152      -0.16684458472096608     
   3.2100000000000001E-005  0.54801825457296260        5.9604197895966831        3.4649815733967948        1.0002826553000639      -0.17751258230755787     
   3.2200000000000003E-005  0.55101534525596096        5.9796218744374778        3.4524496184408360        1.0002991857858650      -0.18796199283412215     
   3.2300000000000006E-005  0.55397880479780681        5.9997002398409389        3.4393678633746769        1.0003141047297452      -0.19816871760910734     
   3.2400000000000001E-005  0.55690179788739747        6.0205940751832498        3.4257726068979659        1.0003270586135311      -0.20810928011213553     
   3.2500000000000004E-005  0.55977690852220852        6.0422429761116376        3.4116996333297442        1.0003376990458110      -0.21776093293578752     
   3.2600000000000000E-005  0.56259607192738204        6.0645875829904803        3.3971837115651442        1.0003456897399716      -0.22710145176949117     
   3.2700000000000002E-005  0.56535051577334805        6.0875699863304300        3.3822581807289862        1.0003507135771141      -0.23610865503285927     
   3.2800000000000004E-005  0.56803073821830674        6.1111339662788335        3.3669546529821530        1.0003524837308095      -0.24475982479060779     
   3.2900000000000000E-005  0.57062654624486819        6.1352251355048155        3.3513028413721435        1.0003507620718683      -0.25303130288159426     
   3.3000000000000003E-005  0.57312716744412628        6.1597910441412864        3.3353304952087495        1.0003453844074639      -0.26089852709477590     
   3.3100000000000005E-005  0.57552143360531416        6.1847812967827638        3.3190634078130286        1.0003362861697040      -0.26833662604622088     
   3.3200000000000001E-005  0.57779801451447443        6.2101477363328756        3.3025254598793690        1.0003235184705004      -0.27532145708501032     
   3.3300000000000003E-005  0.57994565668347597        6.2358447556062853        3.2857386762584895        1.0003072446854986      -0.28183074641730194     
   3.3399999999999999E-005  0.58195336446874735        6.2618297717948517        3.2687232962175887        1.0002877137169859      -0.28784488809042791     
   3.3500000000000001E-005  0.58381047291615229        4.8785458452833552E-003   3.2514978777103298        1.0002652139262305      -0.29334702667084350     
   3.3600000000000004E-005  0.58550662562753619        3.1327125178847837E-002   3.2340794665125761        1.0002400198180725      -0.29832227105486248     
   3.3699999999999999E-005  0.58703173519727225        5.7960695795371997E-002   3.2164838529167068        1.0002123518708346      -0.30275626538788419     
   3.3800000000000002E-005  0.58837602002561329        8.4755371196446383E-002   3.1987259079622219        1.0001823694304279      -0.30663376199509007     
   3.3900000000000004E-005  0.58953017698596111       0.11169321991142578        3.1808199480914814        1.0001502031111456      -0.30993802330462678     
   3.4000000000000000E-005  0.59048568840121562       0.13876232720720516        3.1627800447783208        1.0001160116569106      -0.31265161762271187     
   3.4100000000000002E-005  0.59123520716596112       0.16595656841911044        3.1446201969597003        1.0000800330538215      -0.31475852208609745     
   3.4199999999999998E-005  0.59177293419103116       0.19327508345226008        3.1263543262193507        1.0000426017072488      -0.31624674182886842     
   3.4300000000000000E-005  0.59209490482062932       0.22072142643119363        3.1079961221546109        1.0000041238250614      -0.31711031679958357     
   3.4400000000000003E-005  0.59219912095820892       0.24830235228394315        3.0895588266472491       0.99996502853394298      -0.31734984838493968     
   3.4499999999999998E-005  0.59208549746749706       0.27602622826817491        3.0710550713135318       0.99992572438707472      -0.31697137427708616     
   3.4600000000000001E-005  0.59175565038801259       0.30390111196668279        3.0524968641786807       0.99988658391339269      -0.31598412916733676     
   3.4699999999999996E-005  0.59121261054838314       0.33193259451907231        3.0338957722995934       0.99984796167158507      -0.31439812499064168     
   3.4800000000000006E-005  0.59046056647750411       0.36012156767507264        3.0152632898249094       0.99981023466599916      -0.31222244977283997     
   3.4900000000000008E-005  0.58950472004439858       0.38846212110854861        2.9966113365027689       0.99977384345299036      -0.30946480034983453     
   3.5000000000000004E-005  0.58835129052616997       0.41693979263074343        2.9779528105657040       0.99973931311334197      -0.30613224040718467     
   3.5100000000000006E-005  0.58700762358309611       0.44553036984134398        2.9593021223142570       0.99970724330890259      -0.30223274863572258     
   3.5200000000000002E-005  0.58548228908105693       0.47419938821636443        2.9406756545120407       0.99967826851647212      -0.29777695262427367     
   3.5300000000000004E-005  0.58378506254726226       0.50290238993804603        2.9220921254457570       0.99965299550288012      -0.29277945104982545     
   3.5400000000000007E-005  0.58192674268623101       0.53158589653112021        2.9035728631528510       0.99963193142472195      -0.28725926047088224     
   3.5500000000000002E-005  0.57991882721452548       0.56018889853871379        2.8851420246031489       0.99961541997804593      -0.28123918128104486     
   3.5600000000000005E-005  0.57777312376055812       0.58864449815319464        2.8668268010573912       0.99960360352690680      -0.27474422928729558     
   3.5700000000000007E-005  0.57550138611106227       0.61688122413536917        2.8486576339272167       0.99959642320875408      -0.26779963208267638     
   3.5800000000000003E-005  0.57311503763521221       0.64482355914086220        2.8306684265521564       0.99959365703914194      -0.26042911928636070     
   3.5900000000000005E-005  0.57062501128071297       0.67239144731835854        2.8128966902007515       0.99959497907953676      -0.25265415851221729     
   3.6000000000000001E-005  0.56804170482402483       0.69949894508169130        2.7953835351472471       0.99960001570360490      -0.24449436875643499     
   3.6100000000000003E-005  0.56537501207160867       0.72605260936685401        2.7781734316207118       0.99960837969256766      -0.23596879613699551     
   3.6200000000000006E-005  0.56263437223854673       0.75195050861267720        2.7613137188285015       0.99961967798676865      -0.22709735352117491     
   3.6300000000000001E-005  0.55982879134081243       0.77708272893971664        2.7448539071388471       0.99963350306993259      -0.21790169939236723     
   3.6400000000000004E-005  0.55696682278118104       0.80133388755330159        2.7288448666703444       0.99964942516887412      -0.20840517298860400     
   3.6500000000000000E-005  0.55405652595958421       0.82458759764712131        2.7133380051132754       0.99966699839905926      -0.19863191383416867     
   3.6600000000000002E-005  0.55110543181858107       0.84673228003789802        2.6983845099989212       0.99968578295091570      -0.18860567720866042     
   3.6700000000000004E-005  0.54812053090618007       0.86766735317864185        2.6840346854381587       0.99970537468433440      -0.17834891430360780     
   3.6800000000000000E-005  0.54510827758465419       0.88730873865349569        2.6703373752350101       0.99972543019377058      -0.16788244825741402     
   3.6900000000000002E-005  0.54207459386534818       0.90559278651936470        2.6573394478962342       0.99974567893927124      -0.15722572770128410     
   3.7000000000000005E-005  0.53902486069482114       0.92247807599225773        2.6450853251683561       0.99976592137357878      -0.14639738842691347     
   3.7100000000000001E-005  0.53596389581761394       0.93794497924371267        2.6336165537537690       0.99978601761724428      -0.13541579742110516     
   3.7200000000000003E-005  0.53289592769235994       0.95199327907483422        2.6229714362450394       0.99980587300190082      -0.12429935590892953     
   3.7299999999999999E-005  0.52982457924804061       0.96463841622879709        2.6131847437141125       0.99982542529273777      -0.11306649712923515     
   3.7400000000000001E-005  0.52675287245888414       0.97590706734678800        2.6042875278003974       0.99984463579834404      -0.10173544574778742     
   3.7500000000000003E-005  0.52368325783998593       0.98583272179117287        2.5963070384401621       0.99986348423274252       -9.0323866507219061E-002
   3.7599999999999999E-005  0.52061766607999538       0.99445176903305921        2.5892667397134890       0.99988196598647694       -7.8848526086176346E-002
   3.7700000000000002E-005  0.51755757473519481        1.0018003940365281        2.5831864052966602       0.99990009033908445       -6.7325051203269703E-002
   3.7800000000000004E-005  0.51450408179212881        1.0079123707695548        2.5780822690194909       0.99991787863979398       -5.5767816549024192E-002
   3.7900000000000000E-005  0.51145797917119218        1.0128176850914343        2.5739672050335534       0.99993536213790912       -4.4189957453769003E-002
   3.8000000000000002E-005  0.50841982169171318        1.0165418230982253        2.5708509147109297       0.99995257955368388       -3.2603478366024653E-002
   3.8099999999999998E-005  0.50538998953470138        1.0191055249511400        2.5687401018433729       0.99996957470422410       -2.1019424415591969E-002
   3.8200000000000000E-005  0.50236874415577215        1.0205248110971290        2.5676386225646182       0.99998639443029247       -9.4480852653597482E-003
   3.8300000000000003E-005  0.49935627877677752        1.0208111208901576        2.5675476007686249        1.0000030869445424        2.1007878485347574E-003
   3.8399999999999998E-005  0.49635276510589621        1.0199714541756464        2.5684655033493193        1.0000197005719553        1.3617762035308779E-002
   3.8500000000000007E-005  0.49335839811181625        1.0180084619252776        2.5703881724570503        1.0000362827224867        2.5093502513338667E-002
   3.8600000000000003E-005  0.49037344069944100        1.0149204868897517        2.5733088142064653        1.0000528788534973        3.6518549895015386E-002
   3.8700000000000006E-005  0.48739827009548614        1.0107016086965777        2.5772179452785591        1.0000695311782266        4.7883091914440526E-002
   3.8800000000000008E-005  0.48443342761541036        1.0053417977084305        2.5821033010780927        1.0000862769472283        5.9176730506644418E-002
   3.8900000000000004E-005  0.48147967309859346       0.99882732412188080        2.5879497118624446        1.0001031462498240        7.0388252464723022E-002
   3.9000000000000006E-005  0.47853804445960890       0.99114159593682238        2.5947389568847936        1.0001201594993854        8.1505425745226540E-002
   3.9100000000000002E-005  0.47560992127505330       0.98226659751343881        2.6024496112950182        1.0001373248964609        9.2514858009345877E-002
   3.9200000000000004E-005  0.47269708917708181       0.97218506092110246        2.6110569056435025        1.0001546363395608       0.10340196417749165     
   3.9300000000000007E-005  0.46980179940877276       0.96088341767729712        2.6205326226862447        1.0001720720944827       0.11415108638867695     
   3.9400000000000002E-005  0.46692681608172670       0.94835544315727649        2.6308450583842933        1.0001895940784282       0.12474578171012649     
   3.9500000000000005E-005  0.46407544362473485       0.93460633039497321        2.6419590713304162        1.0002071467945419       0.13516923645723258     
   3.9600000000000000E-005  0.46125152962747817       0.91965674461851332        2.6538362356157505        1.0002246541559745       0.14540469147021531     
   3.9700000000000003E-005  0.45845944384184867       0.90354625915359588        2.6664350968673882        1.0002420123290439       0.15543570122835706     
   3.9800000000000005E-005  0.45570404100233869       0.88633550669596595        2.6797115139086145        1.0002590780261185       0.16524605084795507     
   3.9900000000000001E-005  0.45299062012833419       0.86810643820070599        2.6936190565556037        1.0002756546146370       0.17481926021872582     
   4.0000000000000003E-005  0.45032489251023972       0.84896028517918776        2.7081094311486220        1.0002914818306501       0.18413780600535778     
   4.0100000000000006E-005  0.44771296344329287       0.82901316203784603        2.7231329224625953        1.0003062366019067       0.19318241173428935     
   4.0200000000000001E-005  0.44516132189223961       0.80838968679145218        2.7386388675867703        1.0003195498390811       0.20193185167346525     
   4.0300000000000004E-005  0.44267682430826494       0.78721546914279195        2.7545761983101862        1.0003310368446396       0.21036356651628077     
   4.0399999999999999E-005  0.44026666041006246       0.76560968769755089        2.7708940857114168        1.0003403303044403       0.21845500379253308     
   4.0500000000000002E-005  0.43793830087818653       0.74367910676853199        2.7875426860509811        1.0003471011898646       0.22618515441419401     
   4.0600000000000004E-005  0.43569944373506286       0.72151464871122784        2.8044739318873280        1.0003510582790285       0.23353553524823192     
   4.0700000000000000E-005  0.43355798584928323       0.69919104192007886        2.8216422653219575        1.0003519308461231       0.24049007424050056     
   4.0800000000000002E-005  0.43152203465291528       0.67676927145026422        2.8390052007935740        1.0003494514234561       0.24703390962676972     
   4.0900000000000005E-005  0.42959994410931729       0.65430084929221977        2.8565236436152914        1.0003433584913395       0.25315171059410718     
   4.1000000000000000E-005  0.42780032853754013       0.63183254863284155        2.8741619610499285        1.0003334293285093       0.25882641823796187     
   4.1100000000000003E-005  0.42613199830315135       0.60941031856551842        2.8918878706440729        1.0003195355083530       0.26403912058243850     
   4.1199999999999999E-005  0.42460378147530436       0.58708152224922827        2.9096722427151880        1.0003016988530515       0.26877020991763889     
   4.1300000000000001E-005  0.42322423746394255       0.56489521544066346        2.9274888976566515        1.0002801222557387       0.27300134228523931     
   4.1400000000000003E-005  0.42200131381160982       0.54290069720124556        2.9453144286910846        1.0002551807411166       0.27671736227366006     
   4.1499999999999999E-005  0.42094202674304954       0.52114489145135678        2.9631280271337346        1.0002273755969358       0.27990742172362981     
   4.1600000000000002E-005  0.42005224561352233       0.49966922806061387        2.9809112581652610        1.0001972696417618       0.28256493182749737     
   4.1700000000000004E-005  0.41933662652842008       0.47850663102164237        2.9986477408937997        1.0001654263032658       0.28468649252413625     
   4.1800000000000000E-005  0.41879868665750664       0.45767906460013741        3.0163227189699269        1.0001323695807793       0.28627032119078105     
   4.1900000000000002E-005  0.41844096462874775       0.43719591614820530        3.0339225482533543        1.0000985697608493       0.28731479966709322     
   4.1999999999999998E-005  0.41826518591255174       0.41705335894223872        3.0514341584620088        1.0000644496911917       0.28781761667596417     
   4.2100000000000007E-005  0.41827235534658402       0.39723475172344447        3.0688445577053316        1.0000304012061991       0.28777571761751403     
   4.2200000000000003E-005  0.41846273198682243       0.37771207265512619        3.0861404417584386       0.99999680063915641       0.28718599686136342     
   4.2300000000000005E-005  0.41883569144969118       0.35844832215619959        3.1033079475511496       0.99996401577985639       0.28604644930097373     
   4.2400000000000007E-005  0.41938952908657134       0.33940074054271285        3.1203325599537801       0.99993240205228451       0.28435740283583916     
   4.2500000000000003E-005  0.42012128541427080       0.32052457770370424        3.1371991508710391       0.99990229007114395       0.28212247681776970     
   4.2600000000000005E-005  0.42102667086402235       0.30177705541343336        3.1538921064179477       0.99987396970476272       0.27934901856095262     
   4.2700000000000008E-005  0.42210013089558651       0.28312111887083535        3.1703954859077310       0.99984767635288163       0.27604792644293363     
   4.2800000000000004E-005  0.42333504187897747       0.26452860126508249        3.1866931575652786       0.99982358462527154       0.27223293673761578     
   4.2900000000000006E-005  0.42472398600733913       0.24598252209445626        3.2027688690789420       0.99980181171269078       0.26791958785423498     
   4.3000000000000002E-005  0.42625903478343485       0.22747837763966761        3.2186062324162967       0.99978243000743960       0.26312415096952496     
   4.3100000000000004E-005  0.42793198323531245       0.20902442083565376        3.2341886262761976       0.99976548542046018       0.25786281122314852     
   4.3200000000000007E-005  0.42973450907368260       0.19064103743164651        3.2494990402739377       0.99975101544559331       0.25215129302757688     
   4.3300000000000002E-005  0.43165826314823086       0.17235939532010391        3.2645198969071885       0.99973906107000354       0.24600497088348022     
   4.3400000000000005E-005  0.43369491738842175       0.15421957749289117        3.2792328880453243       0.99972966846205069       0.23943934620404231     
   4.3500000000000000E-005  0.43583619993905220       0.13626842076953505        3.2936188536062532       0.99972288008865040       0.23247065968457251     
   4.3600000000000003E-005  0.43807393818939855       0.11855728107755592        3.3076577152544009       0.99971871850280736       0.22511638095666936     
   4.3700000000000005E-005  0.44040011642312610       0.10113992851902154        3.3213284627023536       0.99971716852910220       0.21739537887756047     
   4.3800000000000001E-005  0.44280694344344490        8.4070741331233378E-002   3.3346091795594548       0.99971816384443157       0.20932769943543417     
   4.3900000000000003E-005  0.44528692052764457        6.7403318645919974E-002   3.3474770926536084       0.99972158215949791       0.20093401739670383     
   4.4000000000000006E-005  0.44783290112356378        5.1189572279310092E-002   3.3599086330802725       0.99972724998290718       0.19223492886354984     
   4.4100000000000001E-005  0.45043813782164477        3.5479294756616042E-002   3.3718795059908770       0.99973495493438624       0.18325028518995096     
   4.4200000000000004E-005  0.45309631632618530        2.0320142882157555E-002   3.3833647750791704       0.99974446176017540       0.17399873220332729     
   4.4299999999999999E-005  0.45580157878216238        5.7579303734973664E-003   3.3943389731592619       0.99975552802344425       0.16449753503290937     
   4.4400000000000002E-005  0.45854853881385976        6.2750224000146453        3.4047762501052077       0.99976791662360032       0.15476267344913505     
   4.4500000000000004E-005  0.46133228965538514        6.2617864875566687        3.4146505643837957       0.99978140408846827       0.14480912101777471     
   4.4600000000000000E-005  0.46414840585584505        6.2492785677847706        3.4239359174933766       0.99979578496818466       0.13465119124680497     
   4.4700000000000002E-005  0.46699293876003700        6.2375414558571114        3.4326066229952330       0.99981087369627530       0.12430284533001885     
   4.4800000000000005E-005  0.46986240596467110        6.2266177287867848        3.4406375962116456       0.99982650530218753       0.11377789401134117     
   4.4900000000000000E-005  0.47275377512946509        6.2165495257148109        3.4480046484219296       0.99984253595204753       0.10309007243122499     
   4.5000000000000003E-005  0.47566444258147877        6.2073781728618025        3.4546847703926353       0.99985884370596922        9.2253006099187823E-002
   4.5099999999999998E-005  0.47859220718415024        6.1991436948262590        3.4606563934324166       0.99987532937196966        8.1280109106939280E-002
   4.5200000000000001E-005  0.48153523992115577        6.1918842808864367        3.4658996205743788       0.99989191711429237        7.0184462371500680E-002
   4.5300000000000003E-005  0.48449204960872067        6.1856357678094138        3.4703964248647603       0.99990855443218385        5.8978711524284397E-002
   4.5399999999999999E-005  0.48746144513375705        6.1804311855922647        3.4741308153877255       0.99992521123565126        4.7675011178277125E-002
   4.5500000000000001E-005  0.49044249459342570        6.1763003921354791        3.4770889739531201       0.99994187799184620        3.6285026212700591E-002
   4.5600000000000004E-005  0.49343448172784865        6.1732697986123917        3.4792593663432805       0.99995856304287678        2.4819990095465049E-002
   4.5700000000000000E-005  0.49643686002292842        6.1713621742465516        3.4806328322981122       0.99997528923754431        1.3290811792561389E-002
   4.5800000000000009E-005  0.49944920483298344        6.1705965114448427        3.4812026579864779       0.99999209005376355        1.7082201363803821E-003
   4.5900000000000004E-005  0.50247116384525126        6.1709879297279393        3.4809646338033988        1.0000090053585893       -9.9170660431097887E-003
   4.6000000000000007E-005  0.50550240618745934        6.1725475997037726        3.4799170991740596        1.0000260769120064       -2.1574152939983327E-002
   4.6100000000000002E-005  0.50854257047492890        6.1752826749137135        3.4780609747513664        1.0000433436889571       -3.3251782010991549E-002
   4.6200000000000005E-005  0.51159121210150893        6.1791962280425503        3.4753997810178205        1.0000608370897133       -4.4938145482537252E-002
   4.6300000000000007E-005  0.51464775009309316        6.1842871962721144        3.4719396408453473        1.0000785761505095       -5.6620718309125399E-002
   4.6400000000000003E-005  0.51771141386290043        6.1905503456781528        3.4676892620248112        1.0000965629278442       -6.8286119863622041E-002
   4.6500000000000005E-005  0.52078119023011260        6.1979762765262780        3.4626598947129197        1.0001147782072302       -7.9920020522965041E-002
   4.6600000000000008E-005  0.52385577107076520        6.2065514963854520        3.4568652578512871        1.0001331778397899       -9.1507108821458613E-002
   4.6700000000000003E-005  0.52693350197404965        6.2162585805655768        3.4503214280308452        1.0001516899921470      -0.10303113028214755     
   4.6800000000000006E-005  0.53001233225434052        6.2270764288485401        3.4430466848606192        1.0001702135175696      -0.11447499945585828     
   4.6900000000000002E-005  0.53308976666299568        6.2389806119779463        3.4350613088399355        1.0001886173979622      -0.12582096942875703     
   4.7000000000000004E-005  0.53616281914034725        6.2519437810152718        3.4263873314409725        1.0002067409743127      -0.13705082096273499     
   4.7100000000000006E-005  0.53922796898266145        6.2659360920338463        3.4170482424069304        1.0002243944246854      -0.14814601092433521     
   4.7200000000000002E-005  0.54228111991670680        6.2809255831789317        3.4070686655315172        1.0002413589577812      -0.15908770907158934     
   4.7300000000000005E-005  0.54531756280615795        1.3693132863624058E-002   3.3964740202841361        1.0002573865801916      -0.16985666318269604     
   4.7400000000000000E-005  0.54833194315964440        3.0573797487601695E-002   3.3852901906298474        1.0002722001997297      -0.18043287525287938     
   4.7500000000000003E-005  0.55131823519548395        4.8344904036627945E-002   3.3735432218406731        1.0002854959540364      -0.19079514200368880     
   4.7600000000000005E-005  0.55426972511211459        6.6967065152266692E-002   3.3612590602605019        1.0002969504179320      -0.20092059296491960     
   4.7700000000000001E-005  0.55717900777758267        8.6398576176506481E-002   3.3484633405404920        1.0003062349680869      -0.21078441560148717     
   4.7800000000000003E-005  0.56003800340117271       0.10659513874656223        3.3351812127493363        1.0003130377730272      -0.22035995571067049     
   4.7900000000000006E-005  0.56283800070938683       0.12750972684381168        3.3214371924661812        1.0003170907016798      -0.22961930283130805     
   4.8000000000000001E-005  0.56556972939717531       0.14909272286144670        3.3072550149329003        1.0003181949862479      -0.23853432331243102     
   4.8100000000000004E-005  0.56822345706679800       0.17129243467785749        3.2926574816989969        1.0003162374979602      -0.24707792854115457     
   4.8199999999999999E-005  0.57078909558594249       0.19405606389037189        3.2776663031442639        1.0003111904351671      -0.25522523095369831     
   4.8300000000000002E-005  0.57325629349038854       0.21733113041657859        3.2623019571211733        1.0003030916718958      -0.26295420978170719     
   4.8400000000000004E-005  0.57561449169240564       0.24106727550278251        3.2465835955319315        1.0002920096308199      -0.27024561637100186     
   4.8500000000000000E-005  0.57785293400386251       0.26521829328351743        3.2305290317586230        1.0002780026633884      -0.27708207650145494     
   4.8600000000000002E-005  0.57996064921726143       0.28974418849611716        3.2141548291752144        1.0002610869597870      -0.28344663527097819     
   4.8700000000000005E-005  0.58192644597269583       0.31461302618594544        3.1974764856515514        1.0002412259282194      -0.28932123865152692     
   4.8800000000000000E-005  0.58373896983814155       0.33980235472810172        3.1805086790853965        1.0002183475832371      -0.29468575410397641     
   4.8900000000000003E-005  0.58538686947679075       0.36530003164987424        3.1632655147807656        1.0001923860856159      -0.29951801748573159     
   4.8999999999999998E-005  0.58685910279571674       0.39110433751849349        3.1457607075674465        1.0001633336682072      -0.30379506046549415     
   4.9100000000000001E-005  0.58814537378118803       0.41722330908530836        3.1280076443784663        1.0001312854138493      -0.30749525243436182     
   4.9200000000000003E-005  0.58923663526915571       0.44367326190566025        3.1100193052882688        1.0000964615492385      -0.31060072768591429     
   4.9299999999999999E-005  0.59012554077568657       0.47047652496881032        3.0918080644318597        1.0000592017349472      -0.31309933229969200     
   4.9400000000000008E-005  0.59080670474038210       0.49765848003957380        3.0733854336886393        1.0000199369137446      -0.31498547756287476     
   4.9500000000000004E-005  0.59127666039353710       0.52524408707471526        3.0547618390329805       0.99997915157730854      -0.31625965890831065     
   4.9600000000000006E-005  0.59153352117085933       0.55325416469914313        3.0359465266532197       0.99993734728719286      -0.31692677262333158     
   4.9700000000000009E-005  0.59157652627507251       0.58170175682599545        3.0169476845466150       0.99989501726110774      -0.31699361393579961     
   4.9800000000000004E-005  0.59140571166902145       0.61058895919213185        2.9977728303153088       0.99985264749871505      -0.31646622482078557     
   4.9900000000000007E-005  0.59102185484404546       0.63990461360030260        2.9784294528805950       0.99981075408592179      -0.31534804691395202     
   5.0000000000000002E-005  0.59042667964843010       0.66962327990318293        2.9589258200313879       0.99976994288551757      -0.31363978963379591     
   5.0100000000000005E-005  0.58962318813448389       0.69970581414457822        2.9392718125954138       0.99973095177815297      -0.31134128110421216     
   5.0200000000000007E-005  0.58861596472786792       0.73010165083635314        2.9194796539818690       0.99969463291129179      -0.30845456374187136     
   5.0300000000000003E-005  0.58741133837583792       0.76075248557195607        2.8995644727465431       0.99966186197378626      -0.30498674531903897     
   5.0400000000000005E-005  0.58601733086224650       0.79159654854779671        2.8795447288409215       0.99963340507183118      -0.30095118549989147     
   5.0500000000000008E-005  0.58444339559842751       0.82257218056958692        2.8594426009718874       0.99960979830195096      -0.29636644579476640     
   5.0600000000000003E-005  0.58270005433731942       0.85361923425776265        2.8392844333859908       0.99959129471912678      -0.29125360212227597     
   5.0700000000000006E-005  0.58079855798926761       0.88467718460146383        2.8191012600091763       0.99957790279517555      -0.28563352395875768     
   5.0800000000000002E-005  0.57875061666530225       0.91567972203068315        2.7989292968175756       0.99956948445925764      -0.27952582244028407     
   5.0900000000000004E-005  0.57656814832593828       0.94654678798224801        2.7788102076401673       0.99956584183584274      -0.27295002137059182     
   5.1000000000000006E-005  0.57426296687848910       0.97717613727592134        2.7587909837454307       0.99956673552357878      -0.26592781290722634     
   5.1100000000000002E-005  0.57184640633334660        1.0074371539482563        2.7389234298362704       0.99957183158142027      -0.25848424614575582     
   5.1200000000000004E-005  0.56932900124599828        1.0371695157884409        2.7192634274171574       0.99958063405497810      -0.25064618705954922     
   5.1300000000000000E-005  0.56672038593344409        1.0661883370407610        2.6998702256847205       0.99959248043574389      -0.24243835262112687     
   5.1400000000000003E-005  0.56402949094748900        1.0942958465614518        2.6808059168264906       0.99960663427679353      -0.23387928923747150     
   5.1500000000000005E-005  0.56126495913456587        1.1212979273581407        2.6621350358570899       0.99962243371937465      -0.22498017107922916     
   5.1600000000000001E-005  0.55843557882105366        1.1470224212039994        2.6439240358029417       0.99963941183646332      -0.21574775175623459     
   5.1700000000000003E-005  0.55555050698873643        1.1713353685706345        2.6262403648803399       0.99965732363662263      -0.20619032756938371     
   5.1800000000000005E-005  0.55261915085732316        1.1941516470009281        2.6091510377224663       0.99967607397402680      -0.19632380922255555     
   5.1900000000000001E-005  0.54965075055411794        1.2154378295411865        2.5927208519354377       0.99969559623028525      -0.18617492373765018     
   5.2000000000000004E-005  0.54665384374961745        1.2352070974486828        2.5770106044278838       0.99971575232018661      -0.17578012536783347     
   5.2099999999999999E-005  0.54363582081294060        1.2535080139151313        2.5620756956926858       0.99973630095378652      -0.16518096906857477     
   5.2200000000000002E-005  0.54060270568124247        1.2704101926882005        2.5479653708224665       0.99975693414819178      -0.15441816010061407     
   5.2300000000000004E-005  0.53755918497240907        1.2859900432325997        2.5347226260116802       0.99977734782043193      -0.14352660312359852     
   5.2400000000000000E-005  0.53450881846599840        1.3003190169580758        2.5223846231061464       0.99979730621956919      -0.13253283098749552     
   5.2500000000000002E-005  0.53145432764001721        1.3134556150915353        2.5109833700709707       0.99981667576557576      -0.12145496510411087     
   5.2600000000000005E-005  0.52839787102369029        1.3254413268683214        2.5005464427015647       0.99983542486785026      -0.11030448540461686     
   5.2700000000000000E-005  0.52534125281917854        1.3362999234107766        2.4910976008494021       0.99985360005568180       -9.9088781771647511E-002
   5.2800000000000003E-005  0.52228605063802092        1.3460391933136249        2.4826572419413604       0.99987129293361554       -8.7813606947695494E-002
   5.2899999999999998E-005  0.51923367523843533        1.3546541727584227        2.4752427021643078       0.99988860961895809       -7.6484911239502740E-002
   5.3000000000000001E-005  0.51618538695775762        1.3621310608550399        2.4688684497440918       0.99990564884952715       -6.5109901439206821E-002
   5.3100000000000003E-005  0.51314229329410233        1.3684512128199406        2.4635462199120144       0.99992249004161959       -5.3697418067739755E-002
   5.3199999999999999E-005  0.51010534554310627        1.3735948050297182        2.4592851289058060       0.99993918951991023       -4.2257843037939946E-002
   5.3300000000000001E-005  0.50707534447655733        1.3775439351826915        2.4560917864233738       0.99995578213801906       -3.0802762815897812E-002
   5.3399999999999997E-005  0.50405295852149357        1.3802850480657014        2.4539704098598234       0.99997228553852779       -1.9344559100333399E-002
   5.3499999999999999E-005  0.50103875367836992        1.3818106619961092        2.4529229335767391       0.99998870527917882       -7.8960340901480536E-003
   5.3600000000000002E-005  0.49803323223204282        1.3821204185689302        2.4529491020624254        1.0000050397611804        3.5298876761206601E-003
   5.3699999999999997E-005  0.49503687652469652        1.3812214947983987        2.4540465367776849        1.0000212846661825        1.4920385939132820E-002
   5.3800000000000000E-005  0.49205019396611366        1.3791284163302260        2.4562107703497196        1.0000374369979217        2.6262929468105153E-002
   5.3900000000000002E-005  0.48907375962197613        1.3758623004026749        2.4594352471041394        1.0000534989849457        3.7545458915281105E-002
   5.3999999999999998E-005  0.48610825298783816        1.3714495461855263        2.4637112941581751        1.0000694820261022        4.8756601003581951E-002
   5.4100000000000000E-005  0.48315448605062800        1.3659199865839575        2.4690280709727941        1.0000854106024240        5.9885927024957181E-002
   5.4199999999999996E-005  0.48021342079705653        1.3593045268302903        2.4753725062764977        1.0001013256242417        7.0924236460803480E-002
   5.4299999999999998E-005  0.47728617641546034        1.3516323296580763        2.4827292278058937        1.0001172860470784        8.1863792684015724E-002
   5.4400000000000001E-005  0.47437402994156075        1.3429276713463745        2.4910804821135573        1.0001333670856456        9.2698392116006390E-002
   5.4499999999999997E-005  0.47147841893669684        1.3332066881189872        2.5004060289067009        1.0001496528879146       0.10342309550980286     
   5.4599999999999999E-005  0.46860096014212660        1.3224743536086807        2.5106829798303787        1.0001662219252110       0.11403344754218998     
   5.4700000000000001E-005  0.46574350183098795        1.3107221718518449        2.5218855413330741        1.0001831249195989       0.12452407072707178     
   5.4799999999999997E-005  0.46290822656579877        1.2979272098456809        2.5339846240999808        1.0002003580906242       0.13488668305800849     
   5.4900000000000006E-005  0.46009781165412034        1.2840531824531682        2.5469473067771671        1.0002178385871945       0.14510785235008281     
   5.5000000000000009E-005  0.45731563490352911        1.2690542675978884        2.5607361942732543        1.0002353925838920       0.15516710711790732     
   5.5100000000000011E-005  0.45456598634588469        1.2528820813568133        2.5753087843002742        1.0002527668650838       0.16503623927069694     
   5.5200000000000007E-005  0.45185422172443174        1.2354957087181280        2.5906170268213877        1.0002696687631989       0.17468056592079456     
   5.5300000000000009E-005  0.44918678569848836        1.2168738740212994        2.6066072915159215        1.0002858257919791       0.18406240651250630     
   5.5400000000000012E-005  0.44657105643428913        1.1970274039539239        2.6232209098679178        1.0003010401985364       0.19314611066954110     
   5.5500000000000007E-005  0.44401502087763822        1.1760093998617531        2.6403953187848348        1.0003152056167113       0.20190299586948224     
   5.5600000000000010E-005  0.44152686334749053        1.1539203762580739        2.6580656397004154        1.0003282644831550       0.21031412783786022     
   5.5700000000000005E-005  0.43911460254468526        1.1309063009214979        2.6761663684672694        1.0003401167013710       0.21836950615526779     
   5.5800000000000008E-005  0.43678590666727435        1.1071489413946125        2.6946328210765031        1.0003505247096189       0.22606382716025744     
   5.5900000000000010E-005  0.43454814286250643        1.0828497946203237        2.7134021128622918        1.0003590711079653       0.23339074869455331     
   5.6000000000000006E-005  0.43240861058795244        1.0582105888628730        2.7324136818424991        1.0003651999012779       0.24033838271341570     
   5.6100000000000008E-005  0.43037483085389650        1.0334143664743483        2.7516095710531663        1.0003683248214614       0.24688803203354956     
   5.6200000000000011E-005  0.42845475357428592        1.0086111192645140        2.7709347435674694        1.0003679481257504       0.25301634980637155     
   5.6300000000000006E-005  0.42665680025398145       0.98391076176301961        2.7903375911922930        1.0003637305560413       0.25869928968369837     
   5.6400000000000009E-005  0.42498973788278055       0.95938420748395892        2.8097705960197463        1.0003554891330837       0.26391552085320386     
   5.6500000000000005E-005  0.42346243294728342       0.93507113783502582        2.8291909471934495        1.0003431484463385       0.26864774470325625     
   5.6600000000000007E-005  0.42208354424076761       0.91099152780553005        2.8485608957068571        1.0003266959250492       0.27288187114466600     
   5.6700000000000009E-005  0.42086119939346067       0.88715760732181081        2.8678477410816750        1.0003061802056492       0.27660526949603215     
   5.6800000000000005E-005  0.41980268902551210       0.86358358731307394        2.8870235004872242        1.0002817567443059       0.27980564532246893     
   5.6900000000000007E-005  0.41891421156658165       0.84029164622495323        2.9060644157455324        1.0002537480379745       0.28247145572722948     
   5.7000000000000003E-005  0.41820069870903909       0.81731382582003853        2.9249504547418446        1.0002226717121703       0.28459362473568672     
   5.7100000000000006E-005  0.41766573955296760       0.79469034681385153        2.9436648787734199        1.0001892068288387       0.28616740081264264     
   5.7200000000000008E-005  0.41731161071327089       0.77246538321283698        2.9621938421297043        1.0001541053311549       0.28719306068354145     
   5.7300000000000004E-005  0.41713940885884887       0.75068155775120449        2.9805259322004978        1.0001180869992141       0.28767483444371150     
   5.7400000000000006E-005  0.41714925924875884       0.72937438728122572        2.9986515746489206        1.0000817631726264       0.28761841931267851     
   5.7500000000000009E-005  0.41734054237457963       0.70856767560511535        3.0165622989732088        1.0000456168760088       0.28702820008873864     
   5.7600000000000004E-005  0.41771206182422677       0.68827050618041685        3.0342499412275195        1.0000100371479510       0.28590544073771501     
   5.7700000000000007E-005  0.41826209055343572       0.66847612539892154        3.0517059114315028       0.99997538075678305       0.28424825529036607     
   5.7800000000000002E-005  0.41898827792948440       0.64916269797733062        3.0689206535987794       0.99994202616506445       0.28205339063903512     
   5.7900000000000005E-005  0.41988745489305718       0.63029568773144451        3.0858833793223903       0.99991039175881902       0.27931910618154504     
   5.8000000000000007E-005  0.42095541449892965       0.61183146316338188        3.1025820808591167       0.99988091036758120       0.27604801532545287     
   5.8100000000000003E-005  0.42218675461616451       0.59372163486105034        3.1190037555222276       0.99985397333588188       0.27224882500343206     
   5.8200000000000005E-005  0.42357484735028073       0.57591760304262785        3.1351347264686389       0.99982987076502206       0.26793640020782727     
   5.8300000000000008E-005  0.42511196134681345       0.55837483428514378        3.1509609398996901       0.99980875443744199       0.26313026072082157     
   5.8400000000000003E-005  0.42678952347007360       0.54105648938785045        3.1664681528337737       0.99979063767957133       0.25785218687924583     
   5.8500000000000006E-005  0.42859846862148465       0.52393616333408666        3.1816419809742449       0.99977542912056949       0.25212384370663515     
   5.8600000000000001E-005  0.43052960290417613       0.50699963664767367        3.1964678288654946       0.99976298377902628       0.24596517045635499     
   5.8700000000000004E-005  0.43257390582849925       0.49024564525466019        3.2109307563191720       0.99975315133435005       0.23939386438820365     
   5.8800000000000006E-005  0.43472272173482845       0.47368574167041810        3.2250153396151591       0.99974580680646985       0.23242583282307008     
   5.8900000000000002E-005  0.43696782896739506       0.45734336584819690        3.2387055701663878       0.99974085882148789       0.22507618834037996     
   5.9000000000000004E-005  0.43930141218664392       0.44125228431597563        3.2519848092480776       0.99973823999618394       0.21736029832873652     
   5.9100000000000000E-005  0.44171598545848556       0.42545459181615541        3.2648357966340962       0.99973788851190393       0.20929452837376583     
   5.9200000000000002E-005  0.44420431614279787       0.40999849092930418        3.2772406994140124       0.99973972986944559       0.20089653190516912     
   5.9300000000000005E-005  0.44675938545585675       0.39493606227785261        3.2891811853156008       0.99974366457940145       0.19218512947245031     
   5.9400000000000000E-005  0.44937439945734914       0.38032120784595147        3.3006385090573525       0.99974956348451904       0.18317992533408298     
   5.9500000000000003E-005  0.45204284381110083       0.36620790024901506        3.3115936062496725       0.99975726962016742       0.17390082501684218     
   5.9600000000000005E-005  0.45475856335528408       0.35264881349552990        3.3220271942654178       0.99976660428258934       0.16436757648415987     
   5.9700000000000001E-005  0.45751584413243951       0.33969435611106213        3.3319198818772793       0.99977737506317932       0.15459939971636660     
   5.9800000000000003E-005  0.46030947979699871       0.32739207994373487        3.3412522895973304       0.99978938428078745       0.14461472335541253     
   5.9899999999999999E-005  0.46313481235631132       0.31578640952404147        3.3500051818843195       0.99980243682866909       0.13443102148612349     
   6.0000000000000002E-005  0.46598774514798519       0.30491862030072614        3.3581596111881775       0.99981634695415678       0.12406473432557409     
   6.0100000000000004E-005  0.46886473168641590       0.29482698430807197        3.3656970723760171       0.99983094374101367       0.11353125594111936     
   6.0200000000000000E-005  0.47176274673904683       0.28554700470186667        3.3725996651305441       0.99984607518206370       0.10284497387281619     
   6.0300000000000002E-005  0.47467924630710984       0.27711167181396412        3.3788502611744069       0.99986161084710823        9.2019346805962937E-002
   6.0400000000000004E-005  0.47761212199314784       0.26955168977077548        3.3844326727335621       0.99987744321102012        8.1067006946671655E-002
   6.0500000000000000E-005  0.48055965348983437       0.26289564124185283        3.3893318184500161       0.99989348780215326        6.9999876599084312E-002
   6.0600000000000003E-005  0.48352046123778586       0.25717007618762011        3.3935338829123989       0.99990968238307354        5.8829288925946084E-002
   6.0699999999999998E-005  0.48649346003404714       0.25239952713910974        3.3970264663842653       0.99992598529092391        4.7566107957845792E-002
   6.0800000000000001E-005  0.48947781358975795       0.24860646725377489        3.3997987217892534       0.99994237314168199        3.6220843963839032E-002
   6.0900000000000003E-005  0.49247288967110270       0.24581122540833888        3.4018414762823581       0.99995883808015074        2.4803764868246647E-002
   6.0999999999999999E-005  0.49547821533457032       0.24403187495290890        3.4031473352602335       0.99997538464750113        1.3325003713533337E-002
   6.1099999999999994E-005  0.49849343182965011       0.24328411473327538        3.4037107673111824       0.99999202632966733        1.7946641212980025E-003
   6.1199999999999997E-005  0.50151824887572194       0.24358115782366774        3.4035281689950390        1.0000087818432237       -9.7770749649839454E-003
   6.1299999999999999E-005  0.50455239814910990       0.24493363884778141        3.4025979085598745        1.0000256712148849       -2.1379854840925659E-002
   6.1400000000000002E-005  0.50759558590606979       0.24734954598051484        3.4009203478106902        1.0000427117104442       -3.3003032988854562E-002
   6.1500000000000004E-005  0.51064744469433854       0.25083417908428451        3.3984978414073015        1.0000599136729860       -4.4635579695114683E-002
   6.1599999999999993E-005  0.51370748405741162       0.25539013072630024        3.3953347129422151        1.0000772763446550       -5.6265975409908520E-002
   6.1699999999999995E-005  0.51677504000812913       0.26101727889589643        3.3914372071999890        1.0000947837876681       -6.7882107873513439E-002
   6.1799999999999998E-005  0.51984922285123458       0.26771277606656874        3.3868134183830860        1.0001124009575135       -7.9471165948551678E-002
   6.1900000000000000E-005  0.52292886273648354       0.27547102179650018        3.3814731948936756        1.0001300700451361       -9.1019527278073609E-002
   6.2000000000000003E-005  0.52601245221995352       0.28428360058689872        3.3754280218700283        1.0001477072458169      -0.10251263599115241     
   6.2100000000000005E-005  0.52909808519887169       0.29413916580417698        3.3686908835804839        1.0001652002282677      -0.11393486853191069     
   6.2200000000000008E-005  0.53218339210182852       0.30502325500994587        3.3612761085577123        1.0001824065470091      -0.12526939084092367     
   6.2300000000000010E-005  0.53526547233259369       0.31691803297547505        3.3531992011635467        1.0001991534443466      -0.13649801693218722     
   6.2400000000000012E-005  0.53834082684162532       0.32980197616559170        3.3444766636532859        1.0002152394343176      -0.14760108773248537     
   6.2500000000000015E-005  0.54140529620359024       0.34364953581232616        3.3351258128817025        1.0002304380983569      -0.15855739921785492     
   6.2600000000000004E-005  0.54445401229783530       0.35843084500980815        3.3251645955673790        1.0002445043431891      -0.16934421418380827     
   6.2700000000000006E-005  0.54748137362503679       0.37411156613008512        3.3146114056423057        1.0002571830601994      -0.17993739230339773     
   6.2800000000000009E-005  0.55048105400098368       0.39065297052301862        3.3034849052079736        1.0002682199780037      -0.19031166463151492     
   6.2900000000000011E-005  0.55344605008369530       0.40801233234724776        3.2918038485759999        1.0002773737708386      -0.20044106245438364     
   6.3000000000000013E-005  0.55636876440814576       0.42614371040602528        3.2795869078210695        1.0002844278964322      -0.21029948782599725     
   6.3100000000000002E-005  0.55924110874642208       0.44499916438027309        3.2668524976488826        1.0002891999883885      -0.21986138009274026     
   6.3200000000000005E-005  0.56205460095148219       0.46453041070479895        3.2536185985803976        1.0002915459307871      -0.22910238609072497     
   6.3300000000000007E-005  0.56480042330655134       0.48469086914266768        3.2399025817055929        1.0002913553801351      -0.23799988293250446     
   6.3400000000000010E-005  0.56746941710014731       0.50543798632298742        3.2257210461561492        1.0002885363695930      -0.24653315286467989     
   6.3500000000000012E-005  0.57005200801992906       0.52673565433458158        3.2110896902415824        1.0002829895021541      -0.25468301220318335     
   6.3600000000000014E-005  0.57253808550840457       0.54855648464998197        3.1960232441792638        1.0002745777492579      -0.26243080414469289     
   6.3700000000000003E-005  0.57491688631138493       0.57088366692723636        3.1805354894872058        1.0002631039417287      -0.26975690139806918     
   6.3800000000000006E-005  0.57717694724520840       0.59371215324396509        3.1646393718386507        1.0002483114499519      -0.27663917476312982     
   6.3900000000000008E-005  0.57930618941423817       0.61704895220882428        3.1483471809459056        1.0002299188835480      -0.28305211579231310     
   6.4000000000000011E-005  0.58129217948652667       0.64091237569827975        3.1316707336072072        1.0002076867868628      -0.28896726211558227     
   6.4100000000000013E-005  0.58312257558737313       0.66533016014418944        3.1146214735781887        1.0001814982598467      -0.29435518694542323     
   6.4200000000000002E-005  0.58478568152871124       0.69033648132009873        3.0972104080543774        1.0001514259388302      -0.29918872826078485     
   6.4300000000000004E-005  0.58627096305797821       0.71596799863957017        3.0794478433790946        1.0001177561896337      -0.30344653426722606     
   6.4400000000000007E-005  0.58756937935470344       0.74225919918752048        3.0613429579932627        1.0000809532807924      -0.30711562729753006     
   6.4500000000000009E-005  0.58867346435310219       0.76923745169362423        3.0429033358732238        1.0000415722316807      -0.31019179556206861     
   6.4600000000000012E-005  0.58957721197783552       0.79691831431379256        3.0241346415058357        1.0000001581589546      -0.31267733505007295     
   6.4700000000000001E-005  0.59027589217920773       0.82530176099557107        3.0050406102434786       0.99995718799246447      -0.31457683946481868     
   6.4800000000000003E-005  0.59076589450752692       0.85437009705801437        2.9856234418322436       0.99991309796905070      -0.31589286967316904     
   6.4900000000000005E-005  0.59104460933981851       0.88408834710957152        2.9658845485215521       0.99986838950982471      -0.31662368415073366     
   6.5000000000000008E-005  0.59111034462142820       0.91440766958010755        2.9458254944278770       0.99982374279781783      -0.31676416942381042     
   6.5100000000000010E-005  0.59096231233401397       0.94527175154694909        2.9254489408847508       0.99978005091752431      -0.31630916193976810     
   6.5199999999999999E-005  0.59060070878916482       0.97662520369299610        2.9047594954360973       0.99973833374025278      -0.31525685412696053     
   6.5300000000000002E-005  0.59002687753627392        1.0084219319658132        2.8837644994801046       0.99969956821145456      -0.31360995451836704     
   6.5400000000000004E-005  0.58924354078163499        1.0406307304952698        2.8624748913937230       0.99966453259826749      -0.31137389162200590     
   6.5500000000000006E-005  0.58825509756673611        1.0732353975005662        2.8409062614829028       0.99963376395137049      -0.30855372876252296     
   6.5600000000000009E-005  0.58706793703845739        1.1062277153350273        2.8190800456104501       0.99960765640329730      -0.30515303902808161     
   6.5700000000000011E-005  0.58569060288088581        1.1395934469968703        2.7970245736794976       0.99958661099801160      -0.30117723458811796     
   6.5800000000000000E-005  0.58413360174822360        1.1732935610818194        2.7747755902382170       0.99957107782413013      -0.29664039581963125     
   6.5900000000000003E-005  0.58240873168730067        1.2072446701575652        2.7523760462316473       0.99956139279432943      -0.29157068261545277     
   6.6000000000000005E-005  0.58052802184407826        1.2413038213057570        2.7298753824797068       0.99955747665762706      -0.28600839381685383     
   6.6100000000000007E-005  0.57850265682612523        1.2752629489664882        2.7073289232259117       0.99955861726429673      -0.27999453743710595     
   6.6200000000000010E-005  0.57634240444244933        1.3088571673466962        2.6847980133498712       0.99956356535551660      -0.27355480002705967     
   6.6299999999999999E-005  0.57405587319324802        1.3417885292342868        2.6623509914875574       0.99957098570931302      -0.26668914271806965     
   6.6400000000000001E-005  0.57165147910672631        1.3737629171169932        2.6400642457125731       0.99958002566896309      -0.25937596332280272     
   6.6500000000000004E-005  0.56913861295734181        1.4045328790160179        2.6180220775929954       0.99959062038094637      -0.25159116015065741     
   6.6600000000000006E-005  0.56652837330171213        1.4339353017570380        2.5963144379418792       0.99960330457238866      -0.24333208915099802     
   6.6700000000000009E-005  0.56383343686442255        1.4619125266579598        2.5750327080385458       0.99961865149079476      -0.23463222225965438     
   6.6799999999999997E-005  0.56106708695935914        1.4885102938081021        2.5542648583001566       0.99963672045200236      -0.22555769572629944     
   6.6900000000000000E-005  0.55824185829230666        1.5138538894952740        2.5340917227691304       0.99965685916368219      -0.21618793910242343     
   6.7000000000000002E-005  0.55536842588079360        1.5381108602555065        2.5145855291486208       0.99967793105690173      -0.20659139729845918     
   6.7100000000000005E-005  0.55245516218616819        1.5614513481306771        2.4958106616330982       0.99969876611801123      -0.19680858384767005     
   6.7200000000000007E-005  0.54950838484528697        1.5840152371504352        2.4778256524849591       0.99971855475277771      -0.18684892286221247     
   6.7299999999999996E-005  0.54653301743729210        1.6058910734784364        2.4606851036175637       0.99973701210644161      -0.17669994105458622     
   6.7399999999999998E-005  0.54353330800801569        1.6271075826693293        2.4444406287408422       0.99975430616192540      -0.16634220792720800     
   6.7500000000000001E-005  0.54051334637120263        1.6476358261794628        2.4291406045828214       0.99977085213378258      -0.15576282664215513     
   6.7600000000000003E-005  0.53747728486535618        1.6673987322846493        2.4148291048282937       0.99978709716458647      -0.14496304373687635     
   6.7700000000000006E-005  0.53442930687907275        1.6862845266919582        2.4015446358899459       0.99980337690107468      -0.13395921818509460     
   6.7800000000000008E-005  0.53137345681758774        1.7041610595639289        2.3893192096612466       0.99981986646831755      -0.12277905294455116     
   6.7899999999999997E-005  0.52831344466625674        1.7208888452746312        2.3781780283771061       0.99983660259428542      -0.11145591243026005     
   6.7999999999999999E-005  0.52525249882438318        1.7363315477951247        2.3681397898408356       0.99985353758634432      -0.10002356473719594     
   6.8100000000000002E-005  0.52219329498405365        1.7503634670522068        2.3592174500017782       0.99987059238040221       -8.8512587961049799E-002
   6.8200000000000004E-005  0.51913795554136311        1.7628741855167931        2.3514192239044123       0.99988769210915962       -7.6948656025453144E-002
   6.8300000000000007E-005  0.51608809833818781        1.7737708822274048        2.3447496324834662       0.99990478195646260       -6.5352304518343937E-002
   6.8399999999999996E-005  0.51304491163388488        1.7829789472970941        2.3392104654143568       0.99992182869616941       -5.3739576439230725E-002
   6.8499999999999998E-005  0.51000923742650361        1.7904415048143889        2.3348015938688551       0.99993881505953353       -4.2123020884095086E-002
   6.8600000000000000E-005  0.50698165227386971        1.7961183497616364        2.3315216141900845       0.99995573251551217       -3.0512695180928934E-002
   6.8700000000000003E-005  0.50396254073176527        1.7999846803974133        2.3293683302522936       0.99997257545028073       -1.8916999803594244E-002
   6.8800000000000005E-005  0.50095216054552538        1.8020298917842226        2.3283390935360777       0.99998933788064381       -7.3433015051914763E-003
   6.8899999999999994E-005  0.49795070089772087        1.8022566006801508        2.3284310201407923        1.0000060124177808        4.2016202284716024E-003
   6.8999999999999997E-005  0.49495833600793643        1.8006799974835257        2.3296410992229672        1.0000225906996971        1.5711238564369349E-002
   6.9099999999999999E-005  0.49197527677355840        1.7973275620931251        2.3319662002343984        1.0000390643008124        2.7178978028152508E-002
   6.9200000000000002E-005  0.48900182325779168        1.7922391291216684        2.3354029788328088        1.0000554251476075        3.8597871515989333E-002
   6.9300000000000004E-005  0.48603842075539400        1.7854672359383059        2.3399476746215409        1.0000716646141763        4.9960111559744232E-002
   6.9399999999999993E-005  0.48308572172566600        1.7770776281617060        2.3455957891353907        1.0000877708196712        6.1256457253292013E-002
   6.9500000000000009E-005  0.48014465464276262        1.7671497284619111        2.3523416317192782        1.0001037241935660        7.2475501042575025E-002
   6.9600000000000011E-005  0.47721649820244938        1.7557767976054599        2.3601777261982719        1.0001194924664358        8.3602868318128798E-002
   6.9700000000000014E-005  0.47430295482782131        1.7430654414521651        2.3690940870012884        1.0001350275389111        9.4620530682473517E-002
   6.9800000000000016E-005  0.47140621120997955        1.7291340621561346        2.3790774009899862        1.0001502681575687       0.10550652379867584     
   6.9900000000000005E-005  0.46852896727714960        1.7141098491179658        2.3901101907373183        1.0001651527305353       0.11623545052413552     
   7.0000000000000007E-005  0.46567441193134934        1.6981239936627350        2.4021700781049242        1.0001796448844016       0.12678012832615301     
   7.0100000000000010E-005  0.46284612941634562        1.6813050173004935        2.4152292964876922        1.0001937690479292       0.13711451892196286     
   7.0200000000000012E-005  0.46004793949079925        1.6637704259270478        2.4292545907406500        1.0002076448662749       0.14721760934863865     
   7.0300000000000015E-005  0.45728370826408604        1.6456173004557666        2.4442075717246818        1.0002215006386350       0.15707726043714088     
   7.0400000000000004E-005  0.45455720561472052        1.6269128384018572        2.4600454521701773        1.0002356431225132       0.16669244243763026     
   7.0500000000000006E-005  0.45187210894203045        1.6076862089941057        2.4767219138123275        1.0002503703025323       0.17607212920909049     
   7.0600000000000008E-005  0.44923223515950444        1.5879233575871039        2.4941877174584990        1.0002658375029803       0.18522980734767261     
   7.0700000000000011E-005  0.44664200711254021        1.5675665992203163        2.5123906652340762        1.0002819183686722       0.19417416604366344     
   7.0800000000000013E-005  0.44410704078497826        1.5465209105717488        2.5312747293978832        1.0002981282763319       0.20289867046761373     
   7.0900000000000002E-005  0.44163462591423319        1.5246684842888714        2.5507785592586036        1.0003136767296847       0.21137440289613621     
   7.1000000000000005E-005  0.43923383623368212        1.5018918721014716        2.5708340222405393        1.0003276717251279       0.21955051107999685     
   7.1100000000000007E-005  0.43691510301913872        1.4781035707775141        2.5913656779509711        1.0003394136652612       0.22736398764290991     
   7.1200000000000009E-005  0.43468931304016745        1.4532765754729393        2.6122918962316519        1.0003486319418871       0.23475589730751784     
   7.1300000000000012E-005  0.43256675504901210        1.4274677259025310        2.6335276897685578        1.0003555070433388       0.24168696153689528     
   7.1400000000000014E-005  0.43055637495639248        1.4008256398382590        2.6549885325062275        1.0003604308912084       0.24814470723630086     
   7.1500000000000003E-005  0.42866567610239792        1.3735787259718242        2.6765939539692019        1.0003636312243671       0.25413844940513064     
   7.1600000000000006E-005  0.42690125491395525        1.3460050426964596        2.6982698557060507        1.0003648894096635       0.25968502141608180     
   7.1700000000000008E-005  0.42526962867095452        1.3183917702507966        2.7199491966999254        1.0003635235885078       0.26479313155975193     
   7.1800000000000011E-005  0.42377790465707688        1.2909951301891951        2.7415714922021412        1.0003586312604920       0.26945425845797855     
   7.1900000000000013E-005  0.42243397759522289        1.2640107136922225        2.7630819869662542        1.0003494306469396       0.27364346779725873     
   7.2000000000000002E-005  0.42124620571217469        1.2375601347385503        2.7844312274213094        1.0003355141673198       0.27732790748532965     
   7.2100000000000004E-005  0.42022274708185536        1.2116945229651623        2.8055752681156427        1.0003169167506281       0.28047748887283885     
   7.2200000000000007E-005  0.41937083012206960        1.1864106908356895        2.8264762670147427        1.0002940188790821       0.28307255356160160     
   7.2300000000000009E-005  0.41869618546935478        1.1616733862827031        2.8471030090573244        1.0002673763825169       0.28510600843267880     
   7.2400000000000012E-005  0.41820275238826193        1.1374372397701329        2.8674309818663928        1.0002375730950042       0.28658050905942717     
   7.2500000000000000E-005  0.41789266655984220        1.1136640034952974        2.8874418756076414        1.0002051507690817       0.28750323924012533     
   7.2600000000000003E-005  0.41776647833743080        1.0903331393395419        2.9071226197579931        1.0001706180849064       0.28788115687579913     
   7.2700000000000005E-005  0.41782352257270278        1.0674457516528966        2.9264641975744041        1.0001345019214238       0.28771855677303149     
   7.2800000000000008E-005  0.41806233705401491        1.0450229783814926        2.9454604745427990        1.0000973912409723       0.28701721426446059     
   7.2900000000000010E-005  0.41848101050174058        1.0231004352577626        2.9641071833229975        1.0000599394992253       0.28577807750099793     
   7.2999999999999999E-005  0.41907735775079774        1.0017204460173081        2.9824010948387789        1.0000228230862218       0.28400304963880396     
   7.3100000000000001E-005  0.41984887843592944       0.98092374922398484        3.0003393325641303       0.99998668033115956       0.28169584136329767     
   7.3200000000000004E-005  0.42079253246478709       0.96074217095611836        3.0179187771106948       0.99995206384384816       0.27886174615590964     
   7.3300000000000006E-005  0.42190442646052967       0.94119338489475890        3.0351355458867992       0.99991942590509353       0.27550692984537456     
   7.3400000000000009E-005  0.42317952748141230       0.92227838233929482        3.0519845800731860       0.99988913408072910       0.27163803909924145     
   7.3500000000000011E-005  0.42461150145389348       0.90398173044232344        3.0684593941248126       0.99986149782657419       0.26726262298208175     
   7.3600000000000000E-005  0.42619273343916869       0.88627420577040361        3.0845520276910317       0.99983678443230972       0.26239029454496110     
   7.3700000000000002E-005  0.42791453450660821       0.86911703885475067        3.1002531941852594       0.99981521284689301       0.25703407530463118     
   7.3800000000000005E-005  0.42976748834513745       0.85246685348532480        3.1155525671737134       0.99979692953946886       0.25121120835764027     
   7.3900000000000007E-005  0.43174185823136035       0.83628044858639594        3.1304391115661772       0.99978198178006084       0.24494295356255991     
   7.4000000000000010E-005  0.43382796934608531       0.82051881564707951        3.1449013659471658       0.99977030478030360       0.23825332520961864     
   7.4099999999999999E-005  0.43601650131859204       0.80515010690951971        3.1589276128625121       0.99976173168091809       0.23116717027930386     
   7.4200000000000001E-005  0.43829866125781602       0.79015154979233060        3.1725059198927905       0.99975602456188895       0.22370821861416851     
   7.4300000000000004E-005  0.44066624420012723       0.77551046692399783        3.1856240779211031       0.99975291595907889       0.21589769907843176     
   7.4400000000000006E-005  0.44311161281268879       0.76122459830258382        3.1982694895258903       0.99975214753898434       0.20775385774898136     
   7.4500000000000008E-005  0.44562763646077003       0.74730187797913317        3.2104290651386114       0.99975349552992121       0.19929237173005390     
   7.4599999999999997E-005  0.44820762386625496       0.73375975655360914        3.2220891708379211       0.99975677886425995       0.19052736962453956     
   7.4700000000000000E-005  0.45084527104002836       0.72062412863556435        3.2332356485715503       0.99976185243471594       0.18147263991100809     
   7.4800000000000002E-005  0.45353463296635649       0.70792793330492287        3.2438539066923506       0.99976859193130341       0.17214264407637786     
   7.4900000000000005E-005  0.45627011793364591       0.69570952868559655        3.2539290627304864       0.99977687749855515       0.16255309764938877     
   7.5000000000000007E-005  0.45904649919803292       0.68401096942196649        3.2634461136982189       0.99978658169074208       0.15272106286111745     
   7.5099999999999996E-005  0.46185893718667942       0.67287632637774664        3.2723901110734799       0.99979756412977294       0.14266464222569830     
   7.5199999999999998E-005  0.46470300533798264       0.66235018074856722        3.2807463248100239       0.99980967254189590       0.13240243857518263     
   7.5300000000000001E-005  0.46757471346514395       0.65247637928305124        3.2885003885318906       0.99982274827667283       0.12195295410280657     
   7.5400000000000003E-005  0.47047052386388044       0.64329708506484184        3.2956384247346029       0.99983663387348387       0.11133406126534080     
   7.5500000000000006E-005  0.47338735704557700       0.63485211579343037        3.3021471532079549       0.99985118055771560       0.10056262046876044     
   7.5600000000000008E-005  0.47632258569646257       0.62717853289506564        3.3080139877584283       0.99986625427370790        8.9654266532068205E-002
   7.5699999999999997E-005  0.47927401698799810       0.62031043065906744        3.3132271260949295       0.99988173969900929        7.8623348478260913E-002
   7.5799999999999999E-005  0.48223986446575168       0.61427887167922091        3.3177756363590856       0.99989754215165083        6.7482986595439887E-002
   7.5900000000000002E-005  0.48521871141073097       0.60911191930667652        3.3216495419137533       0.99991358773872552        5.6245208568273808E-002
   7.6000000000000004E-005  0.48820946772348062       0.60483472799607885        3.3248399043476269       0.99992982208300829        4.4921128416916783E-002
   7.6100000000000007E-005  0.49121132229017833       0.60146965904246841        3.3273389031726164       0.99994620812168322        3.3521142621058167E-002
   7.6199999999999995E-005  0.49422369236135943       0.59903639472743198        3.3291399098954062       0.99996272325163071        2.2055127806378801E-002
   7.6299999999999998E-005  0.49724617098924706       0.59755203377489874        3.3302375538405253       0.99997935604707211        1.0532630165558899E-002
   7.6400000000000000E-005  0.50027847312344109       0.59703115708196552        3.3306277771936914       0.99999610269695016       -1.0369552306499022E-003
   7.6500000000000003E-005  0.50332038059917605       0.59748585683552324        3.3303078771045125        1.0000129632453290       -1.2644213653369764E-002
   7.6600000000000005E-005  0.50637168600724136       0.59892572520718712        3.3292765332209018        1.0000299376887070       -2.4279544642329100E-002
   7.6699999999999994E-005  0.50943213531047993       0.60135780112453663        3.3275338196830480        1.0000470219661370       -3.5932995360652628E-002
   7.6799999999999997E-005  0.51250136907004207       0.60478647560960042        3.3250812013259967        1.0000642038794725       -4.7594087873983323E-002
   7.6900000000000013E-005  0.51557886225836091       0.60921335638235519        3.3219215144933223        1.0000814590306177       -5.9251635903590415E-002
   7.7000000000000015E-005  0.51866386284474364       0.61463709250987808        3.3180589334352426        1.0000987468651603       -7.0893548426795863E-002
   7.7100000000000004E-005  0.52175532972955818       0.62105317409583805        3.3134989241282331        1.0001160069145087       -8.2506621503333794E-002
   7.7200000000000006E-005  0.52485187116384158       0.62845372838351299        3.3082481875395655        1.0001331555662425       -9.4076329042623294E-002
   7.7300000000000009E-005  0.52795168542895099       0.63682733752315102        3.3023145940455123        1.0001500837272221      -0.10558662840248452     
   7.7400000000000011E-005  0.53105250621019251       0.64615891099791423        3.2957071099956616        1.0001666559826887      -0.11701981084420575     
   7.7500000000000014E-005  0.53415155562541539       0.65642965281437693        3.2884357158385376        1.0001827117679569      -0.12835643525970619     
   7.7600000000000016E-005  0.53724550817542960       0.66761716886063383        3.2805113133589190        1.0001980691380306      -0.13957539011120301     
   7.7700000000000005E-005  0.54033046868443724       0.67969576280873767        3.2719456174629062        1.0002125312417522      -0.15065412393188921     
   7.7800000000000007E-005  0.54340196640732430       0.69263697030426741        3.2627510266598687        1.0002258950322753      -0.16156906765255596     
   7.7900000000000010E-005  0.54645496574845276       0.70641038471053541        3.2529404670090716        1.0002379607159433      -0.17229623391434526     
   7.8000000000000012E-005  0.54948389147839805       0.72098480626463957        3.2425272068306099        1.0002485396055356      -0.18281192228141935     
   7.8100000000000015E-005  0.55248266314032424       0.73632970388013685        3.2315246447430717        1.0002574572543876      -0.19309339355772512     
   7.8200000000000003E-005  0.55544472965851011       0.75241694869226006        3.2199460825320316        1.0002645488685664      -0.20311932429909446     
   7.8300000000000006E-005  0.55836309060641365       0.76922272949324100        3.2078045035745362        1.0002696458740052      -0.21286984621125016     
   7.8400000000000008E-005  0.56123028742568193       0.78672950182145573        3.1951123836508106        1.0002725558018355      -0.22232604378581322     
   7.8500000000000011E-005  0.56403835131518842       0.80492777035780794        3.1818815604016235        1.0002730416289669      -0.23146893264639098     
   7.8600000000000013E-005  0.56677870473717307       0.82381747207169820        3.1681231773790706        1.0002708098750854      -0.24027814596543406     
   7.8700000000000002E-005  0.56944203214018752       0.84340872378071019        3.1538476988487836        1.0002655165920571      -0.24873074366729925     
   7.8800000000000004E-005  0.57201815837578529       0.86372172118004187        3.1390649666262065        1.0002567963267659      -0.25680063650554047     
   7.8900000000000007E-005  0.57449599010321772       0.88478561868286487        3.1237842482427629        1.0002443107128307      -0.26445900690152452     
   7.9000000000000009E-005  0.57686357414804668       0.90663627572423433        3.1080142165969811        1.0002278041799582      -0.27167580156226018     
   7.9100000000000012E-005  0.57910830397977964       0.92931283718945767        3.0917628132039927        1.0002071480864732      -0.27842194766998268     
   7.9200000000000001E-005  0.58121727147013280       0.95285324436668173        3.0750369834042108        1.0001823558104539      -0.28467155684317302     
   7.9300000000000003E-005  0.58317773634589176       0.97728896180058022        3.0578423252349971        1.0001535627168336      -0.29040324031922976     
   7.9400000000000006E-005  0.58497766620510605        1.0026394637202278        3.0401827429743133        1.0001209873705292      -0.29559997362364071     
   7.9500000000000008E-005  0.58660624865378019        1.0289073459449583        3.0220602104176164        1.0000849084171568      -0.30024774573948082     
   7.9600000000000010E-005  0.58805424238851201        1.0560752388206121        3.0034747137385471        1.0000456858568525      -0.30433405305165606     
   7.9700000000000013E-005  0.58931406777183859        1.0841058351006900        2.9844243783209814        1.0000038231530519      -0.30784751647682840     
   7.9800000000000002E-005  0.59037962797610422        1.1129461078309211        2.9649057287591560       0.99996002741892143      -0.31077921153044430     
   7.9900000000000004E-005  0.59124594825879451        1.1425360187250231        2.9449140280029105       0.99991520639109643      -0.31312493904778443     
   8.0000000000000007E-005  0.59190876818272875        1.1728207376370428        2.9244437061896740       0.99987036771717908      -0.31488646292571942     
   8.0100000000000009E-005  0.59236421066935274        1.2037639346752789        2.9034889924988239       0.99982644947758093      -0.31606971773357601     
   8.0200000000000011E-005  0.59260863220020976        1.2353585767587987        2.8820449397768177       0.99978417123286012      -0.31667952036606312     
   8.0300000000000000E-005  0.59263875175459602        1.2676313428406649        2.8601089984999573       0.99974401592037798      -0.31671292134981782     
   8.0400000000000003E-005  0.59245210910725266        1.3006375426578956        2.8376830982525560       0.99970639737412836      -0.31615565382302852     
   8.0500000000000005E-005  0.59204782669067035        1.3344451935521215        2.8147758809700663       0.99967193508727226      -0.31498611343679528     
   8.0600000000000008E-005  0.59142755236379052        1.3691093190675874        2.7914044843487424       0.99964162975876181      -0.31318755981483981     
   8.0700000000000010E-005  0.59059624623337015        1.4046401770817285        2.7675953200012469       0.99961673861040679      -0.31076316433922019     
   8.0799999999999999E-005  0.58956222201773301        1.4409717733281342        2.7433837281741846       0.99959830932154126      -0.30774417904945950     
   8.0900000000000001E-005  0.58833602071286684        1.4779392418700921        2.7188130973406230       0.99958656638008980      -0.30418271925272511     
   8.1000000000000004E-005  0.58692840295217719        1.5152744573637857        2.6939346064999494       0.99958055898210263      -0.30012885696763275     
   8.1100000000000006E-005  0.58534841658274872        1.5526274206729340        2.6688085647624038       0.99957845966256198      -0.29560368726905223     
   8.1200000000000009E-005  0.58360266029098418        1.5896155606577853        2.6435071449808953       0.99957850013126537      -0.29058681785240276     
   8.1300000000000011E-005  0.58169640383592558        1.6258938804511711        2.6181167992195933       0.99957998127787973      -0.28503034009647227     
   8.1400000000000000E-005  0.57963618270907091        1.6612281092202741        2.5927380487754768       0.99958360891987752      -0.27889410326809255     
   8.1500000000000002E-005  0.57743224677044291        1.6955466785103148        2.5674814069875347       0.99959084027014400      -0.27218142959984393     
   8.1600000000000005E-005  0.57509904062258976        1.7289516661102695        2.5424604324293743       0.99960264713054148      -0.26495166380573121     
   8.1700000000000007E-005  0.57265329995232161        1.7616836684912904        2.5177848582236808       0.99961858354561717      -0.25729922426706608     
   8.1800000000000010E-005  0.57011102351110876        1.7940530609986833        2.4935568496646461       0.99963684134618225      -0.24931137130340600     
   8.1899999999999999E-005  0.56748515496887597        1.8263606503082332        2.4698714045420291       0.99965518700760736      -0.24103196046920095     
   8.2000000000000001E-005  0.56478512156350036        1.8588301500919826        2.4468192226113161       0.99967204588364178      -0.23245317824875178     
   8.2100000000000003E-005  0.56201807783391344        1.8915664576893771        2.4244890517917530       0.99968704723964996      -0.22353700543791366     
   8.2200000000000006E-005  0.55919071024597600        1.9245434002902027        2.4029673381826822       0.99970083784158126      -0.21424978244772713     
   8.2300000000000008E-005  0.55631043040945050        1.9576165149100699        2.3823350814216147       0.99971444392894204      -0.20458872360375968     
   8.2399999999999997E-005  0.55338551565456273        1.9905519001782626        2.3626635633437796       0.99972864323307220      -0.19458828038039946     
   8.2500000000000000E-005  0.55042449572255281        2.0230612187035462        2.3440110426618266       0.99974367134160658      -0.18430808063350945     
   8.2600000000000002E-005  0.54743536974900397        2.0548347571554437        2.3264216702331968       0.99975929629006066      -0.17381309596315891     
   8.2700000000000004E-005  0.54442508339403684        2.0855677498276641        2.3099266248443522       0.99977508721922326      -0.16315707985911240     
   8.2800000000000007E-005  0.54139937981966224        2.1149784785002694        2.2945466044077314       0.99979067224126594      -0.15237501200269185     
   8.2899999999999996E-005  0.53836291296343031        2.1428189318512025        2.2802946221863958       0.99980587272331434      -0.14148425161937561     
   8.2999999999999998E-005  0.53531945818782523        2.1688798019724373        2.2671783669144685       0.99982070915956622      -0.13049066378622082     
   8.3100000000000001E-005  0.53227211126735141        2.1929916081517202        2.2552018436021215       0.99983533205501718      -0.11939562107785379     
   8.3200000000000003E-005  0.52922343772420211        2.2150232801049121        2.2443663633899433       0.99984993704544523      -0.10820125642652802     
   8.3300000000000005E-005  0.52617557554789773        2.2348790463194046        2.2346711094230733       0.99986470044319276       -9.6913147795285315E-002
   8.3400000000000008E-005  0.52313030585973919        2.2524941780734391        2.2261135074561325       0.99987974587837414       -8.5540846346112032E-002
   8.3499999999999997E-005  0.52008910405541964        2.2678300324752687        2.2186895543229483       0.99989513664113394       -7.4097127866768697E-002
   8.3599999999999999E-005  0.51705317981344623        2.2808688176778453        2.2123941716850810       0.99991088302253384       -6.2596779980545372E-002
   8.3700000000000002E-005  0.51402351166352589        2.2916084749840877        2.2072215909878010       0.99992695530256270       -5.1055450903939550E-002
   8.3800000000000004E-005  0.51100088018946010        2.3000580033034801        2.2031657448337905       0.99994329662884529       -3.9488800080233144E-002
   8.3900000000000006E-005  0.50798590253943765        2.3062334552334782        2.2002206325123539       0.99995983337697314       -2.7911998070967160E-002
   8.3999999999999995E-005  0.50497906950913052        2.3101547383798167        2.1983806320786430       0.99997648251035054       -1.6339522493176911E-002
   8.4099999999999998E-005  0.50198078527199075        2.3118432810262828        2.1976407402839131       0.99999315651519949       -4.7851680944666587E-003
   8.4200000000000014E-005  0.49899140900362449        2.3113205652079714        2.1979967299669965        1.0000097666135070        6.7378103332351022E-003
   8.4300000000000016E-005  0.49601129720606479        2.3086074977311437        2.1994452210164517        1.0000262250054350        1.8216490617962128E-002
   8.4400000000000005E-005  0.49304084538751602        2.3037245775431536        2.2019836654513414        1.0000424467985205        2.9638068729136265E-002
   8.4500000000000008E-005  0.49008052781279376        2.2966928120235970        2.2056102508182702        1.0000583522354527        4.0989692112303168E-002
   8.4600000000000010E-005  0.48713093427231663        2.2875353275070385        2.2103237300326142        1.0000738698416138        5.2258399560292552E-002
   8.4700000000000012E-005  0.48419280324017416        2.2762796066278277        2.2161231907399737        1.0000889411352436        6.3431233350235192E-002
   8.4800000000000015E-005  0.48126705144615800        2.2629602661337920        2.2230077830082644        1.0001035273324164        7.4495584086132230E-002
   8.4900000000000004E-005  0.47835480082881221        2.2476222675219883        2.2309764286463469        1.0001176179983369        8.5439799068788819E-002
   8.5000000000000006E-005  0.47545740513756091        2.2303244352764420        2.2400275354822323        1.0001312402603904        9.6254008533289803E-002
   8.5100000000000009E-005  0.47257648028029975        2.2111431452446713        2.2501587290980138        1.0001444653333169       0.10693098530771124     
   8.5200000000000011E-005  0.46971394489366280        2.1901760162520176        2.2613665877489071        1.0001574066838768       0.11746666764201705     
   8.5300000000000013E-005  0.46687208019651733        2.1675453728366403        2.2736463207210487        1.0001702029621553       0.12785980214638878     
   8.5400000000000016E-005  0.46405361952632979        2.1434011144125797        2.2869912736175668        1.0001829808641458       0.13811012478972645     
   8.5500000000000005E-005  0.46126187453898115        2.1179223960624327        2.3013920996844952        1.0001958008113743       0.14821476722722957     
   8.5600000000000007E-005  0.45850089132120020        2.0913172166054057        2.3168354458112974        1.0002086023744210       0.15816329068859644     
   8.5700000000000010E-005  0.45577560109694387        2.0638187385407196        2.3333021127075062        1.0002211820406737       0.16793285383211831     
   8.5800000000000012E-005  0.45309189117314119        2.0356771439283161        2.3507648822779248        1.0002332417987152       0.17748608755501483     
   8.5900000000000014E-005  0.45045649508485269        2.0071463241359560        2.3691865094277573        1.0002445254220018       0.18677442429313318     
   8.6000000000000003E-005  0.44787662911953419        1.9784658408813094        2.3885185933040245        1.0002550033227791       0.19574797752703624     
   8.6100000000000006E-005  0.44535942215167729        1.9498401119425868        2.4087019554369324        1.0002649988783894       0.20436947773885120     
   8.6200000000000008E-005  0.44291137375637396        1.9214179770619513        2.4296686290312275        1.0002751286253182       0.21262582259570723     
   8.6300000000000011E-005  0.44053821153393252        1.8932760563811559        2.4513447550237477        1.0002860088184922       0.22052956820741199     
   8.6400000000000013E-005  0.43824543699780250        1.8654087466603340        2.4736530557222851        1.0002978402847655       0.22810655085046055     
   8.6500000000000002E-005  0.43603948970868817        1.8377272674166729        2.4965136454811754        1.0003101118164719       0.23537380410102993     
   8.6600000000000004E-005  0.43392897083046189        1.8100706351587004        2.5198428896952390        1.0003216435679565       0.24231919400589827     
   8.6700000000000007E-005  0.43192508967564008        1.7822319031772231        2.5435513583455753        1.0003310145518558       0.24889520818021502     
   8.6800000000000009E-005  0.43004076355767851        1.7540009337460880        2.5675427671529953        1.0003371766487370       0.25503220997076531     
   8.6900000000000012E-005  0.42828860799831342        1.7252186232816058        2.5917154830507800        1.0003398971759707       0.26066480030261097     
   8.7000000000000001E-005  0.42667886523125187        1.6958289941244002        2.6159667535208952        1.0003397185977276       0.26575612180114466     
   8.7100000000000003E-005  0.42521844650529161        1.6659109586763385        2.6401981760195397        1.0003374229840409       0.27030565996865091     
   8.7200000000000005E-005  0.42391160169265585        1.6356759827005574        2.6643202119830964        1.0003333653987989       0.27433697450817690     
   8.7300000000000008E-005  0.42276175178853120        1.6054302421074267        2.6882542777376286        1.0003271482123079       0.27787488260042187     
   8.7400000000000010E-005  0.42177333471265060        1.5755133875568017        2.7119324672612870        1.0003178233798395       0.28092679671589083     
   8.7500000000000013E-005  0.42095256449896218        1.5462337495704732        2.7352961079609019        1.0003044145568685       0.28347760499533209     
   8.7600000000000002E-005  0.42030674128200529        1.5178189658975016        2.7582944805436460        1.0002863854298016       0.28549768601551723     
   8.7700000000000004E-005  0.41984263815771794        1.4903932277945975        2.7808843783554202        1.0002638148148597       0.28695681360343073     
   8.7800000000000006E-005  0.41956493114485471        1.4639818517618091        2.8030303912416819        1.0002372814191260       0.28783589011162225     
   8.7900000000000009E-005  0.41947541977201608        1.4385354091496767        2.8247053552478940        1.0002076089972629       0.28813187813847302     
   8.8000000000000011E-005  0.41957320597387698        1.4139620990482014        2.8458904067091262        1.0001756289392982       0.28785569621795626     
   8.8100000000000000E-005  0.41985551325597964        1.3901583877509811        2.8665743540653121        1.0001420444976106       0.28702583470471127     
   8.8200000000000003E-005  0.42031864748169329        1.3670319542381524        2.8867524021871236        1.0001074028272490       0.28566121004836281     
   8.8300000000000005E-005  0.42095869281857995        1.3445151417851982        2.9064244725570760        1.0000721398362156       0.28377587366798301     
   8.8400000000000007E-005  0.42177177094761881        1.3225698895866893        2.9255934242010126        1.0000366579954798       0.28137678370473668     
   8.8500000000000010E-005  0.42275392437679443        1.3011862783690793        2.9442634414897197        1.0000014032479037       0.27846467466959235     
   8.8599999999999999E-005  0.42390081026391796        1.2803769170688897        2.9624387689994918       0.99996691191160281       0.27503722811230635     
   8.8700000000000001E-005  0.42520738832976468        1.2601690806820196        2.9801228709353849       0.99993380795375442       0.27109322275136716     
   8.8800000000000004E-005  0.42666770928730069        1.2405961788873210        2.9973179940115826       0.99990274957843650       0.26663620534762178     
   8.8900000000000006E-005  0.42827483096609675        1.2216898795605715        3.0140250381535769       0.99987434552677579       0.26167654141694852     
   8.9000000000000008E-005  0.43002084957211256        1.2034739469170725        3.0302436061136921       0.99984907385629540       0.25623140716303405     
   8.9100000000000011E-005  0.43189702854884371        1.1859604807118949        3.0459721141872089       0.99982723219628322       0.25032306829991363     
   8.9200000000000000E-005  0.43389401196618782        1.1691487530954134        3.0612078872553266       0.99980893103031110       0.24397630902249831     
   8.9300000000000002E-005  0.43600210522872773        1.1530263424878449        3.0759472094867832       0.99979412363129450       0.23721595702825066     
   8.9400000000000005E-005  0.43821159200033077        1.1375718956768779        3.0901853388309206       0.99978265480218764       0.23006516418299744     
   8.9500000000000007E-005  0.44051304349106973        1.1227586991830130        3.1039165107136935       0.99977431034284125       0.22254466696105374     
   8.9600000000000009E-005  0.44289757490196585        1.1085583116940505        3.1171339567255001       0.99976885540316962       0.21467288383084274     
   8.9699999999999998E-005  0.44535701613828299        1.0949437287254655        3.1298299550083164       0.99976605792350515       0.20646652136250429     
   8.9800000000000001E-005  0.44788398438692584        1.0818918140777978        3.1419959176894987       0.99976569889871603       0.19794134766226937     
   8.9900000000000003E-005  0.45047186720192167        1.0693849515168079        3.1536225113366005       0.99976757386500703       0.18911288168467835     
   9.0000000000000006E-005  0.45311474065643642        1.0574120015711026        3.1646998007214400       0.99977149011095168       0.17999686825486505     
   9.0100000000000008E-005  0.45580725378193715        1.0459686946920277        3.1752174040972219       0.99977726292843250       0.17060950972752897     
   9.0199999999999997E-005  0.45854451019115622        1.0350575830513593        3.1851646490685419       0.99978471285976767       0.16096749021283344     
   9.0299999999999999E-005  0.46132197196972724        1.0246876416314228        3.1945307208133840       0.99979366460669994       0.15108785618267859     
   9.0400000000000002E-005  0.46413539957755445        1.0148735874254600        3.2033047977371529       0.99980394749033685       0.14098781628478307     
   9.0500000000000004E-005  0.46698082945468650        1.0056349850639990        3.2114761728184256       0.99981539693045063       0.13068450932659589     
   9.0600000000000007E-005  0.46985458184820789       0.99699521514266021        3.2190343611036090       0.99982785646182193       0.12019477543078382     
   9.0699999999999996E-005  0.47275328661491095       0.98898038692790546        3.2259691951582510       0.99984117986508680       0.10953495371500639     
   9.0799999999999998E-005  0.47567391418642974       0.98161827312736794        3.2322709107410912       0.99985523310378066        9.8720722039086439E-002
   9.0900000000000000E-005  0.47861380122592495       0.97493732971841940        3.2379302248494826       0.99986989588685515        8.7766987436291383E-002
   9.1000000000000003E-005  0.48157066418042638       0.96896584218534620        3.2429384078760428       0.99988506265312804        7.6687829905125210E-002
   9.1100000000000005E-005  0.48454259763358370       0.96373121703525211        3.2472873509833384       0.99990064297830350        6.5496499772001990E-002
   9.1200000000000008E-005  0.48752805729038640       0.95925942276880871        3.2509696293289929       0.99991656126235851        5.4205461181107341E-002
   9.1299999999999997E-005  0.49052582931633698       0.95557457237374077        3.2539785612592169       0.99993275579336427        4.2826477507908932E-002
   9.1399999999999999E-005  0.49353498865397261       0.95269861913267562        3.2563082628467810       0.99994917726035415        3.1370728312215802E-002
   9.1500000000000015E-005  0.49655484905429814       0.95065113791527800        3.2579536968252643       0.99996578676896453        1.9848950146889099E-002
   9.1600000000000017E-005  0.49958490725270538       0.94944917071690682        3.2589107149967429       0.99998255339055864        8.2715946945857190E-003
   9.1700000000000006E-005  0.50262478315152503       0.94910712118596852        3.2591760931781306       0.99999945132320311       -3.3510017766723191E-003
   9.1800000000000009E-005  0.50567415731444321       0.94963668859467276        3.2587475578245169        1.0000164567575771       -1.5008442248907719E-002
   9.1900000000000011E-005  0.50873270665149872       0.95104683670898993        3.2576238035991905        1.0000335445587885       -2.6690090220048538E-002
   9.2000000000000014E-005  0.51180003895031501       0.95334379705634564        3.2558045013096586        1.0000506848949351       -3.8384892492896644E-002
   9.2100000000000016E-005  0.51487562693809685       0.95653110707540101        3.2532902957407153        1.0000678399847940       -5.0081207482605375E-002
   9.2200000000000005E-005  0.51795874286135157       0.96060967997423052        3.2500827929418832        1.0000849611374538       -6.1766643199585927E-002
   9.2300000000000007E-005  0.52104839512148704       0.96557791892278733        3.2461845370263922        1.0001019860849272       -7.3427910150551029E-002
   9.2400000000000010E-005  0.52414326922887289       0.97143189634397409        3.2415989768120648        1.0001188367531213       -8.5050695118793693E-002
   9.2500000000000012E-005  0.52724167605454275       0.97816561503496935        3.2363304226884058        1.0001354175714843       -9.6619560449324682E-002
   9.2600000000000015E-005  0.53034151083197822       0.98577137071314791        3.2303839941357837        1.0001516144119784      -0.10811787855159677     
   9.2700000000000004E-005  0.53344022634002553       0.99424023879123258        3.2237655582989135        1.0001672940798196      -0.11952780786270797     
   9.2800000000000006E-005  0.53653482263359031        1.0035627088925301        3.2164816598014587        1.0001823044337750      -0.13083032256679264     
   9.2900000000000008E-005  0.53962185348423186        1.0137294854140881        3.2085394413737642        1.0001964750382719      -0.14200530412273893     
   9.3000000000000011E-005  0.54269744612456217        1.0247324566230640        3.1999465538472651        1.0002096183373415      -0.15303170398459900     
   9.3100000000000013E-005  0.54575732648251674        1.0365658030782594        3.1907110526727132        1.0002215313510061      -0.16388777728023132     
   9.3200000000000016E-005  0.54879683784358313        1.0492271701267715        3.1808412765890788        1.0002319977529297      -0.17455137561960649     
   9.3300000000000005E-005  0.55181093858759633        1.0627187928618840        3.1703457036462930        1.0002407899727761      -0.18500027294672203     
   9.3400000000000007E-005  0.55479416607436882        1.0770484359861801        3.1592327808476592        1.0002476708640806      -0.19521248203444722     
   9.3500000000000009E-005  0.55774055968461700        1.0922299906512878        3.1475107262672455        1.0002523943512678      -0.20516650261108640     
   9.3600000000000012E-005  0.56064354402522398        1.1082835644184978        3.1351873068697120        1.0002547047546864      -0.21484143495762753     
   9.3700000000000014E-005  0.56349578353585494        1.1252349113348306        3.1222696005158266        1.0002543348661825      -0.22421689778201589     
   9.3800000000000003E-005  0.56628903442673428        1.1431140735558962        3.1087637564657751        1.0002510032547078      -0.23327269950429866     
   9.3900000000000006E-005  0.56901403318530208        1.1619531457152492        3.0946747732932187        1.0002444123569105      -0.24198823703464992     
   9.4000000000000008E-005  0.57166046699635109        1.1817831428829599        3.0800063147252295        1.0002342506590731      -0.25034164980727053     
   9.4100000000000010E-005  0.57421706316662791        1.2026300819152294        3.0647605797985422        1.0002202052567493      -0.25830886852991986     
   9.4200000000000013E-005  0.57667180763351900        1.2245106105448791        3.0489382311532611        1.0002019930845381      -0.26586287874204134     
   9.4300000000000002E-005  0.57901226464160460        1.2474278458672217        3.0325383642805837        1.0001794172108680      -0.27297370130150456     
   9.4400000000000004E-005  0.58122594336067746        1.2713684418028182        3.0155584775447282        1.0001524442754330      -0.27960961633726933     
   9.4500000000000007E-005  0.58330066509046219        1.2963021448015830        2.9979943926417620        1.0001212820674799      -0.28573984613165754     
   9.4600000000000009E-005  0.58522492042344676        1.3221850198286758        2.9798400931652869        1.0000864233634763      -0.29133826852871914     
   9.4700000000000011E-005  0.58698821547814606        1.3489669714220076        2.9610874959749069        1.0000486268247109      -0.29638706358998845     
   9.4800000000000000E-005  0.58858134081631663        1.3766031719419027        2.9417262301093232        1.0000088270710681      -0.30087888070558982     
   9.4900000000000003E-005  0.58999642942492103        1.4050677621489518        2.9217435586601281       0.99996798960280942      -0.30481623715446904     
   9.5000000000000005E-005  0.59122668928626665        1.4343670501652657        2.9011246328259688       0.99992695015815891      -0.30820744729810012     
   9.5100000000000008E-005  0.59226581977668180        1.4645487348970549        2.8798532976155560       0.99988629964156595      -0.31105950175132457     
   9.5200000000000010E-005  0.59310730009806267        1.4957036066053124        2.8579136327729930       0.99984638593109942      -0.31336998484440093     
   9.5300000000000013E-005  0.59374392136998388        1.5279567817591566        2.8352922629365143       0.99980747336853015      -0.31512175799312780     
   9.5400000000000001E-005  0.59416807575144859        1.5614468279962077        2.8119812132448900       0.99977001496949325      -0.31628438673205833     
   9.5500000000000004E-005  0.59437313994670748        1.5962932363708120        2.7879807923008215       0.99973490797143316      -0.31682409946672474     
   9.5600000000000006E-005  0.59435556754512586        1.6325559812117199        2.7633017802898929       0.99970355655116294      -0.31671987571877885     
   9.5700000000000009E-005  0.59411652099094869        1.6701954391071148        2.7379663184762792       0.99967756038208810      -0.31597824888360643     
   9.5800000000000011E-005  0.59366183444900333        1.7090454185927921        2.7120075609152900       0.99965800239729941      -0.31463615690907248     
   9.5900000000000000E-005  0.59299994027762970        1.7488136664220377        2.6854691463168581       0.99964470582047837      -0.31274471957957073     
   9.6000000000000002E-005  0.59213859450527573        1.7891200629023611        2.6584060325845100       0.99963611325006552      -0.31033916957523477     
   9.6100000000000005E-005  0.59108238057750628        1.8295719387989049        2.6308874380445997       0.99963013061086359      -0.30741333389719722     
   9.6200000000000007E-005  0.58983302764000378        1.8698609506039396        2.6030007432416156       0.99962552710902952      -0.30391948947719294     
   9.6300000000000010E-005  0.58839262935979508        1.9098525233078334        2.5748534317364928       0.99962286675487499      -0.29980138863041023     
   9.6399999999999999E-005  0.58676742757686817        1.9496347292319349        2.5465702074593359       0.99962402344315904      -0.29504299242862059     
   9.6500000000000001E-005  0.58496938948267918        1.9895037544406016        2.5182852610488671       0.99963041917129036      -0.28969454814539713     
   9.6600000000000003E-005  0.58301445534883778        2.0298862223016396        2.4901335314229853       0.99964148514115980      -0.28384844461808950     
   9.6700000000000006E-005  0.58091867085885629        2.0712236651927149        2.4622459016078082       0.99965476647636686      -0.27758033163901918     
   9.6800000000000008E-005  0.57869505154148448        2.1138568691099451        2.4347499116323075       0.99966754887356057      -0.27090466370872662     
   9.6899999999999997E-005  0.57635318373600575        2.1579424322637397        2.4077726083292403       0.99967858018265898      -0.26378240322106294     
   9.7000000000000000E-005  0.57390113674447762        2.2034173929165490        2.3814403653551364       0.99968847813281858      -0.25617139840739100     
   9.7100000000000002E-005  0.57134779147914427        2.2500098704737823        2.3558736680653225       0.99969868726959077      -0.24807363426566917     
   9.7200000000000004E-005  0.56870395294483878        2.2972812843507988        2.3311796468381516       0.99971010404608573      -0.23954271236109873     
   9.7300000000000007E-005  0.56598183860310425        2.3446825438917305        2.3074469101642694       0.99972251743493257      -0.23065437056086588     
   9.7400000000000009E-005  0.56319365508745656        2.3916114572502192        2.2847449535432482       0.99973503428331922      -0.22147063971091949     
   9.7499999999999998E-005  0.56035026502493246        2.4374655008964297        2.2631269997507770       0.99974683355258220      -0.21202335971360381     
   9.7600000000000001E-005  0.55746057159087770        2.4816874360198256        2.2426336247707828       0.99975760677854142      -0.20232006410114389     
   9.7700000000000003E-005  0.55453168280647147        2.5238010144388152        2.2232953354971987       0.99976754234729681      -0.19235961324720541     
   9.7800000000000006E-005  0.55156951420069467        2.5634336717607091        2.2051338177154576       0.99977707568886109      -0.18214494267134265     
   9.7900000000000008E-005  0.54857940465008304        2.6003245831907069        2.1881624849064001       0.99978665273276179      -0.17168820419036723     
   9.7999999999999997E-005  0.54556648271449182        2.6343193274596253        2.1723870051980274       0.99979660967201567      -0.16100995193508161     
   9.8099999999999999E-005  0.54253574830559714        2.6653550709169771        2.1578061292878070       0.99980715285809929      -0.15013582205661358     
   9.8200000000000002E-005  0.53949197464954679        2.6934412256916183        2.1444128204370383       0.99981838664310974      -0.13909317165109758     
   9.8300000000000004E-005  0.53643955608296656        2.7186397047729436        2.1321955416319129       0.99983034940994919      -0.12790870250896502     
   9.8400000000000007E-005  0.53338238541035266        2.7410472638837344        2.1211395474844528       0.99984304022301973      -0.11660712595702923     
   9.8499999999999995E-005  0.53032379051983936        2.7607809520926665        2.1112280757858981       0.99985643499529797      -0.10521062986602554     
   9.8599999999999998E-005  0.52726652444551414        2.7779667807642650        2.1024433811997030       0.99987049439438280       -9.3738874768122399E-002
   9.8700000000000000E-005  0.52421279281929212        2.7927312765503842        2.0947675908293486       0.99988516682112272       -8.2209267700386418E-002
   9.8800000000000016E-005  0.52116430458704144        2.8051954215738650        2.0881833863884247       0.99990038937289372       -7.0637329634744783E-002
   9.8900000000000019E-005  0.51812233574204991        2.8154704715891974        2.0826745316322470       0.99991608859244518       -5.9037051084657385E-002
   9.9000000000000008E-005  0.51508779914481662        2.8236551956245197        2.0782262691412394       0.99993218169533216       -4.7421193496539282E-002
   9.9100000000000010E-005  0.51206131575455383        2.8298341557180287        2.0748256105354419       0.99994857831506523       -3.5801533280723934E-002
   9.9200000000000012E-005  0.50904328423855238        2.8340767239551568        2.0724615413321854       0.99996518251488264       -2.4189060903519702E-002
   9.9300000000000015E-005  0.50603394727269702        2.8364366079795946        2.0711251575938485       0.99998189481324817       -1.2594151181101999E-002
   9.9400000000000017E-005  0.50303345398265764        2.8369517203173285        2.0708097474324889       0.99999861405457846       -1.0267161891850201E-003
   9.9500000000000006E-005  0.50004191880784565        2.8356442851899342        2.0715108265306990        1.0000152391024932        1.0503651400604431E-002
   9.9600000000000009E-005  0.49705947756325958        2.8325211304047535        2.0732261332175153        1.0000316704075605        2.1987541084721583E-002
   9.9700000000000011E-005  0.49408634166859527        2.8275741551068734        2.0759555854902074        1.0000478115096656        3.3415591430192126E-002
   9.9800000000000013E-005  0.49112285143963730        2.8207810018780943        2.0797011993569394        1.0000635705177712        4.4778357548326347E-002
   9.9900000000000016E-005  0.48816952906998889        2.8121059973573210        2.0844669647432177        1.0000788615577607        5.6066171884869780E-002
   1.0000000000000000E-004  0.48522713156110098        2.8015014596245624        2.0902586718163243        1.0000936061019001        6.7268985989572705E-002
   1.0010000000000001E-004  0.48229670342895747        2.7889095022567627        2.0970836770011885        1.0001077340225697        7.8376177342244877E-002
   1.0020000000000001E-004  0.47937962844475962        2.7742644910448799        2.1049505944359073        1.0001211841649922        8.9376303471701682E-002
   1.0030000000000001E-004  0.47647767870108870        2.7574963268258053        2.1138688958317831        1.0001339043457742       0.10025679504754195     
   1.0040000000000001E-004  0.47359305757007830        2.7385347315921678        2.1238484011399228        1.0001458510273569       0.11100360307649605     
   1.0050000000000000E-004  0.47072843063649611        2.7173147170099217        2.1348986458117012        1.0001569897030200       0.12160086305078531     
   1.0060000000000001E-004  0.46788693614948051        2.6937834024417260        2.1470281208254249        1.0001672980498943       0.13203071154681392     
   1.0070000000000001E-004  0.46507216571291449        2.6679082995680705        2.1602434020968997        1.0001767747661725       0.14227347720445688     
   1.0080000000000001E-004  0.46228810968651846        2.6396870675943553        2.1745482159268099        1.0001854564479633       0.15230851648726418     
   1.0090000000000001E-004  0.45953907289170631        2.6091585279633147        2.1899425192417645        1.0001934416123888       0.16211588706447999     
   1.0100000000000002E-004  0.45682958661730461        2.5764143368347145        2.2064216904643548        1.0002009133446239       0.17167876454925754     
   1.0110000000000000E-004  0.45416436601428556        2.5416101434469489        2.2239758957706828        1.0002081385208557       0.18098583802774432     
   1.0120000000000001E-004  0.45154838237701173        2.5049743438868433        2.2425895838417200        1.0002154171916093       0.19003213390224691     
   1.0130000000000001E-004  0.44898711349149745        2.4668117527234958        2.2622408901920847        1.0002229711299999       0.19881647433377037     
   1.0140000000000001E-004  0.44648696413616051        2.4274989770346735        2.2829005954770594        1.0002308055223417       0.20733482022120048     
   1.0150000000000001E-004  0.44405569495970443        2.3874684941362485        2.3045303458706732        1.0002386341759864       0.21557137613810759     
   1.0160000000000000E-004  0.44170252586183106        2.3471800715607110        2.3270802447363890        1.0002459768614596       0.22349252453034515     
   1.0170000000000001E-004  0.43943757431356079        2.3070818986563069        2.3504865911173645        1.0002524555358563       0.23104979494454128     
   1.0180000000000001E-004  0.43727063691186413        2.2675684827948963        2.3746710502123438        1.0002581339384393       0.23819428338419488     
   1.0190000000000001E-004  0.43520993325776713        2.2289449029529962        2.3995422716214896        1.0002635958857631       0.24489627363050703     
   1.0200000000000001E-004  0.43326180526383323        2.1914044028022790        2.4249996866671255        1.0002695558134285       0.25115614917351531     
   1.0210000000000000E-004  0.43143192933800190        2.1550198359149935        2.4509376569018198        1.0002761850820121       0.25699490914748929     
   1.0220000000000000E-004  0.42972740527908193        2.1197449681945280        2.4772477454509430        1.0002826888037644       0.26242717724313203     
   1.0230000000000001E-004  0.42815811665517561        2.0854242356941732        2.5038183755948262        1.0002875592923066       0.26743559173533021     
   1.0240000000000001E-004  0.42673607343086606        2.0518169989211010        2.5305335161981524        1.0002893991818036       0.27196755588502242     
   1.0250000000000001E-004  0.42547293285535670        2.0186450838419692        2.5572732325069385        1.0002877073759617       0.27595913860452903     
   1.0260000000000000E-004  0.42437729484134973        1.9856628832073824        2.5839177228803867        1.0002830180253393       0.27936891742408265     
   1.0270000000000000E-004  0.42345358883331680        1.9527317026615219        2.6103537405009969        1.0002763024387420       0.28219636092616845     
   1.0280000000000001E-004  0.42270321796183646        1.9198691468260236        2.6364804079488815        1.0002681029275209       0.28447214055308506     
   1.0290000000000001E-004  0.42212698440238350        1.8872513203217949        2.6622118776974348        1.0002580296153414       0.28622937170027352     
   1.0300000000000001E-004  0.42172706534189619        1.8551665048469097        2.6874765006517625        1.0002449708573335       0.28747746338638747     
   1.0310000000000001E-004  0.42150740631902328        1.8239394577021208        2.7122142740241495        1.0002278457752400       0.28819591667639194     
   1.0320000000000000E-004  0.42147255984707044        1.7938545460809578        2.7363748520908273        1.0002063253206728       0.28834943624206677     
   1.0330000000000000E-004  0.42162580323065368        1.7651018157366725        2.7599172483043395        1.0001810108244371       0.28791104368358533     
   1.0340000000000001E-004  0.42196756842372607        1.7377573538817170        2.7828107231168100        1.0001530371713578       0.28687708634724240     
   1.0350000000000001E-004  0.42249492915510112        1.7117950086883846        2.8050355258311246        1.0001234965096768       0.28526692402748383     
   1.0360000000000001E-004  0.42320226099113561        1.6871171345793678        2.8265824761032032        1.0000930933557699       0.28311136045622998     
   1.0370000000000000E-004  0.42408257447638209        1.6635902602669264        2.8474512389508857        1.0000621538995147       0.28043913213517901     
   1.0380000000000000E-004  0.42512879926780300        1.6410755287609655        2.8676478291581948        1.0000308489193408       0.27726875464197553     
   1.0390000000000000E-004  0.42633451276923578        1.6194494179324490        2.8871820637046879       0.99999942277957687       0.27360776002366921     
   1.0400000000000001E-004  0.42769399551233683        1.5986146258259115        2.9060654735893037       0.99996830219578603       0.26945706540069997     
   1.0410000000000001E-004  0.42920179506693629        1.5785032080052401        2.9243098537276579       0.99993807340194807       0.26481675038895058     
   1.0420000000000000E-004  0.43085210059019291        1.5590745746292978        2.9419263773175430       0.99990938612924551       0.25969043472617037     
   1.0430000000000000E-004  0.43263821093348376        1.5403106144791314        2.9589251003757151       0.99988285151907796       0.25408725279715677     
   1.0440000000000000E-004  0.43455228120097006        1.5222096212781038        2.9753146984129528       0.99985897291296888       0.24802183412874146     
   1.0450000000000001E-004  0.43658539993681855        1.5047801555870670        2.9911023373901560       0.99983811544265888       0.24151322272590231     
   1.0460000000000001E-004  0.43872793137428107        1.4880355629510404        3.0062936314799238       0.99982050290949487       0.23458351309985662     
   1.0470000000000000E-004  0.44096998996224218        1.4719895697603222        3.0208926632783739       0.99980622795245810       0.22725657668670265     
   1.0480000000000000E-004  0.44330190778458856        1.4566531544764008        3.0349020456148388       0.99979526787857831       0.21955694729929146     
   1.0490000000000000E-004  0.44571459509165923        1.4420327159577822        3.0483230031175408       0.99978750425200613       0.21150883576028667     
   1.0500000000000000E-004  0.44819975167769810        1.4281294220029332        3.0611554558144967       0.99978274629821462       0.20313529130447838     
   1.0510000000000001E-004  0.45074993650566497        1.4149395191150633        3.0733980967522836       0.99978075669794686       0.19445758719497019     
   1.0520000000000001E-004  0.45335853176648394        1.4024553254619843        3.0850484659955373       0.99978127667946359       0.18549491098480347     
   1.0530000000000000E-004  0.45601964551418062        1.3906666166733972        3.0961030300710357       0.99978404694970135       0.17626438573893988     
   1.0540000000000000E-004  0.45872799199893183        1.3795621412866383        3.1065572771231054       0.99978882222542997       0.16678137494969988     
   1.0550000000000000E-004  0.46147877921600100        1.3691310547552504        3.1164058348807120       0.99979537890222470       0.15705996929204957     
   1.0560000000000001E-004  0.46426762127743471        1.3593641249589012        3.1256426129560246       0.99980351690836278       0.14711353172783873     
   1.0570000000000001E-004  0.46709048189121460        1.3502546281281917        3.1342609653550575       0.99981305764636352       0.13695518854254154     
   1.0580000000000000E-004  0.46994364669721439        1.3417989085038169        3.1422538648375911       0.99982384013764303       0.12659818803733117     
   1.0590000000000000E-004  0.47282371717013993        1.3339966153774148        3.1496140788224172       0.99983571710880625       0.11605609218069637     
   1.0600000000000000E-004  0.47572761697862093        1.3268506588011917        3.1563343369059145       0.99984855211884738       0.10534280752848153     
   1.0610000000000000E-004  0.47865260219570344        1.3203669419180120        3.1624074821434824       0.99986221810637799        9.4472490516368121E-002
   1.0620000000000001E-004  0.48159626857772958        1.3145539350275399        3.1678266012938159       0.99987659715359201        8.3459377516630628E-002
   1.0630000000000000E-004  0.48455655143212351        1.3094221557226993        3.1725851322312084       0.99989158108002762        7.2317591877093024E-002
   1.0640000000000000E-004  0.48753171575761983        1.3049836105032453        3.1766769492484097       0.99990707223448660        6.1060968704265264E-002
   1.0650000000000000E-004  0.49052033603488615        1.3012512441933604        3.1800964287212490       0.99992298405992031        4.9702930455297702E-002
   1.0660000000000000E-004  0.49352126622158177        1.2982384384812988        3.1828384986620448       0.99993924098561893        3.8256426735128274E-002
   1.0670000000000001E-004  0.49653360124704793        1.2959585844544357        3.1848986756833275       0.99995577760457388        2.6733943410458788E-002
   1.0679999999999999E-004  0.49955663161443370        1.2944247405155132        3.1862730925978693       0.99997253709097267        1.5147575939950423E-002
   1.0690000000000000E-004  0.50258979269537718        1.2936493787499446        3.1869585191499596       0.99998946897222107        3.5091546478958503E-003
   1.0700000000000000E-004  0.50563261013120442        1.2936442179523553        3.1869523776214543        1.0000065264038174       -8.1695912486021548E-003
   1.0710000000000000E-004  0.50868464254546364        1.2944201391981451        3.1862527543495878        1.0000236631114896       -1.9876844974599100E-002
   1.0720000000000000E-004  0.51174542261146794        1.2959871792272111        3.1848584075252351        1.0000408301765191       -3.1600503189128749E-002
   1.0730000000000001E-004  0.51481439747710622        1.2983545981337379        3.1827687710381776        1.0000579728296464       -4.3327980957353469E-002
   1.0739999999999999E-004  0.51789086970547704        1.3015310224787280        3.1799839535843266        1.0000750274100496       -5.5046036025584298E-002
   1.0750000000000000E-004  0.52097394015378640        1.3055246636290923        3.1765047315298758        1.0000919187143216       -6.6740628390338966E-002
   1.0760000000000000E-004  0.52406245440581400        1.3103436089517793        3.1723325332496963        1.0001085579141151       -7.8396831514039186E-002
   1.0770000000000000E-004  0.52715495462561701        1.3159961828060514        3.1674694118496314        1.0001248411866264       -8.9998811742641904E-002
   1.0780000000000000E-004  0.53024963887181020        1.3224913682845445        3.1619180024850784        1.0001406490847904      -0.10152988477290541     
   1.0789999999999999E-004  0.53334432974555457        1.3298392705730722        3.1556814599822092        1.0001558466732405      -0.11297265490447335     
   1.0800000000000000E-004  0.53643645358161296        1.3380515880795647        3.1487633722757100        1.0001702840659437      -0.12430922531193085     
   1.0810000000000000E-004  0.53952302995826174        1.3471420388884443        3.1411676459124722        1.0001837970152678      -0.13552145344568442     
   1.0820000000000000E-004  0.54260066910523796        1.3571266698949502        3.1328983613574235        1.0001962068611769      -0.14659120322056729     
   1.0830000000000000E-004  0.54566557197550869        1.3680239580617215        3.1239595983193711        1.0002073192588712      -0.15750053350576795     
   1.0839999999999999E-004  0.54871352502746573        1.3798546085249566        3.1143552346151471        1.0002169213057599      -0.16823175608545071     
   1.0849999999999999E-004  0.55173987995375040        1.3926409714978059        3.1040887256517342        1.0002247772233912      -0.17876730831358992     
   1.0860000000000000E-004  0.55473950869401900        1.4064060256522772        3.0931628742902539        1.0002306236581304      -0.18908941411092609     
   1.0870000000000000E-004  0.55770672712546243        1.4211719210535767        3.0815796020349642        1.0002341665831092      -0.19917955020298853     
   1.0880000000000000E-004  0.56063518683334079        1.4369581447460238        3.0693397314188045        1.0002350825697262      -0.20901778768704390     
   1.0890000000000000E-004  0.56351774077349770        1.4537794671333435        3.0564427857582075        1.0002330276348592      -0.21858213524099451     
   1.0899999999999999E-004  0.56634629696684657        1.4716439452368650        3.0428868066949506        1.0002276560572341      -0.22784805024832039     
   1.0910000000000000E-004  0.56911169158667563        1.4905513875525500        3.0286681851239363        1.0002186493834078      -0.23678828003648450     
   1.0920000000000000E-004  0.57180363354132369        1.5104928000199456        3.0137814997689536        1.0002057533603126      -0.24537314996477663     
   1.0930000000000000E-004  0.57441078647866128        1.5314513905551319        2.9982193606825653        1.0001888187089043      -0.25357135399795933     
   1.0940000000000000E-004  0.57692104429793822        1.5534056575935011        2.9819722593634963        1.0001678419472755      -0.26135127168439665     
   1.0949999999999999E-004  0.57932200830557501        1.5763348664782217        2.9650284263427622        1.0001430032943892      -0.26868284620178551     
   1.0959999999999999E-004  0.58160159290381452        1.6002268082924642        2.9473736887906048        1.0001146956839748      -0.27554001670260858     
   1.0970000000000000E-004  0.58374860460030187        1.6250871812046483        2.9289913167384412        1.0000835291515699      -0.28190342376724259     
   1.0980000000000001E-004  0.58575309768786954        1.6509493122812220        2.9098618718912443        1.0000502865555203      -0.28776253955840980     
   1.0990000000000002E-004  0.58760633226139547        1.6778823475849949        2.8899631489743354        1.0000158129114922      -0.29311577622647855     
   1.1000000000000002E-004  0.58930025891925619        1.7059955611167217        2.8692704217556049       0.99998085254568547      -0.29796709941203392     
   1.1010000000000002E-004  0.59082664674156316        1.7354361353203061        2.8477573252127137       0.99994589891029040      -0.30231878491785141     
   1.1020000000000002E-004  0.59217623135171971        1.7663777783711208        2.8253977227378342       0.99991116245328127      -0.30616228108432758     
   1.1030000000000001E-004  0.59333843949995213        1.7989982033781065        2.8021687045888211       0.99987675190766023      -0.30947183006430579     
   1.1040000000000001E-004  0.59430211979816072        1.8334454818313208        2.7780543861852491       0.99984306069699336      -0.31220671762937247     
   1.1050000000000002E-004  0.59505724885460087        1.8697973262468732        2.7530495873441003       0.99981113601826499      -0.31432519853926344     
   1.1060000000000002E-004  0.59559702399657899        1.9080232322048332        2.7271622495666006       0.99978264013464258      -0.31580524885991146     
   1.1070000000000002E-004  0.59591924207960578        1.9479648988358704        2.7004140459730843       0.99975918694477983      -0.31665873341951467     
   1.1080000000000002E-004  0.59602584222813337        1.9893510902690430        2.6728399450108569       0.99974138368697307      -0.31692505741884236     
   1.1090000000000001E-004  0.59592045601105703        2.0318553475716499        2.6444885919296302       0.99972837393818204      -0.31664299886155411     
   1.1100000000000001E-004  0.59560535908968126        2.0751893613925603        2.6154250849286531       0.99971843489860424      -0.31581819808542949     
   1.1110000000000002E-004  0.59508005504601358        2.1192068820278500        2.5857356712524644       0.99971031731679416      -0.31441316539902853     
   1.1120000000000002E-004  0.59434286296312955        2.1639808722763956        2.5555312708605302       0.99970423820455245      -0.31237444807643822     
   1.1130000000000002E-004  0.59339478536398416        2.2098180863811017        2.5249461132905102       0.99970153925809668      -0.30967945675951830     
   1.1140000000000001E-004  0.59224266200220876        2.2571948535480804        2.4941307466642151       0.99970324077431172      -0.30636106596664575     
   1.1150000000000001E-004  0.59089846574228355        2.3066299048250105        2.4632431706328108       0.99970883415745260      -0.30248416561645469     
   1.1160000000000002E-004  0.58937504376687089        2.3585359038637019        2.4324432548529704       0.99971641597375371      -0.29809543307329156     
   1.1170000000000002E-004  0.58768223009096821        2.4130932421889426        2.4018918003774479       0.99972401326401716      -0.29319554826281469     
   1.1180000000000002E-004  0.58582684742639757        2.4701711303280831        2.3717504655718247       0.99973079474939841      -0.28775738109184407     
   1.1190000000000001E-004  0.58381612597043031        2.5293016508097157        2.3421782239886784       0.99973714804954128      -0.28176579807589419     
   1.1200000000000001E-004  0.58166072648706335        2.5897059918746308        2.3133241832569058       0.99974380789966300      -0.27524054172872930     
   1.1210000000000001E-004  0.57937460748706615        2.6503743202338867        2.2853204092349748       0.99975097205914409      -0.26822779413759823     
   1.1220000000000002E-004  0.57697264945321092        2.7101943278329692        2.2582781348489385       0.99975815641691124      -0.26077629764089832     
   1.1230000000000002E-004  0.57446852795023451        2.7681022911213820        2.2322876880922564       0.99976466532697994      -0.25292035998890539     
   1.1240000000000002E-004  0.57187397600285805        2.8232147822062448        2.2074202836034291       0.99977011057821807      -0.24467878130138682     
   1.1250000000000001E-004  0.56919897703616895        2.8749049780733316        2.1837298920211627       0.99977455493316780      -0.23606372413575538     
   1.1260000000000001E-004  0.56645225069864424        2.9228125568379912        2.1612546735563543       0.99977832413183143      -0.22708876436094541     
   1.1270000000000002E-004  0.56364181076341258        2.9668039107588147        2.1400183587144244       0.99978178737676915      -0.21777131914461201     
   1.1280000000000002E-004  0.56077548735928529        3.0069110745414438        2.1200319391727391       0.99978527141457374      -0.20813177789185811     
   1.1290000000000002E-004  0.55786121290145818        3.0432724298722302        2.1012956417374826       0.99978906339858997      -0.19819251330849302     
   1.1300000000000001E-004  0.55490697894793017        3.0760866306311172        2.0838009468261016       0.99979343173556734      -0.18797788243507477     
   1.1310000000000001E-004  0.55192056234869580        3.1055814335279610        2.0675324435729761       0.99979862092254401      -0.17751463535342801     
   1.1320000000000001E-004  0.54890919340013422        3.1319942034516028        2.0524694602787203       0.99980482537930226      -0.16683174277903742     
   1.1330000000000002E-004  0.54587930222557723        3.1555599936688719        2.0385875119986419       0.99981216713313248      -0.15595931133828275     
   1.1340000000000002E-004  0.54283639882340839        3.1765041566472263        2.0258596185333735       0.99982069200924051      -0.14492695461131061     
   1.1350000000000001E-004  0.53978507547527987        3.1950377226250222        2.0142575072039284       0.99983038312584271      -0.13376223462105669     
   1.1360000000000001E-004  0.53672908814319042        3.2113546284113461        2.0037526777082881       0.99984118199725747      -0.12248963105517315     
   1.1370000000000001E-004  0.53367147281702176        3.2256302930406520        1.9943172952013828       0.99985300788371012      -0.11113018368896643     
   1.1380000000000001E-004  0.53061466584017447        3.2380211877993279        1.9859248902535855       0.99986577059136217       -9.9701701188125103E-002
   1.1390000000000002E-004  0.52756061131133980        3.2486650906564982        1.9785508666719580       0.99987937635349133       -8.8219315487515895E-002
   1.1400000000000001E-004  0.52451084999995590        3.2576817786167140        1.9721728373242469       0.99989372902292073       -7.6696157772799936E-002
   1.1410000000000001E-004  0.52146659108385118        3.2651739755474587        1.9667708196170119       0.99990872917926132       -6.5143991161059456E-002
   1.1420000000000001E-004  0.51842877092213324        3.2712284200277040        1.9623273260656753       0.99992427303240250       -5.3573712569732930E-002
   1.1430000000000001E-004  0.51539810341278924        3.2759169503318937        1.9588273834697483       0.99994025206477100       -4.1995700199205351E-002
   1.1440000000000002E-004  0.51237512556749887        3.2792975284147126        1.9562585089081928       0.99995655353307467       -3.0420023515512554E-002
   1.1450000000000002E-004  0.50936024072188002        3.2814151438943764        1.9546106643828125       0.99997306163946609       -1.8856551267924963E-002
   1.1460000000000001E-004  0.50635376071917138        3.2823025576337326        1.9538762054892873       0.99998965901419767       -7.3149948995869102E-003
   1.1470000000000001E-004  0.50335594765290681        3.2819808636821612        1.9540498339014165        1.0000062282862838        4.1950818021570455E-003
   1.1480000000000001E-004  0.50036705529335934        3.2804598591727512        1.9551285589649963        1.0000226535179271        1.5664263179883862E-002
   1.1490000000000001E-004  0.49738737009887551        3.2777382166091229        1.9571116701430129        1.0000388214140952        2.7083274754251953E-002
   1.1500000000000002E-004  0.49441725169430978        3.2738034668065605        1.9600007186640631        1.0000546223162556        3.8442954730789361E-002
   1.1510000000000001E-004  0.49145717285043433        3.2686318122362437        1.9637995036430922        1.0000699509651820        4.9734191136229518E-002
   1.1520000000000001E-004  0.48850775931000545        3.2621878003786389        1.9685140549528723        1.0000847069790517        6.0947811415972761E-002
   1.1530000000000001E-004  0.48556983027945916        3.2544238967126677        1.9741526021055669        1.0000987949880573        7.2074412620108441E-002
   1.1540000000000001E-004  0.48264444097308445        3.2452800080758877        1.9807255155958428        1.0001121244114499        8.3104126856352045E-002
   1.1550000000000002E-004  0.47973292910676191        3.2346830231126997        1.9882452046185954        1.0001246090319118        9.4026325974871539E-002
   1.1560000000000000E-004  0.47683696735236109        3.2225464604596397        1.9967259535467412        1.0001361668299398       0.10482929162835164     
   1.1570000000000001E-004  0.47395862302705966        3.2087703606375708        2.0061836791229979        1.0001467209357178       0.11549989561530240     
   1.1580000000000001E-004  0.47110042429361337        3.1932416085325634        2.0166355920480452        1.0001562026540549       0.12602335724053326     
   1.1590000000000001E-004  0.46826542879568822        3.1758349053816168        2.0280997511058425        1.0001645573193558       0.13638315414171268     
   1.1600000000000001E-004  0.46545728637263956        3.1564146165823850        2.0405945043907803        1.0001717528844583       0.14656114843977788     
   1.1610000000000000E-004  0.46268028355286805        3.1348376789119961        2.0541378186209287        1.0001777896161923       0.15653794195951723     
   1.1620000000000001E-004  0.45993935564331251        3.1109576499242060        2.0687465008515820        1.0001827075676981       0.16629339852109024     
   1.1630000000000001E-004  0.45724005377112709        3.0846298761561730        2.0844353134809075        1.0001865879042999       0.17580719559014157     
   1.1640000000000001E-004  0.45458845891244237        3.0557177926392640        2.1012159724782316        1.0001895459780350       0.18505923634533603     
   1.1650000000000001E-004  0.45199104322038269        3.0241007626251832        2.1190960061843080        1.0001917192143182       0.19402981747022757     
   1.1660000000000002E-004  0.44945449568161716        2.9896847477697754        2.1380774545490704        1.0001932597155387       0.20269963984265751     
   1.1670000000000000E-004  0.44698555687871755        2.9524181595029315        2.1581554289039340        1.0001943443277450       0.21105002717490126     
   1.1680000000000001E-004  0.44459094053767284        2.9123154336287556        2.1793166356597395        1.0001952033612045       0.21906385523264763     
   1.1690000000000001E-004  0.44227743179689433        2.8694887781090230        2.2015380453785092        1.0001961419683376       0.22672730734140142     
   1.1700000000000001E-004  0.44005219395592732        2.8241833515695571        2.2247858578232416        1.0001974854770359       0.23403128953230851     
   1.1710000000000001E-004  0.43792318293137350        2.7768043022512217        2.2490146388888204        1.0001993781208849       0.24096912709746462     
   1.1720000000000000E-004  0.43589944348280207        2.7279193688650594        2.2741661146602352        1.0002015369097870       0.24752791032843727     
   1.1730000000000001E-004  0.43399104968090901        2.6782228858607517        2.3001672192800329        1.0002032884822283       0.25367800280645703     
   1.1740000000000001E-004  0.43220854820773497        2.6284595461467326        2.3269280952146731        1.0002041223689249       0.25937359544019151     
   1.1750000000000001E-004  0.43056189988535915        2.5793263815615184        2.3543420707945000        1.0002043651839279       0.26457269271454964     
   1.1760000000000001E-004  0.42905927366279822        2.5313871429616270        2.3822892154771926        1.0002050835833569       0.26926329881741040     
   1.1770000000000000E-004  0.42770661106219138        2.4850290366712819        2.4106422521757307        1.0002069604694206       0.27346713157232866     
   1.1780000000000000E-004  0.42650878608651221        2.4404650778006101        2.4392711104838192        1.0002092114242922       0.27720950959894075     
   1.1790000000000001E-004  0.42547176528923042        2.3977576303286856        2.4680436679813580        1.0002098922763294       0.28048183900560963     
   1.1800000000000001E-004  0.42460365665880517        2.3568382626469830        2.4968245075429789        1.0002074147221824       0.28323519955477844     
   1.1810000000000001E-004  0.42391315170145910        2.3175254996931187        2.5254759052705791        1.0002016967730853       0.28541170338386895     
   1.1820000000000000E-004  0.42340643333167588        2.2795629528524923        2.5538630837475749        1.0001938531054477       0.28698314179359952     
   1.1830000000000000E-004  0.42308531913611702        2.2426900587778764        2.5818616604790336        1.0001849241423244       0.28796335812419016     
   1.1840000000000000E-004  0.42294823602070658        2.2067267309749656        2.6093633949839887        1.0001749491789547       0.28838858789907063     
   1.1850000000000001E-004  0.42299300581040344        2.1716335776118569        2.6362779692999148        1.0001630506278794       0.28828669259650908     
   1.1860000000000001E-004  0.42321907262852188        2.1375188297802712        2.6625314497823784        1.0001481610716676       0.28765927125671348     
   1.1870000000000001E-004  0.42362756584028483        2.1045916802691629        2.6880636865774914        1.0001297033800332       0.28648494197812624     
   1.1880000000000000E-004  0.42421942074166552        2.0730870707363689        2.7128265503258229        1.0001078801204630       0.28473656252216845     
   1.1890000000000000E-004  0.42499314020676937        2.0431948083303340        2.7367835926144601        1.0000835662183909       0.28239998449845571     
   1.1900000000000001E-004  0.42594373051013007        2.0150164243381017        2.7599105368006778        1.0000579224454049       0.27948434884048695     
   1.1910000000000001E-004  0.42706325927600325        1.9885560614498257        2.7821954906274953        1.0000319418874342       0.27601988306485220     
   1.1920000000000001E-004  0.42834241471780721        1.9637374464740311        2.8036380177292672        1.0000061797109614       0.27204618151174942     
   1.1930000000000000E-004  0.42977206439296439        1.9404331504925754        2.8242469216802544       0.99998078272725399       0.26759851241989208     
   1.1940000000000000E-004  0.43134411460386174        1.9184940724525017        2.8440372626551818       0.99995572814644584       0.26269916059254872     
   1.1950000000000000E-004  0.43305153597742002        1.8977723007561895        2.8630273790802110       0.99993108306127743       0.25735657695242531     
   1.1960000000000001E-004  0.43488783876429382        1.8781354438619591        2.8812365177768391       0.99990714297434402       0.25157064957845188     
   1.1970000000000001E-004  0.43684641229080390        1.8594734969289313        2.8986833132318535       0.99988441839359476       0.24534022328147534     
   1.1980000000000000E-004  0.43892004785639316        1.8417003971443826        2.9153850351428368       0.99986352078968155       0.23866933011237088     
   1.1990000000000000E-004  0.44110077658986224        1.8247523697886727        2.9313573555293910       0.99984502436774325       0.23157028607886956     
   1.2000000000000000E-004  0.44337999217744234        1.8085846680937614        2.9466143684479480       0.99982936105407760       0.22406356858638937     
   1.2010000000000001E-004  0.44574874590182223        1.7931677598814559        2.9611686660517189       0.99981677289988036       0.21617549438568465     
   1.2020000000000001E-004  0.44819809322844534        1.7784835759891067        2.9750313707519362       0.99980731735081585       0.20793503984339015     
   1.2030000000000000E-004  0.45071940509652508        1.7645221394321577        2.9882121031952691       0.99980090627242069       0.19937091711228522     
   1.2040000000000000E-004  0.45330460024166236        1.7512787192050290        3.0007189128532663       0.99979735691476057       0.19050954043792159     
   1.2050000000000000E-004  0.45594628840109325        1.7387515601689998        3.0125582134638491       0.99979643869916468       0.18137404768110044     
   1.2060000000000000E-004  0.45863783358008281        1.7269401944594129        3.0237347594122150       0.99979790751968001       0.17198421619754134     
   1.2070000000000001E-004  0.46137335536946306        1.7158443092743463        3.0342516830988511       0.99980152615164597       0.16235696390681345     
   1.2080000000000001E-004  0.46414768814228685        1.7054631116444199        3.0441105963084372       0.99980707339275421       0.15250711720735499     
   1.2090000000000000E-004  0.46695631624787820        1.6957951039075638        3.0533117458158632       0.99981434596616459       0.14244819732583361     
   1.2100000000000000E-004  0.46979530005341513        1.6868381671393484        3.0618542065543179       0.99982315688283208       0.13219307258711327     
   1.2110000000000000E-004  0.47266120361942043        1.6785898446190464        3.0697360938371783       0.99983333288641196       0.12175441183217074     
   1.2120000000000001E-004  0.47555103066024107        1.6710477248142350        3.0769547779304522       0.99984471240300854       0.11114493752750342     
   1.2130000000000001E-004  0.47846217168070815        1.6642098411652970        3.0835070879456770       0.99985714447144225       0.10037751410988545     
   1.2140000000000000E-004  0.48139236220580600        1.6580750296399973        3.0893894963338582       0.99987048855293914        8.9465122926192006E-002
   1.2150000000000000E-004  0.48433965000060286        1.6526432096298924        3.0945982792345887       0.99988461487640090        7.8420774727142761E-002
   1.2160000000000000E-004  0.48730236810290201        1.6479155734879081        3.0991296511844850       0.99989940487704299        6.7257402532570842E-002
   1.2170000000000000E-004  0.49027911034308136        1.6438946849150993        3.1029798749627542       0.99991475144543629        5.5987766625688752E-002
   1.2180000000000001E-004  0.49326870635262565        1.6405845038943925        3.1061453489035755       0.99993055864797498        4.4624390833368097E-002
   1.2190000000000000E-004  0.49627019379786147        1.6379903609767332        3.1086226746331991       0.99994674089338809        3.3179540096611115E-002
   1.2200000000000000E-004  0.49928278645481217        1.6361189023701641        3.1104087084378285       0.99996322150042272        2.1665242520272927E-002
   1.2210000000000001E-004  0.50230583762451309        1.6349780235197384        3.1115005991636768       0.99997993074108737        1.0093351056779149E-002
   1.2219999999999999E-004  0.50533879912488922        1.6345768042082174        3.1118958150475837       0.99999680345881570       -1.5243618096133355E-003
   1.2229999999999999E-004  0.50838117663640936        1.6349254530720359        3.1115921612413429        1.0000137763674717       -1.3176085695052783E-002
   1.2239999999999999E-004  0.51143248254819407        1.6360352647427066        3.1105877890315741        1.0000307851508330       -2.4849841229194685E-002
   1.2250000000000000E-004  0.51449218767287475        1.6379185900439150        3.1088811969534826        1.0000477614632053       -3.6533347838072890E-002
   1.2260000000000000E-004  0.51755967326380969        1.6405888220639451        3.1064712231890179        1.0000646299129932       -4.8213902382945401E-002
   1.2270000000000000E-004  0.52063418468087208        1.6440603886529708        3.1033570277242721        1.0000813052721065       -5.9878280513491089E-002
   1.2280000000000000E-004  0.52371478786675951        1.6483487308885749        3.0995380618547013        1.0000976900227510       -7.1512670954675533E-002
   1.2290000000000001E-004  0.52680032939852695        1.6534702491742266        3.0950140218941558        1.0001136723340551       -8.3102650963158969E-002
   1.2300000000000001E-004  0.52988940020098318        1.6594421960781567        3.0897847832244736        1.0001291245708961       -9.4633208777877481E-002
   1.2310000000000001E-004  0.53298030208827274        1.6662824923114261        3.0838503104490478        1.0001439023441743      -0.10608880904276619     
   1.2319999999999999E-004  0.53607101515665445        1.6740094432166321        3.0772105394650655        1.0001578441253711      -0.11745349241003032     
   1.2329999999999999E-004  0.53915916286895849        1.6826413399898881        3.0698652278715119        1.0001707712129488      -0.12871098583040394     
   1.2339999999999999E-004  0.54224197071737956        1.6921959457783187        3.0618137716869773        1.0001824878412917      -0.13984479052162016     
   1.2349999999999999E-004  0.54531621402192298        1.7026898940742923        3.0530549888493059        1.0001927810827811      -0.15083820144639137     
   1.2360000000000000E-004  0.54837815109198307        1.7141380694235329        3.0435868735579321        1.0002014202223823      -0.16167420793523685     
   1.2370000000000000E-004  0.55142343988333908        1.7265530885639482        3.0334063299879217        1.0002081556187470      -0.17233522767601289     
   1.2380000000000000E-004  0.55444703975180920        1.7399450351898800        3.0225088985038191        1.0002127177237534      -0.18280264517256012     
   1.2390000000000000E-004  0.55744310506290295        1.7543216277675171        3.0108884913824392        1.0002148179363213      -0.19305616935907244     
   1.2400000000000001E-004  0.56040488402622113        1.7696890094295448        2.9985371564057086        1.0002141543357033      -0.20307309937319984     
   1.2410000000000001E-004  0.56332464368934898        1.7860533332578434        2.9854448835238787        1.0002104265817373      -0.21282768932367641     
   1.2420000000000001E-004  0.56619364791440752        1.8034232720294430        2.9715994602547076        1.0002033645824402      -0.22229091235594928     
   1.2429999999999999E-004  0.56900221906210691        1.8218135061712655        2.9569863659134166        1.0001927731506546      -0.23143098547701507     
   1.2440000000000002E-004  0.57173991328438267        1.8412491329886347        2.9415886772318345        1.0001785889139478      -0.24021495059925943     
   1.2450000000000002E-004  0.57439582490469521        1.8617707883162780        2.9253869469832261        1.0001609367719666      -0.24861134691537878     
   1.2460000000000002E-004  0.57695899805553030        1.8834400629659189        2.9083590251207232        1.0001401640866054      -0.25659354395366707     
   1.2470000000000002E-004  0.57941886327040060        1.9063445086145236        2.8904798315213895        1.0001168269134235      -0.26414273330694982     
   1.2480000000000002E-004  0.58176555374289940        1.9306011663289677        2.8717211692468800        1.0000916103503188      -0.27124913097379677     
   1.2490000000000003E-004  0.58398993165642210        1.9563571485612528        2.8520517802032623        1.0000651900385116      -0.27790999425183088     
   1.2500000000000003E-004  0.58608320465606367        1.9837854353190227        2.8314379519515667        1.0000380838990297      -0.28412399085645151     
   1.2510000000000003E-004  0.58803614758257761        2.0130739175216572        2.8098450044674244        1.0000105800449646      -0.28988337808127213     
   1.2520000000000001E-004  0.58983820508529761        2.0444062464398467        2.7872398384079036       0.99998281579285286      -0.29516754512661103     
   1.2530000000000001E-004  0.59147706318654703        2.0779348140523997        2.7635944028066870       0.99995500291884476      -0.29994216085226960     
   1.2540000000000001E-004  0.59293932392394744        2.1137497457283523        2.7388895433634883       0.99992768349361105      -0.30416624094172040     
   1.2550000000000001E-004  0.59421236653743115        2.1518529682599059        2.7131184238494619       0.99990184378298874      -0.30780533993630493     
   1.2560000000000002E-004  0.59528654144551940        2.1921512406261581        2.6862888125765654       0.99987874469574689      -0.31084457915077324     
   1.2570000000000002E-004  0.59615633120961697        2.2344822717758568        2.6584241775413582       0.99985946766582801      -0.31329268091002144     
   1.2580000000000002E-004  0.59681942592531900        2.2786793823690790        2.6295645129587242       0.99984442075636171      -0.31517151422831746     
   1.2590000000000002E-004  0.59727397342537258        2.3246624355840400        2.5997683439576842       0.99983309479156801      -0.31649479953789078     
   1.2600000000000003E-004  0.59751619020440228        2.3725224312687789        2.5691166831635379       0.99982429812852247      -0.31724863858252933     
   1.2610000000000003E-004  0.59754076315911908        2.4225568260141692        2.5377175612023173       0.99981705415225886      -0.31739216535443027     
   1.2620000000000000E-004  0.59734404871079849        2.4752245521574459        2.5057074575333740       0.99981159437268241      -0.31688604937322085     
   1.2630000000000001E-004  0.59692723382554769        2.5310231000523462        2.4732466879510464       0.99980925634188422      -0.31572756740217278     
   1.2640000000000001E-004  0.59629635091951483        2.5903252245627897        2.4405103623214370       0.99981089418920044      -0.31395640176413725     
   1.2650000000000001E-004  0.59545921326088891        2.6532221988875531        2.4076805009672451       0.99981533101156039      -0.31161970617089607     
   1.2660000000000001E-004  0.59442235419005429        2.7194019448489879        2.3749428737717002       0.99981997757339092      -0.30873084767377557     
   1.2670000000000002E-004  0.59319049008493674        2.7880796639870518        2.3424858146674556       0.99982316606279398      -0.30526741665374296     
   1.2680000000000002E-004  0.59176839421456140        2.8580175090221207        2.3104958230128085       0.99982523174082139      -0.30120626015576685     
   1.2690000000000002E-004  0.59016331308358361        2.9276764484245685        2.2791495585611719       0.99982719898162220      -0.29654844509910294     
   1.2700000000000002E-004  0.58838606491529277        2.9954848080494667        2.2486063854648828       0.99982934026044046      -0.29131534507487422     
   1.2710000000000003E-004  0.58645012229950300        3.0601227323637037        2.2190038822462688       0.99983113600232365      -0.28553804196154386     
   1.2720000000000003E-004  0.58436950300660617        3.1207021435339222        2.1904554183750333       0.99983200817258389      -0.27925431678256585     
   1.2730000000000000E-004  0.58215699312090552        3.1767907080646527        2.1630490191579361       0.99983166550193781      -0.27250338316560296     
   1.2740000000000001E-004  0.57982362017776212        3.2283170300618824        2.1368482475249158       0.99983001598412946      -0.26531396477631747     
   1.2750000000000001E-004  0.57737917183576604        3.2754330244095478        2.1118952916149061       0.99982708042533441      -0.25769724221216916     
   1.2760000000000001E-004  0.57483308786799481        3.3183945755784912        2.0882149431751089       0.99982308174645884      -0.24965277494263480     
   1.2770000000000001E-004  0.57219515085133510        3.3574865169491837        2.0658178645042722       0.99981851010880352      -0.24118268037190535     
   1.2780000000000002E-004  0.56947573864791723        3.3929888221942743        2.0447026195776163       0.99981402421915888      -0.23230300047298955     
   1.2790000000000002E-004  0.56668563545886241        3.4251681154916547        2.0248570072029697       0.99981025931346179      -0.22304616790611737     
   1.2800000000000002E-004  0.56383553926526608        3.4542790883102406        2.0062594805246619       0.99980767231985612      -0.21345563690070923     
   1.2810000000000002E-004  0.56093550204741538        3.4805665522365441        1.9888810628356215       0.99980649463121840      -0.20357736547332506     
   1.2820000000000003E-004  0.55799452119334458        3.5042649705439057        1.9726876827422990       0.99980678108449417      -0.19345256776259581     
   1.2830000000000000E-004  0.55502037764221590        3.5255959154200234        1.9576425786704956       0.99980849890629619      -0.18311396084886147     
   1.2840000000000000E-004  0.55201968951604496        3.5447650047727031        1.9437084129520734       0.99981160326537688      -0.17258551413529047     
   1.2850000000000001E-004  0.54899808523250393        3.5619595466152791        1.9308488800079262       0.99981607486549340      -0.16188446530290307     
   1.2860000000000001E-004  0.54596040114754185        3.5773474030862857        1.9190297625660218       0.99982192171899831      -0.15102413946313306     
   1.2870000000000001E-004  0.54291084462076666        3.5910770326226729        1.9082195091805207       0.99982916069759942      -0.14001649010395315     
   1.2880000000000001E-004  0.53985310362540306        3.6032784063951233        1.8983894588691494       0.99983779485028035      -0.12887382718607496     
   1.2890000000000002E-004  0.53679041021550034        3.6140644481933109        1.8895138403218334       0.99984779683899050      -0.11760964993293450     
   1.2900000000000002E-004  0.53372557453959413        3.6235327069571941        1.8815696481206892       0.99985910215058871      -0.10623876690985373     
   1.2910000000000002E-004  0.53066100549258155        3.6317670628711820        1.8745364660564299       0.99987161103754907       -9.4776976477758415E-002
   1.2920000000000002E-004  0.52759872948039133        3.6388393420196294        1.8683962793460358       0.99988519596666536       -8.3240560609734865E-002
   1.2930000000000003E-004  0.52454041379305349        3.6448107642770378        1.8631332972792702       0.99989971120202081       -7.1645776367778094E-002
   1.2940000000000000E-004  0.52148739717447390        3.6497331888598517        1.8587337951934062       0.99991500197040306       -6.0008450488897566E-002
   1.2950000000000000E-004  0.51844072768017768        3.6536501510221004        1.8551859779089996       0.99993091176357773       -4.8343720318224946E-002
   1.2960000000000001E-004  0.51540120661618027        3.6565977020433600        1.8524798639340605       0.99994728728883209       -3.6665919365340728E-002
   1.2970000000000001E-004  0.51236943686939884        3.6586050741219065        1.8506071888790963       0.99996398111230467       -2.4988585739611335E-002
   1.2980000000000001E-004  0.50934587398274267        3.6596951943894389        1.8495613268158406       0.99998085242352230       -1.3324560483160715E-002
   1.2990000000000001E-004  0.50633087859063763        3.6598850691827369        1.8493372287463372       0.99999776641307181       -1.6861459159680445E-003
   1.3000000000000002E-004  0.50332476918814750        3.6591860496865003        1.8499313778486808        1.0000145927318194        9.9147036643541832E-003
   1.3010000000000002E-004  0.50032787454615513        3.6576039876438688        1.8513417613302208        1.0000312035770986        2.1466181821931527E-002
   1.3020000000000002E-004  0.49734058523735269        3.6551392905427669        1.8535678586801685        1.0000474718402552        3.2956440294459356E-002
   1.3030000000000002E-004  0.49436340379606930        3.6517868732018375        1.8566106463074274        1.0000632696771077        4.4373428582157738E-002
   1.3040000000000000E-004  0.49139699301353251        3.6475359938770371        1.8604726186908653        1.0000784678832320        5.5704781956889840E-002
   1.3050000000000000E-004  0.48844222172895146        3.6423699567794454        1.8651578263490789        1.0000929364466671        6.6937778180516855E-002
   1.3060000000000000E-004  0.48550020723189363        3.6362656591182390        1.8706719310644331        1.0001065465676544        7.8059380921458157E-002
   1.3070000000000001E-004  0.48257235309908081        3.6291929608367166        1.8770222786057114        1.0001191743299374        8.9056382705933038E-002
   1.3080000000000001E-004  0.47966038100463604        3.6211138619385217        1.8842179884844632        1.0001307058442499        9.9915647340561617E-002
   1.3090000000000001E-004  0.47676635498772652        3.6119814866268047        1.8922700580149336        1.0001410433076685       0.11062442596867424     
   1.3100000000000001E-004  0.47389269710087079        3.6017388946006168        1.9011914737787896        1.0001501106942918       0.12117068875674737     
   1.3110000000000002E-004  0.47104219490356303        3.5903177686515022        1.9109973162105851        1.0001578572947820       0.13154337262228033     
   1.3120000000000002E-004  0.46821800434698346        3.5776370835164766        1.9217048314916836        1.0001642570809781       0.14173240640747195     
   1.3130000000000002E-004  0.46542365606366187        3.5636019363682472        1.9333334295790496        1.0001693023923039       0.15172836035262935     
   1.3140000000000002E-004  0.46266307779430049        3.5481028063966775        1.9459045504847414        1.0001729922196465       0.16152160424473225     
   1.3150000000000000E-004  0.45994064795869855        3.5310155955151643        1.9594413283657892        1.0001753186594884       0.17110097948099781     
   1.3160000000000000E-004  0.45726129057591758        3.5122028452374128        1.9739679841720859        1.0001762590773009       0.18045220429610365     
   1.3170000000000000E-004  0.45463060501651215        3.4915164583538179        1.9895089033468161        1.0001757839285956       0.18955649668337132     
   1.3180000000000001E-004  0.45205499419163025        3.4688019894431310        2.0060874118499927        1.0001738873553261       0.19839009440210262     
   1.3190000000000001E-004  0.44954172060974523        3.4439040438102886        2.0237243422654045        1.0001706364083569       0.20692528807049246     
   1.3200000000000001E-004  0.44709880830045812        3.4166716117771188        2.0424365489251062        1.0001662173935295       0.21513311374256863     
   1.3210000000000001E-004  0.44473474842354466        3.3869616078896136        2.0622355357357689        1.0001609451421396       0.22298703104341816     
   1.3220000000000001E-004  0.44245806528473408        3.3546391583179425        2.0831262632275718        1.0001552096077235       0.23046612103290259     
   1.3230000000000002E-004  0.44027691992742352        3.3195750341290466        2.1051060236326120        1.0001493727260453       0.23755619265324562     
   1.3240000000000002E-004  0.43819897739984592        3.2816442835590589        2.1281631234936769        1.0001436764115572       0.24424804020065857     
   1.3250000000000000E-004  0.43623165331638236        3.2407343681613696        2.1522751394072319        1.0001382363887268       0.25053360230941563     
   1.3260000000000000E-004  0.43438260820011410        3.1967727991581008        2.1774067750205255        1.0001331392351778       0.25640200832137999     
   1.3270000000000000E-004  0.43266018239002674        3.1497793157508891        2.2035077076731562        1.0001285462837630       0.26183755929756597     
   1.3280000000000000E-004  0.43107352025130224        3.0999341795703756        2.2305109662676443        1.0001246415399672       0.26682017998887042     
   1.3290000000000000E-004  0.42963227844662105        3.0476368362211854        2.2583321506520542        1.0001213894178429       0.27132707725290039     
   1.3300000000000001E-004  0.42834590536315720        2.9935202279072826        2.2868694017397382        1.0001183492582217       0.27533349704861054     
   1.3310000000000001E-004  0.42722252983260034        2.9383973173223712        2.3160040451317783        1.0001149635799003       0.27881386949347470     
   1.3320000000000001E-004  0.42626791347370424        2.8831486437292586        2.3456025571876520        1.0001112705277329       0.28174927779924869     
   1.3330000000000001E-004  0.42548544853700415        2.8285953960068575        2.3755208726478041        1.0001081350216310       0.28414095590217264     
   1.3340000000000002E-004  0.42487763226312347        2.7754111866692828        2.4056104516451633        1.0001062299085794       0.28601231574102781     
   1.3350000000000002E-004  0.42444784216405235        2.7240936119209120        2.4357230344587815        1.0001046543322787       0.28738344352030226     
   1.3359999999999999E-004  0.42420063666747254        2.6749715544376844        2.4657115924893822        1.0001011575979055       0.28823691731155349     
   1.3370000000000000E-004  0.42414021207327374        2.6282122634569731        2.4954296410928132        1.0000941911843664       0.28851870397226637     
   1.3380000000000000E-004  0.42426838645334897        2.5838233310966121        2.5247339554108490        1.0000843971052391       0.28818232229584129     
   1.3390000000000000E-004  0.42458373843712743        2.5416765858844261        2.5534921204146617        1.0000737119039833       0.28723062732944460     
   1.3400000000000000E-004  0.42508241626041315        2.5015726939461960        2.5815905373279033        1.0000632407578867       0.28571115741087655     
   1.3410000000000001E-004  0.42575981410636182        2.4633282760863420        2.6089376650787299        1.0000522995910348       0.28367345217418027     
   1.3420000000000001E-004  0.42661179977656516        2.4268441746074156        2.6354617295685423        1.0000393070466140       0.28113244994618736     
   1.3430000000000001E-004  0.42763473985630279        2.3921244831483772        2.6611063492831715        1.0000232761824628       0.27806758511961660     
   1.3440000000000001E-004  0.42882452318168662        2.3592460118642116        2.6858277326811035        1.0000045134469460       0.27445007735604937     
   1.3450000000000002E-004  0.43017539683196648        2.3283023208107263        2.7095944150050326       0.99998425969148463       0.27027125056734974     
   1.3459999999999999E-004  0.43167942968103123        2.2993521527254295        2.7323881130006167       0.99996386591919195       0.26555251880851571     
   1.3469999999999999E-004  0.43332689817897635        2.2723912908486898        2.7542037989199577       0.99994418256379791       0.26033592111673642     
   1.3480000000000000E-004  0.43510732471492636        2.2473506948497572        2.7750481008997743       0.99992545012684064       0.25466650083903491     
   1.3490000000000000E-004  0.43701061491883997        2.2241124553857450        2.7949363729739911       0.99990755618373672       0.24857855722117869     
   1.3500000000000000E-004  0.43902778154263727        2.2025321482214810        2.8138893728015097       0.99989036853346636       0.24209113490615741     
   1.3510000000000000E-004  0.44115104359118962        2.1824590734103531        2.8319303770943027       0.99987394487111125       0.23521143135623260     
   1.3520000000000001E-004  0.44337343895361303        2.1637504626241792        2.8490831369625531       0.99985857103669107       0.22794179805224890     
   1.3530000000000001E-004  0.44568826518677945        2.1462793131274740        2.8653706764176854       0.99984467901783081       0.22028632818013635     
   1.3540000000000001E-004  0.44808863047027314        2.1299373047755008        2.8808147166739979       0.99983272381308930       0.21225484926446334     
   1.3550000000000001E-004  0.45056725557896388        2.1146346535178289        2.8954354616175051       0.99982307961737726       0.20386396955498254     
   1.3560000000000002E-004  0.45311652787633111        2.1002984181285029        2.9092515361602658       0.99981598293160934       0.19513594862013328     
   1.3569999999999999E-004  0.45572872516272411        2.0868702326289714        2.9222799576521692       0.99981152195993328       0.18609650665170183     
   1.3579999999999999E-004  0.45839630500063089        2.0743039700563664        2.9345360959028821       0.99980965752416673       0.17677251322021706     
   1.3590000000000000E-004  0.46111217359875373        2.0625635504595508        2.9460336232216666       0.99981025821865532       0.16719012397025027     
   1.3600000000000000E-004  0.46386988293806525        2.0516209702890862        2.9567844741259233       0.99981313648432424       0.15737357696879697     
   1.3610000000000000E-004  0.46666373837374781        2.0414545836743052        2.9667988344871641       0.99981807839508541       0.14734462035723087     
   1.3620000000000000E-004  0.46948882440629475        2.0320476545643178        2.9760851720020822       0.99982486478275068       0.13712242732350449     
   1.3630000000000001E-004  0.47234097002961017        2.0233871918742867        2.9846503106150459       0.99983328425861795       0.12672382685293060     
   1.3640000000000001E-004  0.47521667825275765        2.0154630661434432        2.9924995442052689       0.99984313993416185       0.11616369783770876     
   1.3650000000000001E-004  0.47811304087700152        2.0082673876688535        2.9996367803054129       0.99985425189429555       0.10545541214870414     
   1.3660000000000001E-004  0.48102765322599361        2.0017941086944155        3.0060647027719369       0.99986645719177303        9.4611252091021836E-002
   1.3669999999999999E-004  0.48395853700493613        1.9960388012836265        3.0117849424115155       0.99987960861272585        8.3642761365402440E-002
   1.3679999999999999E-004  0.48690407428829857        1.9909985609424616        3.0167982459512586       0.99989357297207870        7.2561016140957071E-002
   1.3689999999999999E-004  0.48986295218928305        1.9866719899288707        3.0211046356803979       0.99990822940744528        6.1376819217801817E-002
   1.3700000000000000E-004  0.49283411601830057        1.9830592168720322        3.0247035542736533       0.99992346777667274        5.0100830272488552E-002
   1.3710000000000000E-004  0.49581672816264849        1.9801619229457685        3.0275939912364533       0.99993918714973107        3.8743649947599192E-002
   1.3720000000000000E-004  0.49881013012897446        1.9779833587692117        3.0297745890951888       0.99995529424917184        2.7315876034703257E-002
   1.3730000000000000E-004  0.50181380571465783        1.9765283449486688        3.0312437286401410       0.99997170174800321        1.5828146279041961E-002
   1.3740000000000001E-004  0.50482734398402818        1.9758032545449122        3.0319995932945769       0.99998832635658752        4.2911784483875594E-003
   1.3750000000000001E-004  0.50785040136761050        1.9758159785155378        3.0320402130087016        1.0000050866812213       -7.2841869015900082E-003
   1.3760000000000001E-004  0.51088266271048410        1.9765758764948558        3.0313634880218978        1.0000219008878461       -1.8886940043795240E-002
   1.3770000000000001E-004  0.51392380142498917        1.9780937155283134        3.0299671924969616        1.0000386842488360       -3.0505854235610291E-002
   1.3779999999999999E-004  0.51697343902154536        1.9803815962354925        3.0278489575511141        1.0000553467019131       -4.2129439681271717E-002
   1.3789999999999999E-004  0.52003110418813958        1.9834528665513531        3.0250062326901856        1.0000717904792624       -5.3745901647101135E-002
   1.3799999999999999E-004  0.52309619125039675        1.9873220283925139        3.0214362241850252        1.0000879078787375       -6.5343103383657702E-002
   1.3810000000000000E-004  0.52616791729319767        1.9920046429413265        3.0171358086842184        1.0001035792524013       -7.6908530966410177E-002
   1.3820000000000000E-004  0.52924527648296615        1.9975172448775371        3.0121014204186447        1.0001186712263634       -8.8429252168501685E-002
   1.3830000000000000E-004  0.53232698930219424        2.0038772842060180        3.0063289108507889        1.0001330351257720       -9.9891856613071470E-002
   1.3840000000000000E-004  0.53541144376003980        2.0111031257630838        2.9998133806811804        1.0001465055298560      -0.11128235797377588     
   1.3850000000000001E-004  0.53849662537930854        2.0192141514314734        2.9925489857844476        1.0001588989743038      -0.12258603969131274     
   1.3860000000000001E-004  0.54158003350521866        2.0282310270162736        2.9845287208180822        1.0001700128742750      -0.13378722621966430     
   1.3870000000000001E-004  0.54465858364033148        2.0381762123032630        2.9757441868823360        1.0001796250230921      -0.14486897488064385     
   1.3879999999999999E-004  0.54772849969075532        2.0490747990940736        2.9661853524247257        1.0001874944786655      -0.15581270041170761     
   1.3889999999999999E-004  0.55078520631159955        2.0609557397070191        2.9558403190680358        1.0001933652295856      -0.16659777232800288     
   1.3900000000000002E-004  0.55382323929018162        2.0738535010978332        2.9446951054166113        1.0001969745063024      -0.17720116356337903     
   1.3910000000000002E-004  0.55683619907901982        2.0878101442822441        2.9327334610168787        1.0001980680146860      -0.18759727410594007     
   1.3920000000000002E-004  0.55981677539532271        2.1028777774845473        2.9199367184259617        1.0001964242794330      -0.19775809615444900     
   1.3930000000000002E-004  0.56275686543584502        2.1191212720948087        2.9062836832144767        1.0001918889085952      -0.20765390479307497     
   1.3940000000000003E-004  0.56564779314635660        2.1366210635384526        2.8917505520022400        1.0001844161093771      -0.21725461027462428     
   1.3950000000000003E-004  0.56848060664202571        2.1554757776622484        2.8763108420627792        1.0001741092324634      -0.22653175759667937     
   1.3960000000000003E-004  0.57124638712480746        2.1758043081972751        2.8599353218197434        1.0001612457042401      -0.23546088582785496     
   1.3970000000000001E-004  0.57393645711607710        2.1977467980897423        2.8425919616617730        1.0001462668941783      -0.24402359189744646     
   1.3980000000000001E-004  0.57654235400837772        2.2214637375575457        2.8242459886792450        1.0001297168473906      -0.25220830796849136     
   1.3990000000000001E-004  0.57905547882672481        2.2471321289315576        2.8048602269462064        1.0001121275549070      -0.26000870275444904     
   1.4000000000000001E-004  0.58146647456580047        2.2749375486874346        2.7843960133282049        1.0000938785285018      -0.26741904300545882     
   1.4010000000000002E-004  0.58376459978075768        2.3050612958178505        2.7628150321472349        1.0000751008286750      -0.27442710247598345     
   1.4020000000000002E-004  0.58593748730678530        2.3376632108337230        2.7400822925566333        1.0000557336506370      -0.28100740392908530     
   1.4030000000000002E-004  0.58797158054085796        2.3728637486596469        2.7161700752880251        1.0000358061364416      -0.28711976237420533     
   1.4040000000000002E-004  0.58985326866115206        2.4107332090111946        2.6910620894629087        1.0000158449860044      -0.29271759363021504     
   1.4050000000000003E-004  0.59157037585705141        2.4512993341335640        2.6647567303288797       0.99999706938148369      -0.29776474868227482     
   1.4060000000000003E-004  0.59311324943286181        2.4945822338805659        2.6372687754668744       0.99998100653987831      -0.30225070526801640     
   1.4070000000000003E-004  0.59447456665439646        2.5406539310608753        2.6086301690228924       0.99996856015042634      -0.30618984119308962     
   1.4080000000000001E-004  0.59564777348656839        2.5897005818214023        2.5788918025743559       0.99995921169039159      -0.30959899749223219     
   1.4090000000000001E-004  0.59662530872028496        2.6420491789510638        2.5481277755182532       0.99995138217488166      -0.31246806657610487     
   1.4100000000000001E-004  0.59739811268442411        2.6981220697338255        2.5164407669688020       0.99994410484825558      -0.31475337735662046     
   1.4110000000000001E-004  0.59795730657990576        2.7583089669583405        2.4839644069227833       0.99993825769956013      -0.31640563468343497     
   1.4120000000000002E-004  0.59829730127851688        2.8227857168484647        2.4508598741856624       0.99993556910661918      -0.31740526486955217     
   1.4130000000000002E-004  0.59841772192584486        2.8913356402823496        2.4173084745759903       0.99993629089435609      -0.31776988752535246     
   1.4140000000000002E-004  0.59832190111921946        2.9632289857200096        2.3835041779366568       0.99993866974249623      -0.31753301366420261     
   1.4150000000000002E-004  0.59801297108572316        3.0372082863668091        2.3496476000884057       0.99994086965346762      -0.31672138746144995     
   1.4160000000000003E-004  0.59749164805226107        3.1116189995012888        2.3159408010939435       0.99994231650270127      -0.31533971830167246     
   1.4170000000000003E-004  0.59675766034814381        3.1846834402210771        2.2825830726068999       0.99994308681220712      -0.31336280060116001     
   1.4180000000000000E-004  0.59581256005491501        3.2548339200393386        2.2497670317162073       0.99994293036005932      -0.31075293166012158     
   1.4190000000000001E-004  0.59466173144602075        3.3209704496363397        2.2176727089431054       0.99994117821960071      -0.30749377539984596     
   1.4200000000000001E-004  0.59331484175092675        3.3825493031901175        2.1864592782487438       0.99993760127609743      -0.30360852629861390     
   1.4210000000000001E-004  0.59178441303727503        3.4395027844709265        2.1562575794283783       0.99993265182973767      -0.29914790902449157     
   1.4220000000000001E-004  0.59008322372419253        3.4920623421609864        2.1271672740940515       0.99992664951837729      -0.29416049998381461     
   1.4230000000000002E-004  0.58822236345930934        3.5405737700543920        2.0992594632549428       0.99991916669253011      -0.28866862309375818     
   1.4240000000000002E-004  0.58621119680868283        3.5853680942370669        2.0725821512212792       0.99990954116924458      -0.28266621804931669     
   1.4250000000000002E-004  0.58405880835972668        3.6267081155518994        2.0471649728002972       0.99989774218995564      -0.27613870517384964     
   1.4260000000000002E-004  0.58177550304888404        3.6647934171885996        2.0230215496040640       0.99988459589842071      -0.26908723165946957     
   1.4270000000000003E-004  0.57937322015675174        3.6997915783958408        2.0001503151947619       0.99987131675388996      -0.26154012818483741     
   1.4280000000000003E-004  0.57686480562046416        3.7318682293145713        1.9785355741970114       0.99985888252477506      -0.25354690959875215     
   1.4290000000000000E-004  0.57426288309659734        3.7612026765999076        1.9581498820982064       0.99984773421781559      -0.24516224606637810     
   1.4300000000000001E-004  0.57157904070221699        3.7879887616014809        1.9389576209445663       0.99983788506741389      -0.23643120341474150     
   1.4310000000000001E-004  0.56882355903673221        3.8124270620332208        1.9209188893337692       0.99982921779529688      -0.22738283184498481     
